{
  "meta": {
    "data_version": "1.0.0",
    "created": "2020-06-24",
    "revision": 1
  },
  "info": {
    "balls_per_over": 6,
    "city": "Gaborone",
    "dates": [
      "2018-08-20"
    ],
    "event": {
      "name": "Botswana Cricket Association Women's T20I Series",
      "match_number": 2
    },
    "gender": "female",
    "match_type": "T20",
    "match_type_number": 470,
    "missing": [
      "umpires",
      "player_of_match"
    ],
    "outcome": {
      "winner": "Namibia",
      "by": {
        "wickets": 9
      }
    },
    "overs": 20,
    "players": {
      "Malawi": [
        "M Mabvuka",
        "T Tereza",
        "T Luka",
        "M Dailesi",
        "S Hussein",
        "S Dzimau",
        "D Ndipo",
        "B Ndipo",
        "D Dzimau",
        "V Phiri",
        "T Katunga"
      ],
      "Namibia": [
        "Yasmeen Khan",
        "JA Diergaardt",
        "A van der Merwe",
        "D Foerster",
        "V Hamunyela",
        "SN Shihepo",
        "KA Green",
        "E Simeon",
        "W Mwatile",
        "Reehana Khan",
        "S Namusha"
      ]
    },
    "registry": {
      "people": {
        "A van der Merwe": "02610bad",
        "B Ndipo": "5e118871",
        "D Dzimau": "1191807f",
        "D Foerster": "5596d5bf",
        "D Ndipo": "38e55b24",
        "E Simeon": "6d97d2e2",
        "JA Diergaardt": "b72a8938",
        "KA Green": "fa9fdefa",
        "M Dailesi": "1aa600b6",
        "M Mabvuka": "6061de69",
        "Reehana Khan": "4cf05de9",
        "S Dzimau": "4fc3eddf",
        "S Hussein": "5bb73a3c",
        "S Namusha": "ba0e04b2",
        "SN Shihepo": "1b3f7dbb",
        "T Katunga": "3b1816bf",
        "T Luka": "44e008a5",
        "T Tereza": "167ccf56",
        "V Hamunyela": "d758a366",
        "V Phiri": "8ffa1b3c",
        "W Mwatile": "5728635a",
        "Yasmeen Khan": "ade5c0c0"
      }
    },
    "season": "2018",
    "team_type": "international",
    "teams": [
      "Malawi",
      "Namibia"
    ],
    "toss": {
      "decision": "field",
      "winner": "Namibia"
    },
    "venue": "Botswana Cricket Association Oval 2"
  },
  "innings": [
    {
      "team": "Malawi",
      "overs": [
        {
          "over": 0,
          "deliveries": [
            {
              "batter": "M Mabvuka",
              "bowler": "SN Shihepo",
              "non_striker": "T Tereza",
              "runs": {
                "batter": 0,
                "extras": 0,
                "total": 0
              }
            },
            {
              "batter": "M Mabvuka",
              "bowler": "SN Shihepo",
              "non_striker": "T Tereza",
              "runs": {
                "batter": 0,
                "extras": 0,
                "total": 0
              }
            },
            {
              "batter": "M Mabvuka",
              "bowler": "SN Shihepo",
              "non_striker": "T Tereza",
              "runs": {
                "batter": 0,
                "extras": 0,
                "total": 0
              }
            },
            {
              "batter": "M Mabvuka",
              "bowler": "SN Shihepo",
              "non_striker": "T Tereza",
              "runs": {
                "batter": 0,
                "extras": 0,
                "total": 0
              }
            },
            {
              "batter": "M Mabvuka",
              "bowler": "SN Shihepo",
              "non_striker": "T Tereza",
              "runs": {
                "batter": 0,
                "extras": 0,
                "total": 0
              }
            },
            {
              "batter": "M Mabvuka",
              "bowler": "SN Shihepo",
              "non_striker": "T Tereza",
              "runs": {
                "batter": 0,
                "extras": 0,
                "total": 0
              }
            }
          ]
        },
        {
          "over": 1,
          "deliveries": [
            {
              "batter": "T Tereza",
              "bowler": "S Namusha",
              "non_striker": "M Mabvuka",
              "runs": {
                "batter": 0,
                "extras": 0,
                "total": 0
              }
            },
            {
              "batter": "T Tereza",
              "bowler": "S Namusha",
              "non_striker": "M Mabvuka",
              "runs": {
                "batter": 0,
                "extras": 0,
                "total": 0
              }
            },
            {
              "batter": "T Tereza",
              "bowler": "S Namusha",
              "non_striker": "M Mabvuka",
              "runs": {
                "batter": 0,
                "extras": 0,
                "total": 0
              }
            },
            {
              "batter": "T Tereza",
              "bowler": "S Namusha",
              "non_striker": "M Mabvuka",
              "runs": {
                "batter": 0,
                "extras": 0,
                "total": 0
              }
            },
            {
              "batter": "T Tereza",
              "bowler": "S Namusha",
              "non_striker": "M Mabvuka",
              "runs": {
                "batter": 0,
                "extras": 0,
                "total": 0
              }
            },
            {
              "batter": "T Tereza",
              "bowler": "S Namusha",
              "non_striker": "M Mabvuka",
              "runs": {
                "batter": 0,
                "extras": 0,
                "total": 0
              }
            }
          ]
        },
        {
          "over": 2,
          "deliveries": [
            {
              "batter": "M Mabvuka",
              "bowler": "SN Shihepo",
              "non_striker": "T Tereza",
              "runs": {
                "batter": 0,
                "extras": 0,
                "total": 0
              }
            },
            {
              "batter": "M Mabvuka",
              "bowler": "SN Shihepo",
              "non_striker": "T Tereza",
              "runs": {
                "batter": 0,
                "extras": 0,
                "total": 0
              }
            },
            {
              "batter": "M Mabvuka",
              "bowler": "SN Shihepo",
              "non_striker": "T Tereza",
              "runs": {
                "batter": 0,
                "extras": 0,
                "total": 0
              }
            },
            {
              "batter": "M Mabvuka",
              "bowler": "SN Shihepo",
              "non_striker": "T Tereza",
              "runs": {
                "batter": 0,
                "extras": 0,
                "total": 0
              }
            },
            {
              "batter": "M Mabvuka",
              "bowler": "SN Shihepo",
              "non_striker": "T Tereza",
              "runs": {
                "batter": 1,
                "extras": 0,
                "total": 1
              }
            },
            {
              "batter": "T Tereza",
              "bowler": "SN Shihepo",
              "non_striker": "M Mabvuka",
              "runs": {
                "batter": 0,
                "extras": 0,
                "total": 0
              }
            }
          ]
        },
        {
          "over": 3,
          "deliveries": [
            {
              "batter": "M Mabvuka",
              "bowler": "S Namusha",
              "non_striker": "T Tereza",
              "runs": {
                "batter": 0,
                "extras": 0,
                "total": 0
              }
            },
            {
              "batter": "M Mabvuka",
              "bowler": "S Namusha",
              "non_striker": "T Tereza",
              "runs": {
                "batter": 0,
                "extras": 0,
                "total": 0
              }
            },
            {
              "batter": "M Mabvuka",
              "bowler": "S Namusha",
              "non_striker": "T Tereza",
              "runs": {
                "batter": 0,
                "extras": 0,
                "total": 0
              }
            },
            {
              "batter": "M Mabvuka",
              "bowler": "S Namusha",
              "non_striker": "T Tereza",
              "runs": {
                "batter": 1,
                "extras": 0,
                "total": 1
              }
            },
            {
              "batter": "T Tereza",
              "bowler": "S Namusha",
              "non_striker": "M Mabvuka",
              "runs": {
                "batter": 1,
                "extras": 0,
                "total": 1
              }
            },
            {
              "batter": "M Mabvuka",
              "bowler": "S Namusha",
              "non_striker": "T Tereza",
              "runs": {
                "batter": 0,
                "extras": 0,
                "total": 0
              }
            }
          ]
        },
        {
          "over": 4,
          "deliveries": [
            {
              "batter": "T Tereza",
              "bowler": "SN Shihepo",
              "non_striker": "M Mabvuka",
              "runs": {
                "batter": 0,
                "extras": 0,
                "total": 0
              },
              "wickets": [
                {
                  "player_out": "T Tereza",
                  "kind": "bowled"
                }
              ]
            },
            {
              "batter": "T Luka",
              "bowler": "SN Shihepo",
              "non_striker": "M Mabvuka",
              "runs": {
                "batter": 0,
                "extras": 0,
                "total": 0
              }
            },
            {
              "batter": "T Luka",
              "bowler": "SN Shihepo",
              "non_striker": "M Mabvuka",
              "runs": {
                "batter": 2,
                "extras": 0,
                "total": 2
              }
            },
            {
              "batter": "T Luka",
              "bowler": "SN Shihepo",
              "non_striker": "M Mabvuka",
              "runs": {
                "batter": 0,
                "extras": 0,
                "total": 0
              }
            },
            {
              "batter": "T Luka",
              "bowler": "SN Shihepo",
              "non_striker": "M Mabvuka",
              "runs": {
                "batter": 0,
                "extras": 0,
                "total": 0
              }
            },
            {
              "batter": "T Luka",
              "bowler": "SN Shihepo",
              "non_striker": "M Mabvuka",
              "runs": {
                "batter": 0,
                "extras": 0,
                "total": 0
              }
            }
          ]
        },
        {
          "over": 5,
          "deliveries": [
            {
              "batter": "M Mabvuka",
              "bowler": "S Namusha",
              "extras": {
                "wides": 2
              },
              "non_striker": "T Luka",
              "runs": {
                "batter": 0,
                "extras": 2,
                "total": 2
              }
            },
            {
              "batter": "T Luka",
              "bowler": "S Namusha",
              "non_striker": "M Mabvuka",
              "runs": {
                "batter": 1,
                "extras": 0,
                "total": 1
              }
            },
            {
              "batter": "M Mabvuka",
              "bowler": "S Namusha",
              "non_striker": "T Luka",
              "runs": {
                "batter": 0,
                "extras": 0,
                "total": 0
              }
            },
            {
              "batter": "M Mabvuka",
              "bowler": "S Namusha",
              "non_striker": "T Luka",
              "runs": {
                "batter": 0,
                "extras": 0,
                "total": 0
              }
            },
            {
              "batter": "M Mabvuka",
              "bowler": "S Namusha",
              "non_striker": "T Luka",
              "runs": {
                "batter": 0,
                "extras": 0,
                "total": 0
              }
            },
            {
              "batter": "M Mabvuka",
              "bowler": "S Namusha",
              "non_striker": "T Luka",
              "runs": {
                "batter": 0,
                "extras": 0,
                "total": 0
              }
            },
            {
              "batter": "M Mabvuka",
              "bowler": "S Namusha",
              "non_striker": "T Luka",
              "runs": {
                "batter": 1,
                "extras": 0,
                "total": 1
              }
            }
          ]
        },
        {
          "over": 6,
          "deliveries": [
            {
              "batter": "M Mabvuka",
              "bowler": "W Mwatile",
              "non_striker": "T Luka",
              "runs": {
                "batter": 0,
                "extras": 0,
                "total": 0
              }
            },
            {
              "batter": "M Mabvuka",
              "bowler": "W Mwatile",
              "non_striker": "T Luka",
              "runs": {
                "batter": 0,
                "extras": 0,
                "total": 0
              }
            },
            {
              "batter": "M Mabvuka",
              "bowler": "W Mwatile",
              "non_striker": "T Luka",
              "runs": {
                "batter": 0,
                "extras": 0,
                "total": 0
              }
            },
            {
              "batter": "M Mabvuka",
              "bowler": "W Mwatile",
              "non_striker": "T Luka",
              "runs": {
                "batter": 0,
                "extras": 0,
                "total": 0
              }
            },
            {
              "batter": "M Mabvuka",
              "bowler": "W Mwatile",
              "non_striker": "T Luka",
              "runs": {
                "batter": 0,
                "extras": 0,
                "total": 0
              }
            },
            {
              "batter": "M Mabvuka",
              "bowler": "W Mwatile",
              "non_striker": "T Luka",
              "runs": {
                "batter": 0,
                "extras": 0,
                "total": 0
              }
            }
          ]
        },
        {
          "over": 7,
          "deliveries": [
            {
              "batter": "T Luka",
              "bowler": "V Hamunyela",
              "non_striker": "M Mabvuka",
              "runs": {
                "batter": 1,
                "extras": 0,
                "total": 1
              }
            },
            {
              "batter": "M Mabvuka",
              "bowler": "V Hamunyela",
              "non_striker": "T Luka",
              "runs": {
                "batter": 1,
                "extras": 0,
                "total": 1
              }
            },
            {
              "batter": "T Luka",
              "bowler": "V Hamunyela",
              "extras": {
                "byes": 1
              },
              "non_striker": "M Mabvuka",
              "runs": {
                "batter": 0,
                "extras": 1,
                "total": 1
              }
            },
            {
              "batter": "M Mabvuka",
              "bowler": "V Hamunyela",
              "non_striker": "T Luka",
              "runs": {
                "batter": 1,
                "extras": 0,
                "total": 1
              }
            },
            {
              "batter": "T Luka",
              "bowler": "V Hamunyela",
              "non_striker": "M Mabvuka",
              "runs": {
                "batter": 1,
                "extras": 0,
                "total": 1
              }
            },
            {
              "batter": "M Mabvuka",
              "bowler": "V Hamunyela",
              "non_striker": "T Luka",
              "runs": {
                "batter": 1,
                "extras": 0,
                "total": 1
              }
            }
          ]
        },
        {
          "over": 8,
          "deliveries": [
            {
              "batter": "M Mabvuka",
              "bowler": "W Mwatile",
              "non_striker": "T Luka",
              "runs": {
                "batter": 0,
                "extras": 0,
                "total": 0
              }
            },
            {
              "batter": "M Mabvuka",
              "bowler": "W Mwatile",
              "non_striker": "T Luka",
              "runs": {
                "batter": 0,
                "extras": 0,
                "total": 0
              }
            },
            {
              "batter": "M Mabvuka",
              "bowler": "W Mwatile",
              "extras": {
                "wides": 1
              },
              "non_striker": "T Luka",
              "runs": {
                "batter": 0,
                "extras": 1,
                "total": 1
              }
            },
            {
              "batter": "M Mabvuka",
              "bowler": "W Mwatile",
              "extras": {
                "wides": 1
              },
              "non_striker": "T Luka",
              "runs": {
                "batter": 0,
                "extras": 1,
                "total": 1
              }
            },
            {
              "batter": "M Mabvuka",
              "bowler": "W Mwatile",
              "non_striker": "T Luka",
              "runs": {
                "batter": 1,
                "extras": 0,
                "total": 1
              }
            },
            {
              "batter": "T Luka",
              "bowler": "W Mwatile",
              "non_striker": "M Mabvuka",
              "runs": {
                "batter": 0,
                "extras": 0,
                "total": 0
              }
            },
            {
              "batter": "T Luka",
              "bowler": "W Mwatile",
              "non_striker": "M Mabvuka",
              "runs": {
                "batter": 0,
                "extras": 0,
                "total": 0
              }
            },
            {
              "batter": "T Luka",
              "bowler": "W Mwatile",
              "non_striker": "M Mabvuka",
              "runs": {
                "batter": 1,
                "extras": 0,
                "total": 1
              }
            }
          ]
        },
        {
          "over": 9,
          "deliveries": [
            {
              "batter": "T Luka",
              "bowler": "JA Diergaardt",
              "extras": {
                "legbyes": 1
              },
              "non_striker": "M Mabvuka",
              "runs": {
                "batter": 0,
                "extras": 1,
                "total": 1
              }
            },
            {
              "batter": "M Mabvuka",
              "bowler": "JA Diergaardt",
              "non_striker": "T Luka",
              "runs": {
                "batter": 0,
                "extras": 0,
                "total": 0
              }
            },
            {
              "batter": "M Mabvuka",
              "bowler": "JA Diergaardt",
              "extras": {
                "wides": 1
              },
              "non_striker": "T Luka",
              "runs": {
                "batter": 0,
                "extras": 1,
                "total": 1
              }
            },
            {
              "batter": "M Mabvuka",
              "bowler": "JA Diergaardt",
              "non_striker": "T Luka",
              "runs": {
                "batter": 0,
                "extras": 0,
                "total": 0
              },
              "wickets": [
                {
                  "player_out": "M Mabvuka",
                  "kind": "bowled"
                }
              ]
            },
            {
              "batter": "M Dailesi",
              "bowler": "JA Diergaardt",
              "non_striker": "T Luka",
              "runs": {
                "batter": 0,
                "extras": 0,
                "total": 0
              }
            },
            {
              "batter": "M Dailesi",
              "bowler": "JA Diergaardt",
              "non_striker": "T Luka",
              "runs": {
                "batter": 0,
                "extras": 0,
                "total": 0
              }
            },
            {
              "batter": "M Dailesi",
              "bowler": "JA Diergaardt",
              "non_striker": "T Luka",
              "runs": {
                "batter": 1,
                "extras": 0,
                "total": 1
              }
            }
          ]
        },
        {
          "over": 10,
          "deliveries": [
            {
              "batter": "M Dailesi",
              "bowler": "KA Green",
              "non_striker": "T Luka",
              "runs": {
                "batter": 0,
                "extras": 0,
                "total": 0
              }
            },
            {
              "batter": "M Dailesi",
              "bowler": "KA Green",
              "non_striker": "T Luka",
              "runs": {
                "batter": 0,
                "extras": 0,
                "total": 0
              }
            },
            {
              "batter": "M Dailesi",
              "bowler": "KA Green",
              "non_striker": "T Luka",
              "runs": {
                "batter": 0,
                "extras": 0,
                "total": 0
              }
            },
            {
              "batter": "M Dailesi",
              "bowler": "KA Green",
              "non_striker": "T Luka",
              "runs": {
                "batter": 0,
                "extras": 0,
                "total": 0
              }
            },
            {
              "batter": "M Dailesi",
              "bowler": "KA Green",
              "non_striker": "T Luka",
              "runs": {
                "batter": 0,
                "extras": 0,
                "total": 0
              },
              "wickets": [
                {
                  "player_out": "M Dailesi",
                  "fielders": [
                    {
                      "name": "JA Diergaardt"
                    }
                  ],
                  "kind": "caught"
                }
              ]
            },
            {
              "batter": "S Hussein",
              "bowler": "KA Green",
              "non_striker": "T Luka",
              "runs": {
                "batter": 0,
                "extras": 0,
                "total": 0
              }
            }
          ]
        },
        {
          "over": 11,
          "deliveries": [
            {
              "batter": "T Luka",
              "bowler": "JA Diergaardt",
              "non_striker": "S Hussein",
              "runs": {
                "batter": 0,
                "extras": 0,
                "total": 0
              }
            },
            {
              "batter": "T Luka",
              "bowler": "JA Diergaardt",
              "non_striker": "S Hussein",
              "runs": {
                "batter": 0,
                "extras": 0,
                "total": 0
              }
            },
            {
              "batter": "T Luka",
              "bowler": "JA Diergaardt",
              "non_striker": "S Hussein",
              "runs": {
                "batter": 0,
                "extras": 0,
                "total": 0
              }
            },
            {
              "batter": "T Luka",
              "bowler": "JA Diergaardt",
              "extras": {
                "wides": 1
              },
              "non_striker": "S Hussein",
              "runs": {
                "batter": 0,
                "extras": 1,
                "total": 1
              }
            },
            {
              "batter": "T Luka",
              "bowler": "JA Diergaardt",
              "non_striker": "S Hussein",
              "runs": {
                "batter": 0,
                "extras": 0,
                "total": 0
              }
            },
            {
              "batter": "T Luka",
              "bowler": "JA Diergaardt",
              "non_striker": "S Hussein",
              "runs": {
                "batter": 0,
                "extras": 0,
                "total": 0
              }
            },
            {
              "batter": "T Luka",
              "bowler": "JA Diergaardt",
              "non_striker": "S Hussein",
              "runs": {
                "batter": 0,
                "extras": 0,
                "total": 0
              }
            }
          ]
        },
        {
          "over": 12,
          "deliveries": [
            {
              "batter": "S Hussein",
              "bowler": "KA Green",
              "non_striker": "T Luka",
              "runs": {
                "batter": 0,
                "extras": 0,
                "total": 0
              }
            },
            {
              "batter": "S Hussein",
              "bowler": "KA Green",
              "non_striker": "T Luka",
              "runs": {
                "batter": 0,
                "extras": 0,
                "total": 0
              }
            },
            {
              "batter": "S Hussein",
              "bowler": "KA Green",
              "non_striker": "T Luka",
              "runs": {
                "batter": 0,
                "extras": 0,
                "total": 0
              }
            },
            {
              "batter": "S Hussein",
              "bowler": "KA Green",
              "non_striker": "T Luka",
              "runs": {
                "batter": 0,
                "extras": 0,
                "total": 0
              }
            },
            {
              "batter": "S Hussein",
              "bowler": "KA Green",
              "non_striker": "T Luka",
              "runs": {
                "batter": 1,
                "extras": 0,
                "total": 1
              }
            },
            {
              "batter": "T Luka",
              "bowler": "KA Green",
              "non_striker": "S Hussein",
              "runs": {
                "batter": 2,
                "extras": 0,
                "total": 2
              }
            }
          ]
        },
        {
          "over": 13,
          "deliveries": [
            {
              "batter": "S Hussein",
              "bowler": "D Foerster",
              "non_striker": "T Luka",
              "runs": {
                "batter": 1,
                "extras": 0,
                "total": 1
              }
            },
            {
              "batter": "T Luka",
              "bowler": "D Foerster",
              "non_striker": "S Hussein",
              "runs": {
                "batter": 0,
                "extras": 0,
                "total": 0
              }
            },
            {
              "batter": "T Luka",
              "bowler": "D Foerster",
              "non_striker": "S Hussein",
              "runs": {
                "batter": 0,
                "extras": 0,
                "total": 0
              }
            },
            {
              "batter": "T Luka",
              "bowler": "D Foerster",
              "non_striker": "S Hussein",
              "runs": {
                "batter": 0,
                "extras": 0,
                "total": 0
              }
            },
            {
              "batter": "T Luka",
              "bowler": "D Foerster",
              "non_striker": "S Hussein",
              "runs": {
                "batter": 0,
                "extras": 0,
                "total": 0
              }
            },
            {
              "batter": "T Luka",
              "bowler": "D Foerster",
              "non_striker": "S Hussein",
              "runs": {
                "batter": 0,
                "extras": 0,
                "total": 0
              }
            }
          ]
        },
        {
          "over": 14,
          "deliveries": [
            {
              "batter": "S Hussein",
              "bowler": "KA Green",
              "non_striker": "T Luka",
              "runs": {
                "batter": 0,
                "extras": 0,
                "total": 0
              }
            },
            {
              "batter": "S Hussein",
              "bowler": "KA Green",
              "non_striker": "T Luka",
              "runs": {
                "batter": 1,
                "extras": 0,
                "total": 1
              }
            },
            {
              "batter": "T Luka",
              "bowler": "KA Green",
              "non_striker": "S Hussein",
              "runs": {
                "batter": 0,
                "extras": 0,
                "total": 0
              }
            },
            {
              "batter": "T Luka",
              "bowler": "KA Green",
              "extras": {
                "wides": 5
              },
              "non_striker": "S Hussein",
              "runs": {
                "batter": 0,
                "extras": 5,
                "total": 5
              }
            },
            {
              "batter": "T Luka",
              "bowler": "KA Green",
              "non_striker": "S Hussein",
              "runs": {
                "batter": 0,
                "extras": 0,
                "total": 0
              }
            },
            {
              "batter": "T Luka",
              "bowler": "KA Green",
              "non_striker": "S Hussein",
              "runs": {
                "batter": 0,
                "extras": 0,
                "total": 0
              },
              "wickets": [
                {
                  "player_out": "T Luka",
                  "fielders": [
                    {
                      "name": "D Foerster"
                    }
                  ],
                  "kind": "caught"
                }
              ]
            },
            {
              "batter": "S Dzimau",
              "bowler": "KA Green",
              "non_striker": "S Hussein",
              "runs": {
                "batter": 0,
                "extras": 0,
                "total": 0
              }
            }
          ]
        },
        {
          "over": 15,
          "deliveries": [
            {
              "batter": "S Hussein",
              "bowler": "D Foerster",
              "non_striker": "S Dzimau",
              "runs": {
                "batter": 1,
                "extras": 0,
                "total": 1
              }
            },
            {
              "batter": "S Dzimau",
              "bowler": "D Foerster",
              "non_striker": "S Hussein",
              "runs": {
                "batter": 0,
                "extras": 0,
                "total": 0
              }
            },
            {
              "batter": "S Dzimau",
              "bowler": "D Foerster",
              "extras": {
                "wides": 1
              },
              "non_striker": "S Hussein",
              "runs": {
                "batter": 0,
                "extras": 1,
                "total": 1
              }
            },
            {
              "batter": "S Dzimau",
              "bowler": "D Foerster",
              "non_striker": "S Hussein",
              "runs": {
                "batter": 0,
                "extras": 0,
                "total": 0
              }
            },
            {
              "batter": "S Dzimau",
              "bowler": "D Foerster",
              "non_striker": "S Hussein",
              "runs": {
                "batter": 0,
                "extras": 0,
                "total": 0
              }
            },
            {
              "batter": "S Dzimau",
              "bowler": "D Foerster",
              "non_striker": "S Hussein",
              "runs": {
                "batter": 4,
                "extras": 0,
                "total": 4
              }
            },
            {
              "batter": "S Dzimau",
              "bowler": "D Foerster",
              "non_striker": "S Hussein",
              "runs": {
                "batter": 0,
                "extras": 0,
                "total": 0
              }
            }
          ]
        },
        {
          "over": 16,
          "deliveries": [
            {
              "batter": "S Hussein",
              "bowler": "KA Green",
              "extras": {
                "wides": 1
              },
              "non_striker": "S Dzimau",
              "runs": {
                "batter": 0,
                "extras": 1,
                "total": 1
              }
            },
            {
              "batter": "S Hussein",
              "bowler": "KA Green",
              "non_striker": "S Dzimau",
              "runs": {
                "batter": 0,
                "extras": 0,
                "total": 0
              }
            },
            {
              "batter": "S Hussein",
              "bowler": "KA Green",
              "non_striker": "S Dzimau",
              "runs": {
                "batter": 0,
                "extras": 0,
                "total": 0
              },
              "wickets": [
                {
                  "player_out": "S Hussein",
                  "fielders": [
                    {
                      "name": "E Simeon"
                    }
                  ],
                  "kind": "caught"
                }
              ]
            },
            {
              "batter": "D Ndipo",
              "bowler": "KA Green",
              "non_striker": "S Dzimau",
              "runs": {
                "batter": 1,
                "extras": 0,
                "total": 1
              }
            },
            {
              "batter": "S Dzimau",
              "bowler": "KA Green",
              "non_striker": "D Ndipo",
              "runs": {
                "batter": 0,
                "extras": 0,
                "total": 0
              }
            },
            {
              "batter": "S Dzimau",
              "bowler": "KA Green",
              "non_striker": "D Ndipo",
              "runs": {
                "batter": 0,
                "extras": 0,
                "total": 0
              }
            },
            {
              "batter": "S Dzimau",
              "bowler": "KA Green",
              "extras": {
                "byes": 1
              },
              "non_striker": "D Ndipo",
              "runs": {
                "batter": 0,
                "extras": 1,
                "total": 1
              }
            }
          ]
        },
        {
          "over": 17,
          "deliveries": [
            {
              "batter": "S Dzimau",
              "bowler": "D Foerster",
              "non_striker": "D Ndipo",
              "runs": {
                "batter": 0,
                "extras": 0,
                "total": 0
              }
            },
            {
              "batter": "S Dzimau",
              "bowler": "D Foerster",
              "non_striker": "D Ndipo",
              "runs": {
                "batter": 0,
                "extras": 0,
                "total": 0
              }
            },
            {
              "batter": "S Dzimau",
              "bowler": "D Foerster",
              "non_striker": "D Ndipo",
              "runs": {
                "batter": 0,
                "extras": 0,
                "total": 0
              },
              "wickets": [
                {
                  "player_out": "S Dzimau",
                  "fielders": [
                    {
                      "name": "JA Diergaardt"
                    }
                  ],
                  "kind": "caught"
                }
              ]
            },
            {
              "batter": "B Ndipo",
              "bowler": "D Foerster",
              "non_striker": "D Ndipo",
              "runs": {
                "batter": 0,
                "extras": 0,
                "total": 0
              }
            },
            {
              "batter": "B Ndipo",
              "bowler": "D Foerster",
              "non_striker": "D Ndipo",
              "runs": {
                "batter": 2,
                "extras": 0,
                "total": 2
              }
            },
            {
              "batter": "B Ndipo",
              "bowler": "D Foerster",
              "extras": {
                "wides": 1
              },
              "non_striker": "D Ndipo",
              "runs": {
                "batter": 0,
                "extras": 1,
                "total": 1
              }
            },
            {
              "batter": "B Ndipo",
              "bowler": "D Foerster",
              "non_striker": "D Ndipo",
              "runs": {
                "batter": 2,
                "extras": 0,
                "total": 2
              }
            }
          ]
        },
        {
          "over": 18,
          "deliveries": [
            {
              "batter": "D Ndipo",
              "bowler": "SN Shihepo",
              "non_striker": "B Ndipo",
              "runs": {
                "batter": 1,
                "extras": 0,
                "total": 1
              }
            },
            {
              "batter": "B Ndipo",
              "bowler": "SN Shihepo",
              "non_striker": "D Ndipo",
              "runs": {
                "batter": 0,
                "extras": 0,
                "total": 0
              }
            },
            {
              "batter": "B Ndipo",
              "bowler": "SN Shihepo",
              "non_striker": "D Ndipo",
              "runs": {
                "batter": 0,
                "extras": 0,
                "total": 0
              },
              "wickets": [
                {
                  "player_out": "B Ndipo",
                  "kind": "run out"
                }
              ]
            },
            {
              "batter": "D Ndipo",
              "bowler": "SN Shihepo",
              "non_striker": "D Dzimau",
              "runs": {
                "batter": 0,
                "extras": 0,
                "total": 0
              }
            },
            {
              "batter": "D Ndipo",
              "bowler": "SN Shihepo",
              "non_striker": "D Dzimau",
              "runs": {
                "batter": 0,
                "extras": 0,
                "total": 0
              }
            },
            {
              "batter": "D Ndipo",
              "bowler": "SN Shihepo",
              "non_striker": "D Dzimau",
              "runs": {
                "batter": 1,
                "extras": 0,
                "total": 1
              }
            }
          ]
        },
        {
          "over": 19,
          "deliveries": [
            {
              "batter": "D Ndipo",
              "bowler": "JA Diergaardt",
              "extras": {
                "wides": 2
              },
              "non_striker": "D Dzimau",
              "runs": {
                "batter": 0,
                "extras": 2,
                "total": 2
              },
              "wickets": [
                {
                  "player_out": "D Ndipo",
                  "kind": "run out"
                }
              ]
            },
            {
              "batter": "V Phiri",
              "bowler": "JA Diergaardt",
              "non_striker": "D Dzimau",
              "runs": {
                "batter": 0,
                "extras": 0,
                "total": 0
              }
            },
            {
              "batter": "V Phiri",
              "bowler": "JA Diergaardt",
              "non_striker": "D Dzimau",
              "runs": {
                "batter": 0,
                "extras": 0,
                "total": 0
              }
            },
            {
              "batter": "V Phiri",
              "bowler": "JA Diergaardt",
              "non_striker": "D Dzimau",
              "runs": {
                "batter": 2,
                "extras": 0,
                "total": 2
              }
            },
            {
              "batter": "V Phiri",
              "bowler": "JA Diergaardt",
              "non_striker": "D Dzimau",
              "runs": {
                "batter": 0,
                "extras": 0,
                "total": 0
              }
            },
            {
              "batter": "V Phiri",
              "bowler": "JA Diergaardt",
              "non_striker": "D Dzimau",
              "runs": {
                "batter": 0,
                "extras": 0,
                "total": 0
              }
            },
            {
              "batter": "V Phiri",
              "bowler": "JA Diergaardt",
              "non_striker": "D Dzimau",
              "runs": {
                "batter": 0,
                "extras": 0,
                "total": 0
              }
            }
          ]
        }
      ],
      "powerplays": [
        {
          "from": 0.1,
          "to": 5.7,
          "type": "mandatory"
        }
      ]
    },
    {
      "team": "Namibia",
      "overs": [
        {
          "over": 0,
          "deliveries": [
            {
              "batter": "Yasmeen Khan",
              "bowler": "S Hussein",
              "non_striker": "JA Diergaardt",
              "runs": {
                "batter": 4,
                "extras": 0,
                "total": 4
              }
            },
            {
              "batter": "Yasmeen Khan",
              "bowler": "S Hussein",
              "non_striker": "JA Diergaardt",
              "runs": {
                "batter": 0,
                "extras": 0,
                "total": 0
              }
            },
            {
              "batter": "Yasmeen Khan",
              "bowler": "S Hussein",
              "non_striker": "JA Diergaardt",
              "runs": {
                "batter": 0,
                "extras": 0,
                "total": 0
              }
            },
            {
              "batter": "Yasmeen Khan",
              "bowler": "S Hussein",
              "extras": {
                "wides": 2
              },
              "non_striker": "JA Diergaardt",
              "runs": {
                "batter": 0,
                "extras": 2,
                "total": 2
              }
            },
            {
              "batter": "JA Diergaardt",
              "bowler": "S Hussein",
              "non_striker": "Yasmeen Khan",
              "runs": {
                "batter": 1,
                "extras": 0,
                "total": 1
              }
            },
            {
              "batter": "Yasmeen Khan",
              "bowler": "S Hussein",
              "non_striker": "JA Diergaardt",
              "runs": {
                "batter": 4,
                "extras": 0,
                "total": 4
              }
            },
            {
              "batter": "Yasmeen Khan",
              "bowler": "S Hussein",
              "non_striker": "JA Diergaardt",
              "runs": {
                "batter": 2,
                "extras": 0,
                "total": 2
              }
            }
          ]
        },
        {
          "over": 1,
          "deliveries": [
            {
              "batter": "JA Diergaardt",
              "bowler": "B Ndipo",
              "non_striker": "Yasmeen Khan",
              "runs": {
                "batter": 0,
                "extras": 0,
                "total": 0
              },
              "wickets": [
                {
                  "player_out": "JA Diergaardt",
                  "fielders": [
                    {
                      "name": "T Tereza"
                    }
                  ],
                  "kind": "caught"
                }
              ]
            },
            {
              "batter": "Yasmeen Khan",
              "bowler": "B Ndipo",
              "non_striker": "A van der Merwe",
              "runs": {
                "batter": 2,
                "extras": 0,
                "total": 2
              }
            },
            {
              "batter": "Yasmeen Khan",
              "bowler": "B Ndipo",
              "extras": {
                "wides": 1
              },
              "non_striker": "A van der Merwe",
              "runs": {
                "batter": 0,
                "extras": 1,
                "total": 1
              }
            },
            {
              "batter": "Yasmeen Khan",
              "bowler": "B Ndipo",
              "non_striker": "A van der Merwe",
              "runs": {
                "batter": 2,
                "extras": 0,
                "total": 2
              }
            },
            {
              "batter": "Yasmeen Khan",
              "bowler": "B Ndipo",
              "non_striker": "A van der Merwe",
              "runs": {
                "batter": 2,
                "extras": 0,
                "total": 2
              }
            },
            {
              "batter": "Yasmeen Khan",
              "bowler": "B Ndipo",
              "extras": {
                "noballs": 1
              },
              "non_striker": "A van der Merwe",
              "runs": {
                "batter": 2,
                "extras": 1,
                "total": 3
              }
            },
            {
              "batter": "Yasmeen Khan",
              "bowler": "B Ndipo",
              "non_striker": "A van der Merwe",
              "runs": {
                "batter": 1,
                "extras": 0,
                "total": 1
              }
            },
            {
              "batter": "A van der Merwe",
              "bowler": "B Ndipo",
              "non_striker": "Yasmeen Khan",
              "runs": {
                "batter": 1,
                "extras": 0,
                "total": 1
              }
            }
          ]
        },
        {
          "over": 2,
          "deliveries": [
            {
              "batter": "A van der Merwe",
              "bowler": "S Hussein",
              "non_striker": "Yasmeen Khan",
              "runs": {
                "batter": 0,
                "extras": 0,
                "total": 0
              }
            },
            {
              "batter": "A van der Merwe",
              "bowler": "S Hussein",
              "non_striker": "Yasmeen Khan",
              "runs": {
                "batter": 1,
                "extras": 0,
                "total": 1
              }
            },
            {
              "batter": "Yasmeen Khan",
              "bowler": "S Hussein",
              "extras": {
                "byes": 1
              },
              "non_striker": "A van der Merwe",
              "runs": {
                "batter": 0,
                "extras": 1,
                "total": 1
              }
            },
            {
              "batter": "A van der Merwe",
              "bowler": "S Hussein",
              "extras": {
                "wides": 1
              },
              "non_striker": "Yasmeen Khan",
              "runs": {
                "batter": 0,
                "extras": 1,
                "total": 1
              }
            },
            {
              "batter": "A van der Merwe",
              "bowler": "S Hussein",
              "non_striker": "Yasmeen Khan",
              "runs": {
                "batter": 0,
                "extras": 0,
                "total": 0
              }
            },
            {
              "batter": "A van der Merwe",
              "bowler": "S Hussein",
              "non_striker": "Yasmeen Khan",
              "runs": {
                "batter": 1,
                "extras": 0,
                "total": 1
              }
            },
            {
              "batter": "Yasmeen Khan",
              "bowler": "S Hussein",
              "non_striker": "A van der Merwe",
              "runs": {
                "batter": 4,
                "extras": 0,
                "total": 4
              }
            }
          ]
        },
        {
          "over": 3,
          "deliveries": [
            {
              "batter": "A van der Merwe",
              "bowler": "T Katunga",
              "non_striker": "Yasmeen Khan",
              "runs": {
                "batter": 0,
                "extras": 0,
                "total": 0
              }
            },
            {
              "batter": "A van der Merwe",
              "bowler": "T Katunga",
              "non_striker": "Yasmeen Khan",
              "runs": {
                "batter": 4,
                "extras": 0,
                "total": 4
              }
            },
            {
              "batter": "A van der Merwe",
              "bowler": "T Katunga",
              "non_striker": "Yasmeen Khan",
              "runs": {
                "batter": 2,
                "extras": 0,
                "total": 2
              }
            },
            {
              "batter": "A van der Merwe",
              "bowler": "T Katunga",
              "extras": {
                "wides": 1
              },
              "non_striker": "Yasmeen Khan",
              "runs": {
                "batter": 0,
                "extras": 1,
                "total": 1
              }
            },
            {
              "batter": "A van der Merwe",
              "bowler": "T Katunga",
              "non_striker": "Yasmeen Khan",
              "runs": {
                "batter": 0,
                "extras": 0,
                "total": 0
              }
            },
            {
              "batter": "A van der Merwe",
              "bowler": "T Katunga",
              "non_striker": "Yasmeen Khan",
              "runs": {
                "batter": 0,
                "extras": 0,
                "total": 0
              }
            },
            {
              "batter": "A van der Merwe",
              "bowler": "T Katunga",
              "non_striker": "Yasmeen Khan",
              "runs": {
                "batter": 4,
                "extras": 0,
                "total": 4
              }
            }
          ]
        },
        {
          "over": 4,
          "deliveries": [
            {
              "batter": "Yasmeen Khan",
              "bowler": "S Hussein",
              "non_striker": "A van der Merwe",
              "runs": {
                "batter": 0,
                "extras": 0,
                "total": 0
              }
            },
            {
              "batter": "Yasmeen Khan",
              "bowler": "S Hussein",
              "extras": {
                "byes": 1
              },
              "non_striker": "A van der Merwe",
              "runs": {
                "batter": 0,
                "extras": 1,
                "total": 1
              }
            },
            {
              "batter": "A van der Merwe",
              "bowler": "S Hussein",
              "non_striker": "Yasmeen Khan",
              "runs": {
                "batter": 0,
                "extras": 0,
                "total": 0
              }
            },
            {
              "batter": "A van der Merwe",
              "bowler": "S Hussein",
              "non_striker": "Yasmeen Khan",
              "runs": {
                "batter": 0,
                "extras": 0,
                "total": 0
              }
            },
            {
              "batter": "A van der Merwe",
              "bowler": "S Hussein",
              "non_striker": "Yasmeen Khan",
              "runs": {
                "batter": 4,
                "extras": 0,
                "total": 4
              }
            },
            {
              "batter": "A van der Merwe",
              "bowler": "S Hussein",
              "non_striker": "Yasmeen Khan",
              "runs": {
                "batter": 1,
                "extras": 0,
                "total": 1
              }
            }
          ]
        },
        {
          "over": 5,
          "deliveries": [
            {
              "batter": "A van der Merwe",
              "bowler": "S Dzimau",
              "non_striker": "Yasmeen Khan",
              "runs": {
                "batter": 4,
                "extras": 0,
                "total": 4
              }
            }
          ]
        }
      ],
      "powerplays": [
        {
          "from": 0.1,
          "to": 5.1,
          "type": "mandatory"
        }
      ],
      "target": {
        "overs": 20,
        "runs": 54
      }
    }
  ]
}