{
  "meta": {
    "data_version": "1.0.0",
    "created": "2019-08-19",
    "revision": 2
  },
  "info": {
    "balls_per_over": 6,
    "city": "Kigali City",
    "dates": [
      "2019-06-18"
    ],
    "event": {
      "name": "Kwibuka Women's Twenty20 Tournament",
      "match_number": 1
    },
    "gender": "female",
    "match_type": "T20",
    "match_type_number": 667,
    "officials": {
      "reserve_umpires": [
        "Jackson Nzayisenga"
      ],
      "umpires": [
        "John Mayeku",
        "Vicky Prajapati"
      ]
    },
    "outcome": {
      "winner": "Tanzania",
      "by": {
        "runs": 5
      }
    },
    "overs": 20,
    "player_of_match": [
      "M Pascal"
    ],
    "players": {
      "Tanzania": [
        "FO Kibasu",
        "M Pascal",
        "Hudaa Mohamedi",
        "NJ Pius",
        "PZ Kamunya",
        "TS Omary",
        "S Mtae",
        "NN Saidi",
        "W Kevin",
        "SH Mohamedi",
        "NO Tindo"
      ],
      "Uganda": [
        "D Busingye",
        "P Alako",
        "R Musamali",
        "I Nakisuuyi",
        "S Nampiina",
        "E Iloku",
        "JM Apio",
        "S Walaza",
        "S Kakai",
        "E Anyipo",
        "M Kagoya"
      ]
    },
    "registry": {
      "people": {
        "D Busingye": "51862ee2",
        "E Anyipo": "d9e5ecb4",
        "E Iloku": "f1fa1c6b",
        "FO Kibasu": "1c726c76",
        "Hudaa Mohamedi": "f5c1a39d",
        "I Nakisuuyi": "2f145a4f",
        "JM Apio": "2842d925",
        "Jackson Nzayisenga": "d392fec7",
        "John Mayeku": "9d819a32",
        "M Kagoya": "7f1c495f",
        "M Pascal": "729c5ab5",
        "NJ Pius": "f4270fc7",
        "NN Saidi": "16610c7b",
        "NO Tindo": "7f8316e3",
        "P Alako": "fcf37e14",
        "PZ Kamunya": "6e60bbe2",
        "R Musamali": "017cadb2",
        "S Kakai": "dc4535fe",
        "S Mtae": "bb641155",
        "S Nampiina": "91d9aa26",
        "S Walaza": "f67ea6d2",
        "SH Mohamedi": "10ab6a37",
        "TS Omary": "88e90658",
        "Vicky Prajapati": "8926ed4e",
        "W Kevin": "fc84a459"
      }
    },
    "season": "2019",
    "team_type": "international",
    "teams": [
      "Tanzania",
      "Uganda"
    ],
    "toss": {
      "decision": "bat",
      "winner": "Tanzania"
    },
    "venue": "Gahanga International Cricket Stadium. Rwanda"
  },
  "innings": [
    {
      "team": "Tanzania",
      "overs": [
        {
          "over": 0,
          "deliveries": [
            {
              "batter": "FO Kibasu",
              "bowler": "E Anyipo",
              "non_striker": "M Pascal",
              "runs": {
                "batter": 0,
                "extras": 0,
                "total": 0
              }
            },
            {
              "batter": "FO Kibasu",
              "bowler": "E Anyipo",
              "non_striker": "M Pascal",
              "runs": {
                "batter": 1,
                "extras": 0,
                "total": 1
              }
            },
            {
              "batter": "M Pascal",
              "bowler": "E Anyipo",
              "extras": {
                "wides": 1
              },
              "non_striker": "FO Kibasu",
              "runs": {
                "batter": 0,
                "extras": 1,
                "total": 1
              }
            },
            {
              "batter": "M Pascal",
              "bowler": "E Anyipo",
              "non_striker": "FO Kibasu",
              "runs": {
                "batter": 0,
                "extras": 0,
                "total": 0
              }
            },
            {
              "batter": "M Pascal",
              "bowler": "E Anyipo",
              "non_striker": "FO Kibasu",
              "runs": {
                "batter": 1,
                "extras": 0,
                "total": 1
              }
            },
            {
              "batter": "FO Kibasu",
              "bowler": "E Anyipo",
              "extras": {
                "wides": 1
              },
              "non_striker": "M Pascal",
              "runs": {
                "batter": 0,
                "extras": 1,
                "total": 1
              }
            },
            {
              "batter": "FO Kibasu",
              "bowler": "E Anyipo",
              "non_striker": "M Pascal",
              "runs": {
                "batter": 1,
                "extras": 0,
                "total": 1
              }
            },
            {
              "batter": "M Pascal",
              "bowler": "E Anyipo",
              "non_striker": "FO Kibasu",
              "runs": {
                "batter": 1,
                "extras": 0,
                "total": 1
              }
            }
          ]
        },
        {
          "over": 1,
          "deliveries": [
            {
              "batter": "M Pascal",
              "bowler": "I Nakisuuyi",
              "non_striker": "FO Kibasu",
              "runs": {
                "batter": 0,
                "extras": 0,
                "total": 0
              }
            },
            {
              "batter": "M Pascal",
              "bowler": "I Nakisuuyi",
              "non_striker": "FO Kibasu",
              "runs": {
                "batter": 0,
                "extras": 0,
                "total": 0
              }
            },
            {
              "batter": "M Pascal",
              "bowler": "I Nakisuuyi",
              "non_striker": "FO Kibasu",
              "runs": {
                "batter": 0,
                "extras": 0,
                "total": 0
              }
            },
            {
              "batter": "M Pascal",
              "bowler": "I Nakisuuyi",
              "non_striker": "FO Kibasu",
              "runs": {
                "batter": 0,
                "extras": 0,
                "total": 0
              }
            },
            {
              "batter": "M Pascal",
              "bowler": "I Nakisuuyi",
              "non_striker": "FO Kibasu",
              "runs": {
                "batter": 3,
                "extras": 0,
                "total": 3
              }
            },
            {
              "batter": "FO Kibasu",
              "bowler": "I Nakisuuyi",
              "non_striker": "M Pascal",
              "runs": {
                "batter": 0,
                "extras": 0,
                "total": 0
              }
            }
          ]
        },
        {
          "over": 2,
          "deliveries": [
            {
              "batter": "M Pascal",
              "bowler": "E Anyipo",
              "non_striker": "FO Kibasu",
              "runs": {
                "batter": 1,
                "extras": 0,
                "total": 1
              }
            },
            {
              "batter": "FO Kibasu",
              "bowler": "E Anyipo",
              "non_striker": "M Pascal",
              "runs": {
                "batter": 0,
                "extras": 0,
                "total": 0
              }
            },
            {
              "batter": "FO Kibasu",
              "bowler": "E Anyipo",
              "non_striker": "M Pascal",
              "runs": {
                "batter": 4,
                "extras": 0,
                "total": 4
              }
            },
            {
              "batter": "FO Kibasu",
              "bowler": "E Anyipo",
              "non_striker": "M Pascal",
              "runs": {
                "batter": 0,
                "extras": 0,
                "total": 0
              }
            },
            {
              "batter": "FO Kibasu",
              "bowler": "E Anyipo",
              "non_striker": "M Pascal",
              "runs": {
                "batter": 0,
                "extras": 0,
                "total": 0
              },
              "wickets": [
                {
                  "kind": "caught",
                  "player_out": "FO Kibasu",
                  "fielders": [
                    {
                      "name": "M Kagoya"
                    }
                  ]
                }
              ]
            },
            {
              "batter": "Hudaa Mohamedi",
              "bowler": "E Anyipo",
              "non_striker": "M Pascal",
              "runs": {
                "batter": 1,
                "extras": 0,
                "total": 1
              }
            }
          ]
        },
        {
          "over": 3,
          "deliveries": [
            {
              "batter": "Hudaa Mohamedi",
              "bowler": "I Nakisuuyi",
              "non_striker": "M Pascal",
              "runs": {
                "batter": 1,
                "extras": 0,
                "total": 1
              }
            },
            {
              "batter": "M Pascal",
              "bowler": "I Nakisuuyi",
              "non_striker": "Hudaa Mohamedi",
              "runs": {
                "batter": 0,
                "extras": 0,
                "total": 0
              }
            },
            {
              "batter": "M Pascal",
              "bowler": "I Nakisuuyi",
              "non_striker": "Hudaa Mohamedi",
              "runs": {
                "batter": 1,
                "extras": 0,
                "total": 1
              }
            },
            {
              "batter": "Hudaa Mohamedi",
              "bowler": "I Nakisuuyi",
              "non_striker": "M Pascal",
              "runs": {
                "batter": 0,
                "extras": 0,
                "total": 0
              }
            },
            {
              "batter": "Hudaa Mohamedi",
              "bowler": "I Nakisuuyi",
              "non_striker": "M Pascal",
              "runs": {
                "batter": 0,
                "extras": 0,
                "total": 0
              }
            },
            {
              "batter": "Hudaa Mohamedi",
              "bowler": "I Nakisuuyi",
              "non_striker": "M Pascal",
              "runs": {
                "batter": 0,
                "extras": 0,
                "total": 0
              }
            }
          ]
        },
        {
          "over": 4,
          "deliveries": [
            {
              "batter": "M Pascal",
              "bowler": "E Anyipo",
              "non_striker": "Hudaa Mohamedi",
              "runs": {
                "batter": 0,
                "extras": 0,
                "total": 0
              }
            },
            {
              "batter": "M Pascal",
              "bowler": "E Anyipo",
              "extras": {
                "wides": 1
              },
              "non_striker": "Hudaa Mohamedi",
              "runs": {
                "batter": 0,
                "extras": 1,
                "total": 1
              }
            },
            {
              "batter": "M Pascal",
              "bowler": "E Anyipo",
              "non_striker": "Hudaa Mohamedi",
              "runs": {
                "batter": 0,
                "extras": 0,
                "total": 0
              }
            },
            {
              "batter": "M Pascal",
              "bowler": "E Anyipo",
              "non_striker": "Hudaa Mohamedi",
              "runs": {
                "batter": 1,
                "extras": 0,
                "total": 1
              }
            },
            {
              "batter": "Hudaa Mohamedi",
              "bowler": "E Anyipo",
              "non_striker": "M Pascal",
              "runs": {
                "batter": 0,
                "extras": 0,
                "total": 0
              }
            },
            {
              "batter": "Hudaa Mohamedi",
              "bowler": "E Anyipo",
              "extras": {
                "legbyes": 1
              },
              "non_striker": "M Pascal",
              "runs": {
                "batter": 0,
                "extras": 1,
                "total": 1
              }
            },
            {
              "batter": "M Pascal",
              "bowler": "E Anyipo",
              "non_striker": "Hudaa Mohamedi",
              "runs": {
                "batter": 0,
                "extras": 0,
                "total": 0
              }
            }
          ]
        },
        {
          "over": 5,
          "deliveries": [
            {
              "batter": "Hudaa Mohamedi",
              "bowler": "S Nampiina",
              "non_striker": "M Pascal",
              "runs": {
                "batter": 1,
                "extras": 0,
                "total": 1
              }
            },
            {
              "batter": "M Pascal",
              "bowler": "S Nampiina",
              "non_striker": "Hudaa Mohamedi",
              "runs": {
                "batter": 0,
                "extras": 0,
                "total": 0
              }
            },
            {
              "batter": "M Pascal",
              "bowler": "S Nampiina",
              "non_striker": "Hudaa Mohamedi",
              "runs": {
                "batter": 1,
                "extras": 0,
                "total": 1
              }
            },
            {
              "batter": "Hudaa Mohamedi",
              "bowler": "S Nampiina",
              "non_striker": "M Pascal",
              "runs": {
                "batter": 1,
                "extras": 0,
                "total": 1
              }
            },
            {
              "batter": "M Pascal",
              "bowler": "S Nampiina",
              "non_striker": "Hudaa Mohamedi",
              "runs": {
                "batter": 1,
                "extras": 0,
                "total": 1
              }
            },
            {
              "batter": "Hudaa Mohamedi",
              "bowler": "S Nampiina",
              "non_striker": "M Pascal",
              "runs": {
                "batter": 0,
                "extras": 0,
                "total": 0
              }
            }
          ]
        },
        {
          "over": 6,
          "deliveries": [
            {
              "batter": "M Pascal",
              "bowler": "JM Apio",
              "non_striker": "Hudaa Mohamedi",
              "runs": {
                "batter": 0,
                "extras": 0,
                "total": 0
              }
            },
            {
              "batter": "M Pascal",
              "bowler": "JM Apio",
              "non_striker": "Hudaa Mohamedi",
              "runs": {
                "batter": 0,
                "extras": 0,
                "total": 0
              },
              "wickets": [
                {
                  "kind": "run out",
                  "player_out": "Hudaa Mohamedi"
                }
              ]
            },
            {
              "batter": "NJ Pius",
              "bowler": "JM Apio",
              "non_striker": "M Pascal",
              "runs": {
                "batter": 0,
                "extras": 0,
                "total": 0
              },
              "wickets": [
                {
                  "kind": "lbw",
                  "player_out": "NJ Pius"
                }
              ]
            },
            {
              "batter": "PZ Kamunya",
              "bowler": "JM Apio",
              "non_striker": "M Pascal",
              "runs": {
                "batter": 0,
                "extras": 0,
                "total": 0
              }
            },
            {
              "batter": "PZ Kamunya",
              "bowler": "JM Apio",
              "non_striker": "M Pascal",
              "runs": {
                "batter": 0,
                "extras": 0,
                "total": 0
              }
            },
            {
              "batter": "PZ Kamunya",
              "bowler": "JM Apio",
              "non_striker": "M Pascal",
              "runs": {
                "batter": 0,
                "extras": 0,
                "total": 0
              }
            }
          ]
        },
        {
          "over": 7,
          "deliveries": [
            {
              "batter": "M Pascal",
              "bowler": "S Nampiina",
              "non_striker": "PZ Kamunya",
              "runs": {
                "batter": 1,
                "extras": 0,
                "total": 1
              }
            },
            {
              "batter": "PZ Kamunya",
              "bowler": "S Nampiina",
              "non_striker": "M Pascal",
              "runs": {
                "batter": 4,
                "extras": 0,
                "total": 4
              }
            },
            {
              "batter": "PZ Kamunya",
              "bowler": "S Nampiina",
              "non_striker": "M Pascal",
              "runs": {
                "batter": 0,
                "extras": 0,
                "total": 0
              },
              "wickets": [
                {
                  "kind": "caught",
                  "player_out": "PZ Kamunya",
                  "fielders": [
                    {
                      "name": "P Alako"
                    }
                  ]
                }
              ]
            },
            {
              "batter": "TS Omary",
              "bowler": "S Nampiina",
              "non_striker": "M Pascal",
              "runs": {
                "batter": 0,
                "extras": 0,
                "total": 0
              }
            },
            {
              "batter": "TS Omary",
              "bowler": "S Nampiina",
              "non_striker": "M Pascal",
              "runs": {
                "batter": 1,
                "extras": 0,
                "total": 1
              }
            },
            {
              "batter": "M Pascal",
              "bowler": "S Nampiina",
              "non_striker": "TS Omary",
              "runs": {
                "batter": 1,
                "extras": 0,
                "total": 1
              }
            }
          ]
        },
        {
          "over": 8,
          "deliveries": [
            {
              "batter": "M Pascal",
              "bowler": "JM Apio",
              "non_striker": "TS Omary",
              "runs": {
                "batter": 0,
                "extras": 0,
                "total": 0
              }
            },
            {
              "batter": "M Pascal",
              "bowler": "JM Apio",
              "non_striker": "TS Omary",
              "runs": {
                "batter": 1,
                "extras": 0,
                "total": 1
              }
            },
            {
              "batter": "TS Omary",
              "bowler": "JM Apio",
              "extras": {
                "wides": 2
              },
              "non_striker": "M Pascal",
              "runs": {
                "batter": 0,
                "extras": 2,
                "total": 2
              }
            },
            {
              "batter": "M Pascal",
              "bowler": "JM Apio",
              "non_striker": "TS Omary",
              "runs": {
                "batter": 1,
                "extras": 0,
                "total": 1
              }
            },
            {
              "batter": "TS Omary",
              "bowler": "JM Apio",
              "non_striker": "M Pascal",
              "runs": {
                "batter": 0,
                "extras": 0,
                "total": 0
              },
              "wickets": [
                {
                  "kind": "bowled",
                  "player_out": "TS Omary"
                }
              ]
            },
            {
              "batter": "S Mtae",
              "bowler": "JM Apio",
              "non_striker": "M Pascal",
              "runs": {
                "batter": 0,
                "extras": 0,
                "total": 0
              },
              "wickets": [
                {
                  "kind": "run out",
                  "player_out": "S Mtae"
                }
              ]
            },
            {
              "batter": "NN Saidi",
              "bowler": "JM Apio",
              "non_striker": "M Pascal",
              "runs": {
                "batter": 0,
                "extras": 0,
                "total": 0
              }
            }
          ]
        },
        {
          "over": 9,
          "deliveries": [
            {
              "batter": "M Pascal",
              "bowler": "S Nampiina",
              "extras": {
                "noballs": 1
              },
              "non_striker": "NN Saidi",
              "runs": {
                "batter": 0,
                "extras": 1,
                "total": 1
              }
            },
            {
              "batter": "M Pascal",
              "bowler": "S Nampiina",
              "extras": {
                "wides": 1
              },
              "non_striker": "NN Saidi",
              "runs": {
                "batter": 0,
                "extras": 1,
                "total": 1
              }
            },
            {
              "batter": "M Pascal",
              "bowler": "S Nampiina",
              "non_striker": "NN Saidi",
              "runs": {
                "batter": 1,
                "extras": 0,
                "total": 1
              }
            },
            {
              "batter": "NN Saidi",
              "bowler": "S Nampiina",
              "extras": {
                "wides": 1
              },
              "non_striker": "M Pascal",
              "runs": {
                "batter": 0,
                "extras": 1,
                "total": 1
              }
            },
            {
              "batter": "NN Saidi",
              "bowler": "S Nampiina",
              "non_striker": "M Pascal",
              "runs": {
                "batter": 0,
                "extras": 0,
                "total": 0
              }
            },
            {
              "batter": "NN Saidi",
              "bowler": "S Nampiina",
              "non_striker": "M Pascal",
              "runs": {
                "batter": 0,
                "extras": 0,
                "total": 0
              }
            },
            {
              "batter": "NN Saidi",
              "bowler": "S Nampiina",
              "non_striker": "M Pascal",
              "runs": {
                "batter": 2,
                "extras": 0,
                "total": 2
              }
            },
            {
              "batter": "NN Saidi",
              "bowler": "S Nampiina",
              "non_striker": "M Pascal",
              "runs": {
                "batter": 1,
                "extras": 0,
                "total": 1
              }
            },
            {
              "batter": "M Pascal",
              "bowler": "S Nampiina",
              "non_striker": "NN Saidi",
              "runs": {
                "batter": 0,
                "extras": 0,
                "total": 0
              }
            }
          ]
        },
        {
          "over": 10,
          "deliveries": [
            {
              "batter": "NN Saidi",
              "bowler": "JM Apio",
              "non_striker": "M Pascal",
              "runs": {
                "batter": 1,
                "extras": 0,
                "total": 1
              }
            },
            {
              "batter": "M Pascal",
              "bowler": "JM Apio",
              "non_striker": "NN Saidi",
              "runs": {
                "batter": 0,
                "extras": 0,
                "total": 0
              }
            },
            {
              "batter": "M Pascal",
              "bowler": "JM Apio",
              "extras": {
                "legbyes": 1
              },
              "non_striker": "NN Saidi",
              "runs": {
                "batter": 0,
                "extras": 1,
                "total": 1
              }
            },
            {
              "batter": "NN Saidi",
              "bowler": "JM Apio",
              "non_striker": "M Pascal",
              "runs": {
                "batter": 0,
                "extras": 0,
                "total": 0
              }
            },
            {
              "batter": "NN Saidi",
              "bowler": "JM Apio",
              "non_striker": "M Pascal",
              "runs": {
                "batter": 1,
                "extras": 0,
                "total": 1
              }
            },
            {
              "batter": "NN Saidi",
              "bowler": "JM Apio",
              "extras": {
                "wides": 5
              },
              "non_striker": "M Pascal",
              "runs": {
                "batter": 0,
                "extras": 5,
                "total": 5
              }
            },
            {
              "batter": "NN Saidi",
              "bowler": "JM Apio",
              "extras": {
                "wides": 1
              },
              "non_striker": "M Pascal",
              "runs": {
                "batter": 0,
                "extras": 1,
                "total": 1
              }
            },
            {
              "batter": "NN Saidi",
              "bowler": "JM Apio",
              "non_striker": "M Pascal",
              "runs": {
                "batter": 1,
                "extras": 0,
                "total": 1
              }
            }
          ]
        },
        {
          "over": 11,
          "deliveries": [
            {
              "batter": "NN Saidi",
              "bowler": "I Nakisuuyi",
              "non_striker": "M Pascal",
              "runs": {
                "batter": 2,
                "extras": 0,
                "total": 2
              }
            },
            {
              "batter": "NN Saidi",
              "bowler": "I Nakisuuyi",
              "non_striker": "M Pascal",
              "runs": {
                "batter": 1,
                "extras": 0,
                "total": 1
              }
            },
            {
              "batter": "M Pascal",
              "bowler": "I Nakisuuyi",
              "non_striker": "NN Saidi",
              "runs": {
                "batter": 1,
                "extras": 0,
                "total": 1
              }
            },
            {
              "batter": "NN Saidi",
              "bowler": "I Nakisuuyi",
              "non_striker": "M Pascal",
              "runs": {
                "batter": 0,
                "extras": 0,
                "total": 0
              }
            },
            {
              "batter": "NN Saidi",
              "bowler": "I Nakisuuyi",
              "non_striker": "M Pascal",
              "runs": {
                "batter": 1,
                "extras": 0,
                "total": 1
              }
            },
            {
              "batter": "M Pascal",
              "bowler": "I Nakisuuyi",
              "non_striker": "NN Saidi",
              "runs": {
                "batter": 1,
                "extras": 0,
                "total": 1
              }
            }
          ]
        },
        {
          "over": 12,
          "deliveries": [
            {
              "batter": "M Pascal",
              "bowler": "S Walaza",
              "non_striker": "NN Saidi",
              "runs": {
                "batter": 4,
                "extras": 0,
                "total": 4
              }
            },
            {
              "batter": "M Pascal",
              "bowler": "S Walaza",
              "non_striker": "NN Saidi",
              "runs": {
                "batter": 1,
                "extras": 0,
                "total": 1
              }
            },
            {
              "batter": "NN Saidi",
              "bowler": "S Walaza",
              "non_striker": "M Pascal",
              "runs": {
                "batter": 1,
                "extras": 0,
                "total": 1
              }
            },
            {
              "batter": "M Pascal",
              "bowler": "S Walaza",
              "non_striker": "NN Saidi",
              "runs": {
                "batter": 0,
                "extras": 0,
                "total": 0
              }
            },
            {
              "batter": "M Pascal",
              "bowler": "S Walaza",
              "non_striker": "NN Saidi",
              "runs": {
                "batter": 0,
                "extras": 0,
                "total": 0
              }
            },
            {
              "batter": "M Pascal",
              "bowler": "S Walaza",
              "non_striker": "NN Saidi",
              "runs": {
                "batter": 1,
                "extras": 0,
                "total": 1
              }
            }
          ]
        },
        {
          "over": 13,
          "deliveries": [
            {
              "batter": "M Pascal",
              "bowler": "I Nakisuuyi",
              "non_striker": "NN Saidi",
              "runs": {
                "batter": 0,
                "extras": 0,
                "total": 0
              }
            },
            {
              "batter": "M Pascal",
              "bowler": "I Nakisuuyi",
              "non_striker": "NN Saidi",
              "runs": {
                "batter": 1,
                "extras": 0,
                "total": 1
              }
            },
            {
              "batter": "NN Saidi",
              "bowler": "I Nakisuuyi",
              "non_striker": "M Pascal",
              "runs": {
                "batter": 1,
                "extras": 0,
                "total": 1
              }
            },
            {
              "batter": "M Pascal",
              "bowler": "I Nakisuuyi",
              "non_striker": "NN Saidi",
              "runs": {
                "batter": 1,
                "extras": 0,
                "total": 1
              }
            },
            {
              "batter": "NN Saidi",
              "bowler": "I Nakisuuyi",
              "non_striker": "M Pascal",
              "runs": {
                "batter": 1,
                "extras": 0,
                "total": 1
              }
            },
            {
              "batter": "M Pascal",
              "bowler": "I Nakisuuyi",
              "non_striker": "NN Saidi",
              "runs": {
                "batter": 4,
                "extras": 0,
                "total": 4
              }
            }
          ]
        },
        {
          "over": 14,
          "deliveries": [
            {
              "batter": "NN Saidi",
              "bowler": "S Walaza",
              "extras": {
                "wides": 1
              },
              "non_striker": "M Pascal",
              "runs": {
                "batter": 0,
                "extras": 1,
                "total": 1
              }
            },
            {
              "batter": "NN Saidi",
              "bowler": "S Walaza",
              "extras": {
                "wides": 1
              },
              "non_striker": "M Pascal",
              "runs": {
                "batter": 0,
                "extras": 1,
                "total": 1
              }
            },
            {
              "batter": "NN Saidi",
              "bowler": "S Walaza",
              "non_striker": "M Pascal",
              "runs": {
                "batter": 0,
                "extras": 0,
                "total": 0
              }
            },
            {
              "batter": "NN Saidi",
              "bowler": "S Walaza",
              "extras": {
                "wides": 1
              },
              "non_striker": "M Pascal",
              "runs": {
                "batter": 0,
                "extras": 1,
                "total": 1
              }
            },
            {
              "batter": "NN Saidi",
              "bowler": "S Walaza",
              "non_striker": "M Pascal",
              "runs": {
                "batter": 0,
                "extras": 0,
                "total": 0
              }
            },
            {
              "batter": "NN Saidi",
              "bowler": "S Walaza",
              "non_striker": "M Pascal",
              "runs": {
                "batter": 0,
                "extras": 0,
                "total": 0
              }
            },
            {
              "batter": "NN Saidi",
              "bowler": "S Walaza",
              "non_striker": "M Pascal",
              "runs": {
                "batter": 1,
                "extras": 0,
                "total": 1
              }
            },
            {
              "batter": "M Pascal",
              "bowler": "S Walaza",
              "non_striker": "NN Saidi",
              "runs": {
                "batter": 1,
                "extras": 0,
                "total": 1
              }
            },
            {
              "batter": "NN Saidi",
              "bowler": "S Walaza",
              "non_striker": "M Pascal",
              "runs": {
                "batter": 0,
                "extras": 0,
                "total": 0
              }
            }
          ]
        },
        {
          "over": 15,
          "deliveries": [
            {
              "batter": "M Pascal",
              "bowler": "R Musamali",
              "non_striker": "NN Saidi",
              "runs": {
                "batter": 0,
                "extras": 0,
                "total": 0
              }
            },
            {
              "batter": "M Pascal",
              "bowler": "R Musamali",
              "non_striker": "NN Saidi",
              "runs": {
                "batter": 4,
                "extras": 0,
                "total": 4
              }
            },
            {
              "batter": "M Pascal",
              "bowler": "R Musamali",
              "non_striker": "NN Saidi",
              "runs": {
                "batter": 1,
                "extras": 0,
                "total": 1
              }
            },
            {
              "batter": "NN Saidi",
              "bowler": "R Musamali",
              "extras": {
                "wides": 1
              },
              "non_striker": "M Pascal",
              "runs": {
                "batter": 0,
                "extras": 1,
                "total": 1
              }
            },
            {
              "batter": "NN Saidi",
              "bowler": "R Musamali",
              "non_striker": "M Pascal",
              "runs": {
                "batter": 0,
                "extras": 0,
                "total": 0
              }
            },
            {
              "batter": "NN Saidi",
              "bowler": "R Musamali",
              "non_striker": "M Pascal",
              "runs": {
                "batter": 1,
                "extras": 0,
                "total": 1
              }
            },
            {
              "batter": "M Pascal",
              "bowler": "R Musamali",
              "non_striker": "NN Saidi",
              "runs": {
                "batter": 4,
                "extras": 0,
                "total": 4
              }
            }
          ]
        },
        {
          "over": 16,
          "deliveries": [
            {
              "batter": "NN Saidi",
              "bowler": "P Alako",
              "non_striker": "M Pascal",
              "runs": {
                "batter": 0,
                "extras": 0,
                "total": 0
              }
            },
            {
              "batter": "NN Saidi",
              "bowler": "P Alako",
              "non_striker": "M Pascal",
              "runs": {
                "batter": 0,
                "extras": 0,
                "total": 0
              }
            },
            {
              "batter": "NN Saidi",
              "bowler": "P Alako",
              "non_striker": "M Pascal",
              "runs": {
                "batter": 0,
                "extras": 0,
                "total": 0
              }
            },
            {
              "batter": "NN Saidi",
              "bowler": "P Alako",
              "non_striker": "M Pascal",
              "runs": {
                "batter": 1,
                "extras": 0,
                "total": 1
              }
            },
            {
              "batter": "M Pascal",
              "bowler": "P Alako",
              "non_striker": "NN Saidi",
              "runs": {
                "batter": 4,
                "extras": 0,
                "total": 4
              }
            },
            {
              "batter": "M Pascal",
              "bowler": "P Alako",
              "non_striker": "NN Saidi",
              "runs": {
                "batter": 0,
                "extras": 0,
                "total": 0
              }
            }
          ]
        },
        {
          "over": 17,
          "deliveries": [
            {
              "batter": "NN Saidi",
              "bowler": "R Musamali",
              "non_striker": "M Pascal",
              "runs": {
                "batter": 0,
                "extras": 0,
                "total": 0
              }
            },
            {
              "batter": "NN Saidi",
              "bowler": "R Musamali",
              "non_striker": "M Pascal",
              "runs": {
                "batter": 1,
                "extras": 0,
                "total": 1
              }
            },
            {
              "batter": "M Pascal",
              "bowler": "R Musamali",
              "non_striker": "NN Saidi",
              "runs": {
                "batter": 4,
                "extras": 0,
                "total": 4
              }
            },
            {
              "batter": "M Pascal",
              "bowler": "R Musamali",
              "non_striker": "NN Saidi",
              "runs": {
                "batter": 1,
                "extras": 0,
                "total": 1
              }
            },
            {
              "batter": "NN Saidi",
              "bowler": "R Musamali",
              "non_striker": "M Pascal",
              "runs": {
                "batter": 1,
                "extras": 0,
                "total": 1
              }
            },
            {
              "batter": "M Pascal",
              "bowler": "R Musamali",
              "non_striker": "NN Saidi",
              "runs": {
                "batter": 4,
                "extras": 0,
                "total": 4
              }
            }
          ]
        },
        {
          "over": 18,
          "deliveries": [
            {
              "batter": "NN Saidi",
              "bowler": "P Alako",
              "non_striker": "M Pascal",
              "runs": {
                "batter": 1,
                "extras": 0,
                "total": 1
              }
            },
            {
              "batter": "M Pascal",
              "bowler": "P Alako",
              "non_striker": "NN Saidi",
              "runs": {
                "batter": 1,
                "extras": 0,
                "total": 1
              }
            },
            {
              "batter": "NN Saidi",
              "bowler": "P Alako",
              "non_striker": "M Pascal",
              "runs": {
                "batter": 0,
                "extras": 0,
                "total": 0
              },
              "wickets": [
                {
                  "kind": "run out",
                  "player_out": "NN Saidi"
                }
              ]
            },
            {
              "batter": "M Pascal",
              "bowler": "P Alako",
              "non_striker": "W Kevin",
              "runs": {
                "batter": 0,
                "extras": 0,
                "total": 0
              },
              "wickets": [
                {
                  "kind": "caught",
                  "player_out": "M Pascal",
                  "fielders": [
                    {
                      "name": "D Busingye"
                    }
                  ]
                }
              ]
            },
            {
              "batter": "SH Mohamedi",
              "bowler": "P Alako",
              "non_striker": "W Kevin",
              "runs": {
                "batter": 0,
                "extras": 0,
                "total": 0
              }
            },
            {
              "batter": "SH Mohamedi",
              "bowler": "P Alako",
              "non_striker": "W Kevin",
              "runs": {
                "batter": 0,
                "extras": 0,
                "total": 0
              }
            }
          ]
        },
        {
          "over": 19,
          "deliveries": [
            {
              "batter": "W Kevin",
              "bowler": "JM Apio",
              "extras": {
                "wides": 1
              },
              "non_striker": "SH Mohamedi",
              "runs": {
                "batter": 0,
                "extras": 1,
                "total": 1
              }
            },
            {
              "batter": "W Kevin",
              "bowler": "JM Apio",
              "non_striker": "SH Mohamedi",
              "runs": {
                "batter": 0,
                "extras": 0,
                "total": 0
              }
            },
            {
              "batter": "W Kevin",
              "bowler": "JM Apio",
              "non_striker": "SH Mohamedi",
              "runs": {
                "batter": 0,
                "extras": 0,
                "total": 0
              }
            },
            {
              "batter": "W Kevin",
              "bowler": "JM Apio",
              "non_striker": "SH Mohamedi",
              "runs": {
                "batter": 4,
                "extras": 0,
                "total": 4
              }
            },
            {
              "batter": "W Kevin",
              "bowler": "JM Apio",
              "non_striker": "SH Mohamedi",
              "runs": {
                "batter": 0,
                "extras": 0,
                "total": 0
              }
            },
            {
              "batter": "W Kevin",
              "bowler": "JM Apio",
              "non_striker": "SH Mohamedi",
              "runs": {
                "batter": 0,
                "extras": 0,
                "total": 0
              },
              "wickets": [
                {
                  "kind": "run out",
                  "player_out": "SH Mohamedi"
                }
              ]
            },
            {
              "batter": "NO Tindo",
              "bowler": "JM Apio",
              "non_striker": "W Kevin",
              "runs": {
                "batter": 1,
                "extras": 0,
                "total": 1
              }
            }
          ]
        }
      ],
      "powerplays": [
        {
          "from": 0.1,
          "to": 5.6,
          "type": "mandatory"
        }
      ]
    },
    {
      "team": "Uganda",
      "overs": [
        {
          "over": 0,
          "deliveries": [
            {
              "batter": "D Busingye",
              "bowler": "PZ Kamunya",
              "extras": {
                "wides": 1
              },
              "non_striker": "P Alako",
              "runs": {
                "batter": 0,
                "extras": 1,
                "total": 1
              }
            },
            {
              "batter": "D Busingye",
              "bowler": "PZ Kamunya",
              "non_striker": "P Alako",
              "runs": {
                "batter": 0,
                "extras": 0,
                "total": 0
              }
            },
            {
              "batter": "D Busingye",
              "bowler": "PZ Kamunya",
              "extras": {
                "wides": 1
              },
              "non_striker": "P Alako",
              "runs": {
                "batter": 0,
                "extras": 1,
                "total": 1
              }
            },
            {
              "batter": "D Busingye",
              "bowler": "PZ Kamunya",
              "non_striker": "P Alako",
              "runs": {
                "batter": 0,
                "extras": 0,
                "total": 0
              }
            },
            {
              "batter": "D Busingye",
              "bowler": "PZ Kamunya",
              "non_striker": "P Alako",
              "runs": {
                "batter": 0,
                "extras": 0,
                "total": 0
              }
            },
            {
              "batter": "D Busingye",
              "bowler": "PZ Kamunya",
              "non_striker": "P Alako",
              "runs": {
                "batter": 0,
                "extras": 0,
                "total": 0
              },
              "wickets": [
                {
                  "kind": "lbw",
                  "player_out": "D Busingye"
                }
              ]
            },
            {
              "batter": "R Musamali",
              "bowler": "PZ Kamunya",
              "non_striker": "P Alako",
              "runs": {
                "batter": 0,
                "extras": 0,
                "total": 0
              }
            },
            {
              "batter": "R Musamali",
              "bowler": "PZ Kamunya",
              "non_striker": "P Alako",
              "runs": {
                "batter": 0,
                "extras": 0,
                "total": 0
              }
            }
          ]
        },
        {
          "over": 1,
          "deliveries": [
            {
              "batter": "P Alako",
              "bowler": "NN Saidi",
              "non_striker": "R Musamali",
              "runs": {
                "batter": 0,
                "extras": 0,
                "total": 0
              }
            },
            {
              "batter": "P Alako",
              "bowler": "NN Saidi",
              "non_striker": "R Musamali",
              "runs": {
                "batter": 2,
                "extras": 0,
                "total": 2
              }
            },
            {
              "batter": "P Alako",
              "bowler": "NN Saidi",
              "non_striker": "R Musamali",
              "runs": {
                "batter": 0,
                "extras": 0,
                "total": 0
              }
            },
            {
              "batter": "P Alako",
              "bowler": "NN Saidi",
              "non_striker": "R Musamali",
              "runs": {
                "batter": 0,
                "extras": 0,
                "total": 0
              }
            },
            {
              "batter": "P Alako",
              "bowler": "NN Saidi",
              "non_striker": "R Musamali",
              "runs": {
                "batter": 4,
                "extras": 0,
                "total": 4
              }
            },
            {
              "batter": "P Alako",
              "bowler": "NN Saidi",
              "non_striker": "R Musamali",
              "runs": {
                "batter": 0,
                "extras": 0,
                "total": 0
              }
            }
          ]
        },
        {
          "over": 2,
          "deliveries": [
            {
              "batter": "R Musamali",
              "bowler": "PZ Kamunya",
              "non_striker": "P Alako",
              "runs": {
                "batter": 0,
                "extras": 0,
                "total": 0
              }
            },
            {
              "batter": "R Musamali",
              "bowler": "PZ Kamunya",
              "non_striker": "P Alako",
              "runs": {
                "batter": 1,
                "extras": 0,
                "total": 1
              }
            },
            {
              "batter": "P Alako",
              "bowler": "PZ Kamunya",
              "non_striker": "R Musamali",
              "runs": {
                "batter": 0,
                "extras": 0,
                "total": 0
              }
            },
            {
              "batter": "P Alako",
              "bowler": "PZ Kamunya",
              "non_striker": "R Musamali",
              "runs": {
                "batter": 0,
                "extras": 0,
                "total": 0
              },
              "wickets": [
                {
                  "kind": "caught",
                  "player_out": "P Alako",
                  "fielders": [
                    {
                      "name": "NJ Pius"
                    }
                  ]
                }
              ]
            },
            {
              "batter": "I Nakisuuyi",
              "bowler": "PZ Kamunya",
              "non_striker": "R Musamali",
              "runs": {
                "batter": 0,
                "extras": 0,
                "total": 0
              }
            },
            {
              "batter": "I Nakisuuyi",
              "bowler": "PZ Kamunya",
              "non_striker": "R Musamali",
              "runs": {
                "batter": 0,
                "extras": 0,
                "total": 0
              }
            }
          ]
        },
        {
          "over": 3,
          "deliveries": [
            {
              "batter": "R Musamali",
              "bowler": "NN Saidi",
              "non_striker": "I Nakisuuyi",
              "runs": {
                "batter": 1,
                "extras": 0,
                "total": 1
              }
            },
            {
              "batter": "I Nakisuuyi",
              "bowler": "NN Saidi",
              "non_striker": "R Musamali",
              "runs": {
                "batter": 0,
                "extras": 0,
                "total": 0
              }
            },
            {
              "batter": "I Nakisuuyi",
              "bowler": "NN Saidi",
              "non_striker": "R Musamali",
              "runs": {
                "batter": 2,
                "extras": 0,
                "total": 2
              }
            },
            {
              "batter": "I Nakisuuyi",
              "bowler": "NN Saidi",
              "non_striker": "R Musamali",
              "runs": {
                "batter": 3,
                "extras": 0,
                "total": 3
              }
            },
            {
              "batter": "R Musamali",
              "bowler": "NN Saidi",
              "non_striker": "I Nakisuuyi",
              "runs": {
                "batter": 0,
                "extras": 0,
                "total": 0
              }
            },
            {
              "batter": "R Musamali",
              "bowler": "NN Saidi",
              "non_striker": "I Nakisuuyi",
              "runs": {
                "batter": 0,
                "extras": 0,
                "total": 0
              }
            }
          ]
        },
        {
          "over": 4,
          "deliveries": [
            {
              "batter": "I Nakisuuyi",
              "bowler": "PZ Kamunya",
              "non_striker": "R Musamali",
              "runs": {
                "batter": 1,
                "extras": 0,
                "total": 1
              }
            },
            {
              "batter": "R Musamali",
              "bowler": "PZ Kamunya",
              "non_striker": "I Nakisuuyi",
              "runs": {
                "batter": 1,
                "extras": 0,
                "total": 1
              }
            },
            {
              "batter": "I Nakisuuyi",
              "bowler": "PZ Kamunya",
              "non_striker": "R Musamali",
              "runs": {
                "batter": 0,
                "extras": 0,
                "total": 0
              }
            },
            {
              "batter": "I Nakisuuyi",
              "bowler": "PZ Kamunya",
              "non_striker": "R Musamali",
              "runs": {
                "batter": 4,
                "extras": 0,
                "total": 4
              }
            },
            {
              "batter": "I Nakisuuyi",
              "bowler": "PZ Kamunya",
              "non_striker": "R Musamali",
              "runs": {
                "batter": 0,
                "extras": 0,
                "total": 0
              }
            },
            {
              "batter": "I Nakisuuyi",
              "bowler": "PZ Kamunya",
              "non_striker": "R Musamali",
              "runs": {
                "batter": 0,
                "extras": 0,
                "total": 0
              },
              "wickets": [
                {
                  "kind": "caught",
                  "player_out": "I Nakisuuyi",
                  "fielders": [
                    {
                      "name": "NN Saidi"
                    }
                  ]
                }
              ]
            }
          ]
        },
        {
          "over": 5,
          "deliveries": [
            {
              "batter": "R Musamali",
              "bowler": "TS Omary",
              "non_striker": "S Nampiina",
              "runs": {
                "batter": 0,
                "extras": 0,
                "total": 0
              }
            },
            {
              "batter": "R Musamali",
              "bowler": "TS Omary",
              "extras": {
                "wides": 1
              },
              "non_striker": "S Nampiina",
              "runs": {
                "batter": 0,
                "extras": 1,
                "total": 1
              }
            },
            {
              "batter": "R Musamali",
              "bowler": "TS Omary",
              "non_striker": "S Nampiina",
              "runs": {
                "batter": 0,
                "extras": 0,
                "total": 0
              }
            },
            {
              "batter": "R Musamali",
              "bowler": "TS Omary",
              "non_striker": "S Nampiina",
              "runs": {
                "batter": 4,
                "extras": 0,
                "total": 4
              }
            },
            {
              "batter": "R Musamali",
              "bowler": "TS Omary",
              "non_striker": "S Nampiina",
              "runs": {
                "batter": 0,
                "extras": 0,
                "total": 0
              }
            },
            {
              "batter": "R Musamali",
              "bowler": "TS Omary",
              "non_striker": "S Nampiina",
              "runs": {
                "batter": 0,
                "extras": 0,
                "total": 0
              }
            },
            {
              "batter": "R Musamali",
              "bowler": "TS Omary",
              "non_striker": "S Nampiina",
              "runs": {
                "batter": 0,
                "extras": 0,
                "total": 0
              }
            }
          ]
        },
        {
          "over": 6,
          "deliveries": [
            {
              "batter": "S Nampiina",
              "bowler": "PZ Kamunya",
              "non_striker": "R Musamali",
              "runs": {
                "batter": 0,
                "extras": 0,
                "total": 0
              }
            },
            {
              "batter": "S Nampiina",
              "bowler": "PZ Kamunya",
              "non_striker": "R Musamali",
              "runs": {
                "batter": 4,
                "extras": 0,
                "total": 4
              }
            },
            {
              "batter": "S Nampiina",
              "bowler": "PZ Kamunya",
              "non_striker": "R Musamali",
              "runs": {
                "batter": 1,
                "extras": 0,
                "total": 1
              }
            },
            {
              "batter": "R Musamali",
              "bowler": "PZ Kamunya",
              "non_striker": "S Nampiina",
              "runs": {
                "batter": 0,
                "extras": 0,
                "total": 0
              }
            },
            {
              "batter": "R Musamali",
              "bowler": "PZ Kamunya",
              "non_striker": "S Nampiina",
              "runs": {
                "batter": 0,
                "extras": 0,
                "total": 0
              }
            },
            {
              "batter": "R Musamali",
              "bowler": "PZ Kamunya",
              "non_striker": "S Nampiina",
              "runs": {
                "batter": 0,
                "extras": 0,
                "total": 0
              }
            }
          ]
        },
        {
          "over": 7,
          "deliveries": [
            {
              "batter": "S Nampiina",
              "bowler": "TS Omary",
              "non_striker": "R Musamali",
              "runs": {
                "batter": 0,
                "extras": 0,
                "total": 0
              }
            },
            {
              "batter": "S Nampiina",
              "bowler": "TS Omary",
              "non_striker": "R Musamali",
              "runs": {
                "batter": 1,
                "extras": 0,
                "total": 1
              }
            },
            {
              "batter": "R Musamali",
              "bowler": "TS Omary",
              "non_striker": "S Nampiina",
              "runs": {
                "batter": 0,
                "extras": 0,
                "total": 0
              }
            },
            {
              "batter": "R Musamali",
              "bowler": "TS Omary",
              "non_striker": "S Nampiina",
              "runs": {
                "batter": 1,
                "extras": 0,
                "total": 1
              }
            },
            {
              "batter": "S Nampiina",
              "bowler": "TS Omary",
              "non_striker": "R Musamali",
              "runs": {
                "batter": 0,
                "extras": 0,
                "total": 0
              }
            },
            {
              "batter": "S Nampiina",
              "bowler": "TS Omary",
              "non_striker": "R Musamali",
              "runs": {
                "batter": 0,
                "extras": 0,
                "total": 0
              }
            }
          ]
        },
        {
          "over": 8,
          "deliveries": [
            {
              "batter": "R Musamali",
              "bowler": "FO Kibasu",
              "non_striker": "S Nampiina",
              "runs": {
                "batter": 2,
                "extras": 0,
                "total": 2
              }
            },
            {
              "batter": "R Musamali",
              "bowler": "FO Kibasu",
              "non_striker": "S Nampiina",
              "runs": {
                "batter": 0,
                "extras": 0,
                "total": 0
              }
            },
            {
              "batter": "R Musamali",
              "bowler": "FO Kibasu",
              "non_striker": "S Nampiina",
              "runs": {
                "batter": 1,
                "extras": 0,
                "total": 1
              }
            },
            {
              "batter": "S Nampiina",
              "bowler": "FO Kibasu",
              "non_striker": "R Musamali",
              "runs": {
                "batter": 0,
                "extras": 0,
                "total": 0
              }
            },
            {
              "batter": "S Nampiina",
              "bowler": "FO Kibasu",
              "non_striker": "R Musamali",
              "runs": {
                "batter": 0,
                "extras": 0,
                "total": 0
              }
            },
            {
              "batter": "S Nampiina",
              "bowler": "FO Kibasu",
              "non_striker": "R Musamali",
              "runs": {
                "batter": 1,
                "extras": 0,
                "total": 1
              }
            }
          ]
        },
        {
          "over": 9,
          "deliveries": [
            {
              "batter": "S Nampiina",
              "bowler": "TS Omary",
              "non_striker": "R Musamali",
              "runs": {
                "batter": 1,
                "extras": 0,
                "total": 1
              }
            },
            {
              "batter": "R Musamali",
              "bowler": "TS Omary",
              "non_striker": "S Nampiina",
              "runs": {
                "batter": 0,
                "extras": 0,
                "total": 0
              }
            },
            {
              "batter": "R Musamali",
              "bowler": "TS Omary",
              "non_striker": "S Nampiina",
              "runs": {
                "batter": 1,
                "extras": 0,
                "total": 1
              }
            },
            {
              "batter": "S Nampiina",
              "bowler": "TS Omary",
              "non_striker": "R Musamali",
              "runs": {
                "batter": 0,
                "extras": 0,
                "total": 0
              }
            },
            {
              "batter": "S Nampiina",
              "bowler": "TS Omary",
              "non_striker": "R Musamali",
              "runs": {
                "batter": 1,
                "extras": 0,
                "total": 1
              }
            },
            {
              "batter": "R Musamali",
              "bowler": "TS Omary",
              "non_striker": "S Nampiina",
              "runs": {
                "batter": 1,
                "extras": 0,
                "total": 1
              }
            }
          ]
        },
        {
          "over": 10,
          "deliveries": [
            {
              "batter": "R Musamali",
              "bowler": "FO Kibasu",
              "non_striker": "S Nampiina",
              "runs": {
                "batter": 1,
                "extras": 0,
                "total": 1
              }
            },
            {
              "batter": "S Nampiina",
              "bowler": "FO Kibasu",
              "non_striker": "R Musamali",
              "runs": {
                "batter": 1,
                "extras": 0,
                "total": 1
              }
            },
            {
              "batter": "R Musamali",
              "bowler": "FO Kibasu",
              "non_striker": "S Nampiina",
              "runs": {
                "batter": 2,
                "extras": 0,
                "total": 2
              }
            },
            {
              "batter": "R Musamali",
              "bowler": "FO Kibasu",
              "non_striker": "S Nampiina",
              "runs": {
                "batter": 1,
                "extras": 0,
                "total": 1
              }
            },
            {
              "batter": "S Nampiina",
              "bowler": "FO Kibasu",
              "non_striker": "R Musamali",
              "runs": {
                "batter": 0,
                "extras": 0,
                "total": 0
              }
            },
            {
              "batter": "S Nampiina",
              "bowler": "FO Kibasu",
              "non_striker": "R Musamali",
              "runs": {
                "batter": 0,
                "extras": 0,
                "total": 0
              }
            }
          ]
        },
        {
          "over": 11,
          "deliveries": [
            {
              "batter": "R Musamali",
              "bowler": "NO Tindo",
              "non_striker": "S Nampiina",
              "runs": {
                "batter": 1,
                "extras": 0,
                "total": 1
              }
            },
            {
              "batter": "S Nampiina",
              "bowler": "NO Tindo",
              "non_striker": "R Musamali",
              "runs": {
                "batter": 0,
                "extras": 0,
                "total": 0
              }
            },
            {
              "batter": "S Nampiina",
              "bowler": "NO Tindo",
              "non_striker": "R Musamali",
              "runs": {
                "batter": 0,
                "extras": 0,
                "total": 0
              }
            },
            {
              "batter": "S Nampiina",
              "bowler": "NO Tindo",
              "non_striker": "R Musamali",
              "runs": {
                "batter": 2,
                "extras": 0,
                "total": 2
              }
            },
            {
              "batter": "S Nampiina",
              "bowler": "NO Tindo",
              "non_striker": "R Musamali",
              "runs": {
                "batter": 1,
                "extras": 0,
                "total": 1
              }
            },
            {
              "batter": "R Musamali",
              "bowler": "NO Tindo",
              "non_striker": "S Nampiina",
              "runs": {
                "batter": 0,
                "extras": 0,
                "total": 0
              }
            }
          ]
        },
        {
          "over": 12,
          "deliveries": [
            {
              "batter": "S Nampiina",
              "bowler": "FO Kibasu",
              "non_striker": "R Musamali",
              "runs": {
                "batter": 0,
                "extras": 0,
                "total": 0
              }
            },
            {
              "batter": "S Nampiina",
              "bowler": "FO Kibasu",
              "non_striker": "R Musamali",
              "runs": {
                "batter": 0,
                "extras": 0,
                "total": 0
              },
              "wickets": [
                {
                  "kind": "bowled",
                  "player_out": "S Nampiina"
                }
              ]
            },
            {
              "batter": "E Iloku",
              "bowler": "FO Kibasu",
              "non_striker": "R Musamali",
              "runs": {
                "batter": 0,
                "extras": 0,
                "total": 0
              }
            },
            {
              "batter": "E Iloku",
              "bowler": "FO Kibasu",
              "non_striker": "R Musamali",
              "runs": {
                "batter": 1,
                "extras": 0,
                "total": 1
              }
            },
            {
              "batter": "R Musamali",
              "bowler": "FO Kibasu",
              "non_striker": "E Iloku",
              "runs": {
                "batter": 1,
                "extras": 0,
                "total": 1
              }
            },
            {
              "batter": "E Iloku",
              "bowler": "FO Kibasu",
              "non_striker": "R Musamali",
              "runs": {
                "batter": 0,
                "extras": 0,
                "total": 0
              }
            }
          ]
        },
        {
          "over": 13,
          "deliveries": [
            {
              "batter": "R Musamali",
              "bowler": "NO Tindo",
              "non_striker": "E Iloku",
              "runs": {
                "batter": 0,
                "extras": 0,
                "total": 0
              },
              "wickets": [
                {
                  "kind": "stumped",
                  "player_out": "R Musamali",
                  "fielders": [
                    {
                      "name": "SH Mohamedi"
                    }
                  ]
                }
              ]
            },
            {
              "batter": "JM Apio",
              "bowler": "NO Tindo",
              "extras": {
                "wides": 1
              },
              "non_striker": "E Iloku",
              "runs": {
                "batter": 0,
                "extras": 1,
                "total": 1
              }
            },
            {
              "batter": "JM Apio",
              "bowler": "NO Tindo",
              "non_striker": "E Iloku",
              "runs": {
                "batter": 2,
                "extras": 0,
                "total": 2
              }
            },
            {
              "batter": "JM Apio",
              "bowler": "NO Tindo",
              "non_striker": "E Iloku",
              "runs": {
                "batter": 0,
                "extras": 0,
                "total": 0
              }
            },
            {
              "batter": "JM Apio",
              "bowler": "NO Tindo",
              "non_striker": "E Iloku",
              "runs": {
                "batter": 1,
                "extras": 0,
                "total": 1
              }
            },
            {
              "batter": "E Iloku",
              "bowler": "NO Tindo",
              "non_striker": "JM Apio",
              "runs": {
                "batter": 0,
                "extras": 0,
                "total": 0
              }
            },
            {
              "batter": "E Iloku",
              "bowler": "NO Tindo",
              "non_striker": "JM Apio",
              "runs": {
                "batter": 0,
                "extras": 0,
                "total": 0
              }
            }
          ]
        },
        {
          "over": 14,
          "deliveries": [
            {
              "batter": "JM Apio",
              "bowler": "FO Kibasu",
              "non_striker": "E Iloku",
              "runs": {
                "batter": 1,
                "extras": 0,
                "total": 1
              }
            },
            {
              "batter": "E Iloku",
              "bowler": "FO Kibasu",
              "non_striker": "JM Apio",
              "runs": {
                "batter": 4,
                "extras": 0,
                "total": 4
              }
            },
            {
              "batter": "E Iloku",
              "bowler": "FO Kibasu",
              "non_striker": "JM Apio",
              "runs": {
                "batter": 1,
                "extras": 0,
                "total": 1
              }
            },
            {
              "batter": "JM Apio",
              "bowler": "FO Kibasu",
              "non_striker": "E Iloku",
              "runs": {
                "batter": 0,
                "extras": 0,
                "total": 0
              }
            },
            {
              "batter": "JM Apio",
              "bowler": "FO Kibasu",
              "non_striker": "E Iloku",
              "runs": {
                "batter": 1,
                "extras": 0,
                "total": 1
              }
            },
            {
              "batter": "E Iloku",
              "bowler": "FO Kibasu",
              "non_striker": "JM Apio",
              "runs": {
                "batter": 2,
                "extras": 0,
                "total": 2
              }
            }
          ]
        },
        {
          "over": 15,
          "deliveries": [
            {
              "batter": "JM Apio",
              "bowler": "NO Tindo",
              "non_striker": "E Iloku",
              "runs": {
                "batter": 1,
                "extras": 0,
                "total": 1
              }
            },
            {
              "batter": "E Iloku",
              "bowler": "NO Tindo",
              "non_striker": "JM Apio",
              "runs": {
                "batter": 1,
                "extras": 0,
                "total": 1
              }
            },
            {
              "batter": "JM Apio",
              "bowler": "NO Tindo",
              "extras": {
                "wides": 1
              },
              "non_striker": "E Iloku",
              "runs": {
                "batter": 0,
                "extras": 1,
                "total": 1
              }
            },
            {
              "batter": "JM Apio",
              "bowler": "NO Tindo",
              "non_striker": "E Iloku",
              "runs": {
                "batter": 2,
                "extras": 0,
                "total": 2
              }
            },
            {
              "batter": "JM Apio",
              "bowler": "NO Tindo",
              "non_striker": "E Iloku",
              "runs": {
                "batter": 0,
                "extras": 0,
                "total": 0
              },
              "wickets": [
                {
                  "kind": "bowled",
                  "player_out": "JM Apio"
                }
              ]
            },
            {
              "batter": "S Walaza",
              "bowler": "NO Tindo",
              "non_striker": "E Iloku",
              "runs": {
                "batter": 1,
                "extras": 0,
                "total": 1
              }
            },
            {
              "batter": "E Iloku",
              "bowler": "NO Tindo",
              "non_striker": "S Walaza",
              "runs": {
                "batter": 2,
                "extras": 0,
                "total": 2
              }
            }
          ]
        },
        {
          "over": 16,
          "deliveries": [
            {
              "batter": "S Walaza",
              "bowler": "TS Omary",
              "non_striker": "E Iloku",
              "runs": {
                "batter": 0,
                "extras": 0,
                "total": 0
              }
            },
            {
              "batter": "S Walaza",
              "bowler": "TS Omary",
              "non_striker": "E Iloku",
              "runs": {
                "batter": 1,
                "extras": 0,
                "total": 1
              }
            },
            {
              "batter": "E Iloku",
              "bowler": "TS Omary",
              "non_striker": "S Walaza",
              "runs": {
                "batter": 1,
                "extras": 0,
                "total": 1
              }
            },
            {
              "batter": "S Walaza",
              "bowler": "TS Omary",
              "extras": {
                "legbyes": 1
              },
              "non_striker": "E Iloku",
              "runs": {
                "batter": 0,
                "extras": 1,
                "total": 1
              }
            },
            {
              "batter": "E Iloku",
              "bowler": "TS Omary",
              "non_striker": "S Walaza",
              "runs": {
                "batter": 1,
                "extras": 0,
                "total": 1
              }
            },
            {
              "batter": "S Walaza",
              "bowler": "TS Omary",
              "non_striker": "E Iloku",
              "runs": {
                "batter": 0,
                "extras": 0,
                "total": 0
              },
              "wickets": [
                {
                  "kind": "bowled",
                  "player_out": "S Walaza"
                }
              ]
            }
          ]
        },
        {
          "over": 17,
          "deliveries": [
            {
              "batter": "E Iloku",
              "bowler": "NO Tindo",
              "non_striker": "S Kakai",
              "runs": {
                "batter": 2,
                "extras": 0,
                "total": 2
              }
            },
            {
              "batter": "E Iloku",
              "bowler": "NO Tindo",
              "non_striker": "S Kakai",
              "runs": {
                "batter": 2,
                "extras": 0,
                "total": 2
              }
            },
            {
              "batter": "E Iloku",
              "bowler": "NO Tindo",
              "non_striker": "S Kakai",
              "runs": {
                "batter": 1,
                "extras": 0,
                "total": 1
              }
            },
            {
              "batter": "S Kakai",
              "bowler": "NO Tindo",
              "non_striker": "E Iloku",
              "runs": {
                "batter": 1,
                "extras": 0,
                "total": 1
              }
            },
            {
              "batter": "E Iloku",
              "bowler": "NO Tindo",
              "non_striker": "S Kakai",
              "runs": {
                "batter": 4,
                "extras": 0,
                "total": 4
              }
            },
            {
              "batter": "E Iloku",
              "bowler": "NO Tindo",
              "non_striker": "S Kakai",
              "runs": {
                "batter": 1,
                "extras": 0,
                "total": 1
              }
            }
          ]
        },
        {
          "over": 18,
          "deliveries": [
            {
              "batter": "S Kakai",
              "bowler": "NN Saidi",
              "extras": {
                "wides": 1
              },
              "non_striker": "E Iloku",
              "runs": {
                "batter": 0,
                "extras": 1,
                "total": 1
              }
            },
            {
              "batter": "S Kakai",
              "bowler": "NN Saidi",
              "non_striker": "E Iloku",
              "runs": {
                "batter": 1,
                "extras": 0,
                "total": 1
              }
            },
            {
              "batter": "E Iloku",
              "bowler": "NN Saidi",
              "non_striker": "S Kakai",
              "runs": {
                "batter": 0,
                "extras": 0,
                "total": 0
              }
            },
            {
              "batter": "E Iloku",
              "bowler": "NN Saidi",
              "non_striker": "S Kakai",
              "runs": {
                "batter": 4,
                "extras": 0,
                "total": 4
              }
            },
            {
              "batter": "E Iloku",
              "bowler": "NN Saidi",
              "non_striker": "S Kakai",
              "runs": {
                "batter": 4,
                "extras": 0,
                "total": 4
              }
            },
            {
              "batter": "E Iloku",
              "bowler": "NN Saidi",
              "non_striker": "S Kakai",
              "runs": {
                "batter": 1,
                "extras": 0,
                "total": 1
              }
            },
            {
              "batter": "S Kakai",
              "bowler": "NN Saidi",
              "non_striker": "E Iloku",
              "runs": {
                "batter": 0,
                "extras": 0,
                "total": 0
              },
              "wickets": [
                {
                  "kind": "caught",
                  "player_out": "S Kakai",
                  "fielders": [
                    {
                      "name": "PZ Kamunya"
                    }
                  ]
                }
              ]
            }
          ]
        },
        {
          "over": 19,
          "deliveries": [
            {
              "batter": "E Iloku",
              "bowler": "W Kevin",
              "non_striker": "E Anyipo",
              "runs": {
                "batter": 2,
                "extras": 0,
                "total": 2
              }
            },
            {
              "batter": "E Iloku",
              "bowler": "W Kevin",
              "non_striker": "E Anyipo",
              "runs": {
                "batter": 0,
                "extras": 0,
                "total": 0
              }
            },
            {
              "batter": "E Iloku",
              "bowler": "W Kevin",
              "non_striker": "E Anyipo",
              "runs": {
                "batter": 2,
                "extras": 0,
                "total": 2
              }
            },
            {
              "batter": "E Iloku",
              "bowler": "W Kevin",
              "extras": {
                "wides": 1
              },
              "non_striker": "E Anyipo",
              "runs": {
                "batter": 0,
                "extras": 1,
                "total": 1
              }
            },
            {
              "batter": "E Iloku",
              "bowler": "W Kevin",
              "non_striker": "E Anyipo",
              "runs": {
                "batter": 1,
                "extras": 0,
                "total": 1
              },
              "wickets": [
                {
                  "kind": "run out",
                  "player_out": "E Anyipo"
                }
              ]
            },
            {
              "batter": "E Iloku",
              "bowler": "W Kevin",
              "non_striker": "M Kagoya",
              "runs": {
                "batter": 1,
                "extras": 0,
                "total": 1
              }
            },
            {
              "batter": "M Kagoya",
              "bowler": "W Kevin",
              "non_striker": "E Iloku",
              "runs": {
                "batter": 2,
                "extras": 0,
                "total": 2
              }
            }
          ]
        }
      ],
      "powerplays": [
        {
          "from": 0.1,
          "to": 5.7,
          "type": "mandatory"
        }
      ],
      "target": {
        "overs": 20,
        "runs": 114
      }
    }
  ]
}