{
  "meta": {
    "data_version": "1.0.0",
    "created": "2019-09-06",
    "revision": 2
  },
  "info": {
    "balls_per_over": 6,
    "city": "Arbroath",
    "dates": [
      "2019-09-01"
    ],
    "event": {
      "name": "ICC Women's T20 World Cup Qualifier",
      "match_number": 8
    },
    "gender": "female",
    "match_type": "T20",
    "match_type_number": 739,
    "officials": {
      "match_referees": [
        "GF Labrooy"
      ],
      "reserve_umpires": [
        "Kim Cotton"
      ],
      "umpires": [
        "Lauren Agenbag",
        "S Redfern"
      ]
    },
    "outcome": {
      "winner": "Bangladesh",
      "by": {
        "wickets": 8
      }
    },
    "overs": 20,
    "player_of_match": [
      "Nahida Akter"
    ],
    "players": {
      "United States of America": [
        "EH Rendler",
        "NT Gruny",
        "S Sriharsha",
        "S Bhaskar",
        "SK Chandhrasekar",
        "OT Wallerson",
        "L Ramjit",
        "S Ramautar",
        "AG Rao",
        "C Beckford",
        "S Farooq"
      ],
      "Bangladesh": [
        "Sanjida Islam",
        "Ayasha Rahman",
        "Nigar Sultana",
        "Ritu Moni",
        "Fahima Khatun",
        "Fargana Hoque",
        "Nahida Akter",
        "Salma Khatun",
        "Khadija Tul Kubra",
        "Jahanara Alam",
        "Shaila Sharmin"
      ]
    },
    "registry": {
      "people": {
        "AG Rao": "0420f51f",
        "Ayasha Rahman": "2f899a44",
        "C Beckford": "2cb0acf4",
        "EH Rendler": "368d921c",
        "Fahima Khatun": "558cdd64",
        "Fargana Hoque": "6e96c956",
        "GF Labrooy": "8e088dbc",
        "Jahanara Alam": "752183c1",
        "Khadija Tul Kubra": "bec997fc",
        "Kim Cotton": "67a7c2ee",
        "L Ramjit": "69950546",
        "Lauren Agenbag": "40849abd",
        "NT Gruny": "cdff374b",
        "Nahida Akter": "66078174",
        "Nigar Sultana": "3827f6a2",
        "OT Wallerson": "2fdf42e9",
        "Ritu Moni": "ad3940a5",
        "S Bhaskar": "fd811335",
        "S Farooq": "dbc23e51",
        "S Ramautar": "dcc7a7a9",
        "S Redfern": "5b038989",
        "S Sriharsha": "89f6c26f",
        "SK Chandhrasekar": "05b2f5ff",
        "Salma Khatun": "037f2b86",
        "Sanjida Islam": "12755a62",
        "Shaila Sharmin": "b76fd014"
      }
    },
    "season": "2019",
    "team_type": "international",
    "teams": [
      "Bangladesh",
      "United States of America"
    ],
    "toss": {
      "decision": "bat",
      "winner": "United States of America"
    },
    "venue": "Lochlands"
  },
  "innings": [
    {
      "team": "United States of America",
      "overs": [
        {
          "over": 0,
          "deliveries": [
            {
              "batter": "EH Rendler",
              "bowler": "Jahanara Alam",
              "non_striker": "NT Gruny",
              "runs": {
                "batter": 0,
                "extras": 0,
                "total": 0
              }
            },
            {
              "batter": "EH Rendler",
              "bowler": "Jahanara Alam",
              "non_striker": "NT Gruny",
              "runs": {
                "batter": 0,
                "extras": 0,
                "total": 0
              }
            },
            {
              "batter": "EH Rendler",
              "bowler": "Jahanara Alam",
              "non_striker": "NT Gruny",
              "runs": {
                "batter": 1,
                "extras": 0,
                "total": 1
              }
            },
            {
              "batter": "NT Gruny",
              "bowler": "Jahanara Alam",
              "non_striker": "EH Rendler",
              "runs": {
                "batter": 0,
                "extras": 0,
                "total": 0
              }
            },
            {
              "batter": "NT Gruny",
              "bowler": "Jahanara Alam",
              "non_striker": "EH Rendler",
              "runs": {
                "batter": 0,
                "extras": 0,
                "total": 0
              }
            },
            {
              "batter": "NT Gruny",
              "bowler": "Jahanara Alam",
              "non_striker": "EH Rendler",
              "runs": {
                "batter": 0,
                "extras": 0,
                "total": 0
              }
            }
          ]
        },
        {
          "over": 1,
          "deliveries": [
            {
              "batter": "EH Rendler",
              "bowler": "Nahida Akter",
              "non_striker": "NT Gruny",
              "runs": {
                "batter": 0,
                "extras": 0,
                "total": 0
              }
            },
            {
              "batter": "EH Rendler",
              "bowler": "Nahida Akter",
              "non_striker": "NT Gruny",
              "runs": {
                "batter": 1,
                "extras": 0,
                "total": 1
              }
            },
            {
              "batter": "NT Gruny",
              "bowler": "Nahida Akter",
              "non_striker": "EH Rendler",
              "runs": {
                "batter": 0,
                "extras": 0,
                "total": 0
              }
            },
            {
              "batter": "NT Gruny",
              "bowler": "Nahida Akter",
              "non_striker": "EH Rendler",
              "runs": {
                "batter": 1,
                "extras": 0,
                "total": 1
              }
            },
            {
              "batter": "EH Rendler",
              "bowler": "Nahida Akter",
              "non_striker": "NT Gruny",
              "runs": {
                "batter": 2,
                "extras": 0,
                "total": 2
              }
            },
            {
              "batter": "EH Rendler",
              "bowler": "Nahida Akter",
              "non_striker": "NT Gruny",
              "runs": {
                "batter": 1,
                "extras": 0,
                "total": 1
              }
            }
          ]
        },
        {
          "over": 2,
          "deliveries": [
            {
              "batter": "EH Rendler",
              "bowler": "Jahanara Alam",
              "extras": {
                "wides": 1
              },
              "non_striker": "NT Gruny",
              "runs": {
                "batter": 0,
                "extras": 1,
                "total": 1
              }
            },
            {
              "batter": "EH Rendler",
              "bowler": "Jahanara Alam",
              "non_striker": "NT Gruny",
              "runs": {
                "batter": 0,
                "extras": 0,
                "total": 0
              },
              "wickets": [
                {
                  "kind": "bowled",
                  "player_out": "EH Rendler"
                }
              ]
            },
            {
              "batter": "S Sriharsha",
              "bowler": "Jahanara Alam",
              "non_striker": "NT Gruny",
              "runs": {
                "batter": 0,
                "extras": 0,
                "total": 0
              }
            },
            {
              "batter": "S Sriharsha",
              "bowler": "Jahanara Alam",
              "non_striker": "NT Gruny",
              "runs": {
                "batter": 2,
                "extras": 0,
                "total": 2
              }
            },
            {
              "batter": "S Sriharsha",
              "bowler": "Jahanara Alam",
              "non_striker": "NT Gruny",
              "runs": {
                "batter": 0,
                "extras": 0,
                "total": 0
              }
            },
            {
              "batter": "S Sriharsha",
              "bowler": "Jahanara Alam",
              "extras": {
                "legbyes": 1
              },
              "non_striker": "NT Gruny",
              "runs": {
                "batter": 0,
                "extras": 1,
                "total": 1
              }
            },
            {
              "batter": "NT Gruny",
              "bowler": "Jahanara Alam",
              "non_striker": "S Sriharsha",
              "runs": {
                "batter": 0,
                "extras": 0,
                "total": 0
              },
              "wickets": [
                {
                  "kind": "caught",
                  "player_out": "NT Gruny",
                  "fielders": [
                    {
                      "name": "Nigar Sultana"
                    }
                  ]
                }
              ]
            }
          ]
        },
        {
          "over": 3,
          "deliveries": [
            {
              "batter": "S Sriharsha",
              "bowler": "Nahida Akter",
              "non_striker": "S Bhaskar",
              "runs": {
                "batter": 0,
                "extras": 0,
                "total": 0
              }
            },
            {
              "batter": "S Sriharsha",
              "bowler": "Nahida Akter",
              "non_striker": "S Bhaskar",
              "runs": {
                "batter": 0,
                "extras": 0,
                "total": 0
              }
            },
            {
              "batter": "S Sriharsha",
              "bowler": "Nahida Akter",
              "non_striker": "S Bhaskar",
              "runs": {
                "batter": 1,
                "extras": 0,
                "total": 1
              }
            },
            {
              "batter": "S Bhaskar",
              "bowler": "Nahida Akter",
              "non_striker": "S Sriharsha",
              "runs": {
                "batter": 0,
                "extras": 0,
                "total": 0
              }
            },
            {
              "batter": "S Bhaskar",
              "bowler": "Nahida Akter",
              "non_striker": "S Sriharsha",
              "runs": {
                "batter": 0,
                "extras": 0,
                "total": 0
              }
            },
            {
              "batter": "S Bhaskar",
              "bowler": "Nahida Akter",
              "non_striker": "S Sriharsha",
              "runs": {
                "batter": 0,
                "extras": 0,
                "total": 0
              }
            }
          ]
        },
        {
          "over": 4,
          "deliveries": [
            {
              "batter": "S Sriharsha",
              "bowler": "Jahanara Alam",
              "non_striker": "S Bhaskar",
              "runs": {
                "batter": 1,
                "extras": 0,
                "total": 1
              }
            },
            {
              "batter": "S Bhaskar",
              "bowler": "Jahanara Alam",
              "non_striker": "S Sriharsha",
              "runs": {
                "batter": 0,
                "extras": 0,
                "total": 0
              }
            },
            {
              "batter": "S Bhaskar",
              "bowler": "Jahanara Alam",
              "non_striker": "S Sriharsha",
              "runs": {
                "batter": 0,
                "extras": 0,
                "total": 0
              }
            },
            {
              "batter": "S Bhaskar",
              "bowler": "Jahanara Alam",
              "non_striker": "S Sriharsha",
              "runs": {
                "batter": 0,
                "extras": 0,
                "total": 0
              }
            },
            {
              "batter": "S Bhaskar",
              "bowler": "Jahanara Alam",
              "non_striker": "S Sriharsha",
              "runs": {
                "batter": 0,
                "extras": 0,
                "total": 0
              }
            },
            {
              "batter": "S Bhaskar",
              "bowler": "Jahanara Alam",
              "non_striker": "S Sriharsha",
              "runs": {
                "batter": 1,
                "extras": 0,
                "total": 1
              }
            }
          ]
        },
        {
          "over": 5,
          "deliveries": [
            {
              "batter": "S Bhaskar",
              "bowler": "Khadija Tul Kubra",
              "non_striker": "S Sriharsha",
              "runs": {
                "batter": 0,
                "extras": 0,
                "total": 0
              }
            },
            {
              "batter": "S Bhaskar",
              "bowler": "Khadija Tul Kubra",
              "non_striker": "S Sriharsha",
              "runs": {
                "batter": 1,
                "extras": 0,
                "total": 1
              }
            },
            {
              "batter": "S Sriharsha",
              "bowler": "Khadija Tul Kubra",
              "non_striker": "S Bhaskar",
              "runs": {
                "batter": 0,
                "extras": 0,
                "total": 0
              }
            },
            {
              "batter": "S Sriharsha",
              "bowler": "Khadija Tul Kubra",
              "non_striker": "S Bhaskar",
              "runs": {
                "batter": 0,
                "extras": 0,
                "total": 0
              },
              "wickets": [
                {
                  "kind": "caught",
                  "player_out": "S Sriharsha",
                  "fielders": [
                    {
                      "name": "Sanjida Islam"
                    }
                  ]
                }
              ]
            },
            {
              "batter": "S Bhaskar",
              "bowler": "Khadija Tul Kubra",
              "non_striker": "SK Chandhrasekar",
              "runs": {
                "batter": 4,
                "extras": 0,
                "total": 4
              }
            },
            {
              "batter": "S Bhaskar",
              "bowler": "Khadija Tul Kubra",
              "non_striker": "SK Chandhrasekar",
              "runs": {
                "batter": 0,
                "extras": 0,
                "total": 0
              }
            }
          ]
        },
        {
          "over": 6,
          "deliveries": [
            {
              "batter": "SK Chandhrasekar",
              "bowler": "Salma Khatun",
              "non_striker": "S Bhaskar",
              "runs": {
                "batter": 0,
                "extras": 0,
                "total": 0
              }
            },
            {
              "batter": "SK Chandhrasekar",
              "bowler": "Salma Khatun",
              "non_striker": "S Bhaskar",
              "runs": {
                "batter": 1,
                "extras": 0,
                "total": 1
              }
            },
            {
              "batter": "S Bhaskar",
              "bowler": "Salma Khatun",
              "non_striker": "SK Chandhrasekar",
              "runs": {
                "batter": 1,
                "extras": 0,
                "total": 1
              }
            },
            {
              "batter": "SK Chandhrasekar",
              "bowler": "Salma Khatun",
              "non_striker": "S Bhaskar",
              "runs": {
                "batter": 0,
                "extras": 0,
                "total": 0
              }
            },
            {
              "batter": "SK Chandhrasekar",
              "bowler": "Salma Khatun",
              "non_striker": "S Bhaskar",
              "runs": {
                "batter": 0,
                "extras": 0,
                "total": 0
              }
            },
            {
              "batter": "SK Chandhrasekar",
              "bowler": "Salma Khatun",
              "non_striker": "S Bhaskar",
              "runs": {
                "batter": 0,
                "extras": 0,
                "total": 0
              }
            }
          ]
        },
        {
          "over": 7,
          "deliveries": [
            {
              "batter": "S Bhaskar",
              "bowler": "Khadija Tul Kubra",
              "non_striker": "SK Chandhrasekar",
              "runs": {
                "batter": 1,
                "extras": 0,
                "total": 1
              }
            },
            {
              "batter": "SK Chandhrasekar",
              "bowler": "Khadija Tul Kubra",
              "non_striker": "S Bhaskar",
              "runs": {
                "batter": 0,
                "extras": 0,
                "total": 0
              }
            },
            {
              "batter": "SK Chandhrasekar",
              "bowler": "Khadija Tul Kubra",
              "non_striker": "S Bhaskar",
              "runs": {
                "batter": 0,
                "extras": 0,
                "total": 0
              }
            },
            {
              "batter": "SK Chandhrasekar",
              "bowler": "Khadija Tul Kubra",
              "non_striker": "S Bhaskar",
              "runs": {
                "batter": 3,
                "extras": 0,
                "total": 3
              }
            },
            {
              "batter": "S Bhaskar",
              "bowler": "Khadija Tul Kubra",
              "non_striker": "SK Chandhrasekar",
              "runs": {
                "batter": 0,
                "extras": 0,
                "total": 0
              }
            },
            {
              "batter": "S Bhaskar",
              "bowler": "Khadija Tul Kubra",
              "non_striker": "SK Chandhrasekar",
              "runs": {
                "batter": 0,
                "extras": 0,
                "total": 0
              },
              "wickets": [
                {
                  "kind": "bowled",
                  "player_out": "S Bhaskar"
                }
              ]
            }
          ]
        },
        {
          "over": 8,
          "deliveries": [
            {
              "batter": "SK Chandhrasekar",
              "bowler": "Salma Khatun",
              "non_striker": "OT Wallerson",
              "runs": {
                "batter": 0,
                "extras": 0,
                "total": 0
              }
            },
            {
              "batter": "SK Chandhrasekar",
              "bowler": "Salma Khatun",
              "non_striker": "OT Wallerson",
              "runs": {
                "batter": 0,
                "extras": 0,
                "total": 0
              }
            },
            {
              "batter": "SK Chandhrasekar",
              "bowler": "Salma Khatun",
              "non_striker": "OT Wallerson",
              "runs": {
                "batter": 0,
                "extras": 0,
                "total": 0
              }
            },
            {
              "batter": "SK Chandhrasekar",
              "bowler": "Salma Khatun",
              "non_striker": "OT Wallerson",
              "runs": {
                "batter": 1,
                "extras": 0,
                "total": 1
              },
              "wickets": [
                {
                  "kind": "run out",
                  "player_out": "OT Wallerson"
                }
              ]
            },
            {
              "batter": "L Ramjit",
              "bowler": "Salma Khatun",
              "non_striker": "SK Chandhrasekar",
              "runs": {
                "batter": 0,
                "extras": 0,
                "total": 0
              }
            },
            {
              "batter": "L Ramjit",
              "bowler": "Salma Khatun",
              "non_striker": "SK Chandhrasekar",
              "runs": {
                "batter": 2,
                "extras": 0,
                "total": 2
              }
            }
          ]
        },
        {
          "over": 9,
          "deliveries": [
            {
              "batter": "SK Chandhrasekar",
              "bowler": "Khadija Tul Kubra",
              "non_striker": "L Ramjit",
              "runs": {
                "batter": 0,
                "extras": 0,
                "total": 0
              }
            },
            {
              "batter": "SK Chandhrasekar",
              "bowler": "Khadija Tul Kubra",
              "non_striker": "L Ramjit",
              "runs": {
                "batter": 0,
                "extras": 0,
                "total": 0
              }
            },
            {
              "batter": "SK Chandhrasekar",
              "bowler": "Khadija Tul Kubra",
              "non_striker": "L Ramjit",
              "runs": {
                "batter": 0,
                "extras": 0,
                "total": 0
              }
            },
            {
              "batter": "SK Chandhrasekar",
              "bowler": "Khadija Tul Kubra",
              "non_striker": "L Ramjit",
              "runs": {
                "batter": 1,
                "extras": 0,
                "total": 1
              }
            },
            {
              "batter": "L Ramjit",
              "bowler": "Khadija Tul Kubra",
              "non_striker": "SK Chandhrasekar",
              "runs": {
                "batter": 0,
                "extras": 0,
                "total": 0
              }
            },
            {
              "batter": "L Ramjit",
              "bowler": "Khadija Tul Kubra",
              "non_striker": "SK Chandhrasekar",
              "runs": {
                "batter": 0,
                "extras": 0,
                "total": 0
              }
            }
          ]
        },
        {
          "over": 10,
          "deliveries": [
            {
              "batter": "SK Chandhrasekar",
              "bowler": "Salma Khatun",
              "non_striker": "L Ramjit",
              "runs": {
                "batter": 0,
                "extras": 0,
                "total": 0
              }
            },
            {
              "batter": "SK Chandhrasekar",
              "bowler": "Salma Khatun",
              "non_striker": "L Ramjit",
              "runs": {
                "batter": 0,
                "extras": 0,
                "total": 0
              },
              "wickets": [
                {
                  "kind": "run out",
                  "player_out": "L Ramjit"
                }
              ]
            },
            {
              "batter": "SK Chandhrasekar",
              "bowler": "Salma Khatun",
              "non_striker": "S Ramautar",
              "runs": {
                "batter": 1,
                "extras": 0,
                "total": 1
              }
            },
            {
              "batter": "S Ramautar",
              "bowler": "Salma Khatun",
              "non_striker": "SK Chandhrasekar",
              "runs": {
                "batter": 0,
                "extras": 0,
                "total": 0
              }
            },
            {
              "batter": "S Ramautar",
              "bowler": "Salma Khatun",
              "non_striker": "SK Chandhrasekar",
              "runs": {
                "batter": 0,
                "extras": 0,
                "total": 0
              }
            },
            {
              "batter": "S Ramautar",
              "bowler": "Salma Khatun",
              "non_striker": "SK Chandhrasekar",
              "runs": {
                "batter": 0,
                "extras": 0,
                "total": 0
              }
            }
          ]
        },
        {
          "over": 11,
          "deliveries": [
            {
              "batter": "SK Chandhrasekar",
              "bowler": "Fahima Khatun",
              "non_striker": "S Ramautar",
              "runs": {
                "batter": 0,
                "extras": 0,
                "total": 0
              }
            },
            {
              "batter": "SK Chandhrasekar",
              "bowler": "Fahima Khatun",
              "non_striker": "S Ramautar",
              "runs": {
                "batter": 0,
                "extras": 0,
                "total": 0
              }
            },
            {
              "batter": "SK Chandhrasekar",
              "bowler": "Fahima Khatun",
              "non_striker": "S Ramautar",
              "runs": {
                "batter": 0,
                "extras": 0,
                "total": 0
              }
            },
            {
              "batter": "SK Chandhrasekar",
              "bowler": "Fahima Khatun",
              "non_striker": "S Ramautar",
              "runs": {
                "batter": 1,
                "extras": 0,
                "total": 1
              }
            },
            {
              "batter": "S Ramautar",
              "bowler": "Fahima Khatun",
              "non_striker": "SK Chandhrasekar",
              "runs": {
                "batter": 0,
                "extras": 0,
                "total": 0
              }
            },
            {
              "batter": "S Ramautar",
              "bowler": "Fahima Khatun",
              "non_striker": "SK Chandhrasekar",
              "runs": {
                "batter": 0,
                "extras": 0,
                "total": 0
              }
            }
          ]
        },
        {
          "over": 12,
          "deliveries": [
            {
              "batter": "SK Chandhrasekar",
              "bowler": "Ritu Moni",
              "non_striker": "S Ramautar",
              "runs": {
                "batter": 0,
                "extras": 0,
                "total": 0
              }
            },
            {
              "batter": "SK Chandhrasekar",
              "bowler": "Ritu Moni",
              "non_striker": "S Ramautar",
              "runs": {
                "batter": 0,
                "extras": 0,
                "total": 0
              }
            },
            {
              "batter": "SK Chandhrasekar",
              "bowler": "Ritu Moni",
              "non_striker": "S Ramautar",
              "runs": {
                "batter": 1,
                "extras": 0,
                "total": 1
              }
            },
            {
              "batter": "S Ramautar",
              "bowler": "Ritu Moni",
              "non_striker": "SK Chandhrasekar",
              "runs": {
                "batter": 0,
                "extras": 0,
                "total": 0
              }
            },
            {
              "batter": "S Ramautar",
              "bowler": "Ritu Moni",
              "non_striker": "SK Chandhrasekar",
              "runs": {
                "batter": 0,
                "extras": 0,
                "total": 0
              }
            },
            {
              "batter": "S Ramautar",
              "bowler": "Ritu Moni",
              "non_striker": "SK Chandhrasekar",
              "runs": {
                "batter": 0,
                "extras": 0,
                "total": 0
              }
            }
          ]
        },
        {
          "over": 13,
          "deliveries": [
            {
              "batter": "SK Chandhrasekar",
              "bowler": "Fahima Khatun",
              "non_striker": "S Ramautar",
              "runs": {
                "batter": 4,
                "extras": 0,
                "total": 4
              }
            },
            {
              "batter": "SK Chandhrasekar",
              "bowler": "Fahima Khatun",
              "non_striker": "S Ramautar",
              "runs": {
                "batter": 0,
                "extras": 0,
                "total": 0
              }
            },
            {
              "batter": "SK Chandhrasekar",
              "bowler": "Fahima Khatun",
              "non_striker": "S Ramautar",
              "runs": {
                "batter": 2,
                "extras": 0,
                "total": 2
              }
            },
            {
              "batter": "SK Chandhrasekar",
              "bowler": "Fahima Khatun",
              "non_striker": "S Ramautar",
              "runs": {
                "batter": 0,
                "extras": 0,
                "total": 0
              }
            },
            {
              "batter": "SK Chandhrasekar",
              "bowler": "Fahima Khatun",
              "non_striker": "S Ramautar",
              "runs": {
                "batter": 0,
                "extras": 0,
                "total": 0
              }
            },
            {
              "batter": "SK Chandhrasekar",
              "bowler": "Fahima Khatun",
              "non_striker": "S Ramautar",
              "runs": {
                "batter": 0,
                "extras": 0,
                "total": 0
              }
            }
          ]
        },
        {
          "over": 14,
          "deliveries": [
            {
              "batter": "S Ramautar",
              "bowler": "Ritu Moni",
              "non_striker": "SK Chandhrasekar",
              "runs": {
                "batter": 1,
                "extras": 0,
                "total": 1
              }
            },
            {
              "batter": "SK Chandhrasekar",
              "bowler": "Ritu Moni",
              "non_striker": "S Ramautar",
              "runs": {
                "batter": 0,
                "extras": 0,
                "total": 0
              }
            },
            {
              "batter": "SK Chandhrasekar",
              "bowler": "Ritu Moni",
              "non_striker": "S Ramautar",
              "runs": {
                "batter": 0,
                "extras": 0,
                "total": 0
              }
            },
            {
              "batter": "SK Chandhrasekar",
              "bowler": "Ritu Moni",
              "non_striker": "S Ramautar",
              "runs": {
                "batter": 0,
                "extras": 0,
                "total": 0
              }
            },
            {
              "batter": "SK Chandhrasekar",
              "bowler": "Ritu Moni",
              "non_striker": "S Ramautar",
              "runs": {
                "batter": 0,
                "extras": 0,
                "total": 0
              }
            },
            {
              "batter": "SK Chandhrasekar",
              "bowler": "Ritu Moni",
              "non_striker": "S Ramautar",
              "runs": {
                "batter": 0,
                "extras": 0,
                "total": 0
              },
              "wickets": [
                {
                  "kind": "caught",
                  "player_out": "SK Chandhrasekar",
                  "fielders": [
                    {
                      "name": "Fahima Khatun"
                    }
                  ]
                }
              ]
            }
          ]
        },
        {
          "over": 15,
          "deliveries": [
            {
              "batter": "S Ramautar",
              "bowler": "Khadija Tul Kubra",
              "non_striker": "AG Rao",
              "runs": {
                "batter": 0,
                "extras": 0,
                "total": 0
              }
            },
            {
              "batter": "S Ramautar",
              "bowler": "Khadija Tul Kubra",
              "non_striker": "AG Rao",
              "runs": {
                "batter": 0,
                "extras": 0,
                "total": 0
              }
            },
            {
              "batter": "S Ramautar",
              "bowler": "Khadija Tul Kubra",
              "non_striker": "AG Rao",
              "runs": {
                "batter": 0,
                "extras": 0,
                "total": 0
              }
            },
            {
              "batter": "S Ramautar",
              "bowler": "Khadija Tul Kubra",
              "non_striker": "AG Rao",
              "runs": {
                "batter": 0,
                "extras": 0,
                "total": 0
              }
            },
            {
              "batter": "S Ramautar",
              "bowler": "Khadija Tul Kubra",
              "non_striker": "AG Rao",
              "runs": {
                "batter": 0,
                "extras": 0,
                "total": 0
              }
            },
            {
              "batter": "S Ramautar",
              "bowler": "Khadija Tul Kubra",
              "non_striker": "AG Rao",
              "runs": {
                "batter": 0,
                "extras": 0,
                "total": 0
              }
            }
          ]
        },
        {
          "over": 16,
          "deliveries": [
            {
              "batter": "AG Rao",
              "bowler": "Ritu Moni",
              "non_striker": "S Ramautar",
              "runs": {
                "batter": 1,
                "extras": 0,
                "total": 1
              }
            },
            {
              "batter": "S Ramautar",
              "bowler": "Ritu Moni",
              "non_striker": "AG Rao",
              "runs": {
                "batter": 0,
                "extras": 0,
                "total": 0
              }
            },
            {
              "batter": "S Ramautar",
              "bowler": "Ritu Moni",
              "non_striker": "AG Rao",
              "runs": {
                "batter": 0,
                "extras": 0,
                "total": 0
              }
            },
            {
              "batter": "S Ramautar",
              "bowler": "Ritu Moni",
              "non_striker": "AG Rao",
              "runs": {
                "batter": 0,
                "extras": 0,
                "total": 0
              }
            },
            {
              "batter": "S Ramautar",
              "bowler": "Ritu Moni",
              "non_striker": "AG Rao",
              "runs": {
                "batter": 0,
                "extras": 0,
                "total": 0
              }
            },
            {
              "batter": "S Ramautar",
              "bowler": "Ritu Moni",
              "non_striker": "AG Rao",
              "runs": {
                "batter": 0,
                "extras": 0,
                "total": 0
              }
            }
          ]
        },
        {
          "over": 17,
          "deliveries": [
            {
              "batter": "AG Rao",
              "bowler": "Nahida Akter",
              "non_striker": "S Ramautar",
              "runs": {
                "batter": 0,
                "extras": 0,
                "total": 0
              }
            },
            {
              "batter": "AG Rao",
              "bowler": "Nahida Akter",
              "non_striker": "S Ramautar",
              "runs": {
                "batter": 0,
                "extras": 0,
                "total": 0
              }
            },
            {
              "batter": "AG Rao",
              "bowler": "Nahida Akter",
              "non_striker": "S Ramautar",
              "runs": {
                "batter": 0,
                "extras": 0,
                "total": 0
              },
              "wickets": [
                {
                  "kind": "bowled",
                  "player_out": "AG Rao"
                }
              ]
            },
            {
              "batter": "C Beckford",
              "bowler": "Nahida Akter",
              "non_striker": "S Ramautar",
              "runs": {
                "batter": 0,
                "extras": 0,
                "total": 0
              }
            },
            {
              "batter": "C Beckford",
              "bowler": "Nahida Akter",
              "non_striker": "S Ramautar",
              "runs": {
                "batter": 0,
                "extras": 0,
                "total": 0
              }
            },
            {
              "batter": "C Beckford",
              "bowler": "Nahida Akter",
              "non_striker": "S Ramautar",
              "runs": {
                "batter": 0,
                "extras": 0,
                "total": 0
              },
              "wickets": [
                {
                  "kind": "lbw",
                  "player_out": "C Beckford"
                }
              ]
            }
          ]
        },
        {
          "over": 18,
          "deliveries": [
            {
              "batter": "S Ramautar",
              "bowler": "Jahanara Alam",
              "non_striker": "S Farooq",
              "runs": {
                "batter": 0,
                "extras": 0,
                "total": 0
              }
            },
            {
              "batter": "S Ramautar",
              "bowler": "Jahanara Alam",
              "non_striker": "S Farooq",
              "runs": {
                "batter": 0,
                "extras": 0,
                "total": 0
              }
            },
            {
              "batter": "S Ramautar",
              "bowler": "Jahanara Alam",
              "extras": {
                "wides": 1
              },
              "non_striker": "S Farooq",
              "runs": {
                "batter": 0,
                "extras": 1,
                "total": 1
              }
            },
            {
              "batter": "S Ramautar",
              "bowler": "Jahanara Alam",
              "non_striker": "S Farooq",
              "runs": {
                "batter": 0,
                "extras": 0,
                "total": 0
              }
            },
            {
              "batter": "S Ramautar",
              "bowler": "Jahanara Alam",
              "non_striker": "S Farooq",
              "runs": {
                "batter": 0,
                "extras": 0,
                "total": 0
              }
            },
            {
              "batter": "S Ramautar",
              "bowler": "Jahanara Alam",
              "non_striker": "S Farooq",
              "runs": {
                "batter": 0,
                "extras": 0,
                "total": 0
              }
            },
            {
              "batter": "S Ramautar",
              "bowler": "Jahanara Alam",
              "non_striker": "S Farooq",
              "runs": {
                "batter": 0,
                "extras": 0,
                "total": 0
              }
            }
          ]
        },
        {
          "over": 19,
          "deliveries": [
            {
              "batter": "S Farooq",
              "bowler": "Nahida Akter",
              "extras": {
                "wides": 1
              },
              "non_striker": "S Ramautar",
              "runs": {
                "batter": 0,
                "extras": 1,
                "total": 1
              }
            },
            {
              "batter": "S Farooq",
              "bowler": "Nahida Akter",
              "non_striker": "S Ramautar",
              "runs": {
                "batter": 1,
                "extras": 0,
                "total": 1
              }
            },
            {
              "batter": "S Ramautar",
              "bowler": "Nahida Akter",
              "non_striker": "S Farooq",
              "runs": {
                "batter": 0,
                "extras": 0,
                "total": 0
              }
            },
            {
              "batter": "S Ramautar",
              "bowler": "Nahida Akter",
              "non_striker": "S Farooq",
              "runs": {
                "batter": 4,
                "extras": 0,
                "total": 4
              }
            },
            {
              "batter": "S Ramautar",
              "bowler": "Nahida Akter",
              "non_striker": "S Farooq",
              "runs": {
                "batter": 0,
                "extras": 0,
                "total": 0
              }
            },
            {
              "batter": "S Ramautar",
              "bowler": "Nahida Akter",
              "non_striker": "S Farooq",
              "runs": {
                "batter": 0,
                "extras": 0,
                "total": 0
              },
              "wickets": [
                {
                  "kind": "stumped",
                  "player_out": "S Ramautar",
                  "fielders": [
                    {
                      "name": "Nigar Sultana"
                    }
                  ]
                }
              ]
            }
          ]
        }
      ],
      "powerplays": [
        {
          "from": 0.1,
          "to": 5.6,
          "type": "mandatory"
        }
      ]
    },
    {
      "team": "Bangladesh",
      "overs": [
        {
          "over": 0,
          "deliveries": [
            {
              "batter": "Sanjida Islam",
              "bowler": "S Farooq",
              "non_striker": "Ayasha Rahman",
              "runs": {
                "batter": 0,
                "extras": 0,
                "total": 0
              }
            },
            {
              "batter": "Sanjida Islam",
              "bowler": "S Farooq",
              "non_striker": "Ayasha Rahman",
              "runs": {
                "batter": 0,
                "extras": 0,
                "total": 0
              }
            },
            {
              "batter": "Sanjida Islam",
              "bowler": "S Farooq",
              "non_striker": "Ayasha Rahman",
              "runs": {
                "batter": 0,
                "extras": 0,
                "total": 0
              }
            },
            {
              "batter": "Sanjida Islam",
              "bowler": "S Farooq",
              "non_striker": "Ayasha Rahman",
              "runs": {
                "batter": 0,
                "extras": 0,
                "total": 0
              }
            },
            {
              "batter": "Sanjida Islam",
              "bowler": "S Farooq",
              "non_striker": "Ayasha Rahman",
              "runs": {
                "batter": 0,
                "extras": 0,
                "total": 0
              }
            },
            {
              "batter": "Sanjida Islam",
              "bowler": "S Farooq",
              "non_striker": "Ayasha Rahman",
              "runs": {
                "batter": 1,
                "extras": 0,
                "total": 1
              }
            }
          ]
        },
        {
          "over": 1,
          "deliveries": [
            {
              "batter": "Sanjida Islam",
              "bowler": "C Beckford",
              "extras": {
                "wides": 1
              },
              "non_striker": "Ayasha Rahman",
              "runs": {
                "batter": 0,
                "extras": 1,
                "total": 1
              }
            },
            {
              "batter": "Sanjida Islam",
              "bowler": "C Beckford",
              "non_striker": "Ayasha Rahman",
              "runs": {
                "batter": 2,
                "extras": 0,
                "total": 2
              }
            },
            {
              "batter": "Sanjida Islam",
              "bowler": "C Beckford",
              "non_striker": "Ayasha Rahman",
              "runs": {
                "batter": 4,
                "extras": 0,
                "total": 4
              }
            },
            {
              "batter": "Sanjida Islam",
              "bowler": "C Beckford",
              "non_striker": "Ayasha Rahman",
              "runs": {
                "batter": 0,
                "extras": 0,
                "total": 0
              }
            },
            {
              "batter": "Sanjida Islam",
              "bowler": "C Beckford",
              "non_striker": "Ayasha Rahman",
              "runs": {
                "batter": 0,
                "extras": 0,
                "total": 0
              }
            },
            {
              "batter": "Sanjida Islam",
              "bowler": "C Beckford",
              "non_striker": "Ayasha Rahman",
              "runs": {
                "batter": 0,
                "extras": 0,
                "total": 0
              }
            },
            {
              "batter": "Sanjida Islam",
              "bowler": "C Beckford",
              "non_striker": "Ayasha Rahman",
              "runs": {
                "batter": 2,
                "extras": 0,
                "total": 2
              }
            }
          ]
        },
        {
          "over": 2,
          "deliveries": [
            {
              "batter": "Ayasha Rahman",
              "bowler": "S Farooq",
              "non_striker": "Sanjida Islam",
              "runs": {
                "batter": 0,
                "extras": 0,
                "total": 0
              }
            },
            {
              "batter": "Ayasha Rahman",
              "bowler": "S Farooq",
              "non_striker": "Sanjida Islam",
              "runs": {
                "batter": 6,
                "extras": 0,
                "total": 6
              }
            },
            {
              "batter": "Ayasha Rahman",
              "bowler": "S Farooq",
              "non_striker": "Sanjida Islam",
              "runs": {
                "batter": 1,
                "extras": 0,
                "total": 1
              }
            },
            {
              "batter": "Sanjida Islam",
              "bowler": "S Farooq",
              "non_striker": "Ayasha Rahman",
              "runs": {
                "batter": 0,
                "extras": 0,
                "total": 0
              }
            },
            {
              "batter": "Sanjida Islam",
              "bowler": "S Farooq",
              "extras": {
                "noballs": 1
              },
              "non_striker": "Ayasha Rahman",
              "runs": {
                "batter": 0,
                "extras": 1,
                "total": 1
              }
            },
            {
              "batter": "Sanjida Islam",
              "bowler": "S Farooq",
              "non_striker": "Ayasha Rahman",
              "runs": {
                "batter": 0,
                "extras": 0,
                "total": 0
              }
            },
            {
              "batter": "Sanjida Islam",
              "bowler": "S Farooq",
              "non_striker": "Ayasha Rahman",
              "runs": {
                "batter": 1,
                "extras": 0,
                "total": 1
              }
            }
          ]
        },
        {
          "over": 3,
          "deliveries": [
            {
              "batter": "Sanjida Islam",
              "bowler": "L Ramjit",
              "non_striker": "Ayasha Rahman",
              "runs": {
                "batter": 4,
                "extras": 0,
                "total": 4
              }
            },
            {
              "batter": "Sanjida Islam",
              "bowler": "L Ramjit",
              "non_striker": "Ayasha Rahman",
              "runs": {
                "batter": 0,
                "extras": 0,
                "total": 0
              }
            },
            {
              "batter": "Sanjida Islam",
              "bowler": "L Ramjit",
              "non_striker": "Ayasha Rahman",
              "runs": {
                "batter": 6,
                "extras": 0,
                "total": 6
              }
            },
            {
              "batter": "Sanjida Islam",
              "bowler": "L Ramjit",
              "non_striker": "Ayasha Rahman",
              "runs": {
                "batter": 1,
                "extras": 0,
                "total": 1
              }
            },
            {
              "batter": "Ayasha Rahman",
              "bowler": "L Ramjit",
              "non_striker": "Sanjida Islam",
              "runs": {
                "batter": 0,
                "extras": 0,
                "total": 0
              }
            },
            {
              "batter": "Ayasha Rahman",
              "bowler": "L Ramjit",
              "non_striker": "Sanjida Islam",
              "runs": {
                "batter": 0,
                "extras": 0,
                "total": 0
              }
            }
          ]
        },
        {
          "over": 4,
          "deliveries": [
            {
              "batter": "Sanjida Islam",
              "bowler": "OT Wallerson",
              "non_striker": "Ayasha Rahman",
              "runs": {
                "batter": 0,
                "extras": 0,
                "total": 0
              }
            },
            {
              "batter": "Sanjida Islam",
              "bowler": "OT Wallerson",
              "non_striker": "Ayasha Rahman",
              "runs": {
                "batter": 1,
                "extras": 0,
                "total": 1
              }
            },
            {
              "batter": "Ayasha Rahman",
              "bowler": "OT Wallerson",
              "non_striker": "Sanjida Islam",
              "runs": {
                "batter": 0,
                "extras": 0,
                "total": 0
              }
            },
            {
              "batter": "Ayasha Rahman",
              "bowler": "OT Wallerson",
              "non_striker": "Sanjida Islam",
              "runs": {
                "batter": 0,
                "extras": 0,
                "total": 0
              }
            },
            {
              "batter": "Ayasha Rahman",
              "bowler": "OT Wallerson",
              "non_striker": "Sanjida Islam",
              "runs": {
                "batter": 0,
                "extras": 0,
                "total": 0
              }
            },
            {
              "batter": "Ayasha Rahman",
              "bowler": "OT Wallerson",
              "non_striker": "Sanjida Islam",
              "runs": {
                "batter": 0,
                "extras": 0,
                "total": 0
              }
            }
          ]
        },
        {
          "over": 5,
          "deliveries": [
            {
              "batter": "Sanjida Islam",
              "bowler": "S Ramautar",
              "non_striker": "Ayasha Rahman",
              "runs": {
                "batter": 4,
                "extras": 0,
                "total": 4
              }
            },
            {
              "batter": "Sanjida Islam",
              "bowler": "S Ramautar",
              "non_striker": "Ayasha Rahman",
              "runs": {
                "batter": 0,
                "extras": 0,
                "total": 0
              }
            },
            {
              "batter": "Sanjida Islam",
              "bowler": "S Ramautar",
              "non_striker": "Ayasha Rahman",
              "runs": {
                "batter": 2,
                "extras": 0,
                "total": 2
              }
            },
            {
              "batter": "Sanjida Islam",
              "bowler": "S Ramautar",
              "non_striker": "Ayasha Rahman",
              "runs": {
                "batter": 0,
                "extras": 0,
                "total": 0
              }
            },
            {
              "batter": "Sanjida Islam",
              "bowler": "S Ramautar",
              "non_striker": "Ayasha Rahman",
              "runs": {
                "batter": 0,
                "extras": 0,
                "total": 0
              }
            },
            {
              "batter": "Sanjida Islam",
              "bowler": "S Ramautar",
              "non_striker": "Ayasha Rahman",
              "runs": {
                "batter": 1,
                "extras": 0,
                "total": 1
              }
            }
          ]
        },
        {
          "over": 6,
          "deliveries": [
            {
              "batter": "Sanjida Islam",
              "bowler": "OT Wallerson",
              "non_striker": "Ayasha Rahman",
              "runs": {
                "batter": 0,
                "extras": 0,
                "total": 0
              }
            },
            {
              "batter": "Sanjida Islam",
              "bowler": "OT Wallerson",
              "non_striker": "Ayasha Rahman",
              "runs": {
                "batter": 1,
                "extras": 0,
                "total": 1
              }
            },
            {
              "batter": "Ayasha Rahman",
              "bowler": "OT Wallerson",
              "non_striker": "Sanjida Islam",
              "runs": {
                "batter": 1,
                "extras": 0,
                "total": 1
              }
            },
            {
              "batter": "Sanjida Islam",
              "bowler": "OT Wallerson",
              "extras": {
                "wides": 1
              },
              "non_striker": "Ayasha Rahman",
              "runs": {
                "batter": 0,
                "extras": 1,
                "total": 1
              }
            },
            {
              "batter": "Sanjida Islam",
              "bowler": "OT Wallerson",
              "extras": {
                "wides": 1
              },
              "non_striker": "Ayasha Rahman",
              "runs": {
                "batter": 0,
                "extras": 1,
                "total": 1
              }
            },
            {
              "batter": "Sanjida Islam",
              "bowler": "OT Wallerson",
              "non_striker": "Ayasha Rahman",
              "runs": {
                "batter": 0,
                "extras": 0,
                "total": 0
              }
            },
            {
              "batter": "Sanjida Islam",
              "bowler": "OT Wallerson",
              "non_striker": "Ayasha Rahman",
              "runs": {
                "batter": 0,
                "extras": 0,
                "total": 0
              }
            },
            {
              "batter": "Sanjida Islam",
              "bowler": "OT Wallerson",
              "non_striker": "Ayasha Rahman",
              "runs": {
                "batter": 0,
                "extras": 0,
                "total": 0
              }
            }
          ]
        },
        {
          "over": 7,
          "deliveries": [
            {
              "batter": "Ayasha Rahman",
              "bowler": "AG Rao",
              "non_striker": "Sanjida Islam",
              "runs": {
                "batter": 0,
                "extras": 0,
                "total": 0
              },
              "wickets": [
                {
                  "kind": "caught",
                  "player_out": "Ayasha Rahman",
                  "fielders": [
                    {
                      "name": "NT Gruny"
                    }
                  ]
                }
              ]
            },
            {
              "batter": "Sanjida Islam",
              "bowler": "AG Rao",
              "non_striker": "Nigar Sultana",
              "runs": {
                "batter": 0,
                "extras": 0,
                "total": 0
              },
              "wickets": [
                {
                  "kind": "lbw",
                  "player_out": "Sanjida Islam"
                }
              ]
            },
            {
              "batter": "Ritu Moni",
              "bowler": "AG Rao",
              "non_striker": "Nigar Sultana",
              "runs": {
                "batter": 0,
                "extras": 0,
                "total": 0
              }
            },
            {
              "batter": "Ritu Moni",
              "bowler": "AG Rao",
              "non_striker": "Nigar Sultana",
              "runs": {
                "batter": 0,
                "extras": 0,
                "total": 0
              }
            },
            {
              "batter": "Ritu Moni",
              "bowler": "AG Rao",
              "non_striker": "Nigar Sultana",
              "runs": {
                "batter": 1,
                "extras": 0,
                "total": 1
              }
            },
            {
              "batter": "Nigar Sultana",
              "bowler": "AG Rao",
              "non_striker": "Ritu Moni",
              "runs": {
                "batter": 1,
                "extras": 0,
                "total": 1
              }
            }
          ]
        },
        {
          "over": 8,
          "deliveries": [
            {
              "batter": "Nigar Sultana",
              "bowler": "S Farooq",
              "non_striker": "Ritu Moni",
              "runs": {
                "batter": 0,
                "extras": 0,
                "total": 0
              }
            },
            {
              "batter": "Nigar Sultana",
              "bowler": "S Farooq",
              "non_striker": "Ritu Moni",
              "runs": {
                "batter": 4,
                "extras": 0,
                "total": 4
              }
            }
          ]
        }
      ],
      "powerplays": [
        {
          "from": 0.1,
          "to": 5.6,
          "type": "mandatory"
        }
      ],
      "target": {
        "overs": 20,
        "runs": 47
      }
    }
  ]
}