{
  "meta": {
    "data_version": "1.0.0",
    "created": "2020-08-26",
    "revision": 1
  },
  "info": {
    "balls_per_over": 6,
    "city": "Pokhara",
    "dates": [
      "2019-12-04"
    ],
    "event": {
      "name": "South Asian Games Women's Cricket Competition",
      "match_number": 3
    },
    "gender": "female",
    "match_type": "T20",
    "match_type_number": 806,
    "officials": {
      "match_referees": [
        "Satyajit Sarkar"
      ],
      "reserve_umpires": [
        "Kamalesh Thakur"
      ],
      "umpires": [
        "Adhip Pradhan",
        "Basu Karn"
      ]
    },
    "outcome": {
      "winner": "Bangladesh",
      "by": {
        "wickets": 10
      }
    },
    "overs": 20,
    "player_of_match": [
      "Rabeya Khan"
    ],
    "players": {
      "Nepal": [
        "K Shrestha",
        "SR Magar",
        "S Khadka",
        "RC Belbashi",
        "I Barma",
        "MM Chaudhary",
        "Karuna Bhandari",
        "Apsari Begam",
        "S Magar",
        "Anjali Chand",
        "SC Kumari"
      ],
      "Bangladesh": [
        "Murshida Khatun",
        "Ayasha Rahman",
        "Shamima Sultana",
        "Nigar Sultana",
        "Fargana Hoque",
        "Khadija Tul Kubra",
        "Fahima Khatun",
        "Salma Khatun",
        "Jahanara Alam",
        "Rabeya Khan",
        "Nahida Akter"
      ]
    },
    "registry": {
      "people": {
        "Adhip Pradhan": "b62aea3c",
        "Anjali Chand": "e15d9f04",
        "Apsari Begam": "eb765b41",
        "Ayasha Rahman": "2f899a44",
        "Basu Karn": "c620f573",
        "Fahima Khatun": "558cdd64",
        "Fargana Hoque": "6e96c956",
        "I Barma": "521abce2",
        "Jahanara Alam": "752183c1",
        "K Shrestha": "119de50f",
        "Kamalesh Thakur": "6926399e",
        "Karuna Bhandari": "c68fc575",
        "Khadija Tul Kubra": "bec997fc",
        "MM Chaudhary": "f4b9d4e0",
        "Murshida Khatun": "712bbd92",
        "Nahida Akter": "66078174",
        "Nigar Sultana": "3827f6a2",
        "RC Belbashi": "dfdaca74",
        "Rabeya Khan": "aaf037b1",
        "S Khadka": "c96e51ba",
        "S Magar": "4fc3790e",
        "SC Kumari": "4169ae00",
        "SR Magar": "61c22ad0",
        "Salma Khatun": "037f2b86",
        "Satyajit Sarkar": "4c6c4af4",
        "Shamima Sultana": "724645f5"
      }
    },
    "season": "2019/20",
    "team_type": "international",
    "teams": [
      "Nepal",
      "Bangladesh"
    ],
    "toss": {
      "decision": "field",
      "winner": "Bangladesh"
    },
    "venue": "Pokhara Rangasala"
  },
  "innings": [
    {
      "team": "Nepal",
      "overs": [
        {
          "over": 0,
          "deliveries": [
            {
              "batter": "K Shrestha",
              "bowler": "Jahanara Alam",
              "non_striker": "SR Magar",
              "runs": {
                "batter": 0,
                "extras": 0,
                "total": 0
              }
            },
            {
              "batter": "K Shrestha",
              "bowler": "Jahanara Alam",
              "non_striker": "SR Magar",
              "runs": {
                "batter": 0,
                "extras": 0,
                "total": 0
              }
            },
            {
              "batter": "K Shrestha",
              "bowler": "Jahanara Alam",
              "non_striker": "SR Magar",
              "runs": {
                "batter": 0,
                "extras": 0,
                "total": 0
              }
            },
            {
              "batter": "K Shrestha",
              "bowler": "Jahanara Alam",
              "non_striker": "SR Magar",
              "runs": {
                "batter": 0,
                "extras": 0,
                "total": 0
              }
            },
            {
              "batter": "K Shrestha",
              "bowler": "Jahanara Alam",
              "non_striker": "SR Magar",
              "runs": {
                "batter": 0,
                "extras": 0,
                "total": 0
              },
              "wickets": [
                {
                  "player_out": "K Shrestha",
                  "kind": "bowled"
                }
              ]
            },
            {
              "batter": "S Khadka",
              "bowler": "Jahanara Alam",
              "non_striker": "SR Magar",
              "runs": {
                "batter": 0,
                "extras": 0,
                "total": 0
              }
            }
          ]
        },
        {
          "over": 1,
          "deliveries": [
            {
              "batter": "SR Magar",
              "bowler": "Salma Khatun",
              "non_striker": "S Khadka",
              "runs": {
                "batter": 0,
                "extras": 0,
                "total": 0
              }
            },
            {
              "batter": "SR Magar",
              "bowler": "Salma Khatun",
              "non_striker": "S Khadka",
              "runs": {
                "batter": 1,
                "extras": 0,
                "total": 1
              }
            },
            {
              "batter": "S Khadka",
              "bowler": "Salma Khatun",
              "non_striker": "SR Magar",
              "runs": {
                "batter": 1,
                "extras": 0,
                "total": 1
              }
            },
            {
              "batter": "SR Magar",
              "bowler": "Salma Khatun",
              "non_striker": "S Khadka",
              "runs": {
                "batter": 0,
                "extras": 0,
                "total": 0
              }
            },
            {
              "batter": "SR Magar",
              "bowler": "Salma Khatun",
              "non_striker": "S Khadka",
              "runs": {
                "batter": 0,
                "extras": 0,
                "total": 0
              }
            },
            {
              "batter": "SR Magar",
              "bowler": "Salma Khatun",
              "non_striker": "S Khadka",
              "runs": {
                "batter": 0,
                "extras": 0,
                "total": 0
              }
            }
          ]
        },
        {
          "over": 2,
          "deliveries": [
            {
              "batter": "S Khadka",
              "bowler": "Jahanara Alam",
              "non_striker": "SR Magar",
              "runs": {
                "batter": 0,
                "extras": 0,
                "total": 0
              }
            },
            {
              "batter": "S Khadka",
              "bowler": "Jahanara Alam",
              "non_striker": "SR Magar",
              "runs": {
                "batter": 0,
                "extras": 0,
                "total": 0
              }
            },
            {
              "batter": "S Khadka",
              "bowler": "Jahanara Alam",
              "non_striker": "SR Magar",
              "runs": {
                "batter": 0,
                "extras": 0,
                "total": 0
              }
            },
            {
              "batter": "S Khadka",
              "bowler": "Jahanara Alam",
              "non_striker": "SR Magar",
              "runs": {
                "batter": 0,
                "extras": 0,
                "total": 0
              }
            },
            {
              "batter": "S Khadka",
              "bowler": "Jahanara Alam",
              "non_striker": "SR Magar",
              "runs": {
                "batter": 1,
                "extras": 0,
                "total": 1
              }
            },
            {
              "batter": "SR Magar",
              "bowler": "Jahanara Alam",
              "extras": {
                "legbyes": 1
              },
              "non_striker": "S Khadka",
              "runs": {
                "batter": 0,
                "extras": 1,
                "total": 1
              }
            }
          ]
        },
        {
          "over": 3,
          "deliveries": [
            {
              "batter": "SR Magar",
              "bowler": "Salma Khatun",
              "non_striker": "S Khadka",
              "runs": {
                "batter": 0,
                "extras": 0,
                "total": 0
              }
            },
            {
              "batter": "SR Magar",
              "bowler": "Salma Khatun",
              "non_striker": "S Khadka",
              "runs": {
                "batter": 1,
                "extras": 0,
                "total": 1
              }
            },
            {
              "batter": "S Khadka",
              "bowler": "Salma Khatun",
              "non_striker": "SR Magar",
              "runs": {
                "batter": 1,
                "extras": 0,
                "total": 1
              }
            },
            {
              "batter": "SR Magar",
              "bowler": "Salma Khatun",
              "non_striker": "S Khadka",
              "runs": {
                "batter": 0,
                "extras": 0,
                "total": 0
              }
            },
            {
              "batter": "SR Magar",
              "bowler": "Salma Khatun",
              "non_striker": "S Khadka",
              "runs": {
                "batter": 0,
                "extras": 0,
                "total": 0
              }
            },
            {
              "batter": "SR Magar",
              "bowler": "Salma Khatun",
              "non_striker": "S Khadka",
              "runs": {
                "batter": 1,
                "extras": 0,
                "total": 1
              }
            }
          ]
        },
        {
          "over": 4,
          "deliveries": [
            {
              "batter": "SR Magar",
              "bowler": "Jahanara Alam",
              "non_striker": "S Khadka",
              "runs": {
                "batter": 0,
                "extras": 0,
                "total": 0
              },
              "wickets": [
                {
                  "player_out": "SR Magar",
                  "kind": "bowled"
                }
              ]
            },
            {
              "batter": "RC Belbashi",
              "bowler": "Jahanara Alam",
              "non_striker": "S Khadka",
              "runs": {
                "batter": 0,
                "extras": 0,
                "total": 0
              }
            },
            {
              "batter": "RC Belbashi",
              "bowler": "Jahanara Alam",
              "non_striker": "S Khadka",
              "runs": {
                "batter": 0,
                "extras": 0,
                "total": 0
              }
            },
            {
              "batter": "RC Belbashi",
              "bowler": "Jahanara Alam",
              "non_striker": "S Khadka",
              "runs": {
                "batter": 0,
                "extras": 0,
                "total": 0
              }
            },
            {
              "batter": "RC Belbashi",
              "bowler": "Jahanara Alam",
              "extras": {
                "wides": 1
              },
              "non_striker": "S Khadka",
              "runs": {
                "batter": 0,
                "extras": 1,
                "total": 1
              }
            },
            {
              "batter": "RC Belbashi",
              "bowler": "Jahanara Alam",
              "extras": {
                "legbyes": 1
              },
              "non_striker": "S Khadka",
              "runs": {
                "batter": 0,
                "extras": 1,
                "total": 1
              }
            },
            {
              "batter": "S Khadka",
              "bowler": "Jahanara Alam",
              "non_striker": "RC Belbashi",
              "runs": {
                "batter": 0,
                "extras": 0,
                "total": 0
              }
            }
          ]
        },
        {
          "over": 5,
          "deliveries": [
            {
              "batter": "RC Belbashi",
              "bowler": "Nahida Akter",
              "non_striker": "S Khadka",
              "runs": {
                "batter": 0,
                "extras": 0,
                "total": 0
              }
            },
            {
              "batter": "RC Belbashi",
              "bowler": "Nahida Akter",
              "non_striker": "S Khadka",
              "runs": {
                "batter": 4,
                "extras": 0,
                "total": 4
              }
            },
            {
              "batter": "RC Belbashi",
              "bowler": "Nahida Akter",
              "non_striker": "S Khadka",
              "runs": {
                "batter": 1,
                "extras": 0,
                "total": 1
              }
            },
            {
              "batter": "S Khadka",
              "bowler": "Nahida Akter",
              "non_striker": "RC Belbashi",
              "runs": {
                "batter": 1,
                "extras": 0,
                "total": 1
              }
            },
            {
              "batter": "RC Belbashi",
              "bowler": "Nahida Akter",
              "non_striker": "S Khadka",
              "runs": {
                "batter": 1,
                "extras": 0,
                "total": 1
              }
            },
            {
              "batter": "S Khadka",
              "bowler": "Nahida Akter",
              "non_striker": "RC Belbashi",
              "runs": {
                "batter": 1,
                "extras": 0,
                "total": 1
              }
            }
          ]
        },
        {
          "over": 6,
          "deliveries": [
            {
              "batter": "S Khadka",
              "bowler": "Khadija Tul Kubra",
              "non_striker": "RC Belbashi",
              "runs": {
                "batter": 0,
                "extras": 0,
                "total": 0
              }
            },
            {
              "batter": "S Khadka",
              "bowler": "Khadija Tul Kubra",
              "non_striker": "RC Belbashi",
              "runs": {
                "batter": 4,
                "extras": 0,
                "total": 4
              }
            },
            {
              "batter": "S Khadka",
              "bowler": "Khadija Tul Kubra",
              "non_striker": "RC Belbashi",
              "runs": {
                "batter": 1,
                "extras": 0,
                "total": 1
              }
            },
            {
              "batter": "RC Belbashi",
              "bowler": "Khadija Tul Kubra",
              "non_striker": "S Khadka",
              "runs": {
                "batter": 1,
                "extras": 0,
                "total": 1
              }
            },
            {
              "batter": "S Khadka",
              "bowler": "Khadija Tul Kubra",
              "non_striker": "RC Belbashi",
              "runs": {
                "batter": 0,
                "extras": 0,
                "total": 0
              }
            },
            {
              "batter": "S Khadka",
              "bowler": "Khadija Tul Kubra",
              "non_striker": "RC Belbashi",
              "runs": {
                "batter": 1,
                "extras": 0,
                "total": 1
              }
            }
          ]
        },
        {
          "over": 7,
          "deliveries": [
            {
              "batter": "S Khadka",
              "bowler": "Nahida Akter",
              "non_striker": "RC Belbashi",
              "runs": {
                "batter": 1,
                "extras": 0,
                "total": 1
              }
            },
            {
              "batter": "RC Belbashi",
              "bowler": "Nahida Akter",
              "non_striker": "S Khadka",
              "runs": {
                "batter": 0,
                "extras": 0,
                "total": 0
              }
            },
            {
              "batter": "RC Belbashi",
              "bowler": "Nahida Akter",
              "non_striker": "S Khadka",
              "runs": {
                "batter": 0,
                "extras": 0,
                "total": 0
              }
            },
            {
              "batter": "RC Belbashi",
              "bowler": "Nahida Akter",
              "non_striker": "S Khadka",
              "runs": {
                "batter": 0,
                "extras": 0,
                "total": 0
              }
            },
            {
              "batter": "RC Belbashi",
              "bowler": "Nahida Akter",
              "non_striker": "S Khadka",
              "runs": {
                "batter": 1,
                "extras": 0,
                "total": 1
              }
            },
            {
              "batter": "S Khadka",
              "bowler": "Nahida Akter",
              "non_striker": "RC Belbashi",
              "runs": {
                "batter": 0,
                "extras": 0,
                "total": 0
              }
            }
          ]
        },
        {
          "over": 8,
          "deliveries": [
            {
              "batter": "RC Belbashi",
              "bowler": "Fahima Khatun",
              "non_striker": "S Khadka",
              "runs": {
                "batter": 0,
                "extras": 0,
                "total": 0
              }
            },
            {
              "batter": "RC Belbashi",
              "bowler": "Fahima Khatun",
              "non_striker": "S Khadka",
              "runs": {
                "batter": 1,
                "extras": 0,
                "total": 1
              }
            },
            {
              "batter": "S Khadka",
              "bowler": "Fahima Khatun",
              "non_striker": "RC Belbashi",
              "runs": {
                "batter": 0,
                "extras": 0,
                "total": 0
              },
              "wickets": [
                {
                  "player_out": "S Khadka",
                  "fielders": [
                    {
                      "name": "Rabeya Khan"
                    }
                  ],
                  "kind": "caught"
                }
              ]
            },
            {
              "batter": "RC Belbashi",
              "bowler": "Fahima Khatun",
              "non_striker": "I Barma",
              "runs": {
                "batter": 0,
                "extras": 0,
                "total": 0
              }
            },
            {
              "batter": "RC Belbashi",
              "bowler": "Fahima Khatun",
              "non_striker": "I Barma",
              "runs": {
                "batter": 0,
                "extras": 0,
                "total": 0
              }
            },
            {
              "batter": "RC Belbashi",
              "bowler": "Fahima Khatun",
              "non_striker": "I Barma",
              "runs": {
                "batter": 0,
                "extras": 0,
                "total": 0
              }
            }
          ]
        },
        {
          "over": 9,
          "deliveries": [
            {
              "batter": "I Barma",
              "bowler": "Khadija Tul Kubra",
              "non_striker": "RC Belbashi",
              "runs": {
                "batter": 0,
                "extras": 0,
                "total": 0
              }
            },
            {
              "batter": "I Barma",
              "bowler": "Khadija Tul Kubra",
              "non_striker": "RC Belbashi",
              "runs": {
                "batter": 0,
                "extras": 0,
                "total": 0
              }
            },
            {
              "batter": "I Barma",
              "bowler": "Khadija Tul Kubra",
              "non_striker": "RC Belbashi",
              "runs": {
                "batter": 0,
                "extras": 0,
                "total": 0
              }
            },
            {
              "batter": "I Barma",
              "bowler": "Khadija Tul Kubra",
              "extras": {
                "wides": 1
              },
              "non_striker": "RC Belbashi",
              "runs": {
                "batter": 0,
                "extras": 1,
                "total": 1
              }
            },
            {
              "batter": "I Barma",
              "bowler": "Khadija Tul Kubra",
              "non_striker": "RC Belbashi",
              "runs": {
                "batter": 0,
                "extras": 0,
                "total": 0
              }
            },
            {
              "batter": "I Barma",
              "bowler": "Khadija Tul Kubra",
              "non_striker": "RC Belbashi",
              "runs": {
                "batter": 1,
                "extras": 0,
                "total": 1
              }
            },
            {
              "batter": "RC Belbashi",
              "bowler": "Khadija Tul Kubra",
              "non_striker": "I Barma",
              "runs": {
                "batter": 0,
                "extras": 0,
                "total": 0
              }
            }
          ]
        },
        {
          "over": 10,
          "deliveries": [
            {
              "batter": "I Barma",
              "bowler": "Fahima Khatun",
              "non_striker": "RC Belbashi",
              "runs": {
                "batter": 1,
                "extras": 0,
                "total": 1
              }
            },
            {
              "batter": "RC Belbashi",
              "bowler": "Fahima Khatun",
              "non_striker": "I Barma",
              "runs": {
                "batter": 0,
                "extras": 0,
                "total": 0
              }
            },
            {
              "batter": "RC Belbashi",
              "bowler": "Fahima Khatun",
              "non_striker": "I Barma",
              "runs": {
                "batter": 1,
                "extras": 0,
                "total": 1
              }
            },
            {
              "batter": "I Barma",
              "bowler": "Fahima Khatun",
              "non_striker": "RC Belbashi",
              "runs": {
                "batter": 0,
                "extras": 0,
                "total": 0
              }
            },
            {
              "batter": "I Barma",
              "bowler": "Fahima Khatun",
              "non_striker": "RC Belbashi",
              "runs": {
                "batter": 0,
                "extras": 0,
                "total": 0
              }
            },
            {
              "batter": "I Barma",
              "bowler": "Fahima Khatun",
              "non_striker": "RC Belbashi",
              "runs": {
                "batter": 0,
                "extras": 0,
                "total": 0
              }
            }
          ]
        },
        {
          "over": 11,
          "deliveries": [
            {
              "batter": "RC Belbashi",
              "bowler": "Rabeya Khan",
              "non_striker": "I Barma",
              "runs": {
                "batter": 0,
                "extras": 0,
                "total": 0
              }
            },
            {
              "batter": "RC Belbashi",
              "bowler": "Rabeya Khan",
              "non_striker": "I Barma",
              "runs": {
                "batter": 1,
                "extras": 0,
                "total": 1
              }
            },
            {
              "batter": "I Barma",
              "bowler": "Rabeya Khan",
              "non_striker": "RC Belbashi",
              "runs": {
                "batter": 1,
                "extras": 0,
                "total": 1
              }
            },
            {
              "batter": "RC Belbashi",
              "bowler": "Rabeya Khan",
              "non_striker": "I Barma",
              "runs": {
                "batter": 0,
                "extras": 0,
                "total": 0
              }
            },
            {
              "batter": "RC Belbashi",
              "bowler": "Rabeya Khan",
              "non_striker": "I Barma",
              "runs": {
                "batter": 1,
                "extras": 0,
                "total": 1
              }
            },
            {
              "batter": "I Barma",
              "bowler": "Rabeya Khan",
              "non_striker": "RC Belbashi",
              "runs": {
                "batter": 4,
                "extras": 0,
                "total": 4
              }
            }
          ]
        },
        {
          "over": 12,
          "deliveries": [
            {
              "batter": "RC Belbashi",
              "bowler": "Fahima Khatun",
              "non_striker": "I Barma",
              "runs": {
                "batter": 0,
                "extras": 0,
                "total": 0
              }
            },
            {
              "batter": "RC Belbashi",
              "bowler": "Fahima Khatun",
              "non_striker": "I Barma",
              "runs": {
                "batter": 1,
                "extras": 0,
                "total": 1
              }
            },
            {
              "batter": "I Barma",
              "bowler": "Fahima Khatun",
              "non_striker": "RC Belbashi",
              "runs": {
                "batter": 0,
                "extras": 0,
                "total": 0
              }
            },
            {
              "batter": "I Barma",
              "bowler": "Fahima Khatun",
              "non_striker": "RC Belbashi",
              "runs": {
                "batter": 0,
                "extras": 0,
                "total": 0
              }
            },
            {
              "batter": "I Barma",
              "bowler": "Fahima Khatun",
              "non_striker": "RC Belbashi",
              "runs": {
                "batter": 2,
                "extras": 0,
                "total": 2
              }
            },
            {
              "batter": "I Barma",
              "bowler": "Fahima Khatun",
              "non_striker": "RC Belbashi",
              "runs": {
                "batter": 0,
                "extras": 0,
                "total": 0
              }
            }
          ]
        },
        {
          "over": 13,
          "deliveries": [
            {
              "batter": "RC Belbashi",
              "bowler": "Rabeya Khan",
              "non_striker": "I Barma",
              "runs": {
                "batter": 0,
                "extras": 0,
                "total": 0
              }
            },
            {
              "batter": "RC Belbashi",
              "bowler": "Rabeya Khan",
              "non_striker": "I Barma",
              "runs": {
                "batter": 0,
                "extras": 0,
                "total": 0
              },
              "wickets": [
                {
                  "player_out": "RC Belbashi",
                  "fielders": [
                    {
                      "name": "Murshida Khatun"
                    }
                  ],
                  "kind": "caught"
                }
              ]
            },
            {
              "batter": "MM Chaudhary",
              "bowler": "Rabeya Khan",
              "non_striker": "I Barma",
              "runs": {
                "batter": 0,
                "extras": 0,
                "total": 0
              }
            },
            {
              "batter": "MM Chaudhary",
              "bowler": "Rabeya Khan",
              "non_striker": "I Barma",
              "runs": {
                "batter": 0,
                "extras": 0,
                "total": 0
              }
            },
            {
              "batter": "MM Chaudhary",
              "bowler": "Rabeya Khan",
              "non_striker": "I Barma",
              "runs": {
                "batter": 0,
                "extras": 0,
                "total": 0
              }
            },
            {
              "batter": "MM Chaudhary",
              "bowler": "Rabeya Khan",
              "non_striker": "I Barma",
              "runs": {
                "batter": 0,
                "extras": 0,
                "total": 0
              }
            }
          ]
        },
        {
          "over": 14,
          "deliveries": [
            {
              "batter": "I Barma",
              "bowler": "Fahima Khatun",
              "non_striker": "MM Chaudhary",
              "runs": {
                "batter": 0,
                "extras": 0,
                "total": 0
              }
            },
            {
              "batter": "I Barma",
              "bowler": "Fahima Khatun",
              "non_striker": "MM Chaudhary",
              "runs": {
                "batter": 1,
                "extras": 0,
                "total": 1
              }
            },
            {
              "batter": "MM Chaudhary",
              "bowler": "Fahima Khatun",
              "non_striker": "I Barma",
              "runs": {
                "batter": 0,
                "extras": 0,
                "total": 0
              }
            },
            {
              "batter": "MM Chaudhary",
              "bowler": "Fahima Khatun",
              "non_striker": "I Barma",
              "runs": {
                "batter": 0,
                "extras": 0,
                "total": 0
              }
            },
            {
              "batter": "MM Chaudhary",
              "bowler": "Fahima Khatun",
              "non_striker": "I Barma",
              "runs": {
                "batter": 1,
                "extras": 0,
                "total": 1
              }
            },
            {
              "batter": "I Barma",
              "bowler": "Fahima Khatun",
              "non_striker": "MM Chaudhary",
              "runs": {
                "batter": 0,
                "extras": 0,
                "total": 0
              }
            }
          ]
        },
        {
          "over": 15,
          "deliveries": [
            {
              "batter": "MM Chaudhary",
              "bowler": "Rabeya Khan",
              "non_striker": "I Barma",
              "runs": {
                "batter": 0,
                "extras": 0,
                "total": 0
              }
            },
            {
              "batter": "MM Chaudhary",
              "bowler": "Rabeya Khan",
              "non_striker": "I Barma",
              "runs": {
                "batter": 0,
                "extras": 0,
                "total": 0
              }
            },
            {
              "batter": "MM Chaudhary",
              "bowler": "Rabeya Khan",
              "non_striker": "I Barma",
              "runs": {
                "batter": 0,
                "extras": 0,
                "total": 0
              },
              "wickets": [
                {
                  "player_out": "MM Chaudhary",
                  "fielders": [
                    {
                      "name": "Shamima Sultana"
                    }
                  ],
                  "kind": "stumped"
                }
              ]
            },
            {
              "batter": "Karuna Bhandari",
              "bowler": "Rabeya Khan",
              "extras": {
                "wides": 1
              },
              "non_striker": "I Barma",
              "runs": {
                "batter": 0,
                "extras": 1,
                "total": 1
              }
            },
            {
              "batter": "Karuna Bhandari",
              "bowler": "Rabeya Khan",
              "non_striker": "I Barma",
              "runs": {
                "batter": 0,
                "extras": 0,
                "total": 0
              }
            },
            {
              "batter": "Karuna Bhandari",
              "bowler": "Rabeya Khan",
              "non_striker": "I Barma",
              "runs": {
                "batter": 0,
                "extras": 0,
                "total": 0
              }
            },
            {
              "batter": "Karuna Bhandari",
              "bowler": "Rabeya Khan",
              "non_striker": "I Barma",
              "runs": {
                "batter": 0,
                "extras": 0,
                "total": 0
              },
              "wickets": [
                {
                  "player_out": "Karuna Bhandari",
                  "fielders": [
                    {
                      "name": "Shamima Sultana"
                    }
                  ],
                  "kind": "stumped"
                }
              ]
            }
          ]
        },
        {
          "over": 16,
          "deliveries": [
            {
              "batter": "I Barma",
              "bowler": "Salma Khatun",
              "non_striker": "Apsari Begam",
              "runs": {
                "batter": 0,
                "extras": 0,
                "total": 0
              }
            },
            {
              "batter": "I Barma",
              "bowler": "Salma Khatun",
              "non_striker": "Apsari Begam",
              "runs": {
                "batter": 0,
                "extras": 0,
                "total": 0
              },
              "wickets": [
                {
                  "player_out": "I Barma",
                  "kind": "bowled"
                }
              ]
            },
            {
              "batter": "S Magar",
              "bowler": "Salma Khatun",
              "extras": {
                "legbyes": 1
              },
              "non_striker": "Apsari Begam",
              "runs": {
                "batter": 0,
                "extras": 1,
                "total": 1
              }
            },
            {
              "batter": "Apsari Begam",
              "bowler": "Salma Khatun",
              "non_striker": "S Magar",
              "runs": {
                "batter": 0,
                "extras": 0,
                "total": 0
              }
            },
            {
              "batter": "Apsari Begam",
              "bowler": "Salma Khatun",
              "non_striker": "S Magar",
              "runs": {
                "batter": 0,
                "extras": 0,
                "total": 0
              }
            },
            {
              "batter": "Apsari Begam",
              "bowler": "Salma Khatun",
              "non_striker": "S Magar",
              "runs": {
                "batter": 0,
                "extras": 0,
                "total": 0
              }
            }
          ]
        },
        {
          "over": 17,
          "deliveries": [
            {
              "batter": "S Magar",
              "bowler": "Rabeya Khan",
              "non_striker": "Apsari Begam",
              "runs": {
                "batter": 0,
                "extras": 0,
                "total": 0
              }
            },
            {
              "batter": "S Magar",
              "bowler": "Rabeya Khan",
              "non_striker": "Apsari Begam",
              "runs": {
                "batter": 0,
                "extras": 0,
                "total": 0
              },
              "wickets": [
                {
                  "player_out": "S Magar",
                  "kind": "run out"
                }
              ]
            },
            {
              "batter": "Anjali Chand",
              "bowler": "Rabeya Khan",
              "non_striker": "Apsari Begam",
              "runs": {
                "batter": 0,
                "extras": 0,
                "total": 0
              }
            },
            {
              "batter": "Anjali Chand",
              "bowler": "Rabeya Khan",
              "non_striker": "Apsari Begam",
              "runs": {
                "batter": 0,
                "extras": 0,
                "total": 0
              },
              "wickets": [
                {
                  "player_out": "Anjali Chand",
                  "fielders": [
                    {
                      "name": "Salma Khatun"
                    }
                  ],
                  "kind": "caught"
                }
              ]
            },
            {
              "batter": "SC Kumari",
              "bowler": "Rabeya Khan",
              "non_striker": "Apsari Begam",
              "runs": {
                "batter": 0,
                "extras": 0,
                "total": 0
              }
            },
            {
              "batter": "SC Kumari",
              "bowler": "Rabeya Khan",
              "non_striker": "Apsari Begam",
              "runs": {
                "batter": 0,
                "extras": 0,
                "total": 0
              }
            }
          ]
        },
        {
          "over": 18,
          "deliveries": [
            {
              "batter": "Apsari Begam",
              "bowler": "Salma Khatun",
              "non_striker": "SC Kumari",
              "runs": {
                "batter": 4,
                "extras": 0,
                "total": 4
              }
            },
            {
              "batter": "Apsari Begam",
              "bowler": "Salma Khatun",
              "non_striker": "SC Kumari",
              "runs": {
                "batter": 0,
                "extras": 0,
                "total": 0
              }
            },
            {
              "batter": "Apsari Begam",
              "bowler": "Salma Khatun",
              "non_striker": "SC Kumari",
              "runs": {
                "batter": 0,
                "extras": 0,
                "total": 0
              }
            },
            {
              "batter": "Apsari Begam",
              "bowler": "Salma Khatun",
              "non_striker": "SC Kumari",
              "runs": {
                "batter": 0,
                "extras": 0,
                "total": 0
              }
            },
            {
              "batter": "Apsari Begam",
              "bowler": "Salma Khatun",
              "non_striker": "SC Kumari",
              "runs": {
                "batter": 1,
                "extras": 0,
                "total": 1
              }
            },
            {
              "batter": "SC Kumari",
              "bowler": "Salma Khatun",
              "non_striker": "Apsari Begam",
              "runs": {
                "batter": 0,
                "extras": 0,
                "total": 0
              }
            }
          ]
        },
        {
          "over": 19,
          "deliveries": [
            {
              "batter": "Apsari Begam",
              "bowler": "Nahida Akter",
              "non_striker": "SC Kumari",
              "runs": {
                "batter": 0,
                "extras": 0,
                "total": 0
              }
            },
            {
              "batter": "Apsari Begam",
              "bowler": "Nahida Akter",
              "non_striker": "SC Kumari",
              "runs": {
                "batter": 0,
                "extras": 0,
                "total": 0
              },
              "wickets": [
                {
                  "player_out": "Apsari Begam",
                  "fielders": [
                    {
                      "name": "Shamima Sultana"
                    }
                  ],
                  "kind": "stumped"
                }
              ]
            }
          ]
        }
      ],
      "powerplays": [
        {
          "from": 0.1,
          "to": 5.6,
          "type": "mandatory"
        }
      ]
    },
    {
      "team": "Bangladesh",
      "overs": [
        {
          "over": 0,
          "deliveries": [
            {
              "batter": "Murshida Khatun",
              "bowler": "S Khadka",
              "extras": {
                "wides": 1
              },
              "non_striker": "Ayasha Rahman",
              "runs": {
                "batter": 0,
                "extras": 1,
                "total": 1
              }
            },
            {
              "batter": "Murshida Khatun",
              "bowler": "S Khadka",
              "non_striker": "Ayasha Rahman",
              "runs": {
                "batter": 0,
                "extras": 0,
                "total": 0
              }
            },
            {
              "batter": "Murshida Khatun",
              "bowler": "S Khadka",
              "non_striker": "Ayasha Rahman",
              "runs": {
                "batter": 0,
                "extras": 0,
                "total": 0
              }
            },
            {
              "batter": "Murshida Khatun",
              "bowler": "S Khadka",
              "non_striker": "Ayasha Rahman",
              "runs": {
                "batter": 0,
                "extras": 0,
                "total": 0
              }
            },
            {
              "batter": "Murshida Khatun",
              "bowler": "S Khadka",
              "non_striker": "Ayasha Rahman",
              "runs": {
                "batter": 0,
                "extras": 0,
                "total": 0
              }
            },
            {
              "batter": "Murshida Khatun",
              "bowler": "S Khadka",
              "non_striker": "Ayasha Rahman",
              "runs": {
                "batter": 0,
                "extras": 0,
                "total": 0
              }
            },
            {
              "batter": "Murshida Khatun",
              "bowler": "S Khadka",
              "non_striker": "Ayasha Rahman",
              "runs": {
                "batter": 4,
                "extras": 0,
                "total": 4
              }
            }
          ]
        },
        {
          "over": 1,
          "deliveries": [
            {
              "batter": "Ayasha Rahman",
              "bowler": "Karuna Bhandari",
              "non_striker": "Murshida Khatun",
              "runs": {
                "batter": 0,
                "extras": 0,
                "total": 0
              }
            },
            {
              "batter": "Ayasha Rahman",
              "bowler": "Karuna Bhandari",
              "non_striker": "Murshida Khatun",
              "runs": {
                "batter": 0,
                "extras": 0,
                "total": 0
              }
            },
            {
              "batter": "Ayasha Rahman",
              "bowler": "Karuna Bhandari",
              "non_striker": "Murshida Khatun",
              "runs": {
                "batter": 0,
                "extras": 0,
                "total": 0
              }
            },
            {
              "batter": "Ayasha Rahman",
              "bowler": "Karuna Bhandari",
              "non_striker": "Murshida Khatun",
              "runs": {
                "batter": 0,
                "extras": 0,
                "total": 0
              }
            },
            {
              "batter": "Ayasha Rahman",
              "bowler": "Karuna Bhandari",
              "non_striker": "Murshida Khatun",
              "runs": {
                "batter": 0,
                "extras": 0,
                "total": 0
              }
            },
            {
              "batter": "Ayasha Rahman",
              "bowler": "Karuna Bhandari",
              "non_striker": "Murshida Khatun",
              "runs": {
                "batter": 0,
                "extras": 0,
                "total": 0
              }
            }
          ]
        },
        {
          "over": 2,
          "deliveries": [
            {
              "batter": "Murshida Khatun",
              "bowler": "SR Magar",
              "non_striker": "Ayasha Rahman",
              "runs": {
                "batter": 4,
                "extras": 0,
                "total": 4
              }
            },
            {
              "batter": "Murshida Khatun",
              "bowler": "SR Magar",
              "non_striker": "Ayasha Rahman",
              "runs": {
                "batter": 0,
                "extras": 0,
                "total": 0
              }
            },
            {
              "batter": "Murshida Khatun",
              "bowler": "SR Magar",
              "non_striker": "Ayasha Rahman",
              "runs": {
                "batter": 0,
                "extras": 0,
                "total": 0
              }
            },
            {
              "batter": "Murshida Khatun",
              "bowler": "SR Magar",
              "non_striker": "Ayasha Rahman",
              "runs": {
                "batter": 1,
                "extras": 0,
                "total": 1
              }
            },
            {
              "batter": "Ayasha Rahman",
              "bowler": "SR Magar",
              "non_striker": "Murshida Khatun",
              "runs": {
                "batter": 6,
                "extras": 0,
                "total": 6
              }
            },
            {
              "batter": "Ayasha Rahman",
              "bowler": "SR Magar",
              "extras": {
                "legbyes": 1
              },
              "non_striker": "Murshida Khatun",
              "runs": {
                "batter": 0,
                "extras": 1,
                "total": 1
              }
            }
          ]
        },
        {
          "over": 3,
          "deliveries": [
            {
              "batter": "Ayasha Rahman",
              "bowler": "Karuna Bhandari",
              "non_striker": "Murshida Khatun",
              "runs": {
                "batter": 0,
                "extras": 0,
                "total": 0
              }
            },
            {
              "batter": "Ayasha Rahman",
              "bowler": "Karuna Bhandari",
              "non_striker": "Murshida Khatun",
              "runs": {
                "batter": 4,
                "extras": 0,
                "total": 4
              }
            },
            {
              "batter": "Ayasha Rahman",
              "bowler": "Karuna Bhandari",
              "non_striker": "Murshida Khatun",
              "runs": {
                "batter": 1,
                "extras": 0,
                "total": 1
              }
            },
            {
              "batter": "Murshida Khatun",
              "bowler": "Karuna Bhandari",
              "non_striker": "Ayasha Rahman",
              "runs": {
                "batter": 0,
                "extras": 0,
                "total": 0
              }
            },
            {
              "batter": "Murshida Khatun",
              "bowler": "Karuna Bhandari",
              "non_striker": "Ayasha Rahman",
              "runs": {
                "batter": 4,
                "extras": 0,
                "total": 4
              }
            },
            {
              "batter": "Murshida Khatun",
              "bowler": "Karuna Bhandari",
              "non_striker": "Ayasha Rahman",
              "runs": {
                "batter": 1,
                "extras": 0,
                "total": 1
              }
            }
          ]
        },
        {
          "over": 4,
          "deliveries": [
            {
              "batter": "Murshida Khatun",
              "bowler": "SC Kumari",
              "non_striker": "Ayasha Rahman",
              "runs": {
                "batter": 0,
                "extras": 0,
                "total": 0
              }
            },
            {
              "batter": "Murshida Khatun",
              "bowler": "SC Kumari",
              "non_striker": "Ayasha Rahman",
              "runs": {
                "batter": 4,
                "extras": 0,
                "total": 4
              }
            },
            {
              "batter": "Murshida Khatun",
              "bowler": "SC Kumari",
              "non_striker": "Ayasha Rahman",
              "runs": {
                "batter": 1,
                "extras": 0,
                "total": 1
              }
            },
            {
              "batter": "Ayasha Rahman",
              "bowler": "SC Kumari",
              "non_striker": "Murshida Khatun",
              "runs": {
                "batter": 4,
                "extras": 0,
                "total": 4
              }
            },
            {
              "batter": "Ayasha Rahman",
              "bowler": "SC Kumari",
              "non_striker": "Murshida Khatun",
              "runs": {
                "batter": 0,
                "extras": 0,
                "total": 0
              }
            },
            {
              "batter": "Ayasha Rahman",
              "bowler": "SC Kumari",
              "non_striker": "Murshida Khatun",
              "runs": {
                "batter": 0,
                "extras": 0,
                "total": 0
              }
            }
          ]
        },
        {
          "over": 5,
          "deliveries": [
            {
              "batter": "Murshida Khatun",
              "bowler": "RC Belbashi",
              "non_striker": "Ayasha Rahman",
              "runs": {
                "batter": 0,
                "extras": 0,
                "total": 0
              }
            },
            {
              "batter": "Murshida Khatun",
              "bowler": "RC Belbashi",
              "non_striker": "Ayasha Rahman",
              "runs": {
                "batter": 1,
                "extras": 0,
                "total": 1
              }
            },
            {
              "batter": "Ayasha Rahman",
              "bowler": "RC Belbashi",
              "non_striker": "Murshida Khatun",
              "runs": {
                "batter": 1,
                "extras": 0,
                "total": 1
              }
            },
            {
              "batter": "Murshida Khatun",
              "bowler": "RC Belbashi",
              "non_striker": "Ayasha Rahman",
              "runs": {
                "batter": 1,
                "extras": 0,
                "total": 1
              }
            },
            {
              "batter": "Ayasha Rahman",
              "bowler": "RC Belbashi",
              "non_striker": "Murshida Khatun",
              "runs": {
                "batter": 1,
                "extras": 0,
                "total": 1
              }
            },
            {
              "batter": "Murshida Khatun",
              "bowler": "RC Belbashi",
              "non_striker": "Ayasha Rahman",
              "runs": {
                "batter": 0,
                "extras": 0,
                "total": 0
              }
            }
          ]
        },
        {
          "over": 6,
          "deliveries": [
            {
              "batter": "Ayasha Rahman",
              "bowler": "Anjali Chand",
              "non_striker": "Murshida Khatun",
              "runs": {
                "batter": 1,
                "extras": 0,
                "total": 1
              }
            },
            {
              "batter": "Murshida Khatun",
              "bowler": "Anjali Chand",
              "non_striker": "Ayasha Rahman",
              "runs": {
                "batter": 1,
                "extras": 0,
                "total": 1
              }
            },
            {
              "batter": "Ayasha Rahman",
              "bowler": "Anjali Chand",
              "non_striker": "Murshida Khatun",
              "runs": {
                "batter": 0,
                "extras": 0,
                "total": 0
              }
            },
            {
              "batter": "Ayasha Rahman",
              "bowler": "Anjali Chand",
              "non_striker": "Murshida Khatun",
              "runs": {
                "batter": 1,
                "extras": 0,
                "total": 1
              }
            },
            {
              "batter": "Murshida Khatun",
              "bowler": "Anjali Chand",
              "non_striker": "Ayasha Rahman",
              "runs": {
                "batter": 0,
                "extras": 0,
                "total": 0
              }
            },
            {
              "batter": "Murshida Khatun",
              "bowler": "Anjali Chand",
              "non_striker": "Ayasha Rahman",
              "runs": {
                "batter": 0,
                "extras": 0,
                "total": 0
              }
            }
          ]
        },
        {
          "over": 7,
          "deliveries": [
            {
              "batter": "Ayasha Rahman",
              "bowler": "RC Belbashi",
              "non_striker": "Murshida Khatun",
              "runs": {
                "batter": 2,
                "extras": 0,
                "total": 2
              }
            },
            {
              "batter": "Ayasha Rahman",
              "bowler": "RC Belbashi",
              "non_striker": "Murshida Khatun",
              "runs": {
                "batter": 4,
                "extras": 0,
                "total": 4
              }
            },
            {
              "batter": "Ayasha Rahman",
              "bowler": "RC Belbashi",
              "non_striker": "Murshida Khatun",
              "runs": {
                "batter": 1,
                "extras": 0,
                "total": 1
              }
            },
            {
              "batter": "Murshida Khatun",
              "bowler": "RC Belbashi",
              "non_striker": "Ayasha Rahman",
              "runs": {
                "batter": 1,
                "extras": 0,
                "total": 1
              }
            }
          ]
        }
      ],
      "powerplays": [
        {
          "from": 0.1,
          "to": 5.6,
          "type": "mandatory"
        }
      ],
      "target": {
        "overs": 20,
        "runs": 51
      }
    }
  ]
}