{
  "meta": {
    "data_version": "1.0.0",
    "created": "2019-12-19",
    "revision": 1
  },
  "info": {
    "balls_per_over": 6,
    "city": "Kuala Lumpur",
    "dates": [
      "2019-12-19"
    ],
    "event": {
      "name": "England Women tour of Malaysia",
      "match_number": 2
    },
    "gender": "female",
    "match_type": "T20",
    "match_type_number": 818,
    "officials": {
      "match_referees": [
        "Muhammad Javed"
      ],
      "reserve_umpires": [
        "Zaidan Taha"
      ],
      "tv_umpires": [
        "V Kalidas"
      ],
      "umpires": [
        "Ghaffar Kazmi",
        "Khalid Mahmood"
      ]
    },
    "outcome": {
      "winner": "England",
      "by": {
        "runs": 84
      }
    },
    "overs": 20,
    "player_of_match": [
      "AE Jones"
    ],
    "players": {
      "England": [
        "AE Jones",
        "DN Wyatt",
        "NR Sciver",
        "HC Knight",
        "FC Wilson",
        "KH Brunt",
        "TT Beaumont",
        "FR Davies",
        "MK Villiers",
        "S Glenn",
        "S Ecclestone"
      ],
      "Pakistan": [
        "Nahida Khan",
        "Javeria Khan",
        "Bismah Maroof",
        "Umaima Sohail",
        "Iram Javed",
        "Nida Dar",
        "Aliya Riaz",
        "Sidra Nawaz",
        "Diana Baig",
        "Syeda Aroob Shah",
        "Anam Amin"
      ]
    },
    "registry": {
      "people": {
        "AE Jones": "b05e45e4",
        "Aliya Riaz": "2904b4b6",
        "Anam Amin": "06653fcc",
        "Bismah Maroof": "3b770527",
        "DN Wyatt": "a139c379",
        "Diana Baig": "a51e6c6e",
        "FC Wilson": "a28132bd",
        "FR Davies": "2479daa6",
        "Ghaffar Kazmi": "850ca3b6",
        "HC Knight": "4ba0289e",
        "Iram Javed": "dc596fac",
        "Javeria Khan": "d921449d",
        "KH Brunt": "6a434bd3",
        "Khalid Mahmood": "0b06b921",
        "MK Villiers": "cd62f670",
        "Muhammad Javed": "bde2d0ea",
        "NR Sciver": "f3a18a0c",
        "Nahida Khan": "3e7c0b1e",
        "Nida Dar": "ed840f44",
        "S Ecclestone": "cdb82f1c",
        "S Glenn": "b34e0c77",
        "Sidra Nawaz": "ca3ded6f",
        "Syeda Aroob Shah": "4cf8708b",
        "TT Beaumont": "b2664905",
        "Umaima Sohail": "821d7d46",
        "V Kalidas": "42d76418",
        "Zaidan Taha": "a29dd0ec"
      }
    },
    "season": "2019/20",
    "team_type": "international",
    "teams": [
      "England",
      "Pakistan"
    ],
    "toss": {
      "decision": "bat",
      "winner": "England"
    },
    "venue": "Kinrara Academy Oval"
  },
  "innings": [
    {
      "team": "England",
      "overs": [
        {
          "over": 0,
          "deliveries": [
            {
              "batter": "AE Jones",
              "bowler": "Diana Baig",
              "non_striker": "DN Wyatt",
              "runs": {
                "batter": 4,
                "extras": 0,
                "total": 4
              }
            },
            {
              "batter": "AE Jones",
              "bowler": "Diana Baig",
              "non_striker": "DN Wyatt",
              "runs": {
                "batter": 0,
                "extras": 0,
                "total": 0
              }
            },
            {
              "batter": "AE Jones",
              "bowler": "Diana Baig",
              "non_striker": "DN Wyatt",
              "runs": {
                "batter": 0,
                "extras": 0,
                "total": 0
              }
            },
            {
              "batter": "AE Jones",
              "bowler": "Diana Baig",
              "non_striker": "DN Wyatt",
              "runs": {
                "batter": 0,
                "extras": 0,
                "total": 0
              }
            },
            {
              "batter": "AE Jones",
              "bowler": "Diana Baig",
              "non_striker": "DN Wyatt",
              "runs": {
                "batter": 1,
                "extras": 0,
                "total": 1
              }
            },
            {
              "batter": "DN Wyatt",
              "bowler": "Diana Baig",
              "non_striker": "AE Jones",
              "runs": {
                "batter": 0,
                "extras": 0,
                "total": 0
              }
            }
          ]
        },
        {
          "over": 1,
          "deliveries": [
            {
              "batter": "AE Jones",
              "bowler": "Anam Amin",
              "non_striker": "DN Wyatt",
              "runs": {
                "batter": 1,
                "extras": 0,
                "total": 1
              }
            },
            {
              "batter": "DN Wyatt",
              "bowler": "Anam Amin",
              "non_striker": "AE Jones",
              "runs": {
                "batter": 1,
                "extras": 0,
                "total": 1
              }
            },
            {
              "batter": "AE Jones",
              "bowler": "Anam Amin",
              "non_striker": "DN Wyatt",
              "runs": {
                "batter": 1,
                "extras": 0,
                "total": 1
              }
            },
            {
              "batter": "DN Wyatt",
              "bowler": "Anam Amin",
              "non_striker": "AE Jones",
              "runs": {
                "batter": 4,
                "extras": 0,
                "total": 4
              }
            },
            {
              "batter": "DN Wyatt",
              "bowler": "Anam Amin",
              "non_striker": "AE Jones",
              "runs": {
                "batter": 0,
                "extras": 0,
                "total": 0
              }
            },
            {
              "batter": "DN Wyatt",
              "bowler": "Anam Amin",
              "non_striker": "AE Jones",
              "runs": {
                "batter": 1,
                "extras": 0,
                "total": 1
              }
            }
          ]
        },
        {
          "over": 2,
          "deliveries": [
            {
              "batter": "DN Wyatt",
              "bowler": "Diana Baig",
              "non_striker": "AE Jones",
              "runs": {
                "batter": 0,
                "extras": 0,
                "total": 0
              }
            },
            {
              "batter": "DN Wyatt",
              "bowler": "Diana Baig",
              "non_striker": "AE Jones",
              "runs": {
                "batter": 0,
                "extras": 0,
                "total": 0
              }
            },
            {
              "batter": "DN Wyatt",
              "bowler": "Diana Baig",
              "non_striker": "AE Jones",
              "runs": {
                "batter": 1,
                "extras": 0,
                "total": 1
              }
            },
            {
              "batter": "AE Jones",
              "bowler": "Diana Baig",
              "non_striker": "DN Wyatt",
              "runs": {
                "batter": 0,
                "extras": 0,
                "total": 0
              }
            },
            {
              "batter": "AE Jones",
              "bowler": "Diana Baig",
              "extras": {
                "legbyes": 1
              },
              "non_striker": "DN Wyatt",
              "runs": {
                "batter": 0,
                "extras": 1,
                "total": 1
              }
            },
            {
              "batter": "DN Wyatt",
              "bowler": "Diana Baig",
              "non_striker": "AE Jones",
              "runs": {
                "batter": 4,
                "extras": 0,
                "total": 4
              }
            }
          ]
        },
        {
          "over": 3,
          "deliveries": [
            {
              "batter": "AE Jones",
              "bowler": "Nida Dar",
              "non_striker": "DN Wyatt",
              "runs": {
                "batter": 4,
                "extras": 0,
                "total": 4
              }
            },
            {
              "batter": "AE Jones",
              "bowler": "Nida Dar",
              "non_striker": "DN Wyatt",
              "runs": {
                "batter": 1,
                "extras": 0,
                "total": 1
              }
            },
            {
              "batter": "DN Wyatt",
              "bowler": "Nida Dar",
              "non_striker": "AE Jones",
              "runs": {
                "batter": 0,
                "extras": 0,
                "total": 0
              }
            },
            {
              "batter": "DN Wyatt",
              "bowler": "Nida Dar",
              "non_striker": "AE Jones",
              "runs": {
                "batter": 0,
                "extras": 0,
                "total": 0
              }
            },
            {
              "batter": "DN Wyatt",
              "bowler": "Nida Dar",
              "non_striker": "AE Jones",
              "runs": {
                "batter": 0,
                "extras": 0,
                "total": 0
              }
            },
            {
              "batter": "DN Wyatt",
              "bowler": "Nida Dar",
              "non_striker": "AE Jones",
              "runs": {
                "batter": 4,
                "extras": 0,
                "total": 4
              }
            }
          ]
        },
        {
          "over": 4,
          "deliveries": [
            {
              "batter": "AE Jones",
              "bowler": "Diana Baig",
              "extras": {
                "noballs": 1
              },
              "non_striker": "DN Wyatt",
              "runs": {
                "batter": 4,
                "extras": 1,
                "total": 5
              }
            },
            {
              "batter": "AE Jones",
              "bowler": "Diana Baig",
              "non_striker": "DN Wyatt",
              "runs": {
                "batter": 0,
                "extras": 0,
                "total": 0
              }
            },
            {
              "batter": "AE Jones",
              "bowler": "Diana Baig",
              "non_striker": "DN Wyatt",
              "runs": {
                "batter": 4,
                "extras": 0,
                "total": 4
              }
            },
            {
              "batter": "AE Jones",
              "bowler": "Diana Baig",
              "non_striker": "DN Wyatt",
              "runs": {
                "batter": 1,
                "extras": 0,
                "total": 1
              }
            },
            {
              "batter": "DN Wyatt",
              "bowler": "Diana Baig",
              "non_striker": "AE Jones",
              "runs": {
                "batter": 4,
                "extras": 0,
                "total": 4
              }
            },
            {
              "batter": "DN Wyatt",
              "bowler": "Diana Baig",
              "non_striker": "AE Jones",
              "runs": {
                "batter": 0,
                "extras": 0,
                "total": 0
              }
            },
            {
              "batter": "DN Wyatt",
              "bowler": "Diana Baig",
              "non_striker": "AE Jones",
              "runs": {
                "batter": 0,
                "extras": 0,
                "total": 0
              }
            }
          ]
        },
        {
          "over": 5,
          "deliveries": [
            {
              "batter": "AE Jones",
              "bowler": "Anam Amin",
              "non_striker": "DN Wyatt",
              "runs": {
                "batter": 0,
                "extras": 0,
                "total": 0
              }
            },
            {
              "batter": "AE Jones",
              "bowler": "Anam Amin",
              "non_striker": "DN Wyatt",
              "runs": {
                "batter": 2,
                "extras": 0,
                "total": 2
              }
            },
            {
              "batter": "AE Jones",
              "bowler": "Anam Amin",
              "non_striker": "DN Wyatt",
              "runs": {
                "batter": 6,
                "extras": 0,
                "total": 6
              }
            },
            {
              "batter": "AE Jones",
              "bowler": "Anam Amin",
              "non_striker": "DN Wyatt",
              "runs": {
                "batter": 0,
                "extras": 0,
                "total": 0
              }
            },
            {
              "batter": "AE Jones",
              "bowler": "Anam Amin",
              "non_striker": "DN Wyatt",
              "runs": {
                "batter": 0,
                "extras": 0,
                "total": 0
              }
            },
            {
              "batter": "AE Jones",
              "bowler": "Anam Amin",
              "non_striker": "DN Wyatt",
              "runs": {
                "batter": 4,
                "extras": 0,
                "total": 4
              }
            }
          ]
        },
        {
          "over": 6,
          "deliveries": [
            {
              "batter": "DN Wyatt",
              "bowler": "Syeda Aroob Shah",
              "non_striker": "AE Jones",
              "runs": {
                "batter": 0,
                "extras": 0,
                "total": 0
              }
            },
            {
              "batter": "DN Wyatt",
              "bowler": "Syeda Aroob Shah",
              "non_striker": "AE Jones",
              "runs": {
                "batter": 1,
                "extras": 0,
                "total": 1
              }
            },
            {
              "batter": "AE Jones",
              "bowler": "Syeda Aroob Shah",
              "non_striker": "DN Wyatt",
              "runs": {
                "batter": 0,
                "extras": 0,
                "total": 0
              }
            },
            {
              "batter": "AE Jones",
              "bowler": "Syeda Aroob Shah",
              "non_striker": "DN Wyatt",
              "runs": {
                "batter": 1,
                "extras": 0,
                "total": 1
              }
            },
            {
              "batter": "DN Wyatt",
              "bowler": "Syeda Aroob Shah",
              "non_striker": "AE Jones",
              "runs": {
                "batter": 1,
                "extras": 0,
                "total": 1
              }
            },
            {
              "batter": "AE Jones",
              "bowler": "Syeda Aroob Shah",
              "non_striker": "DN Wyatt",
              "runs": {
                "batter": 1,
                "extras": 0,
                "total": 1
              }
            }
          ]
        },
        {
          "over": 7,
          "deliveries": [
            {
              "batter": "AE Jones",
              "bowler": "Nida Dar",
              "non_striker": "DN Wyatt",
              "runs": {
                "batter": 1,
                "extras": 0,
                "total": 1
              }
            },
            {
              "batter": "DN Wyatt",
              "bowler": "Nida Dar",
              "non_striker": "AE Jones",
              "runs": {
                "batter": 1,
                "extras": 0,
                "total": 1
              }
            },
            {
              "batter": "AE Jones",
              "bowler": "Nida Dar",
              "non_striker": "DN Wyatt",
              "runs": {
                "batter": 1,
                "extras": 0,
                "total": 1
              }
            },
            {
              "batter": "DN Wyatt",
              "bowler": "Nida Dar",
              "non_striker": "AE Jones",
              "runs": {
                "batter": 1,
                "extras": 0,
                "total": 1
              }
            },
            {
              "batter": "AE Jones",
              "bowler": "Nida Dar",
              "non_striker": "DN Wyatt",
              "runs": {
                "batter": 4,
                "extras": 0,
                "total": 4
              }
            },
            {
              "batter": "AE Jones",
              "bowler": "Nida Dar",
              "non_striker": "DN Wyatt",
              "runs": {
                "batter": 4,
                "extras": 0,
                "total": 4
              }
            }
          ]
        },
        {
          "over": 8,
          "deliveries": [
            {
              "batter": "DN Wyatt",
              "bowler": "Syeda Aroob Shah",
              "non_striker": "AE Jones",
              "runs": {
                "batter": 1,
                "extras": 0,
                "total": 1
              }
            },
            {
              "batter": "AE Jones",
              "bowler": "Syeda Aroob Shah",
              "non_striker": "DN Wyatt",
              "runs": {
                "batter": 1,
                "extras": 0,
                "total": 1
              }
            },
            {
              "batter": "DN Wyatt",
              "bowler": "Syeda Aroob Shah",
              "non_striker": "AE Jones",
              "runs": {
                "batter": 4,
                "extras": 0,
                "total": 4
              }
            },
            {
              "batter": "DN Wyatt",
              "bowler": "Syeda Aroob Shah",
              "non_striker": "AE Jones",
              "runs": {
                "batter": 6,
                "extras": 0,
                "total": 6
              }
            },
            {
              "batter": "DN Wyatt",
              "bowler": "Syeda Aroob Shah",
              "non_striker": "AE Jones",
              "runs": {
                "batter": 4,
                "extras": 0,
                "total": 4
              }
            },
            {
              "batter": "DN Wyatt",
              "bowler": "Syeda Aroob Shah",
              "non_striker": "AE Jones",
              "runs": {
                "batter": 1,
                "extras": 0,
                "total": 1
              }
            }
          ]
        },
        {
          "over": 9,
          "deliveries": [
            {
              "batter": "DN Wyatt",
              "bowler": "Bismah Maroof",
              "extras": {
                "noballs": 1
              },
              "non_striker": "AE Jones",
              "runs": {
                "batter": 0,
                "extras": 1,
                "total": 1
              }
            },
            {
              "batter": "DN Wyatt",
              "bowler": "Bismah Maroof",
              "non_striker": "AE Jones",
              "runs": {
                "batter": 1,
                "extras": 0,
                "total": 1
              }
            },
            {
              "batter": "AE Jones",
              "bowler": "Bismah Maroof",
              "non_striker": "DN Wyatt",
              "runs": {
                "batter": 1,
                "extras": 0,
                "total": 1
              }
            },
            {
              "batter": "DN Wyatt",
              "bowler": "Bismah Maroof",
              "non_striker": "AE Jones",
              "runs": {
                "batter": 1,
                "extras": 0,
                "total": 1
              }
            },
            {
              "batter": "AE Jones",
              "bowler": "Bismah Maroof",
              "non_striker": "DN Wyatt",
              "runs": {
                "batter": 2,
                "extras": 0,
                "total": 2
              }
            },
            {
              "batter": "AE Jones",
              "bowler": "Bismah Maroof",
              "non_striker": "DN Wyatt",
              "runs": {
                "batter": 4,
                "extras": 0,
                "total": 4
              }
            },
            {
              "batter": "AE Jones",
              "bowler": "Bismah Maroof",
              "non_striker": "DN Wyatt",
              "runs": {
                "batter": 4,
                "extras": 0,
                "total": 4
              }
            }
          ]
        },
        {
          "over": 10,
          "deliveries": [
            {
              "batter": "DN Wyatt",
              "bowler": "Aliya Riaz",
              "non_striker": "AE Jones",
              "runs": {
                "batter": 4,
                "extras": 0,
                "total": 4
              }
            },
            {
              "batter": "DN Wyatt",
              "bowler": "Aliya Riaz",
              "non_striker": "AE Jones",
              "runs": {
                "batter": 0,
                "extras": 0,
                "total": 0
              }
            },
            {
              "batter": "DN Wyatt",
              "bowler": "Aliya Riaz",
              "non_striker": "AE Jones",
              "runs": {
                "batter": 6,
                "extras": 0,
                "total": 6
              }
            },
            {
              "batter": "DN Wyatt",
              "bowler": "Aliya Riaz",
              "non_striker": "AE Jones",
              "runs": {
                "batter": 0,
                "extras": 0,
                "total": 0
              }
            },
            {
              "batter": "DN Wyatt",
              "bowler": "Aliya Riaz",
              "extras": {
                "legbyes": 4
              },
              "non_striker": "AE Jones",
              "runs": {
                "batter": 0,
                "extras": 4,
                "total": 4
              }
            },
            {
              "batter": "DN Wyatt",
              "bowler": "Aliya Riaz",
              "non_striker": "AE Jones",
              "runs": {
                "batter": 4,
                "extras": 0,
                "total": 4
              }
            }
          ]
        },
        {
          "over": 11,
          "deliveries": [
            {
              "batter": "AE Jones",
              "bowler": "Anam Amin",
              "non_striker": "DN Wyatt",
              "runs": {
                "batter": 1,
                "extras": 0,
                "total": 1
              }
            },
            {
              "batter": "DN Wyatt",
              "bowler": "Anam Amin",
              "non_striker": "AE Jones",
              "runs": {
                "batter": 0,
                "extras": 0,
                "total": 0
              },
              "wickets": [
                {
                  "kind": "caught",
                  "player_out": "DN Wyatt",
                  "fielders": [
                    {
                      "name": "Javeria Khan"
                    }
                  ]
                }
              ]
            },
            {
              "batter": "AE Jones",
              "bowler": "Anam Amin",
              "non_striker": "NR Sciver",
              "runs": {
                "batter": 0,
                "extras": 0,
                "total": 0
              }
            },
            {
              "batter": "AE Jones",
              "bowler": "Anam Amin",
              "non_striker": "NR Sciver",
              "runs": {
                "batter": 1,
                "extras": 0,
                "total": 1
              }
            },
            {
              "batter": "NR Sciver",
              "bowler": "Anam Amin",
              "non_striker": "AE Jones",
              "runs": {
                "batter": 1,
                "extras": 0,
                "total": 1
              }
            },
            {
              "batter": "AE Jones",
              "bowler": "Anam Amin",
              "non_striker": "NR Sciver",
              "runs": {
                "batter": 1,
                "extras": 0,
                "total": 1
              }
            }
          ]
        },
        {
          "over": 12,
          "deliveries": [
            {
              "batter": "AE Jones",
              "bowler": "Syeda Aroob Shah",
              "non_striker": "NR Sciver",
              "runs": {
                "batter": 1,
                "extras": 0,
                "total": 1
              }
            },
            {
              "batter": "NR Sciver",
              "bowler": "Syeda Aroob Shah",
              "non_striker": "AE Jones",
              "runs": {
                "batter": 1,
                "extras": 0,
                "total": 1
              }
            },
            {
              "batter": "NR Sciver",
              "bowler": "Syeda Aroob Shah",
              "non_striker": "AE Jones",
              "runs": {
                "batter": 1,
                "extras": 0,
                "total": 1
              }
            },
            {
              "batter": "AE Jones",
              "bowler": "Syeda Aroob Shah",
              "non_striker": "NR Sciver",
              "runs": {
                "batter": 6,
                "extras": 0,
                "total": 6
              }
            },
            {
              "batter": "AE Jones",
              "bowler": "Syeda Aroob Shah",
              "non_striker": "NR Sciver",
              "runs": {
                "batter": 1,
                "extras": 0,
                "total": 1
              }
            },
            {
              "batter": "NR Sciver",
              "bowler": "Syeda Aroob Shah",
              "non_striker": "AE Jones",
              "runs": {
                "batter": 0,
                "extras": 0,
                "total": 0
              },
              "wickets": [
                {
                  "kind": "bowled",
                  "player_out": "NR Sciver"
                }
              ]
            }
          ]
        },
        {
          "over": 13,
          "deliveries": [
            {
              "batter": "AE Jones",
              "bowler": "Nida Dar",
              "non_striker": "HC Knight",
              "runs": {
                "batter": 1,
                "extras": 0,
                "total": 1
              }
            },
            {
              "batter": "HC Knight",
              "bowler": "Nida Dar",
              "non_striker": "AE Jones",
              "runs": {
                "batter": 1,
                "extras": 0,
                "total": 1
              }
            },
            {
              "batter": "AE Jones",
              "bowler": "Nida Dar",
              "non_striker": "HC Knight",
              "runs": {
                "batter": 4,
                "extras": 0,
                "total": 4
              }
            },
            {
              "batter": "AE Jones",
              "bowler": "Nida Dar",
              "non_striker": "HC Knight",
              "runs": {
                "batter": 1,
                "extras": 0,
                "total": 1
              }
            },
            {
              "batter": "HC Knight",
              "bowler": "Nida Dar",
              "non_striker": "AE Jones",
              "runs": {
                "batter": 1,
                "extras": 0,
                "total": 1
              }
            },
            {
              "batter": "AE Jones",
              "bowler": "Nida Dar",
              "non_striker": "HC Knight",
              "runs": {
                "batter": 0,
                "extras": 0,
                "total": 0
              }
            }
          ]
        },
        {
          "over": 14,
          "deliveries": [
            {
              "batter": "HC Knight",
              "bowler": "Syeda Aroob Shah",
              "non_striker": "AE Jones",
              "runs": {
                "batter": 0,
                "extras": 0,
                "total": 0
              }
            },
            {
              "batter": "HC Knight",
              "bowler": "Syeda Aroob Shah",
              "non_striker": "AE Jones",
              "runs": {
                "batter": 0,
                "extras": 0,
                "total": 0
              }
            },
            {
              "batter": "HC Knight",
              "bowler": "Syeda Aroob Shah",
              "non_striker": "AE Jones",
              "runs": {
                "batter": 0,
                "extras": 0,
                "total": 0
              }
            },
            {
              "batter": "HC Knight",
              "bowler": "Syeda Aroob Shah",
              "non_striker": "AE Jones",
              "runs": {
                "batter": 1,
                "extras": 0,
                "total": 1
              }
            },
            {
              "batter": "AE Jones",
              "bowler": "Syeda Aroob Shah",
              "non_striker": "HC Knight",
              "runs": {
                "batter": 4,
                "extras": 0,
                "total": 4
              }
            },
            {
              "batter": "AE Jones",
              "bowler": "Syeda Aroob Shah",
              "non_striker": "HC Knight",
              "runs": {
                "batter": 1,
                "extras": 0,
                "total": 1
              }
            }
          ]
        },
        {
          "over": 15,
          "deliveries": [
            {
              "batter": "AE Jones",
              "bowler": "Bismah Maroof",
              "non_striker": "HC Knight",
              "runs": {
                "batter": 1,
                "extras": 0,
                "total": 1
              }
            },
            {
              "batter": "HC Knight",
              "bowler": "Bismah Maroof",
              "non_striker": "AE Jones",
              "runs": {
                "batter": 1,
                "extras": 0,
                "total": 1
              }
            },
            {
              "batter": "AE Jones",
              "bowler": "Bismah Maroof",
              "non_striker": "HC Knight",
              "runs": {
                "batter": 6,
                "extras": 0,
                "total": 6
              }
            },
            {
              "batter": "AE Jones",
              "bowler": "Bismah Maroof",
              "non_striker": "HC Knight",
              "runs": {
                "batter": 1,
                "extras": 0,
                "total": 1
              }
            },
            {
              "batter": "HC Knight",
              "bowler": "Bismah Maroof",
              "non_striker": "AE Jones",
              "runs": {
                "batter": 1,
                "extras": 0,
                "total": 1
              }
            },
            {
              "batter": "AE Jones",
              "bowler": "Bismah Maroof",
              "non_striker": "HC Knight",
              "runs": {
                "batter": 1,
                "extras": 0,
                "total": 1
              }
            }
          ]
        },
        {
          "over": 16,
          "deliveries": [
            {
              "batter": "AE Jones",
              "bowler": "Nida Dar",
              "non_striker": "HC Knight",
              "runs": {
                "batter": 1,
                "extras": 0,
                "total": 1
              }
            },
            {
              "batter": "HC Knight",
              "bowler": "Nida Dar",
              "non_striker": "AE Jones",
              "runs": {
                "batter": 2,
                "extras": 0,
                "total": 2
              }
            },
            {
              "batter": "HC Knight",
              "bowler": "Nida Dar",
              "non_striker": "AE Jones",
              "runs": {
                "batter": 0,
                "extras": 0,
                "total": 0
              },
              "wickets": [
                {
                  "kind": "caught",
                  "player_out": "HC Knight",
                  "fielders": [
                    {
                      "name": "Nahida Khan"
                    }
                  ]
                }
              ]
            },
            {
              "batter": "FC Wilson",
              "bowler": "Nida Dar",
              "non_striker": "AE Jones",
              "runs": {
                "batter": 1,
                "extras": 0,
                "total": 1
              }
            },
            {
              "batter": "AE Jones",
              "bowler": "Nida Dar",
              "non_striker": "FC Wilson",
              "runs": {
                "batter": 0,
                "extras": 0,
                "total": 0
              },
              "wickets": [
                {
                  "kind": "bowled",
                  "player_out": "AE Jones"
                }
              ]
            },
            {
              "batter": "KH Brunt",
              "bowler": "Nida Dar",
              "non_striker": "FC Wilson",
              "runs": {
                "batter": 0,
                "extras": 0,
                "total": 0
              }
            }
          ]
        },
        {
          "over": 17,
          "deliveries": [
            {
              "batter": "FC Wilson",
              "bowler": "Bismah Maroof",
              "non_striker": "KH Brunt",
              "runs": {
                "batter": 4,
                "extras": 0,
                "total": 4
              }
            },
            {
              "batter": "FC Wilson",
              "bowler": "Bismah Maroof",
              "non_striker": "KH Brunt",
              "runs": {
                "batter": 1,
                "extras": 0,
                "total": 1
              }
            },
            {
              "batter": "KH Brunt",
              "bowler": "Bismah Maroof",
              "non_striker": "FC Wilson",
              "runs": {
                "batter": 0,
                "extras": 0,
                "total": 0
              }
            },
            {
              "batter": "KH Brunt",
              "bowler": "Bismah Maroof",
              "non_striker": "FC Wilson",
              "runs": {
                "batter": 1,
                "extras": 0,
                "total": 1
              }
            },
            {
              "batter": "FC Wilson",
              "bowler": "Bismah Maroof",
              "non_striker": "KH Brunt",
              "runs": {
                "batter": 1,
                "extras": 0,
                "total": 1
              }
            },
            {
              "batter": "KH Brunt",
              "bowler": "Bismah Maroof",
              "non_striker": "FC Wilson",
              "runs": {
                "batter": 4,
                "extras": 0,
                "total": 4
              }
            }
          ]
        },
        {
          "over": 18,
          "deliveries": [
            {
              "batter": "FC Wilson",
              "bowler": "Diana Baig",
              "non_striker": "KH Brunt",
              "runs": {
                "batter": 0,
                "extras": 0,
                "total": 0
              }
            },
            {
              "batter": "FC Wilson",
              "bowler": "Diana Baig",
              "extras": {
                "wides": 1
              },
              "non_striker": "KH Brunt",
              "runs": {
                "batter": 0,
                "extras": 1,
                "total": 1
              }
            },
            {
              "batter": "FC Wilson",
              "bowler": "Diana Baig",
              "extras": {
                "wides": 1
              },
              "non_striker": "KH Brunt",
              "runs": {
                "batter": 0,
                "extras": 1,
                "total": 1
              }
            },
            {
              "batter": "FC Wilson",
              "bowler": "Diana Baig",
              "non_striker": "KH Brunt",
              "runs": {
                "batter": 0,
                "extras": 0,
                "total": 0
              }
            },
            {
              "batter": "FC Wilson",
              "bowler": "Diana Baig",
              "non_striker": "KH Brunt",
              "runs": {
                "batter": 1,
                "extras": 0,
                "total": 1
              }
            },
            {
              "batter": "KH Brunt",
              "bowler": "Diana Baig",
              "non_striker": "FC Wilson",
              "runs": {
                "batter": 1,
                "extras": 0,
                "total": 1
              }
            },
            {
              "batter": "FC Wilson",
              "bowler": "Diana Baig",
              "non_striker": "KH Brunt",
              "runs": {
                "batter": 1,
                "extras": 0,
                "total": 1
              }
            },
            {
              "batter": "KH Brunt",
              "bowler": "Diana Baig",
              "non_striker": "FC Wilson",
              "runs": {
                "batter": 1,
                "extras": 0,
                "total": 1
              }
            }
          ]
        },
        {
          "over": 19,
          "deliveries": [
            {
              "batter": "KH Brunt",
              "bowler": "Anam Amin",
              "non_striker": "FC Wilson",
              "runs": {
                "batter": 1,
                "extras": 0,
                "total": 1
              }
            },
            {
              "batter": "FC Wilson",
              "bowler": "Anam Amin",
              "non_striker": "KH Brunt",
              "runs": {
                "batter": 1,
                "extras": 0,
                "total": 1
              }
            },
            {
              "batter": "KH Brunt",
              "bowler": "Anam Amin",
              "non_striker": "FC Wilson",
              "runs": {
                "batter": 1,
                "extras": 0,
                "total": 1
              }
            },
            {
              "batter": "FC Wilson",
              "bowler": "Anam Amin",
              "non_striker": "KH Brunt",
              "runs": {
                "batter": 2,
                "extras": 0,
                "total": 2
              }
            },
            {
              "batter": "FC Wilson",
              "bowler": "Anam Amin",
              "non_striker": "KH Brunt",
              "runs": {
                "batter": 0,
                "extras": 0,
                "total": 0
              },
              "wickets": [
                {
                  "kind": "caught",
                  "player_out": "FC Wilson",
                  "fielders": [
                    {
                      "name": "Umaima Sohail"
                    }
                  ]
                }
              ]
            },
            {
              "batter": "KH Brunt",
              "bowler": "Anam Amin",
              "non_striker": "TT Beaumont",
              "runs": {
                "batter": 1,
                "extras": 0,
                "total": 1
              }
            }
          ]
        }
      ],
      "powerplays": [
        {
          "from": 0.1,
          "to": 5.6,
          "type": "mandatory"
        }
      ]
    },
    {
      "team": "Pakistan",
      "overs": [
        {
          "over": 0,
          "deliveries": [
            {
              "batter": "Nahida Khan",
              "bowler": "KH Brunt",
              "non_striker": "Javeria Khan",
              "runs": {
                "batter": 0,
                "extras": 0,
                "total": 0
              }
            },
            {
              "batter": "Nahida Khan",
              "bowler": "KH Brunt",
              "non_striker": "Javeria Khan",
              "runs": {
                "batter": 0,
                "extras": 0,
                "total": 0
              }
            },
            {
              "batter": "Nahida Khan",
              "bowler": "KH Brunt",
              "non_striker": "Javeria Khan",
              "runs": {
                "batter": 6,
                "extras": 0,
                "total": 6
              }
            },
            {
              "batter": "Nahida Khan",
              "bowler": "KH Brunt",
              "non_striker": "Javeria Khan",
              "runs": {
                "batter": 0,
                "extras": 0,
                "total": 0
              }
            },
            {
              "batter": "Nahida Khan",
              "bowler": "KH Brunt",
              "non_striker": "Javeria Khan",
              "runs": {
                "batter": 0,
                "extras": 0,
                "total": 0
              }
            },
            {
              "batter": "Nahida Khan",
              "bowler": "KH Brunt",
              "non_striker": "Javeria Khan",
              "runs": {
                "batter": 1,
                "extras": 0,
                "total": 1
              }
            }
          ]
        },
        {
          "over": 1,
          "deliveries": [
            {
              "batter": "Nahida Khan",
              "bowler": "NR Sciver",
              "non_striker": "Javeria Khan",
              "runs": {
                "batter": 0,
                "extras": 0,
                "total": 0
              },
              "wickets": [
                {
                  "kind": "caught",
                  "player_out": "Nahida Khan",
                  "fielders": [
                    {
                      "name": "KH Brunt"
                    }
                  ]
                }
              ]
            },
            {
              "batter": "Javeria Khan",
              "bowler": "NR Sciver",
              "non_striker": "Bismah Maroof",
              "runs": {
                "batter": 1,
                "extras": 0,
                "total": 1
              }
            },
            {
              "batter": "Bismah Maroof",
              "bowler": "NR Sciver",
              "non_striker": "Javeria Khan",
              "runs": {
                "batter": 1,
                "extras": 0,
                "total": 1
              }
            },
            {
              "batter": "Javeria Khan",
              "bowler": "NR Sciver",
              "non_striker": "Bismah Maroof",
              "runs": {
                "batter": 0,
                "extras": 0,
                "total": 0
              }
            },
            {
              "batter": "Javeria Khan",
              "bowler": "NR Sciver",
              "non_striker": "Bismah Maroof",
              "runs": {
                "batter": 0,
                "extras": 0,
                "total": 0
              }
            },
            {
              "batter": "Javeria Khan",
              "bowler": "NR Sciver",
              "non_striker": "Bismah Maroof",
              "runs": {
                "batter": 0,
                "extras": 0,
                "total": 0
              }
            }
          ]
        },
        {
          "over": 2,
          "deliveries": [
            {
              "batter": "Bismah Maroof",
              "bowler": "KH Brunt",
              "non_striker": "Javeria Khan",
              "runs": {
                "batter": 1,
                "extras": 0,
                "total": 1
              }
            },
            {
              "batter": "Javeria Khan",
              "bowler": "KH Brunt",
              "non_striker": "Bismah Maroof",
              "runs": {
                "batter": 4,
                "extras": 0,
                "total": 4
              }
            },
            {
              "batter": "Javeria Khan",
              "bowler": "KH Brunt",
              "non_striker": "Bismah Maroof",
              "runs": {
                "batter": 0,
                "extras": 0,
                "total": 0
              }
            },
            {
              "batter": "Javeria Khan",
              "bowler": "KH Brunt",
              "non_striker": "Bismah Maroof",
              "runs": {
                "batter": 1,
                "extras": 0,
                "total": 1
              }
            },
            {
              "batter": "Bismah Maroof",
              "bowler": "KH Brunt",
              "non_striker": "Javeria Khan",
              "runs": {
                "batter": 1,
                "extras": 0,
                "total": 1
              }
            },
            {
              "batter": "Javeria Khan",
              "bowler": "KH Brunt",
              "non_striker": "Bismah Maroof",
              "runs": {
                "batter": 2,
                "extras": 0,
                "total": 2
              }
            }
          ]
        },
        {
          "over": 3,
          "deliveries": [
            {
              "batter": "Bismah Maroof",
              "bowler": "FR Davies",
              "non_striker": "Javeria Khan",
              "runs": {
                "batter": 4,
                "extras": 0,
                "total": 4
              }
            },
            {
              "batter": "Bismah Maroof",
              "bowler": "FR Davies",
              "non_striker": "Javeria Khan",
              "runs": {
                "batter": 0,
                "extras": 0,
                "total": 0
              }
            },
            {
              "batter": "Bismah Maroof",
              "bowler": "FR Davies",
              "non_striker": "Javeria Khan",
              "runs": {
                "batter": 0,
                "extras": 0,
                "total": 0
              }
            },
            {
              "batter": "Bismah Maroof",
              "bowler": "FR Davies",
              "non_striker": "Javeria Khan",
              "runs": {
                "batter": 1,
                "extras": 0,
                "total": 1
              }
            },
            {
              "batter": "Javeria Khan",
              "bowler": "FR Davies",
              "non_striker": "Bismah Maroof",
              "runs": {
                "batter": 0,
                "extras": 0,
                "total": 0
              }
            },
            {
              "batter": "Javeria Khan",
              "bowler": "FR Davies",
              "non_striker": "Bismah Maroof",
              "runs": {
                "batter": 0,
                "extras": 0,
                "total": 0
              }
            }
          ]
        },
        {
          "over": 4,
          "deliveries": [
            {
              "batter": "Bismah Maroof",
              "bowler": "S Ecclestone",
              "non_striker": "Javeria Khan",
              "runs": {
                "batter": 1,
                "extras": 0,
                "total": 1
              }
            },
            {
              "batter": "Javeria Khan",
              "bowler": "S Ecclestone",
              "non_striker": "Bismah Maroof",
              "runs": {
                "batter": 1,
                "extras": 0,
                "total": 1
              }
            },
            {
              "batter": "Bismah Maroof",
              "bowler": "S Ecclestone",
              "non_striker": "Javeria Khan",
              "runs": {
                "batter": 0,
                "extras": 0,
                "total": 0
              },
              "wickets": [
                {
                  "kind": "caught",
                  "player_out": "Bismah Maroof",
                  "fielders": [
                    {
                      "name": "DN Wyatt"
                    }
                  ]
                }
              ]
            },
            {
              "batter": "Umaima Sohail",
              "bowler": "S Ecclestone",
              "non_striker": "Javeria Khan",
              "runs": {
                "batter": 0,
                "extras": 0,
                "total": 0
              }
            },
            {
              "batter": "Umaima Sohail",
              "bowler": "S Ecclestone",
              "non_striker": "Javeria Khan",
              "runs": {
                "batter": 0,
                "extras": 0,
                "total": 0
              }
            },
            {
              "batter": "Umaima Sohail",
              "bowler": "S Ecclestone",
              "non_striker": "Javeria Khan",
              "runs": {
                "batter": 1,
                "extras": 0,
                "total": 1
              }
            }
          ]
        },
        {
          "over": 5,
          "deliveries": [
            {
              "batter": "Umaima Sohail",
              "bowler": "FR Davies",
              "non_striker": "Javeria Khan",
              "runs": {
                "batter": 0,
                "extras": 0,
                "total": 0
              }
            },
            {
              "batter": "Umaima Sohail",
              "bowler": "FR Davies",
              "non_striker": "Javeria Khan",
              "runs": {
                "batter": 4,
                "extras": 0,
                "total": 4
              }
            },
            {
              "batter": "Umaima Sohail",
              "bowler": "FR Davies",
              "non_striker": "Javeria Khan",
              "runs": {
                "batter": 0,
                "extras": 0,
                "total": 0
              },
              "wickets": [
                {
                  "kind": "caught",
                  "player_out": "Umaima Sohail",
                  "fielders": [
                    {
                      "name": "DN Wyatt"
                    }
                  ]
                }
              ]
            },
            {
              "batter": "Iram Javed",
              "bowler": "FR Davies",
              "non_striker": "Javeria Khan",
              "runs": {
                "batter": 0,
                "extras": 0,
                "total": 0
              }
            },
            {
              "batter": "Iram Javed",
              "bowler": "FR Davies",
              "non_striker": "Javeria Khan",
              "runs": {
                "batter": 1,
                "extras": 0,
                "total": 1
              }
            },
            {
              "batter": "Javeria Khan",
              "bowler": "FR Davies",
              "non_striker": "Iram Javed",
              "runs": {
                "batter": 0,
                "extras": 0,
                "total": 0
              }
            }
          ]
        },
        {
          "over": 6,
          "deliveries": [
            {
              "batter": "Iram Javed",
              "bowler": "MK Villiers",
              "non_striker": "Javeria Khan",
              "runs": {
                "batter": 0,
                "extras": 0,
                "total": 0
              }
            },
            {
              "batter": "Iram Javed",
              "bowler": "MK Villiers",
              "non_striker": "Javeria Khan",
              "runs": {
                "batter": 0,
                "extras": 0,
                "total": 0
              }
            },
            {
              "batter": "Iram Javed",
              "bowler": "MK Villiers",
              "non_striker": "Javeria Khan",
              "runs": {
                "batter": 0,
                "extras": 0,
                "total": 0
              }
            },
            {
              "batter": "Iram Javed",
              "bowler": "MK Villiers",
              "non_striker": "Javeria Khan",
              "runs": {
                "batter": 0,
                "extras": 0,
                "total": 0
              }
            },
            {
              "batter": "Iram Javed",
              "bowler": "MK Villiers",
              "non_striker": "Javeria Khan",
              "runs": {
                "batter": 0,
                "extras": 0,
                "total": 0
              }
            },
            {
              "batter": "Iram Javed",
              "bowler": "MK Villiers",
              "non_striker": "Javeria Khan",
              "runs": {
                "batter": 0,
                "extras": 0,
                "total": 0
              }
            }
          ]
        },
        {
          "over": 7,
          "deliveries": [
            {
              "batter": "Javeria Khan",
              "bowler": "S Glenn",
              "non_striker": "Iram Javed",
              "runs": {
                "batter": 1,
                "extras": 0,
                "total": 1
              }
            },
            {
              "batter": "Iram Javed",
              "bowler": "S Glenn",
              "non_striker": "Javeria Khan",
              "runs": {
                "batter": 6,
                "extras": 0,
                "total": 6
              }
            },
            {
              "batter": "Iram Javed",
              "bowler": "S Glenn",
              "non_striker": "Javeria Khan",
              "runs": {
                "batter": 1,
                "extras": 0,
                "total": 1
              }
            },
            {
              "batter": "Javeria Khan",
              "bowler": "S Glenn",
              "non_striker": "Iram Javed",
              "runs": {
                "batter": 0,
                "extras": 0,
                "total": 0
              }
            },
            {
              "batter": "Javeria Khan",
              "bowler": "S Glenn",
              "non_striker": "Iram Javed",
              "runs": {
                "batter": 0,
                "extras": 0,
                "total": 0
              }
            },
            {
              "batter": "Javeria Khan",
              "bowler": "S Glenn",
              "non_striker": "Iram Javed",
              "runs": {
                "batter": 0,
                "extras": 0,
                "total": 0
              },
              "wickets": [
                {
                  "kind": "caught",
                  "player_out": "Javeria Khan",
                  "fielders": [
                    {
                      "name": "KH Brunt"
                    }
                  ]
                }
              ]
            }
          ]
        },
        {
          "over": 8,
          "deliveries": [
            {
              "batter": "Nida Dar",
              "bowler": "MK Villiers",
              "non_striker": "Iram Javed",
              "runs": {
                "batter": 0,
                "extras": 0,
                "total": 0
              }
            },
            {
              "batter": "Nida Dar",
              "bowler": "MK Villiers",
              "non_striker": "Iram Javed",
              "runs": {
                "batter": 0,
                "extras": 0,
                "total": 0
              },
              "wickets": [
                {
                  "kind": "caught",
                  "player_out": "Nida Dar",
                  "fielders": [
                    {
                      "name": "S Ecclestone"
                    }
                  ]
                }
              ]
            },
            {
              "batter": "Iram Javed",
              "bowler": "MK Villiers",
              "non_striker": "Aliya Riaz",
              "runs": {
                "batter": 0,
                "extras": 0,
                "total": 0
              }
            },
            {
              "batter": "Iram Javed",
              "bowler": "MK Villiers",
              "non_striker": "Aliya Riaz",
              "runs": {
                "batter": 4,
                "extras": 0,
                "total": 4
              }
            },
            {
              "batter": "Iram Javed",
              "bowler": "MK Villiers",
              "non_striker": "Aliya Riaz",
              "runs": {
                "batter": 0,
                "extras": 0,
                "total": 0
              }
            },
            {
              "batter": "Iram Javed",
              "bowler": "MK Villiers",
              "non_striker": "Aliya Riaz",
              "runs": {
                "batter": 1,
                "extras": 0,
                "total": 1
              }
            }
          ]
        },
        {
          "over": 9,
          "deliveries": [
            {
              "batter": "Iram Javed",
              "bowler": "S Glenn",
              "extras": {
                "wides": 1
              },
              "non_striker": "Aliya Riaz",
              "runs": {
                "batter": 0,
                "extras": 1,
                "total": 1
              }
            },
            {
              "batter": "Iram Javed",
              "bowler": "S Glenn",
              "non_striker": "Aliya Riaz",
              "runs": {
                "batter": 1,
                "extras": 0,
                "total": 1
              }
            },
            {
              "batter": "Aliya Riaz",
              "bowler": "S Glenn",
              "non_striker": "Iram Javed",
              "runs": {
                "batter": 0,
                "extras": 0,
                "total": 0
              }
            },
            {
              "batter": "Aliya Riaz",
              "bowler": "S Glenn",
              "non_striker": "Iram Javed",
              "runs": {
                "batter": 0,
                "extras": 0,
                "total": 0
              }
            },
            {
              "batter": "Aliya Riaz",
              "bowler": "S Glenn",
              "non_striker": "Iram Javed",
              "runs": {
                "batter": 4,
                "extras": 0,
                "total": 4
              }
            },
            {
              "batter": "Aliya Riaz",
              "bowler": "S Glenn",
              "non_striker": "Iram Javed",
              "runs": {
                "batter": 0,
                "extras": 0,
                "total": 0
              }
            },
            {
              "batter": "Aliya Riaz",
              "bowler": "S Glenn",
              "non_striker": "Iram Javed",
              "runs": {
                "batter": 1,
                "extras": 0,
                "total": 1
              }
            }
          ]
        },
        {
          "over": 10,
          "deliveries": [
            {
              "batter": "Aliya Riaz",
              "bowler": "MK Villiers",
              "non_striker": "Iram Javed",
              "runs": {
                "batter": 0,
                "extras": 0,
                "total": 0
              }
            },
            {
              "batter": "Aliya Riaz",
              "bowler": "MK Villiers",
              "non_striker": "Iram Javed",
              "runs": {
                "batter": 0,
                "extras": 0,
                "total": 0
              }
            },
            {
              "batter": "Aliya Riaz",
              "bowler": "MK Villiers",
              "non_striker": "Iram Javed",
              "runs": {
                "batter": 0,
                "extras": 0,
                "total": 0
              }
            },
            {
              "batter": "Aliya Riaz",
              "bowler": "MK Villiers",
              "non_striker": "Iram Javed",
              "runs": {
                "batter": 1,
                "extras": 0,
                "total": 1
              }
            },
            {
              "batter": "Iram Javed",
              "bowler": "MK Villiers",
              "non_striker": "Aliya Riaz",
              "runs": {
                "batter": 0,
                "extras": 0,
                "total": 0
              }
            },
            {
              "batter": "Iram Javed",
              "bowler": "MK Villiers",
              "non_striker": "Aliya Riaz",
              "runs": {
                "batter": 0,
                "extras": 0,
                "total": 0
              }
            }
          ]
        },
        {
          "over": 11,
          "deliveries": [
            {
              "batter": "Aliya Riaz",
              "bowler": "NR Sciver",
              "non_striker": "Iram Javed",
              "runs": {
                "batter": 0,
                "extras": 0,
                "total": 0
              }
            },
            {
              "batter": "Aliya Riaz",
              "bowler": "NR Sciver",
              "non_striker": "Iram Javed",
              "runs": {
                "batter": 0,
                "extras": 0,
                "total": 0
              }
            },
            {
              "batter": "Aliya Riaz",
              "bowler": "NR Sciver",
              "non_striker": "Iram Javed",
              "runs": {
                "batter": 0,
                "extras": 0,
                "total": 0
              }
            },
            {
              "batter": "Aliya Riaz",
              "bowler": "NR Sciver",
              "non_striker": "Iram Javed",
              "runs": {
                "batter": 0,
                "extras": 0,
                "total": 0
              }
            },
            {
              "batter": "Aliya Riaz",
              "bowler": "NR Sciver",
              "non_striker": "Iram Javed",
              "runs": {
                "batter": 0,
                "extras": 0,
                "total": 0
              }
            },
            {
              "batter": "Aliya Riaz",
              "bowler": "NR Sciver",
              "non_striker": "Iram Javed",
              "runs": {
                "batter": 0,
                "extras": 0,
                "total": 0
              }
            }
          ]
        },
        {
          "over": 12,
          "deliveries": [
            {
              "batter": "Iram Javed",
              "bowler": "S Ecclestone",
              "non_striker": "Aliya Riaz",
              "runs": {
                "batter": 0,
                "extras": 0,
                "total": 0
              }
            },
            {
              "batter": "Iram Javed",
              "bowler": "S Ecclestone",
              "non_striker": "Aliya Riaz",
              "runs": {
                "batter": 0,
                "extras": 0,
                "total": 0
              }
            },
            {
              "batter": "Iram Javed",
              "bowler": "S Ecclestone",
              "non_striker": "Aliya Riaz",
              "runs": {
                "batter": 0,
                "extras": 0,
                "total": 0
              }
            },
            {
              "batter": "Iram Javed",
              "bowler": "S Ecclestone",
              "non_striker": "Aliya Riaz",
              "runs": {
                "batter": 0,
                "extras": 0,
                "total": 0
              }
            },
            {
              "batter": "Iram Javed",
              "bowler": "S Ecclestone",
              "non_striker": "Aliya Riaz",
              "runs": {
                "batter": 0,
                "extras": 0,
                "total": 0
              }
            },
            {
              "batter": "Iram Javed",
              "bowler": "S Ecclestone",
              "non_striker": "Aliya Riaz",
              "runs": {
                "batter": 0,
                "extras": 0,
                "total": 0
              }
            }
          ]
        },
        {
          "over": 13,
          "deliveries": [
            {
              "batter": "Aliya Riaz",
              "bowler": "NR Sciver",
              "non_striker": "Iram Javed",
              "runs": {
                "batter": 0,
                "extras": 0,
                "total": 0
              }
            },
            {
              "batter": "Aliya Riaz",
              "bowler": "NR Sciver",
              "non_striker": "Iram Javed",
              "runs": {
                "batter": 0,
                "extras": 0,
                "total": 0
              }
            },
            {
              "batter": "Aliya Riaz",
              "bowler": "NR Sciver",
              "non_striker": "Iram Javed",
              "runs": {
                "batter": 0,
                "extras": 0,
                "total": 0
              }
            },
            {
              "batter": "Aliya Riaz",
              "bowler": "NR Sciver",
              "non_striker": "Iram Javed",
              "runs": {
                "batter": 6,
                "extras": 0,
                "total": 6
              }
            },
            {
              "batter": "Aliya Riaz",
              "bowler": "NR Sciver",
              "non_striker": "Iram Javed",
              "runs": {
                "batter": 4,
                "extras": 0,
                "total": 4
              }
            },
            {
              "batter": "Aliya Riaz",
              "bowler": "NR Sciver",
              "extras": {
                "legbyes": 1
              },
              "non_striker": "Iram Javed",
              "runs": {
                "batter": 0,
                "extras": 1,
                "total": 1
              }
            }
          ]
        },
        {
          "over": 14,
          "deliveries": [
            {
              "batter": "Aliya Riaz",
              "bowler": "S Ecclestone",
              "non_striker": "Iram Javed",
              "runs": {
                "batter": 0,
                "extras": 0,
                "total": 0
              },
              "wickets": [
                {
                  "kind": "lbw",
                  "player_out": "Aliya Riaz"
                }
              ]
            },
            {
              "batter": "Sidra Nawaz",
              "bowler": "S Ecclestone",
              "non_striker": "Iram Javed",
              "runs": {
                "batter": 0,
                "extras": 0,
                "total": 0
              }
            },
            {
              "batter": "Sidra Nawaz",
              "bowler": "S Ecclestone",
              "non_striker": "Iram Javed",
              "runs": {
                "batter": 1,
                "extras": 0,
                "total": 1
              }
            },
            {
              "batter": "Iram Javed",
              "bowler": "S Ecclestone",
              "non_striker": "Sidra Nawaz",
              "runs": {
                "batter": 1,
                "extras": 0,
                "total": 1
              }
            },
            {
              "batter": "Sidra Nawaz",
              "bowler": "S Ecclestone",
              "non_striker": "Iram Javed",
              "runs": {
                "batter": 0,
                "extras": 0,
                "total": 0
              }
            },
            {
              "batter": "Sidra Nawaz",
              "bowler": "S Ecclestone",
              "non_striker": "Iram Javed",
              "runs": {
                "batter": 0,
                "extras": 0,
                "total": 0
              }
            }
          ]
        },
        {
          "over": 15,
          "deliveries": [
            {
              "batter": "Iram Javed",
              "bowler": "FR Davies",
              "non_striker": "Sidra Nawaz",
              "runs": {
                "batter": 6,
                "extras": 0,
                "total": 6
              }
            },
            {
              "batter": "Iram Javed",
              "bowler": "FR Davies",
              "non_striker": "Sidra Nawaz",
              "runs": {
                "batter": 0,
                "extras": 0,
                "total": 0
              }
            },
            {
              "batter": "Iram Javed",
              "bowler": "FR Davies",
              "non_striker": "Sidra Nawaz",
              "runs": {
                "batter": 0,
                "extras": 0,
                "total": 0
              }
            },
            {
              "batter": "Iram Javed",
              "bowler": "FR Davies",
              "non_striker": "Sidra Nawaz",
              "runs": {
                "batter": 1,
                "extras": 0,
                "total": 1
              }
            },
            {
              "batter": "Sidra Nawaz",
              "bowler": "FR Davies",
              "non_striker": "Iram Javed",
              "runs": {
                "batter": 6,
                "extras": 0,
                "total": 6
              }
            },
            {
              "batter": "Sidra Nawaz",
              "bowler": "FR Davies",
              "extras": {
                "wides": 2
              },
              "non_striker": "Iram Javed",
              "runs": {
                "batter": 0,
                "extras": 2,
                "total": 2
              }
            },
            {
              "batter": "Iram Javed",
              "bowler": "FR Davies",
              "non_striker": "Sidra Nawaz",
              "runs": {
                "batter": 1,
                "extras": 0,
                "total": 1
              }
            }
          ]
        },
        {
          "over": 16,
          "deliveries": [
            {
              "batter": "Iram Javed",
              "bowler": "MK Villiers",
              "non_striker": "Sidra Nawaz",
              "runs": {
                "batter": 6,
                "extras": 0,
                "total": 6
              }
            },
            {
              "batter": "Iram Javed",
              "bowler": "MK Villiers",
              "non_striker": "Sidra Nawaz",
              "runs": {
                "batter": 1,
                "extras": 0,
                "total": 1
              }
            },
            {
              "batter": "Sidra Nawaz",
              "bowler": "MK Villiers",
              "non_striker": "Iram Javed",
              "runs": {
                "batter": 0,
                "extras": 0,
                "total": 0
              }
            },
            {
              "batter": "Sidra Nawaz",
              "bowler": "MK Villiers",
              "non_striker": "Iram Javed",
              "runs": {
                "batter": 0,
                "extras": 0,
                "total": 0
              },
              "wickets": [
                {
                  "kind": "caught",
                  "player_out": "Sidra Nawaz",
                  "fielders": [
                    {
                      "name": "S Ecclestone"
                    }
                  ]
                }
              ]
            },
            {
              "batter": "Iram Javed",
              "bowler": "MK Villiers",
              "non_striker": "Diana Baig",
              "runs": {
                "batter": 2,
                "extras": 0,
                "total": 2
              }
            },
            {
              "batter": "Iram Javed",
              "bowler": "MK Villiers",
              "non_striker": "Diana Baig",
              "runs": {
                "batter": 6,
                "extras": 0,
                "total": 6
              }
            }
          ]
        },
        {
          "over": 17,
          "deliveries": [
            {
              "batter": "Diana Baig",
              "bowler": "KH Brunt",
              "non_striker": "Iram Javed",
              "runs": {
                "batter": 0,
                "extras": 0,
                "total": 0
              }
            },
            {
              "batter": "Diana Baig",
              "bowler": "KH Brunt",
              "non_striker": "Iram Javed",
              "runs": {
                "batter": 0,
                "extras": 0,
                "total": 0
              },
              "wickets": [
                {
                  "kind": "lbw",
                  "player_out": "Diana Baig"
                }
              ]
            },
            {
              "batter": "Syeda Aroob Shah",
              "bowler": "KH Brunt",
              "non_striker": "Iram Javed",
              "runs": {
                "batter": 1,
                "extras": 0,
                "total": 1
              }
            },
            {
              "batter": "Iram Javed",
              "bowler": "KH Brunt",
              "non_striker": "Syeda Aroob Shah",
              "runs": {
                "batter": 0,
                "extras": 0,
                "total": 0
              }
            },
            {
              "batter": "Iram Javed",
              "bowler": "KH Brunt",
              "non_striker": "Syeda Aroob Shah",
              "runs": {
                "batter": 0,
                "extras": 0,
                "total": 0
              },
              "wickets": [
                {
                  "kind": "caught",
                  "player_out": "Iram Javed",
                  "fielders": [
                    {
                      "name": "AE Jones"
                    }
                  ]
                }
              ]
            },
            {
              "batter": "Anam Amin",
              "bowler": "KH Brunt",
              "non_striker": "Syeda Aroob Shah",
              "runs": {
                "batter": 0,
                "extras": 0,
                "total": 0
              }
            }
          ]
        },
        {
          "over": 18,
          "deliveries": [
            {
              "batter": "Syeda Aroob Shah",
              "bowler": "S Glenn",
              "non_striker": "Anam Amin",
              "runs": {
                "batter": 0,
                "extras": 0,
                "total": 0
              }
            },
            {
              "batter": "Syeda Aroob Shah",
              "bowler": "S Glenn",
              "non_striker": "Anam Amin",
              "runs": {
                "batter": 0,
                "extras": 0,
                "total": 0
              }
            },
            {
              "batter": "Syeda Aroob Shah",
              "bowler": "S Glenn",
              "non_striker": "Anam Amin",
              "runs": {
                "batter": 1,
                "extras": 0,
                "total": 1
              }
            },
            {
              "batter": "Anam Amin",
              "bowler": "S Glenn",
              "non_striker": "Syeda Aroob Shah",
              "runs": {
                "batter": 1,
                "extras": 0,
                "total": 1
              }
            },
            {
              "batter": "Syeda Aroob Shah",
              "bowler": "S Glenn",
              "non_striker": "Anam Amin",
              "runs": {
                "batter": 0,
                "extras": 0,
                "total": 0
              }
            },
            {
              "batter": "Syeda Aroob Shah",
              "bowler": "S Glenn",
              "non_striker": "Anam Amin",
              "runs": {
                "batter": 0,
                "extras": 0,
                "total": 0
              }
            }
          ]
        },
        {
          "over": 19,
          "deliveries": [
            {
              "batter": "Anam Amin",
              "bowler": "KH Brunt",
              "non_striker": "Syeda Aroob Shah",
              "runs": {
                "batter": 0,
                "extras": 0,
                "total": 0
              }
            },
            {
              "batter": "Anam Amin",
              "bowler": "KH Brunt",
              "non_striker": "Syeda Aroob Shah",
              "runs": {
                "batter": 1,
                "extras": 0,
                "total": 1
              }
            },
            {
              "batter": "Syeda Aroob Shah",
              "bowler": "KH Brunt",
              "non_striker": "Anam Amin",
              "runs": {
                "batter": 0,
                "extras": 0,
                "total": 0
              }
            },
            {
              "batter": "Syeda Aroob Shah",
              "bowler": "KH Brunt",
              "non_striker": "Anam Amin",
              "runs": {
                "batter": 0,
                "extras": 0,
                "total": 0
              }
            },
            {
              "batter": "Syeda Aroob Shah",
              "bowler": "KH Brunt",
              "non_striker": "Anam Amin",
              "runs": {
                "batter": 0,
                "extras": 0,
                "total": 0
              }
            },
            {
              "batter": "Syeda Aroob Shah",
              "bowler": "KH Brunt",
              "non_striker": "Anam Amin",
              "runs": {
                "batter": 1,
                "extras": 0,
                "total": 1
              }
            }
          ]
        }
      ],
      "powerplays": [
        {
          "from": 0.1,
          "to": 5.6,
          "type": "mandatory"
        }
      ],
      "target": {
        "overs": 20,
        "runs": 186
      }
    }
  ]
}