{
  "meta": {
    "data_version": "1.0.0",
    "created": "2019-12-17",
    "revision": 1
  },
  "info": {
    "balls_per_over": 6,
    "city": "Pokhara",
    "dates": [
      "2019-12-07"
    ],
    "event": {
      "name": "South Asian Games Women's Cricket Competition",
      "stage": "3rd Place Play-Off"
    },
    "gender": "female",
    "match_type": "T20",
    "match_type_number": 810,
    "officials": {
      "match_referees": [
        "Manohar Adhikari"
      ],
      "reserve_umpires": [
        "Manmohan Lamsal"
      ],
      "umpires": [
        "Manjul Bhattarai",
        "Hiralal Raut"
      ]
    },
    "outcome": {
      "winner": "Nepal",
      "by": {
        "wickets": 10
      }
    },
    "overs": 20,
    "player_of_match": [
      "Anjali Chand"
    ],
    "players": {
      "Maldives": [
        "Aima Aishath",
        "Hamza Niyaz",
        "Sumayya Abdul",
        "Hafsaa Abdhulla",
        "Zoona Mariyam",
        "Eashal Ibrahim",
        "Sajaa Fathimath",
        "Latsha Haleemath",
        "Kinaanath Ismail",
        "Maaha Naseer",
        "Shamma Ali"
      ],
      "Nepal": [
        "K Shrestha",
        "Roma Thapa",
        "I Barma",
        "RC Belbashi",
        "S Khadka",
        "Apsari Begam",
        "Karuna Bhandari",
        "S Khatiwada",
        "K Kunwar",
        "Anjali Chand",
        "SR Magar"
      ]
    },
    "registry": {
      "people": {
        "Aima Aishath": "62aa10d7",
        "Anjali Chand": "e15d9f04",
        "Apsari Begam": "eb765b41",
        "Eashal Ibrahim": "06be92a7",
        "Hafsaa Abdhulla": "7fa1e4a2",
        "Hamza Niyaz": "6795e49f",
        "Hiralal Raut": "f9e21b08",
        "I Barma": "521abce2",
        "K Kunwar": "97e6e41a",
        "K Shrestha": "119de50f",
        "Karuna Bhandari": "c68fc575",
        "Kinaanath Ismail": "e9ead9c3",
        "Latsha Haleemath": "2d99b12e",
        "Maaha Naseer": "f8809f92",
        "Manjul Bhattarai": "4f408a79",
        "Manmohan Lamsal": "6dc32900",
        "Manohar Adhikari": "f1194524",
        "RC Belbashi": "dfdaca74",
        "Roma Thapa": "05d9faac",
        "S Khadka": "c96e51ba",
        "S Khatiwada": "7b5250ed",
        "SR Magar": "61c22ad0",
        "Sajaa Fathimath": "e793a951",
        "Shamma Ali": "012bd3f6",
        "Sumayya Abdul": "a521ba3e",
        "Zoona Mariyam": "f19bcd5b"
      }
    },
    "season": "2019/20",
    "team_type": "international",
    "teams": [
      "Nepal",
      "Maldives"
    ],
    "toss": {
      "decision": "bat",
      "winner": "Maldives"
    },
    "venue": "Pokhara Rangasala"
  },
  "innings": [
    {
      "team": "Maldives",
      "overs": [
        {
          "over": 0,
          "deliveries": [
            {
              "batter": "Aima Aishath",
              "bowler": "K Kunwar",
              "extras": {
                "wides": 1
              },
              "non_striker": "Hamza Niyaz",
              "runs": {
                "batter": 0,
                "extras": 1,
                "total": 1
              }
            },
            {
              "batter": "Aima Aishath",
              "bowler": "K Kunwar",
              "non_striker": "Hamza Niyaz",
              "runs": {
                "batter": 0,
                "extras": 0,
                "total": 0
              }
            },
            {
              "batter": "Aima Aishath",
              "bowler": "K Kunwar",
              "non_striker": "Hamza Niyaz",
              "runs": {
                "batter": 0,
                "extras": 0,
                "total": 0
              }
            },
            {
              "batter": "Aima Aishath",
              "bowler": "K Kunwar",
              "non_striker": "Hamza Niyaz",
              "runs": {
                "batter": 0,
                "extras": 0,
                "total": 0
              }
            },
            {
              "batter": "Aima Aishath",
              "bowler": "K Kunwar",
              "non_striker": "Hamza Niyaz",
              "runs": {
                "batter": 0,
                "extras": 0,
                "total": 0
              }
            },
            {
              "batter": "Aima Aishath",
              "bowler": "K Kunwar",
              "non_striker": "Hamza Niyaz",
              "runs": {
                "batter": 0,
                "extras": 0,
                "total": 0
              }
            },
            {
              "batter": "Aima Aishath",
              "bowler": "K Kunwar",
              "extras": {
                "wides": 5
              },
              "non_striker": "Hamza Niyaz",
              "runs": {
                "batter": 0,
                "extras": 5,
                "total": 5
              }
            },
            {
              "batter": "Aima Aishath",
              "bowler": "K Kunwar",
              "non_striker": "Hamza Niyaz",
              "runs": {
                "batter": 0,
                "extras": 0,
                "total": 0
              }
            }
          ]
        },
        {
          "over": 1,
          "deliveries": [
            {
              "batter": "Hamza Niyaz",
              "bowler": "Anjali Chand",
              "non_striker": "Aima Aishath",
              "runs": {
                "batter": 0,
                "extras": 0,
                "total": 0
              }
            },
            {
              "batter": "Hamza Niyaz",
              "bowler": "Anjali Chand",
              "non_striker": "Aima Aishath",
              "runs": {
                "batter": 0,
                "extras": 0,
                "total": 0
              }
            },
            {
              "batter": "Hamza Niyaz",
              "bowler": "Anjali Chand",
              "non_striker": "Aima Aishath",
              "runs": {
                "batter": 0,
                "extras": 0,
                "total": 0
              },
              "wickets": [
                {
                  "kind": "bowled",
                  "player_out": "Hamza Niyaz"
                }
              ]
            },
            {
              "batter": "Sumayya Abdul",
              "bowler": "Anjali Chand",
              "non_striker": "Aima Aishath",
              "runs": {
                "batter": 0,
                "extras": 0,
                "total": 0
              }
            },
            {
              "batter": "Sumayya Abdul",
              "bowler": "Anjali Chand",
              "non_striker": "Aima Aishath",
              "runs": {
                "batter": 0,
                "extras": 0,
                "total": 0
              }
            },
            {
              "batter": "Sumayya Abdul",
              "bowler": "Anjali Chand",
              "non_striker": "Aima Aishath",
              "runs": {
                "batter": 0,
                "extras": 0,
                "total": 0
              }
            }
          ]
        },
        {
          "over": 2,
          "deliveries": [
            {
              "batter": "Aima Aishath",
              "bowler": "S Khatiwada",
              "non_striker": "Sumayya Abdul",
              "runs": {
                "batter": 0,
                "extras": 0,
                "total": 0
              }
            },
            {
              "batter": "Aima Aishath",
              "bowler": "S Khatiwada",
              "non_striker": "Sumayya Abdul",
              "runs": {
                "batter": 0,
                "extras": 0,
                "total": 0
              }
            },
            {
              "batter": "Aima Aishath",
              "bowler": "S Khatiwada",
              "non_striker": "Sumayya Abdul",
              "runs": {
                "batter": 0,
                "extras": 0,
                "total": 0
              }
            },
            {
              "batter": "Aima Aishath",
              "bowler": "S Khatiwada",
              "non_striker": "Sumayya Abdul",
              "runs": {
                "batter": 0,
                "extras": 0,
                "total": 0
              }
            },
            {
              "batter": "Aima Aishath",
              "bowler": "S Khatiwada",
              "non_striker": "Sumayya Abdul",
              "runs": {
                "batter": 1,
                "extras": 0,
                "total": 1
              }
            },
            {
              "batter": "Sumayya Abdul",
              "bowler": "S Khatiwada",
              "non_striker": "Aima Aishath",
              "runs": {
                "batter": 0,
                "extras": 0,
                "total": 0
              }
            }
          ]
        },
        {
          "over": 3,
          "deliveries": [
            {
              "batter": "Aima Aishath",
              "bowler": "Anjali Chand",
              "non_striker": "Sumayya Abdul",
              "runs": {
                "batter": 0,
                "extras": 0,
                "total": 0
              },
              "wickets": [
                {
                  "kind": "lbw",
                  "player_out": "Aima Aishath"
                }
              ]
            },
            {
              "batter": "Hafsaa Abdhulla",
              "bowler": "Anjali Chand",
              "non_striker": "Sumayya Abdul",
              "runs": {
                "batter": 0,
                "extras": 0,
                "total": 0
              }
            },
            {
              "batter": "Hafsaa Abdhulla",
              "bowler": "Anjali Chand",
              "non_striker": "Sumayya Abdul",
              "runs": {
                "batter": 0,
                "extras": 0,
                "total": 0
              }
            },
            {
              "batter": "Hafsaa Abdhulla",
              "bowler": "Anjali Chand",
              "non_striker": "Sumayya Abdul",
              "runs": {
                "batter": 0,
                "extras": 0,
                "total": 0
              }
            },
            {
              "batter": "Hafsaa Abdhulla",
              "bowler": "Anjali Chand",
              "non_striker": "Sumayya Abdul",
              "runs": {
                "batter": 0,
                "extras": 0,
                "total": 0
              }
            },
            {
              "batter": "Hafsaa Abdhulla",
              "bowler": "Anjali Chand",
              "non_striker": "Sumayya Abdul",
              "runs": {
                "batter": 0,
                "extras": 0,
                "total": 0
              }
            }
          ]
        },
        {
          "over": 4,
          "deliveries": [
            {
              "batter": "Sumayya Abdul",
              "bowler": "S Khatiwada",
              "non_striker": "Hafsaa Abdhulla",
              "runs": {
                "batter": 0,
                "extras": 0,
                "total": 0
              }
            },
            {
              "batter": "Sumayya Abdul",
              "bowler": "S Khatiwada",
              "non_striker": "Hafsaa Abdhulla",
              "runs": {
                "batter": 0,
                "extras": 0,
                "total": 0
              },
              "wickets": [
                {
                  "kind": "bowled",
                  "player_out": "Sumayya Abdul"
                }
              ]
            },
            {
              "batter": "Zoona Mariyam",
              "bowler": "S Khatiwada",
              "non_striker": "Hafsaa Abdhulla",
              "runs": {
                "batter": 0,
                "extras": 0,
                "total": 0
              }
            },
            {
              "batter": "Zoona Mariyam",
              "bowler": "S Khatiwada",
              "non_striker": "Hafsaa Abdhulla",
              "runs": {
                "batter": 0,
                "extras": 0,
                "total": 0
              }
            },
            {
              "batter": "Zoona Mariyam",
              "bowler": "S Khatiwada",
              "non_striker": "Hafsaa Abdhulla",
              "runs": {
                "batter": 0,
                "extras": 0,
                "total": 0
              }
            },
            {
              "batter": "Zoona Mariyam",
              "bowler": "S Khatiwada",
              "non_striker": "Hafsaa Abdhulla",
              "runs": {
                "batter": 0,
                "extras": 0,
                "total": 0
              }
            }
          ]
        },
        {
          "over": 5,
          "deliveries": [
            {
              "batter": "Hafsaa Abdhulla",
              "bowler": "Anjali Chand",
              "non_striker": "Zoona Mariyam",
              "runs": {
                "batter": 0,
                "extras": 0,
                "total": 0
              }
            },
            {
              "batter": "Hafsaa Abdhulla",
              "bowler": "Anjali Chand",
              "non_striker": "Zoona Mariyam",
              "runs": {
                "batter": 0,
                "extras": 0,
                "total": 0
              }
            },
            {
              "batter": "Hafsaa Abdhulla",
              "bowler": "Anjali Chand",
              "non_striker": "Zoona Mariyam",
              "runs": {
                "batter": 0,
                "extras": 0,
                "total": 0
              },
              "wickets": [
                {
                  "kind": "caught and bowled",
                  "player_out": "Hafsaa Abdhulla"
                }
              ]
            },
            {
              "batter": "Eashal Ibrahim",
              "bowler": "Anjali Chand",
              "non_striker": "Zoona Mariyam",
              "runs": {
                "batter": 0,
                "extras": 0,
                "total": 0
              }
            },
            {
              "batter": "Eashal Ibrahim",
              "bowler": "Anjali Chand",
              "non_striker": "Zoona Mariyam",
              "runs": {
                "batter": 0,
                "extras": 0,
                "total": 0
              }
            },
            {
              "batter": "Eashal Ibrahim",
              "bowler": "Anjali Chand",
              "extras": {
                "wides": 1
              },
              "non_striker": "Zoona Mariyam",
              "runs": {
                "batter": 0,
                "extras": 1,
                "total": 1
              }
            },
            {
              "batter": "Eashal Ibrahim",
              "bowler": "Anjali Chand",
              "non_striker": "Zoona Mariyam",
              "runs": {
                "batter": 0,
                "extras": 0,
                "total": 0
              }
            }
          ]
        },
        {
          "over": 6,
          "deliveries": [
            {
              "batter": "Zoona Mariyam",
              "bowler": "Karuna Bhandari",
              "non_striker": "Eashal Ibrahim",
              "runs": {
                "batter": 0,
                "extras": 0,
                "total": 0
              }
            },
            {
              "batter": "Zoona Mariyam",
              "bowler": "Karuna Bhandari",
              "non_striker": "Eashal Ibrahim",
              "runs": {
                "batter": 0,
                "extras": 0,
                "total": 0
              }
            },
            {
              "batter": "Zoona Mariyam",
              "bowler": "Karuna Bhandari",
              "non_striker": "Eashal Ibrahim",
              "runs": {
                "batter": 0,
                "extras": 0,
                "total": 0
              }
            },
            {
              "batter": "Zoona Mariyam",
              "bowler": "Karuna Bhandari",
              "non_striker": "Eashal Ibrahim",
              "runs": {
                "batter": 0,
                "extras": 0,
                "total": 0
              }
            },
            {
              "batter": "Zoona Mariyam",
              "bowler": "Karuna Bhandari",
              "non_striker": "Eashal Ibrahim",
              "runs": {
                "batter": 0,
                "extras": 0,
                "total": 0
              }
            },
            {
              "batter": "Zoona Mariyam",
              "bowler": "Karuna Bhandari",
              "non_striker": "Eashal Ibrahim",
              "runs": {
                "batter": 0,
                "extras": 0,
                "total": 0
              }
            }
          ]
        },
        {
          "over": 7,
          "deliveries": [
            {
              "batter": "Eashal Ibrahim",
              "bowler": "Anjali Chand",
              "non_striker": "Zoona Mariyam",
              "runs": {
                "batter": 0,
                "extras": 0,
                "total": 0
              },
              "wickets": [
                {
                  "kind": "bowled",
                  "player_out": "Eashal Ibrahim"
                }
              ]
            },
            {
              "batter": "Sajaa Fathimath",
              "bowler": "Anjali Chand",
              "non_striker": "Zoona Mariyam",
              "runs": {
                "batter": 0,
                "extras": 0,
                "total": 0
              }
            },
            {
              "batter": "Sajaa Fathimath",
              "bowler": "Anjali Chand",
              "non_striker": "Zoona Mariyam",
              "runs": {
                "batter": 0,
                "extras": 0,
                "total": 0
              }
            },
            {
              "batter": "Sajaa Fathimath",
              "bowler": "Anjali Chand",
              "non_striker": "Zoona Mariyam",
              "runs": {
                "batter": 0,
                "extras": 0,
                "total": 0
              }
            },
            {
              "batter": "Sajaa Fathimath",
              "bowler": "Anjali Chand",
              "non_striker": "Zoona Mariyam",
              "runs": {
                "batter": 0,
                "extras": 0,
                "total": 0
              }
            },
            {
              "batter": "Sajaa Fathimath",
              "bowler": "Anjali Chand",
              "non_striker": "Zoona Mariyam",
              "runs": {
                "batter": 0,
                "extras": 0,
                "total": 0
              }
            }
          ]
        },
        {
          "over": 8,
          "deliveries": [
            {
              "batter": "Zoona Mariyam",
              "bowler": "Karuna Bhandari",
              "non_striker": "Sajaa Fathimath",
              "runs": {
                "batter": 0,
                "extras": 0,
                "total": 0
              }
            },
            {
              "batter": "Zoona Mariyam",
              "bowler": "Karuna Bhandari",
              "non_striker": "Sajaa Fathimath",
              "runs": {
                "batter": 0,
                "extras": 0,
                "total": 0
              }
            },
            {
              "batter": "Zoona Mariyam",
              "bowler": "Karuna Bhandari",
              "non_striker": "Sajaa Fathimath",
              "runs": {
                "batter": 0,
                "extras": 0,
                "total": 0
              }
            },
            {
              "batter": "Zoona Mariyam",
              "bowler": "Karuna Bhandari",
              "non_striker": "Sajaa Fathimath",
              "runs": {
                "batter": 0,
                "extras": 0,
                "total": 0
              }
            },
            {
              "batter": "Zoona Mariyam",
              "bowler": "Karuna Bhandari",
              "non_striker": "Sajaa Fathimath",
              "runs": {
                "batter": 0,
                "extras": 0,
                "total": 0
              }
            },
            {
              "batter": "Zoona Mariyam",
              "bowler": "Karuna Bhandari",
              "non_striker": "Sajaa Fathimath",
              "runs": {
                "batter": 0,
                "extras": 0,
                "total": 0
              },
              "wickets": [
                {
                  "kind": "bowled",
                  "player_out": "Zoona Mariyam"
                }
              ]
            }
          ]
        },
        {
          "over": 9,
          "deliveries": [
            {
              "batter": "Sajaa Fathimath",
              "bowler": "SR Magar",
              "non_striker": "Latsha Haleemath",
              "runs": {
                "batter": 0,
                "extras": 0,
                "total": 0
              }
            },
            {
              "batter": "Sajaa Fathimath",
              "bowler": "SR Magar",
              "non_striker": "Latsha Haleemath",
              "runs": {
                "batter": 0,
                "extras": 0,
                "total": 0
              },
              "wickets": [
                {
                  "kind": "bowled",
                  "player_out": "Sajaa Fathimath"
                }
              ]
            },
            {
              "batter": "Kinaanath Ismail",
              "bowler": "SR Magar",
              "non_striker": "Latsha Haleemath",
              "runs": {
                "batter": 0,
                "extras": 0,
                "total": 0
              }
            },
            {
              "batter": "Kinaanath Ismail",
              "bowler": "SR Magar",
              "non_striker": "Latsha Haleemath",
              "runs": {
                "batter": 0,
                "extras": 0,
                "total": 0
              }
            },
            {
              "batter": "Kinaanath Ismail",
              "bowler": "SR Magar",
              "non_striker": "Latsha Haleemath",
              "runs": {
                "batter": 0,
                "extras": 0,
                "total": 0
              }
            },
            {
              "batter": "Kinaanath Ismail",
              "bowler": "SR Magar",
              "non_striker": "Latsha Haleemath",
              "runs": {
                "batter": 0,
                "extras": 0,
                "total": 0
              }
            }
          ]
        },
        {
          "over": 10,
          "deliveries": [
            {
              "batter": "Latsha Haleemath",
              "bowler": "RC Belbashi",
              "non_striker": "Kinaanath Ismail",
              "runs": {
                "batter": 0,
                "extras": 0,
                "total": 0
              }
            },
            {
              "batter": "Latsha Haleemath",
              "bowler": "RC Belbashi",
              "non_striker": "Kinaanath Ismail",
              "runs": {
                "batter": 0,
                "extras": 0,
                "total": 0
              }
            },
            {
              "batter": "Latsha Haleemath",
              "bowler": "RC Belbashi",
              "non_striker": "Kinaanath Ismail",
              "runs": {
                "batter": 0,
                "extras": 0,
                "total": 0
              }
            },
            {
              "batter": "Latsha Haleemath",
              "bowler": "RC Belbashi",
              "non_striker": "Kinaanath Ismail",
              "runs": {
                "batter": 0,
                "extras": 0,
                "total": 0
              },
              "wickets": [
                {
                  "kind": "caught",
                  "player_out": "Latsha Haleemath",
                  "fielders": [
                    {
                      "name": "SR Magar"
                    }
                  ]
                }
              ]
            },
            {
              "batter": "Maaha Naseer",
              "bowler": "RC Belbashi",
              "non_striker": "Kinaanath Ismail",
              "runs": {
                "batter": 0,
                "extras": 0,
                "total": 0
              },
              "wickets": [
                {
                  "kind": "bowled",
                  "player_out": "Maaha Naseer"
                }
              ]
            },
            {
              "batter": "Shamma Ali",
              "bowler": "RC Belbashi",
              "non_striker": "Kinaanath Ismail",
              "runs": {
                "batter": 0,
                "extras": 0,
                "total": 0
              }
            }
          ]
        },
        {
          "over": 11,
          "deliveries": [
            {
              "batter": "Kinaanath Ismail",
              "bowler": "SR Magar",
              "non_striker": "Shamma Ali",
              "runs": {
                "batter": 0,
                "extras": 0,
                "total": 0
              }
            },
            {
              "batter": "Kinaanath Ismail",
              "bowler": "SR Magar",
              "non_striker": "Shamma Ali",
              "runs": {
                "batter": 0,
                "extras": 0,
                "total": 0
              }
            },
            {
              "batter": "Kinaanath Ismail",
              "bowler": "SR Magar",
              "non_striker": "Shamma Ali",
              "runs": {
                "batter": 0,
                "extras": 0,
                "total": 0
              },
              "wickets": [
                {
                  "kind": "caught",
                  "player_out": "Kinaanath Ismail",
                  "fielders": [
                    {
                      "name": "RC Belbashi"
                    }
                  ]
                }
              ]
            }
          ]
        }
      ],
      "powerplays": [
        {
          "from": 0.1,
          "to": 5.7,
          "type": "mandatory"
        }
      ]
    },
    {
      "team": "Nepal",
      "overs": [
        {
          "over": 0,
          "deliveries": [
            {
              "batter": "K Shrestha",
              "bowler": "Eashal Ibrahim",
              "extras": {
                "wides": 1
              },
              "non_striker": "Roma Thapa",
              "runs": {
                "batter": 0,
                "extras": 1,
                "total": 1
              }
            },
            {
              "batter": "K Shrestha",
              "bowler": "Eashal Ibrahim",
              "non_striker": "Roma Thapa",
              "runs": {
                "batter": 0,
                "extras": 0,
                "total": 0
              }
            },
            {
              "batter": "K Shrestha",
              "bowler": "Eashal Ibrahim",
              "non_striker": "Roma Thapa",
              "runs": {
                "batter": 1,
                "extras": 0,
                "total": 1
              }
            },
            {
              "batter": "Roma Thapa",
              "bowler": "Eashal Ibrahim",
              "extras": {
                "wides": 1
              },
              "non_striker": "K Shrestha",
              "runs": {
                "batter": 0,
                "extras": 1,
                "total": 1
              }
            },
            {
              "batter": "Roma Thapa",
              "bowler": "Eashal Ibrahim",
              "non_striker": "K Shrestha",
              "runs": {
                "batter": 1,
                "extras": 0,
                "total": 1
              }
            },
            {
              "batter": "K Shrestha",
              "bowler": "Eashal Ibrahim",
              "non_striker": "Roma Thapa",
              "runs": {
                "batter": 1,
                "extras": 0,
                "total": 1
              }
            },
            {
              "batter": "Roma Thapa",
              "bowler": "Eashal Ibrahim",
              "non_striker": "K Shrestha",
              "runs": {
                "batter": 2,
                "extras": 0,
                "total": 2
              }
            },
            {
              "batter": "Roma Thapa",
              "bowler": "Eashal Ibrahim",
              "non_striker": "K Shrestha",
              "runs": {
                "batter": 1,
                "extras": 0,
                "total": 1
              }
            }
          ]
        },
        {
          "over": 1,
          "deliveries": [
            {
              "batter": "Roma Thapa",
              "bowler": "Shamma Ali",
              "non_striker": "K Shrestha",
              "runs": {
                "batter": 1,
                "extras": 0,
                "total": 1
              }
            }
          ]
        }
      ],
      "powerplays": [
        {
          "from": 0.1,
          "to": 1.1,
          "type": "mandatory"
        }
      ],
      "target": {
        "overs": 20,
        "runs": 9
      }
    }
  ]
}