{
  "meta": {
    "data_version": "1.1.0",
    "created": "2021-12-30",
    "revision": 2
  },
  "info": {
    "balls_per_over": 6,
    "city": "Lower Austria",
    "dates": [
      "2020-08-12"
    ],
    "event": {
      "name": "Germany Women tour of Austria",
      "match_number": 1
    },
    "gender": "female",
    "match_type": "T20",
    "match_type_number": 867,
    "officials": {
      "reserve_umpires": [
        "Arsalan Arif"
      ],
      "umpires": [
        "Praveen Kumar Swamidas",
        "Rajinder Kumar"
      ]
    },
    "outcome": {
      "winner": "Germany",
      "by": {
        "runs": 82
      }
    },
    "overs": 20,
    "player_of_match": [
      "CM Gough"
    ],
    "players": {
      "Germany": [
        "JE Ronalds",
        "CM Gough",
        "A Doddaballapur",
        "S Sadarangani",
        "MS Beresford",
        "A Bierwisch",
        "EC Bargna",
        "V Stolle",
        "A Kohli",
        "SR McAnanama-Brereton",
        "K Vijayaraghavan"
      ],
      "Austria": [
        "H Bhullar",
        "Busra Uca",
        "P Sabu",
        "AM Zepeda",
        "S Kailath",
        "JA Stiglitz",
        "R Avdylaj",
        "H Dhaliwal",
        "A Nookala",
        "T Kazanci",
        "V Avdylaj"
      ]
    },
    "registry": {
      "people": {
        "A Bierwisch": "b51d654f",
        "A Doddaballapur": "fe4f5d2b",
        "A Kohli": "eb9082b2",
        "A Nookala": "57922f7c",
        "AM Zepeda": "c9f95a16",
        "Arsalan Arif": "cc65e4a4",
        "Busra Uca": "e486ecc0",
        "CM Gough": "f1328a90",
        "EC Bargna": "9908d470",
        "H Bhullar": "c9ffb93d",
        "H Dhaliwal": "5be6b836",
        "JA Stiglitz": "7195065a",
        "JE Ronalds": "d4f98302",
        "K Vijayaraghavan": "048da365",
        "MS Beresford": "26eb73f9",
        "P Sabu": "a38da707",
        "Praveen Kumar Swamidas": "566827e1",
        "R Avdylaj": "422c0dde",
        "Rajinder Kumar": "20a12a4c",
        "S Kailath": "080bbb6e",
        "S Sadarangani": "acd030a0",
        "SR McAnanama-Brereton": "bb1be934",
        "T Kazanci": "03da3399",
        "V Avdylaj": "cfd2b36f",
        "V Stolle": "0dc4ac6c"
      }
    },
    "season": "2020",
    "team_type": "international",
    "teams": [
      "Germany",
      "Austria"
    ],
    "toss": {
      "decision": "field",
      "winner": "Austria"
    },
    "venue": "Seebarn Cricket Centre, Lower Austria"
  },
  "innings": [
    {
      "team": "Germany",
      "overs": [
        {
          "over": 0,
          "deliveries": [
            {
              "batter": "JE Ronalds",
              "bowler": "V Avdylaj",
              "non_striker": "CM Gough",
              "runs": {
                "batter": 0,
                "extras": 0,
                "total": 0
              }
            },
            {
              "batter": "JE Ronalds",
              "bowler": "V Avdylaj",
              "non_striker": "CM Gough",
              "runs": {
                "batter": 0,
                "extras": 0,
                "total": 0
              }
            },
            {
              "batter": "JE Ronalds",
              "bowler": "V Avdylaj",
              "non_striker": "CM Gough",
              "runs": {
                "batter": 0,
                "extras": 0,
                "total": 0
              }
            },
            {
              "batter": "JE Ronalds",
              "bowler": "V Avdylaj",
              "non_striker": "CM Gough",
              "runs": {
                "batter": 2,
                "extras": 0,
                "total": 2
              }
            },
            {
              "batter": "JE Ronalds",
              "bowler": "V Avdylaj",
              "non_striker": "CM Gough",
              "runs": {
                "batter": 1,
                "extras": 0,
                "total": 1
              }
            },
            {
              "batter": "CM Gough",
              "bowler": "V Avdylaj",
              "extras": {
                "legbyes": 1
              },
              "non_striker": "JE Ronalds",
              "runs": {
                "batter": 0,
                "extras": 1,
                "total": 1
              }
            }
          ]
        },
        {
          "over": 1,
          "deliveries": [
            {
              "batter": "CM Gough",
              "bowler": "AM Zepeda",
              "extras": {
                "wides": 1
              },
              "non_striker": "JE Ronalds",
              "runs": {
                "batter": 0,
                "extras": 1,
                "total": 1
              }
            },
            {
              "batter": "CM Gough",
              "bowler": "AM Zepeda",
              "non_striker": "JE Ronalds",
              "runs": {
                "batter": 0,
                "extras": 0,
                "total": 0
              }
            },
            {
              "batter": "CM Gough",
              "bowler": "AM Zepeda",
              "non_striker": "JE Ronalds",
              "runs": {
                "batter": 0,
                "extras": 0,
                "total": 0
              }
            },
            {
              "batter": "CM Gough",
              "bowler": "AM Zepeda",
              "non_striker": "JE Ronalds",
              "runs": {
                "batter": 2,
                "extras": 0,
                "total": 2
              }
            },
            {
              "batter": "CM Gough",
              "bowler": "AM Zepeda",
              "non_striker": "JE Ronalds",
              "runs": {
                "batter": 0,
                "extras": 0,
                "total": 0
              }
            },
            {
              "batter": "CM Gough",
              "bowler": "AM Zepeda",
              "non_striker": "JE Ronalds",
              "runs": {
                "batter": 1,
                "extras": 0,
                "total": 1
              }
            },
            {
              "batter": "JE Ronalds",
              "bowler": "AM Zepeda",
              "non_striker": "CM Gough",
              "runs": {
                "batter": 1,
                "extras": 0,
                "total": 1
              }
            }
          ]
        },
        {
          "over": 2,
          "deliveries": [
            {
              "batter": "JE Ronalds",
              "bowler": "V Avdylaj",
              "extras": {
                "wides": 1
              },
              "non_striker": "CM Gough",
              "runs": {
                "batter": 0,
                "extras": 1,
                "total": 1
              }
            },
            {
              "batter": "JE Ronalds",
              "bowler": "V Avdylaj",
              "non_striker": "CM Gough",
              "runs": {
                "batter": 2,
                "extras": 0,
                "total": 2
              }
            },
            {
              "batter": "JE Ronalds",
              "bowler": "V Avdylaj",
              "extras": {
                "legbyes": 1
              },
              "non_striker": "CM Gough",
              "runs": {
                "batter": 0,
                "extras": 1,
                "total": 1
              }
            },
            {
              "batter": "CM Gough",
              "bowler": "V Avdylaj",
              "non_striker": "JE Ronalds",
              "runs": {
                "batter": 0,
                "extras": 0,
                "total": 0
              }
            },
            {
              "batter": "CM Gough",
              "bowler": "V Avdylaj",
              "non_striker": "JE Ronalds",
              "runs": {
                "batter": 1,
                "extras": 0,
                "total": 1
              }
            },
            {
              "batter": "JE Ronalds",
              "bowler": "V Avdylaj",
              "non_striker": "CM Gough",
              "runs": {
                "batter": 1,
                "extras": 0,
                "total": 1
              }
            },
            {
              "batter": "CM Gough",
              "bowler": "V Avdylaj",
              "non_striker": "JE Ronalds",
              "runs": {
                "batter": 0,
                "extras": 0,
                "total": 0
              }
            }
          ]
        },
        {
          "over": 3,
          "deliveries": [
            {
              "batter": "JE Ronalds",
              "bowler": "AM Zepeda",
              "non_striker": "CM Gough",
              "runs": {
                "batter": 0,
                "extras": 0,
                "total": 0
              }
            },
            {
              "batter": "JE Ronalds",
              "bowler": "AM Zepeda",
              "non_striker": "CM Gough",
              "runs": {
                "batter": 2,
                "extras": 0,
                "total": 2
              }
            },
            {
              "batter": "JE Ronalds",
              "bowler": "AM Zepeda",
              "non_striker": "CM Gough",
              "runs": {
                "batter": 0,
                "extras": 0,
                "total": 0
              }
            },
            {
              "batter": "JE Ronalds",
              "bowler": "AM Zepeda",
              "non_striker": "CM Gough",
              "runs": {
                "batter": 2,
                "extras": 0,
                "total": 2
              }
            },
            {
              "batter": "JE Ronalds",
              "bowler": "AM Zepeda",
              "non_striker": "CM Gough",
              "runs": {
                "batter": 1,
                "extras": 0,
                "total": 1
              }
            },
            {
              "batter": "CM Gough",
              "bowler": "AM Zepeda",
              "extras": {
                "wides": 1
              },
              "non_striker": "JE Ronalds",
              "runs": {
                "batter": 0,
                "extras": 1,
                "total": 1
              }
            },
            {
              "batter": "CM Gough",
              "bowler": "AM Zepeda",
              "non_striker": "JE Ronalds",
              "runs": {
                "batter": 0,
                "extras": 0,
                "total": 0
              }
            }
          ]
        },
        {
          "over": 4,
          "deliveries": [
            {
              "batter": "JE Ronalds",
              "bowler": "V Avdylaj",
              "extras": {
                "wides": 1
              },
              "non_striker": "CM Gough",
              "runs": {
                "batter": 0,
                "extras": 1,
                "total": 1
              }
            },
            {
              "batter": "JE Ronalds",
              "bowler": "V Avdylaj",
              "non_striker": "CM Gough",
              "runs": {
                "batter": 1,
                "extras": 0,
                "total": 1
              }
            },
            {
              "batter": "CM Gough",
              "bowler": "V Avdylaj",
              "non_striker": "JE Ronalds",
              "runs": {
                "batter": 1,
                "extras": 0,
                "total": 1
              }
            },
            {
              "batter": "JE Ronalds",
              "bowler": "V Avdylaj",
              "non_striker": "CM Gough",
              "runs": {
                "batter": 0,
                "extras": 0,
                "total": 0
              }
            },
            {
              "batter": "JE Ronalds",
              "bowler": "V Avdylaj",
              "non_striker": "CM Gough",
              "runs": {
                "batter": 1,
                "extras": 0,
                "total": 1
              }
            },
            {
              "batter": "CM Gough",
              "bowler": "V Avdylaj",
              "non_striker": "JE Ronalds",
              "runs": {
                "batter": 0,
                "extras": 0,
                "total": 0
              }
            },
            {
              "batter": "CM Gough",
              "bowler": "V Avdylaj",
              "extras": {
                "wides": 3
              },
              "non_striker": "JE Ronalds",
              "runs": {
                "batter": 0,
                "extras": 3,
                "total": 3
              }
            },
            {
              "batter": "CM Gough",
              "bowler": "V Avdylaj",
              "non_striker": "JE Ronalds",
              "runs": {
                "batter": 1,
                "extras": 0,
                "total": 1
              }
            }
          ]
        },
        {
          "over": 5,
          "deliveries": [
            {
              "batter": "CM Gough",
              "bowler": "AM Zepeda",
              "non_striker": "JE Ronalds",
              "runs": {
                "batter": 0,
                "extras": 0,
                "total": 0
              }
            },
            {
              "batter": "CM Gough",
              "bowler": "AM Zepeda",
              "non_striker": "JE Ronalds",
              "runs": {
                "batter": 4,
                "extras": 0,
                "total": 4
              }
            },
            {
              "batter": "CM Gough",
              "bowler": "AM Zepeda",
              "non_striker": "JE Ronalds",
              "runs": {
                "batter": 1,
                "extras": 0,
                "total": 1
              }
            },
            {
              "batter": "JE Ronalds",
              "bowler": "AM Zepeda",
              "non_striker": "CM Gough",
              "runs": {
                "batter": 0,
                "extras": 0,
                "total": 0
              }
            },
            {
              "batter": "JE Ronalds",
              "bowler": "AM Zepeda",
              "non_striker": "CM Gough",
              "runs": {
                "batter": 2,
                "extras": 0,
                "total": 2
              }
            },
            {
              "batter": "JE Ronalds",
              "bowler": "AM Zepeda",
              "non_striker": "CM Gough",
              "runs": {
                "batter": 0,
                "extras": 0,
                "total": 0
              }
            }
          ]
        },
        {
          "over": 6,
          "deliveries": [
            {
              "batter": "CM Gough",
              "bowler": "JA Stiglitz",
              "non_striker": "JE Ronalds",
              "runs": {
                "batter": 0,
                "extras": 0,
                "total": 0
              }
            },
            {
              "batter": "CM Gough",
              "bowler": "JA Stiglitz",
              "non_striker": "JE Ronalds",
              "runs": {
                "batter": 0,
                "extras": 0,
                "total": 0
              }
            },
            {
              "batter": "CM Gough",
              "bowler": "JA Stiglitz",
              "extras": {
                "noballs": 1
              },
              "non_striker": "JE Ronalds",
              "runs": {
                "batter": 0,
                "extras": 1,
                "total": 1
              }
            },
            {
              "batter": "CM Gough",
              "bowler": "JA Stiglitz",
              "non_striker": "JE Ronalds",
              "runs": {
                "batter": 4,
                "extras": 0,
                "total": 4
              }
            },
            {
              "batter": "CM Gough",
              "bowler": "JA Stiglitz",
              "non_striker": "JE Ronalds",
              "runs": {
                "batter": 2,
                "extras": 0,
                "total": 2
              }
            },
            {
              "batter": "CM Gough",
              "bowler": "JA Stiglitz",
              "non_striker": "JE Ronalds",
              "runs": {
                "batter": 1,
                "extras": 0,
                "total": 1
              }
            },
            {
              "batter": "JE Ronalds",
              "bowler": "JA Stiglitz",
              "non_striker": "CM Gough",
              "runs": {
                "batter": 4,
                "extras": 0,
                "total": 4
              }
            }
          ]
        },
        {
          "over": 7,
          "deliveries": [
            {
              "batter": "CM Gough",
              "bowler": "T Kazanci",
              "extras": {
                "wides": 1
              },
              "non_striker": "JE Ronalds",
              "runs": {
                "batter": 0,
                "extras": 1,
                "total": 1
              }
            },
            {
              "batter": "CM Gough",
              "bowler": "T Kazanci",
              "non_striker": "JE Ronalds",
              "runs": {
                "batter": 0,
                "extras": 0,
                "total": 0
              }
            },
            {
              "batter": "CM Gough",
              "bowler": "T Kazanci",
              "extras": {
                "wides": 1
              },
              "non_striker": "JE Ronalds",
              "runs": {
                "batter": 0,
                "extras": 1,
                "total": 1
              }
            },
            {
              "batter": "CM Gough",
              "bowler": "T Kazanci",
              "non_striker": "JE Ronalds",
              "runs": {
                "batter": 4,
                "extras": 0,
                "total": 4
              }
            },
            {
              "batter": "CM Gough",
              "bowler": "T Kazanci",
              "extras": {
                "noballs": 1
              },
              "non_striker": "JE Ronalds",
              "runs": {
                "batter": 0,
                "extras": 1,
                "total": 1
              }
            },
            {
              "batter": "CM Gough",
              "bowler": "T Kazanci",
              "non_striker": "JE Ronalds",
              "runs": {
                "batter": 4,
                "extras": 0,
                "total": 4
              }
            },
            {
              "batter": "CM Gough",
              "bowler": "T Kazanci",
              "non_striker": "JE Ronalds",
              "runs": {
                "batter": 1,
                "extras": 0,
                "total": 1
              }
            },
            {
              "batter": "JE Ronalds",
              "bowler": "T Kazanci",
              "non_striker": "CM Gough",
              "runs": {
                "batter": 0,
                "extras": 0,
                "total": 0
              }
            },
            {
              "batter": "JE Ronalds",
              "bowler": "T Kazanci",
              "non_striker": "CM Gough",
              "runs": {
                "batter": 2,
                "extras": 0,
                "total": 2
              }
            }
          ]
        },
        {
          "over": 8,
          "deliveries": [
            {
              "batter": "CM Gough",
              "bowler": "JA Stiglitz",
              "non_striker": "JE Ronalds",
              "runs": {
                "batter": 1,
                "extras": 0,
                "total": 1
              }
            },
            {
              "batter": "JE Ronalds",
              "bowler": "JA Stiglitz",
              "non_striker": "CM Gough",
              "runs": {
                "batter": 1,
                "extras": 0,
                "total": 1
              }
            },
            {
              "batter": "CM Gough",
              "bowler": "JA Stiglitz",
              "non_striker": "JE Ronalds",
              "runs": {
                "batter": 0,
                "extras": 0,
                "total": 0
              }
            },
            {
              "batter": "CM Gough",
              "bowler": "JA Stiglitz",
              "non_striker": "JE Ronalds",
              "runs": {
                "batter": 0,
                "extras": 0,
                "total": 0
              }
            },
            {
              "batter": "CM Gough",
              "bowler": "JA Stiglitz",
              "non_striker": "JE Ronalds",
              "runs": {
                "batter": 4,
                "extras": 0,
                "total": 4
              }
            },
            {
              "batter": "CM Gough",
              "bowler": "JA Stiglitz",
              "non_striker": "JE Ronalds",
              "runs": {
                "batter": 0,
                "extras": 0,
                "total": 0
              }
            }
          ]
        },
        {
          "over": 9,
          "deliveries": [
            {
              "batter": "JE Ronalds",
              "bowler": "T Kazanci",
              "non_striker": "CM Gough",
              "runs": {
                "batter": 1,
                "extras": 0,
                "total": 1
              }
            },
            {
              "batter": "CM Gough",
              "bowler": "T Kazanci",
              "non_striker": "JE Ronalds",
              "runs": {
                "batter": 1,
                "extras": 0,
                "total": 1
              }
            },
            {
              "batter": "JE Ronalds",
              "bowler": "T Kazanci",
              "non_striker": "CM Gough",
              "runs": {
                "batter": 1,
                "extras": 0,
                "total": 1
              }
            },
            {
              "batter": "CM Gough",
              "bowler": "T Kazanci",
              "non_striker": "JE Ronalds",
              "runs": {
                "batter": 1,
                "extras": 0,
                "total": 1
              }
            },
            {
              "batter": "JE Ronalds",
              "bowler": "T Kazanci",
              "non_striker": "CM Gough",
              "runs": {
                "batter": 1,
                "extras": 0,
                "total": 1
              }
            },
            {
              "batter": "CM Gough",
              "bowler": "T Kazanci",
              "non_striker": "JE Ronalds",
              "runs": {
                "batter": 0,
                "extras": 0,
                "total": 0
              }
            }
          ]
        },
        {
          "over": 10,
          "deliveries": [
            {
              "batter": "JE Ronalds",
              "bowler": "R Avdylaj",
              "non_striker": "CM Gough",
              "runs": {
                "batter": 1,
                "extras": 0,
                "total": 1
              }
            },
            {
              "batter": "CM Gough",
              "bowler": "R Avdylaj",
              "non_striker": "JE Ronalds",
              "runs": {
                "batter": 1,
                "extras": 0,
                "total": 1
              }
            },
            {
              "batter": "JE Ronalds",
              "bowler": "R Avdylaj",
              "non_striker": "CM Gough",
              "runs": {
                "batter": 0,
                "extras": 0,
                "total": 0
              },
              "wickets": [
                {
                  "player_out": "JE Ronalds",
                  "fielders": [
                    {
                      "name": "P Sabu"
                    }
                  ],
                  "kind": "caught"
                }
              ]
            },
            {
              "batter": "A Doddaballapur",
              "bowler": "R Avdylaj",
              "non_striker": "CM Gough",
              "runs": {
                "batter": 1,
                "extras": 0,
                "total": 1
              }
            },
            {
              "batter": "CM Gough",
              "bowler": "R Avdylaj",
              "non_striker": "A Doddaballapur",
              "runs": {
                "batter": 1,
                "extras": 0,
                "total": 1
              }
            },
            {
              "batter": "A Doddaballapur",
              "bowler": "R Avdylaj",
              "non_striker": "CM Gough",
              "runs": {
                "batter": 1,
                "extras": 0,
                "total": 1
              }
            }
          ]
        },
        {
          "over": 11,
          "deliveries": [
            {
              "batter": "A Doddaballapur",
              "bowler": "S Kailath",
              "non_striker": "CM Gough",
              "runs": {
                "batter": 1,
                "extras": 0,
                "total": 1
              }
            },
            {
              "batter": "CM Gough",
              "bowler": "S Kailath",
              "non_striker": "A Doddaballapur",
              "runs": {
                "batter": 1,
                "extras": 0,
                "total": 1
              }
            },
            {
              "batter": "A Doddaballapur",
              "bowler": "S Kailath",
              "extras": {
                "noballs": 1
              },
              "non_striker": "CM Gough",
              "runs": {
                "batter": 1,
                "extras": 1,
                "total": 2
              }
            },
            {
              "batter": "CM Gough",
              "bowler": "S Kailath",
              "non_striker": "A Doddaballapur",
              "runs": {
                "batter": 4,
                "extras": 0,
                "total": 4
              }
            },
            {
              "batter": "CM Gough",
              "bowler": "S Kailath",
              "non_striker": "A Doddaballapur",
              "runs": {
                "batter": 0,
                "extras": 0,
                "total": 0
              }
            },
            {
              "batter": "CM Gough",
              "bowler": "S Kailath",
              "non_striker": "A Doddaballapur",
              "runs": {
                "batter": 1,
                "extras": 0,
                "total": 1
              }
            },
            {
              "batter": "A Doddaballapur",
              "bowler": "S Kailath",
              "non_striker": "CM Gough",
              "runs": {
                "batter": 0,
                "extras": 0,
                "total": 0
              }
            }
          ]
        },
        {
          "over": 12,
          "deliveries": [
            {
              "batter": "CM Gough",
              "bowler": "R Avdylaj",
              "non_striker": "A Doddaballapur",
              "runs": {
                "batter": 1,
                "extras": 0,
                "total": 1
              }
            },
            {
              "batter": "A Doddaballapur",
              "bowler": "R Avdylaj",
              "non_striker": "CM Gough",
              "runs": {
                "batter": 4,
                "extras": 0,
                "total": 4
              }
            },
            {
              "batter": "A Doddaballapur",
              "bowler": "R Avdylaj",
              "non_striker": "CM Gough",
              "runs": {
                "batter": 1,
                "extras": 0,
                "total": 1
              }
            },
            {
              "batter": "CM Gough",
              "bowler": "R Avdylaj",
              "non_striker": "A Doddaballapur",
              "runs": {
                "batter": 1,
                "extras": 0,
                "total": 1
              }
            },
            {
              "batter": "A Doddaballapur",
              "bowler": "R Avdylaj",
              "non_striker": "CM Gough",
              "runs": {
                "batter": 1,
                "extras": 0,
                "total": 1
              }
            },
            {
              "batter": "CM Gough",
              "bowler": "R Avdylaj",
              "non_striker": "A Doddaballapur",
              "runs": {
                "batter": 4,
                "extras": 0,
                "total": 4
              }
            }
          ]
        },
        {
          "over": 13,
          "deliveries": [
            {
              "batter": "A Doddaballapur",
              "bowler": "S Kailath",
              "non_striker": "CM Gough",
              "runs": {
                "batter": 1,
                "extras": 0,
                "total": 1
              }
            },
            {
              "batter": "CM Gough",
              "bowler": "S Kailath",
              "non_striker": "A Doddaballapur",
              "runs": {
                "batter": 2,
                "extras": 0,
                "total": 2
              }
            },
            {
              "batter": "CM Gough",
              "bowler": "S Kailath",
              "non_striker": "A Doddaballapur",
              "runs": {
                "batter": 0,
                "extras": 0,
                "total": 0
              }
            },
            {
              "batter": "CM Gough",
              "bowler": "S Kailath",
              "non_striker": "A Doddaballapur",
              "runs": {
                "batter": 4,
                "extras": 0,
                "total": 4
              }
            },
            {
              "batter": "CM Gough",
              "bowler": "S Kailath",
              "non_striker": "A Doddaballapur",
              "runs": {
                "batter": 1,
                "extras": 0,
                "total": 1
              }
            },
            {
              "batter": "A Doddaballapur",
              "bowler": "S Kailath",
              "non_striker": "CM Gough",
              "runs": {
                "batter": 0,
                "extras": 0,
                "total": 0
              }
            }
          ]
        },
        {
          "over": 14,
          "deliveries": [
            {
              "batter": "CM Gough",
              "bowler": "V Avdylaj",
              "non_striker": "A Doddaballapur",
              "runs": {
                "batter": 0,
                "extras": 0,
                "total": 0
              }
            },
            {
              "batter": "CM Gough",
              "bowler": "V Avdylaj",
              "non_striker": "A Doddaballapur",
              "runs": {
                "batter": 2,
                "extras": 0,
                "total": 2
              }
            },
            {
              "batter": "CM Gough",
              "bowler": "V Avdylaj",
              "non_striker": "A Doddaballapur",
              "runs": {
                "batter": 1,
                "extras": 0,
                "total": 1
              }
            },
            {
              "batter": "A Doddaballapur",
              "bowler": "V Avdylaj",
              "non_striker": "CM Gough",
              "runs": {
                "batter": 1,
                "extras": 0,
                "total": 1
              }
            },
            {
              "batter": "CM Gough",
              "bowler": "V Avdylaj",
              "non_striker": "A Doddaballapur",
              "runs": {
                "batter": 1,
                "extras": 0,
                "total": 1
              }
            },
            {
              "batter": "A Doddaballapur",
              "bowler": "V Avdylaj",
              "extras": {
                "wides": 1
              },
              "non_striker": "CM Gough",
              "runs": {
                "batter": 0,
                "extras": 1,
                "total": 1
              }
            },
            {
              "batter": "A Doddaballapur",
              "bowler": "V Avdylaj",
              "non_striker": "CM Gough",
              "runs": {
                "batter": 2,
                "extras": 0,
                "total": 2
              }
            }
          ]
        },
        {
          "over": 15,
          "deliveries": [
            {
              "batter": "CM Gough",
              "bowler": "AM Zepeda",
              "non_striker": "A Doddaballapur",
              "runs": {
                "batter": 4,
                "extras": 0,
                "total": 4
              }
            },
            {
              "batter": "CM Gough",
              "bowler": "AM Zepeda",
              "non_striker": "A Doddaballapur",
              "runs": {
                "batter": 0,
                "extras": 0,
                "total": 0
              }
            },
            {
              "batter": "CM Gough",
              "bowler": "AM Zepeda",
              "non_striker": "A Doddaballapur",
              "runs": {
                "batter": 0,
                "extras": 0,
                "total": 0
              }
            },
            {
              "batter": "CM Gough",
              "bowler": "AM Zepeda",
              "extras": {
                "legbyes": 1
              },
              "non_striker": "A Doddaballapur",
              "runs": {
                "batter": 0,
                "extras": 1,
                "total": 1
              }
            },
            {
              "batter": "A Doddaballapur",
              "bowler": "AM Zepeda",
              "non_striker": "CM Gough",
              "runs": {
                "batter": 0,
                "extras": 0,
                "total": 0
              }
            },
            {
              "batter": "A Doddaballapur",
              "bowler": "AM Zepeda",
              "non_striker": "CM Gough",
              "runs": {
                "batter": 0,
                "extras": 0,
                "total": 0
              }
            }
          ]
        },
        {
          "over": 16,
          "deliveries": [
            {
              "batter": "CM Gough",
              "bowler": "JA Stiglitz",
              "non_striker": "A Doddaballapur",
              "runs": {
                "batter": 2,
                "extras": 0,
                "total": 2
              }
            },
            {
              "batter": "CM Gough",
              "bowler": "JA Stiglitz",
              "non_striker": "A Doddaballapur",
              "runs": {
                "batter": 2,
                "extras": 0,
                "total": 2
              }
            },
            {
              "batter": "CM Gough",
              "bowler": "JA Stiglitz",
              "non_striker": "A Doddaballapur",
              "runs": {
                "batter": 2,
                "extras": 0,
                "total": 2
              }
            },
            {
              "batter": "CM Gough",
              "bowler": "JA Stiglitz",
              "non_striker": "A Doddaballapur",
              "runs": {
                "batter": 2,
                "extras": 0,
                "total": 2
              }
            },
            {
              "batter": "CM Gough",
              "bowler": "JA Stiglitz",
              "non_striker": "A Doddaballapur",
              "runs": {
                "batter": 1,
                "extras": 0,
                "total": 1
              }
            },
            {
              "batter": "A Doddaballapur",
              "bowler": "JA Stiglitz",
              "non_striker": "CM Gough",
              "runs": {
                "batter": 1,
                "extras": 0,
                "total": 1
              }
            }
          ]
        },
        {
          "over": 17,
          "deliveries": [
            {
              "batter": "A Doddaballapur",
              "bowler": "S Kailath",
              "non_striker": "CM Gough",
              "runs": {
                "batter": 0,
                "extras": 0,
                "total": 0
              }
            },
            {
              "batter": "A Doddaballapur",
              "bowler": "S Kailath",
              "non_striker": "CM Gough",
              "runs": {
                "batter": 1,
                "extras": 0,
                "total": 1
              }
            },
            {
              "batter": "CM Gough",
              "bowler": "S Kailath",
              "non_striker": "A Doddaballapur",
              "runs": {
                "batter": 0,
                "extras": 0,
                "total": 0
              },
              "wickets": [
                {
                  "player_out": "CM Gough",
                  "fielders": [
                    {
                      "name": "AM Zepeda"
                    }
                  ],
                  "kind": "caught"
                }
              ]
            },
            {
              "batter": "A Doddaballapur",
              "bowler": "S Kailath",
              "extras": {
                "wides": 1
              },
              "non_striker": "S Sadarangani",
              "runs": {
                "batter": 0,
                "extras": 1,
                "total": 1
              }
            },
            {
              "batter": "A Doddaballapur",
              "bowler": "S Kailath",
              "non_striker": "S Sadarangani",
              "runs": {
                "batter": 0,
                "extras": 0,
                "total": 0
              }
            },
            {
              "batter": "A Doddaballapur",
              "bowler": "S Kailath",
              "extras": {
                "noballs": 1
              },
              "non_striker": "S Sadarangani",
              "runs": {
                "batter": 1,
                "extras": 1,
                "total": 2
              }
            },
            {
              "batter": "S Sadarangani",
              "bowler": "S Kailath",
              "non_striker": "A Doddaballapur",
              "runs": {
                "batter": 1,
                "extras": 0,
                "total": 1
              }
            },
            {
              "batter": "A Doddaballapur",
              "bowler": "S Kailath",
              "non_striker": "S Sadarangani",
              "runs": {
                "batter": 1,
                "extras": 0,
                "total": 1
              }
            }
          ]
        },
        {
          "over": 18,
          "deliveries": [
            {
              "batter": "A Doddaballapur",
              "bowler": "JA Stiglitz",
              "non_striker": "S Sadarangani",
              "runs": {
                "batter": 1,
                "extras": 0,
                "total": 1
              }
            },
            {
              "batter": "S Sadarangani",
              "bowler": "JA Stiglitz",
              "non_striker": "A Doddaballapur",
              "runs": {
                "batter": 1,
                "extras": 0,
                "total": 1
              }
            },
            {
              "batter": "A Doddaballapur",
              "bowler": "JA Stiglitz",
              "non_striker": "S Sadarangani",
              "runs": {
                "batter": 2,
                "extras": 0,
                "total": 2
              }
            },
            {
              "batter": "A Doddaballapur",
              "bowler": "JA Stiglitz",
              "non_striker": "S Sadarangani",
              "runs": {
                "batter": 2,
                "extras": 0,
                "total": 2
              }
            },
            {
              "batter": "A Doddaballapur",
              "bowler": "JA Stiglitz",
              "extras": {
                "noballs": 1
              },
              "non_striker": "S Sadarangani",
              "runs": {
                "batter": 1,
                "extras": 1,
                "total": 2
              }
            },
            {
              "batter": "S Sadarangani",
              "bowler": "JA Stiglitz",
              "non_striker": "A Doddaballapur",
              "runs": {
                "batter": 1,
                "extras": 0,
                "total": 1
              }
            },
            {
              "batter": "A Doddaballapur",
              "bowler": "JA Stiglitz",
              "non_striker": "S Sadarangani",
              "runs": {
                "batter": 4,
                "extras": 0,
                "total": 4
              }
            }
          ]
        },
        {
          "over": 19,
          "deliveries": [
            {
              "batter": "S Sadarangani",
              "bowler": "S Kailath",
              "extras": {
                "wides": 1
              },
              "non_striker": "A Doddaballapur",
              "runs": {
                "batter": 0,
                "extras": 1,
                "total": 1
              }
            },
            {
              "batter": "S Sadarangani",
              "bowler": "S Kailath",
              "extras": {
                "noballs": 1
              },
              "non_striker": "A Doddaballapur",
              "runs": {
                "batter": 1,
                "extras": 1,
                "total": 2
              }
            },
            {
              "batter": "A Doddaballapur",
              "bowler": "S Kailath",
              "non_striker": "S Sadarangani",
              "runs": {
                "batter": 1,
                "extras": 0,
                "total": 1
              }
            },
            {
              "batter": "S Sadarangani",
              "bowler": "S Kailath",
              "non_striker": "A Doddaballapur",
              "runs": {
                "batter": 1,
                "extras": 0,
                "total": 1
              }
            },
            {
              "batter": "A Doddaballapur",
              "bowler": "S Kailath",
              "non_striker": "S Sadarangani",
              "runs": {
                "batter": 4,
                "extras": 0,
                "total": 4
              }
            },
            {
              "batter": "A Doddaballapur",
              "bowler": "S Kailath",
              "non_striker": "S Sadarangani",
              "runs": {
                "batter": 4,
                "extras": 0,
                "total": 4
              }
            },
            {
              "batter": "A Doddaballapur",
              "bowler": "S Kailath",
              "non_striker": "S Sadarangani",
              "runs": {
                "batter": 2,
                "extras": 0,
                "total": 2
              }
            },
            {
              "batter": "A Doddaballapur",
              "bowler": "S Kailath",
              "non_striker": "S Sadarangani",
              "runs": {
                "batter": 1,
                "extras": 0,
                "total": 1
              }
            }
          ]
        }
      ],
      "powerplays": [
        {
          "from": 0.1,
          "to": 5.6,
          "type": "mandatory"
        }
      ]
    },
    {
      "team": "Austria",
      "overs": [
        {
          "over": 0,
          "deliveries": [
            {
              "batter": "H Bhullar",
              "bowler": "EC Bargna",
              "extras": {
                "wides": 1
              },
              "non_striker": "Busra Uca",
              "runs": {
                "batter": 0,
                "extras": 1,
                "total": 1
              }
            },
            {
              "batter": "H Bhullar",
              "bowler": "EC Bargna",
              "extras": {
                "wides": 2
              },
              "non_striker": "Busra Uca",
              "runs": {
                "batter": 0,
                "extras": 2,
                "total": 2
              }
            },
            {
              "batter": "Busra Uca",
              "bowler": "EC Bargna",
              "non_striker": "H Bhullar",
              "runs": {
                "batter": 0,
                "extras": 0,
                "total": 0
              },
              "wickets": [
                {
                  "player_out": "Busra Uca",
                  "kind": "bowled"
                }
              ]
            },
            {
              "batter": "P Sabu",
              "bowler": "EC Bargna",
              "non_striker": "H Bhullar",
              "runs": {
                "batter": 0,
                "extras": 0,
                "total": 0
              }
            },
            {
              "batter": "P Sabu",
              "bowler": "EC Bargna",
              "non_striker": "H Bhullar",
              "runs": {
                "batter": 1,
                "extras": 0,
                "total": 1
              }
            },
            {
              "batter": "P Sabu",
              "bowler": "EC Bargna",
              "non_striker": "H Bhullar",
              "runs": {
                "batter": 0,
                "extras": 0,
                "total": 0
              }
            },
            {
              "batter": "P Sabu",
              "bowler": "EC Bargna",
              "non_striker": "H Bhullar",
              "runs": {
                "batter": 1,
                "extras": 0,
                "total": 1
              }
            },
            {
              "batter": "H Bhullar",
              "bowler": "EC Bargna",
              "non_striker": "P Sabu",
              "runs": {
                "batter": 1,
                "extras": 0,
                "total": 1
              }
            }
          ]
        },
        {
          "over": 1,
          "deliveries": [
            {
              "batter": "H Bhullar",
              "bowler": "CM Gough",
              "non_striker": "P Sabu",
              "runs": {
                "batter": 0,
                "extras": 0,
                "total": 0
              }
            },
            {
              "batter": "H Bhullar",
              "bowler": "CM Gough",
              "non_striker": "P Sabu",
              "runs": {
                "batter": 2,
                "extras": 0,
                "total": 2
              }
            },
            {
              "batter": "H Bhullar",
              "bowler": "CM Gough",
              "non_striker": "P Sabu",
              "runs": {
                "batter": 0,
                "extras": 0,
                "total": 0
              }
            },
            {
              "batter": "H Bhullar",
              "bowler": "CM Gough",
              "non_striker": "P Sabu",
              "runs": {
                "batter": 1,
                "extras": 0,
                "total": 1
              }
            },
            {
              "batter": "P Sabu",
              "bowler": "CM Gough",
              "non_striker": "H Bhullar",
              "runs": {
                "batter": 0,
                "extras": 0,
                "total": 0
              }
            },
            {
              "batter": "P Sabu",
              "bowler": "CM Gough",
              "non_striker": "H Bhullar",
              "runs": {
                "batter": 0,
                "extras": 0,
                "total": 0
              }
            }
          ]
        },
        {
          "over": 2,
          "deliveries": [
            {
              "batter": "H Bhullar",
              "bowler": "EC Bargna",
              "non_striker": "P Sabu",
              "runs": {
                "batter": 0,
                "extras": 0,
                "total": 0
              },
              "wickets": [
                {
                  "player_out": "H Bhullar",
                  "kind": "bowled"
                }
              ]
            },
            {
              "batter": "AM Zepeda",
              "bowler": "EC Bargna",
              "non_striker": "P Sabu",
              "runs": {
                "batter": 0,
                "extras": 0,
                "total": 0
              }
            },
            {
              "batter": "AM Zepeda",
              "bowler": "EC Bargna",
              "extras": {
                "wides": 1
              },
              "non_striker": "P Sabu",
              "runs": {
                "batter": 0,
                "extras": 1,
                "total": 1
              }
            },
            {
              "batter": "AM Zepeda",
              "bowler": "EC Bargna",
              "non_striker": "P Sabu",
              "runs": {
                "batter": 0,
                "extras": 0,
                "total": 0
              }
            },
            {
              "batter": "AM Zepeda",
              "bowler": "EC Bargna",
              "non_striker": "P Sabu",
              "runs": {
                "batter": 0,
                "extras": 0,
                "total": 0
              }
            },
            {
              "batter": "AM Zepeda",
              "bowler": "EC Bargna",
              "non_striker": "P Sabu",
              "runs": {
                "batter": 0,
                "extras": 0,
                "total": 0
              }
            },
            {
              "batter": "AM Zepeda",
              "bowler": "EC Bargna",
              "non_striker": "P Sabu",
              "runs": {
                "batter": 0,
                "extras": 0,
                "total": 0
              }
            }
          ]
        },
        {
          "over": 3,
          "deliveries": [
            {
              "batter": "P Sabu",
              "bowler": "CM Gough",
              "non_striker": "AM Zepeda",
              "runs": {
                "batter": 0,
                "extras": 0,
                "total": 0
              }
            },
            {
              "batter": "P Sabu",
              "bowler": "CM Gough",
              "non_striker": "AM Zepeda",
              "runs": {
                "batter": 2,
                "extras": 0,
                "total": 2
              }
            },
            {
              "batter": "P Sabu",
              "bowler": "CM Gough",
              "non_striker": "AM Zepeda",
              "runs": {
                "batter": 1,
                "extras": 0,
                "total": 1
              }
            },
            {
              "batter": "AM Zepeda",
              "bowler": "CM Gough",
              "non_striker": "P Sabu",
              "runs": {
                "batter": 0,
                "extras": 0,
                "total": 0
              }
            },
            {
              "batter": "AM Zepeda",
              "bowler": "CM Gough",
              "non_striker": "P Sabu",
              "runs": {
                "batter": 1,
                "extras": 0,
                "total": 1
              }
            },
            {
              "batter": "P Sabu",
              "bowler": "CM Gough",
              "non_striker": "AM Zepeda",
              "runs": {
                "batter": 0,
                "extras": 0,
                "total": 0
              }
            }
          ]
        },
        {
          "over": 4,
          "deliveries": [
            {
              "batter": "AM Zepeda",
              "bowler": "EC Bargna",
              "extras": {
                "wides": 1
              },
              "non_striker": "P Sabu",
              "runs": {
                "batter": 0,
                "extras": 1,
                "total": 1
              }
            },
            {
              "batter": "AM Zepeda",
              "bowler": "EC Bargna",
              "non_striker": "P Sabu",
              "runs": {
                "batter": 0,
                "extras": 0,
                "total": 0
              }
            },
            {
              "batter": "AM Zepeda",
              "bowler": "EC Bargna",
              "non_striker": "P Sabu",
              "runs": {
                "batter": 0,
                "extras": 0,
                "total": 0
              }
            },
            {
              "batter": "AM Zepeda",
              "bowler": "EC Bargna",
              "non_striker": "P Sabu",
              "runs": {
                "batter": 0,
                "extras": 0,
                "total": 0
              }
            },
            {
              "batter": "AM Zepeda",
              "bowler": "EC Bargna",
              "extras": {
                "wides": 1
              },
              "non_striker": "P Sabu",
              "runs": {
                "batter": 0,
                "extras": 1,
                "total": 1
              }
            },
            {
              "batter": "AM Zepeda",
              "bowler": "EC Bargna",
              "extras": {
                "noballs": 1
              },
              "non_striker": "P Sabu",
              "runs": {
                "batter": 1,
                "extras": 1,
                "total": 2
              }
            },
            {
              "batter": "P Sabu",
              "bowler": "EC Bargna",
              "non_striker": "AM Zepeda",
              "runs": {
                "batter": 1,
                "extras": 0,
                "total": 1
              }
            },
            {
              "batter": "AM Zepeda",
              "bowler": "EC Bargna",
              "non_striker": "P Sabu",
              "runs": {
                "batter": 0,
                "extras": 0,
                "total": 0
              }
            },
            {
              "batter": "AM Zepeda",
              "bowler": "EC Bargna",
              "non_striker": "P Sabu",
              "runs": {
                "batter": 0,
                "extras": 0,
                "total": 0
              }
            }
          ]
        },
        {
          "over": 5,
          "deliveries": [
            {
              "batter": "P Sabu",
              "bowler": "CM Gough",
              "non_striker": "AM Zepeda",
              "runs": {
                "batter": 0,
                "extras": 0,
                "total": 0
              }
            },
            {
              "batter": "P Sabu",
              "bowler": "CM Gough",
              "non_striker": "AM Zepeda",
              "runs": {
                "batter": 0,
                "extras": 0,
                "total": 0
              }
            },
            {
              "batter": "P Sabu",
              "bowler": "CM Gough",
              "non_striker": "AM Zepeda",
              "runs": {
                "batter": 0,
                "extras": 0,
                "total": 0
              }
            },
            {
              "batter": "P Sabu",
              "bowler": "CM Gough",
              "non_striker": "AM Zepeda",
              "runs": {
                "batter": 0,
                "extras": 0,
                "total": 0
              }
            },
            {
              "batter": "P Sabu",
              "bowler": "CM Gough",
              "non_striker": "AM Zepeda",
              "runs": {
                "batter": 0,
                "extras": 0,
                "total": 0
              }
            },
            {
              "batter": "P Sabu",
              "bowler": "CM Gough",
              "non_striker": "AM Zepeda",
              "runs": {
                "batter": 0,
                "extras": 0,
                "total": 0
              }
            }
          ]
        },
        {
          "over": 6,
          "deliveries": [
            {
              "batter": "AM Zepeda",
              "bowler": "A Kohli",
              "non_striker": "P Sabu",
              "runs": {
                "batter": 0,
                "extras": 0,
                "total": 0
              }
            },
            {
              "batter": "AM Zepeda",
              "bowler": "A Kohli",
              "non_striker": "P Sabu",
              "runs": {
                "batter": 0,
                "extras": 0,
                "total": 0
              }
            },
            {
              "batter": "AM Zepeda",
              "bowler": "A Kohli",
              "non_striker": "P Sabu",
              "runs": {
                "batter": 0,
                "extras": 0,
                "total": 0
              }
            },
            {
              "batter": "AM Zepeda",
              "bowler": "A Kohli",
              "non_striker": "P Sabu",
              "runs": {
                "batter": 1,
                "extras": 0,
                "total": 1
              }
            },
            {
              "batter": "P Sabu",
              "bowler": "A Kohli",
              "non_striker": "AM Zepeda",
              "runs": {
                "batter": 0,
                "extras": 0,
                "total": 0
              },
              "wickets": [
                {
                  "player_out": "P Sabu",
                  "kind": "bowled"
                }
              ]
            },
            {
              "batter": "S Kailath",
              "bowler": "A Kohli",
              "extras": {
                "legbyes": 1
              },
              "non_striker": "AM Zepeda",
              "runs": {
                "batter": 0,
                "extras": 1,
                "total": 1
              }
            }
          ]
        },
        {
          "over": 7,
          "deliveries": [
            {
              "batter": "S Kailath",
              "bowler": "MS Beresford",
              "extras": {
                "wides": 1
              },
              "non_striker": "AM Zepeda",
              "runs": {
                "batter": 0,
                "extras": 1,
                "total": 1
              }
            },
            {
              "batter": "S Kailath",
              "bowler": "MS Beresford",
              "extras": {
                "wides": 1
              },
              "non_striker": "AM Zepeda",
              "runs": {
                "batter": 0,
                "extras": 1,
                "total": 1
              }
            },
            {
              "batter": "S Kailath",
              "bowler": "MS Beresford",
              "non_striker": "AM Zepeda",
              "runs": {
                "batter": 1,
                "extras": 0,
                "total": 1
              }
            },
            {
              "batter": "AM Zepeda",
              "bowler": "MS Beresford",
              "non_striker": "S Kailath",
              "runs": {
                "batter": 0,
                "extras": 0,
                "total": 0
              }
            },
            {
              "batter": "AM Zepeda",
              "bowler": "MS Beresford",
              "non_striker": "S Kailath",
              "runs": {
                "batter": 0,
                "extras": 0,
                "total": 0
              }
            },
            {
              "batter": "AM Zepeda",
              "bowler": "MS Beresford",
              "non_striker": "S Kailath",
              "runs": {
                "batter": 1,
                "extras": 0,
                "total": 1
              }
            },
            {
              "batter": "S Kailath",
              "bowler": "MS Beresford",
              "non_striker": "AM Zepeda",
              "runs": {
                "batter": 0,
                "extras": 0,
                "total": 0
              }
            },
            {
              "batter": "S Kailath",
              "bowler": "MS Beresford",
              "non_striker": "AM Zepeda",
              "runs": {
                "batter": 0,
                "extras": 0,
                "total": 0
              },
              "wickets": [
                {
                  "player_out": "S Kailath",
                  "kind": "bowled"
                }
              ]
            }
          ]
        },
        {
          "over": 8,
          "deliveries": [
            {
              "batter": "AM Zepeda",
              "bowler": "A Kohli",
              "non_striker": "JA Stiglitz",
              "runs": {
                "batter": 0,
                "extras": 0,
                "total": 0
              }
            },
            {
              "batter": "AM Zepeda",
              "bowler": "A Kohli",
              "non_striker": "JA Stiglitz",
              "runs": {
                "batter": 1,
                "extras": 0,
                "total": 1
              }
            },
            {
              "batter": "JA Stiglitz",
              "bowler": "A Kohli",
              "non_striker": "AM Zepeda",
              "runs": {
                "batter": 0,
                "extras": 0,
                "total": 0
              }
            },
            {
              "batter": "JA Stiglitz",
              "bowler": "A Kohli",
              "non_striker": "AM Zepeda",
              "runs": {
                "batter": 0,
                "extras": 0,
                "total": 0
              }
            },
            {
              "batter": "JA Stiglitz",
              "bowler": "A Kohli",
              "non_striker": "AM Zepeda",
              "runs": {
                "batter": 1,
                "extras": 0,
                "total": 1
              }
            },
            {
              "batter": "AM Zepeda",
              "bowler": "A Kohli",
              "non_striker": "JA Stiglitz",
              "runs": {
                "batter": 1,
                "extras": 0,
                "total": 1
              }
            }
          ]
        },
        {
          "over": 9,
          "deliveries": [
            {
              "batter": "AM Zepeda",
              "bowler": "MS Beresford",
              "non_striker": "JA Stiglitz",
              "runs": {
                "batter": 4,
                "extras": 0,
                "total": 4
              }
            },
            {
              "batter": "AM Zepeda",
              "bowler": "MS Beresford",
              "non_striker": "JA Stiglitz",
              "runs": {
                "batter": 0,
                "extras": 0,
                "total": 0
              }
            },
            {
              "batter": "AM Zepeda",
              "bowler": "MS Beresford",
              "non_striker": "JA Stiglitz",
              "runs": {
                "batter": 1,
                "extras": 0,
                "total": 1
              }
            },
            {
              "batter": "JA Stiglitz",
              "bowler": "MS Beresford",
              "non_striker": "AM Zepeda",
              "runs": {
                "batter": 0,
                "extras": 0,
                "total": 0
              }
            },
            {
              "batter": "JA Stiglitz",
              "bowler": "MS Beresford",
              "extras": {
                "wides": 1
              },
              "non_striker": "AM Zepeda",
              "runs": {
                "batter": 0,
                "extras": 1,
                "total": 1
              }
            },
            {
              "batter": "JA Stiglitz",
              "bowler": "MS Beresford",
              "extras": {
                "noballs": 1
              },
              "non_striker": "AM Zepeda",
              "runs": {
                "batter": 0,
                "extras": 1,
                "total": 1
              }
            },
            {
              "batter": "JA Stiglitz",
              "bowler": "MS Beresford",
              "non_striker": "AM Zepeda",
              "runs": {
                "batter": 0,
                "extras": 0,
                "total": 0
              }
            },
            {
              "batter": "JA Stiglitz",
              "bowler": "MS Beresford",
              "non_striker": "AM Zepeda",
              "runs": {
                "batter": 1,
                "extras": 0,
                "total": 1
              }
            }
          ]
        },
        {
          "over": 10,
          "deliveries": [
            {
              "batter": "JA Stiglitz",
              "bowler": "A Kohli",
              "non_striker": "AM Zepeda",
              "runs": {
                "batter": 0,
                "extras": 0,
                "total": 0
              }
            },
            {
              "batter": "JA Stiglitz",
              "bowler": "A Kohli",
              "extras": {
                "wides": 1
              },
              "non_striker": "AM Zepeda",
              "runs": {
                "batter": 0,
                "extras": 1,
                "total": 1
              }
            },
            {
              "batter": "JA Stiglitz",
              "bowler": "A Kohli",
              "non_striker": "AM Zepeda",
              "runs": {
                "batter": 0,
                "extras": 0,
                "total": 0
              }
            },
            {
              "batter": "JA Stiglitz",
              "bowler": "A Kohli",
              "non_striker": "AM Zepeda",
              "runs": {
                "batter": 0,
                "extras": 0,
                "total": 0
              }
            },
            {
              "batter": "JA Stiglitz",
              "bowler": "A Kohli",
              "non_striker": "AM Zepeda",
              "runs": {
                "batter": 2,
                "extras": 0,
                "total": 2
              }
            },
            {
              "batter": "JA Stiglitz",
              "bowler": "A Kohli",
              "non_striker": "AM Zepeda",
              "runs": {
                "batter": 0,
                "extras": 0,
                "total": 0
              },
              "wickets": [
                {
                  "player_out": "JA Stiglitz",
                  "fielders": [
                    {
                      "name": "A Bierwisch"
                    }
                  ],
                  "kind": "caught"
                }
              ]
            },
            {
              "batter": "R Avdylaj",
              "bowler": "A Kohli",
              "non_striker": "AM Zepeda",
              "runs": {
                "batter": 0,
                "extras": 0,
                "total": 0
              }
            }
          ]
        },
        {
          "over": 11,
          "deliveries": [
            {
              "batter": "AM Zepeda",
              "bowler": "MS Beresford",
              "non_striker": "R Avdylaj",
              "runs": {
                "batter": 0,
                "extras": 0,
                "total": 0
              }
            },
            {
              "batter": "AM Zepeda",
              "bowler": "MS Beresford",
              "extras": {
                "noballs": 1
              },
              "non_striker": "R Avdylaj",
              "runs": {
                "batter": 2,
                "extras": 1,
                "total": 3
              }
            },
            {
              "batter": "AM Zepeda",
              "bowler": "MS Beresford",
              "non_striker": "R Avdylaj",
              "runs": {
                "batter": 0,
                "extras": 0,
                "total": 0
              }
            },
            {
              "batter": "AM Zepeda",
              "bowler": "MS Beresford",
              "non_striker": "R Avdylaj",
              "runs": {
                "batter": 1,
                "extras": 0,
                "total": 1
              }
            },
            {
              "batter": "R Avdylaj",
              "bowler": "MS Beresford",
              "non_striker": "AM Zepeda",
              "runs": {
                "batter": 0,
                "extras": 0,
                "total": 0
              }
            },
            {
              "batter": "R Avdylaj",
              "bowler": "MS Beresford",
              "non_striker": "AM Zepeda",
              "runs": {
                "batter": 0,
                "extras": 0,
                "total": 0
              }
            },
            {
              "batter": "R Avdylaj",
              "bowler": "MS Beresford",
              "non_striker": "AM Zepeda",
              "runs": {
                "batter": 0,
                "extras": 0,
                "total": 0
              },
              "wickets": [
                {
                  "player_out": "R Avdylaj",
                  "kind": "bowled"
                }
              ]
            }
          ]
        },
        {
          "over": 12,
          "deliveries": [
            {
              "batter": "AM Zepeda",
              "bowler": "A Bierwisch",
              "extras": {
                "wides": 1
              },
              "non_striker": "H Dhaliwal",
              "runs": {
                "batter": 0,
                "extras": 1,
                "total": 1
              }
            },
            {
              "batter": "AM Zepeda",
              "bowler": "A Bierwisch",
              "extras": {
                "wides": 1
              },
              "non_striker": "H Dhaliwal",
              "runs": {
                "batter": 0,
                "extras": 1,
                "total": 1
              }
            },
            {
              "batter": "AM Zepeda",
              "bowler": "A Bierwisch",
              "non_striker": "H Dhaliwal",
              "runs": {
                "batter": 1,
                "extras": 0,
                "total": 1
              }
            },
            {
              "batter": "H Dhaliwal",
              "bowler": "A Bierwisch",
              "non_striker": "AM Zepeda",
              "runs": {
                "batter": 0,
                "extras": 0,
                "total": 0
              }
            },
            {
              "batter": "H Dhaliwal",
              "bowler": "A Bierwisch",
              "non_striker": "AM Zepeda",
              "runs": {
                "batter": 0,
                "extras": 0,
                "total": 0
              }
            },
            {
              "batter": "H Dhaliwal",
              "bowler": "A Bierwisch",
              "extras": {
                "wides": 1
              },
              "non_striker": "AM Zepeda",
              "runs": {
                "batter": 0,
                "extras": 1,
                "total": 1
              }
            },
            {
              "batter": "H Dhaliwal",
              "bowler": "A Bierwisch",
              "non_striker": "AM Zepeda",
              "runs": {
                "batter": 0,
                "extras": 0,
                "total": 0
              }
            },
            {
              "batter": "H Dhaliwal",
              "bowler": "A Bierwisch",
              "non_striker": "AM Zepeda",
              "runs": {
                "batter": 0,
                "extras": 0,
                "total": 0
              }
            },
            {
              "batter": "H Dhaliwal",
              "bowler": "A Bierwisch",
              "non_striker": "AM Zepeda",
              "runs": {
                "batter": 0,
                "extras": 0,
                "total": 0
              }
            }
          ]
        },
        {
          "over": 13,
          "deliveries": [
            {
              "batter": "AM Zepeda",
              "bowler": "MS Beresford",
              "non_striker": "H Dhaliwal",
              "runs": {
                "batter": 2,
                "extras": 0,
                "total": 2
              }
            },
            {
              "batter": "AM Zepeda",
              "bowler": "MS Beresford",
              "non_striker": "H Dhaliwal",
              "runs": {
                "batter": 0,
                "extras": 0,
                "total": 0
              }
            },
            {
              "batter": "AM Zepeda",
              "bowler": "MS Beresford",
              "extras": {
                "wides": 1
              },
              "non_striker": "H Dhaliwal",
              "runs": {
                "batter": 0,
                "extras": 1,
                "total": 1
              }
            },
            {
              "batter": "AM Zepeda",
              "bowler": "MS Beresford",
              "non_striker": "H Dhaliwal",
              "runs": {
                "batter": 0,
                "extras": 0,
                "total": 0
              }
            },
            {
              "batter": "AM Zepeda",
              "bowler": "MS Beresford",
              "non_striker": "H Dhaliwal",
              "runs": {
                "batter": 4,
                "extras": 0,
                "total": 4
              }
            },
            {
              "batter": "AM Zepeda",
              "bowler": "MS Beresford",
              "non_striker": "H Dhaliwal",
              "runs": {
                "batter": 0,
                "extras": 0,
                "total": 0
              }
            },
            {
              "batter": "AM Zepeda",
              "bowler": "MS Beresford",
              "non_striker": "H Dhaliwal",
              "runs": {
                "batter": 0,
                "extras": 0,
                "total": 0
              }
            }
          ]
        },
        {
          "over": 14,
          "deliveries": [
            {
              "batter": "H Dhaliwal",
              "bowler": "A Bierwisch",
              "extras": {
                "wides": 1
              },
              "non_striker": "AM Zepeda",
              "runs": {
                "batter": 0,
                "extras": 1,
                "total": 1
              }
            },
            {
              "batter": "H Dhaliwal",
              "bowler": "A Bierwisch",
              "non_striker": "AM Zepeda",
              "runs": {
                "batter": 0,
                "extras": 0,
                "total": 0
              }
            },
            {
              "batter": "H Dhaliwal",
              "bowler": "A Bierwisch",
              "non_striker": "AM Zepeda",
              "runs": {
                "batter": 0,
                "extras": 0,
                "total": 0
              }
            },
            {
              "batter": "H Dhaliwal",
              "bowler": "A Bierwisch",
              "non_striker": "AM Zepeda",
              "runs": {
                "batter": 0,
                "extras": 0,
                "total": 0
              }
            },
            {
              "batter": "H Dhaliwal",
              "bowler": "A Bierwisch",
              "non_striker": "AM Zepeda",
              "runs": {
                "batter": 0,
                "extras": 0,
                "total": 0
              }
            },
            {
              "batter": "H Dhaliwal",
              "bowler": "A Bierwisch",
              "non_striker": "AM Zepeda",
              "runs": {
                "batter": 0,
                "extras": 0,
                "total": 0
              }
            },
            {
              "batter": "H Dhaliwal",
              "bowler": "A Bierwisch",
              "non_striker": "AM Zepeda",
              "runs": {
                "batter": 1,
                "extras": 0,
                "total": 1
              }
            }
          ]
        },
        {
          "over": 15,
          "deliveries": [
            {
              "batter": "H Dhaliwal",
              "bowler": "A Doddaballapur",
              "non_striker": "AM Zepeda",
              "runs": {
                "batter": 0,
                "extras": 0,
                "total": 0
              }
            },
            {
              "batter": "H Dhaliwal",
              "bowler": "A Doddaballapur",
              "non_striker": "AM Zepeda",
              "runs": {
                "batter": 1,
                "extras": 0,
                "total": 1
              }
            },
            {
              "batter": "AM Zepeda",
              "bowler": "A Doddaballapur",
              "non_striker": "H Dhaliwal",
              "runs": {
                "batter": 1,
                "extras": 0,
                "total": 1
              }
            },
            {
              "batter": "H Dhaliwal",
              "bowler": "A Doddaballapur",
              "non_striker": "AM Zepeda",
              "runs": {
                "batter": 0,
                "extras": 0,
                "total": 0
              },
              "wickets": [
                {
                  "player_out": "H Dhaliwal",
                  "fielders": [
                    {
                      "name": "A Doddaballapur"
                    },
                    {
                      "name": "A Bierwisch"
                    }
                  ],
                  "kind": "run out"
                }
              ]
            },
            {
              "batter": "AM Zepeda",
              "bowler": "A Doddaballapur",
              "non_striker": "A Nookala",
              "runs": {
                "batter": 0,
                "extras": 0,
                "total": 0
              }
            },
            {
              "batter": "AM Zepeda",
              "bowler": "A Doddaballapur",
              "non_striker": "A Nookala",
              "runs": {
                "batter": 0,
                "extras": 0,
                "total": 0
              }
            }
          ]
        },
        {
          "over": 16,
          "deliveries": [
            {
              "batter": "A Nookala",
              "bowler": "EC Bargna",
              "non_striker": "AM Zepeda",
              "runs": {
                "batter": 0,
                "extras": 0,
                "total": 0
              }
            },
            {
              "batter": "A Nookala",
              "bowler": "EC Bargna",
              "non_striker": "AM Zepeda",
              "runs": {
                "batter": 0,
                "extras": 0,
                "total": 0
              }
            },
            {
              "batter": "A Nookala",
              "bowler": "EC Bargna",
              "non_striker": "AM Zepeda",
              "runs": {
                "batter": 0,
                "extras": 0,
                "total": 0
              }
            },
            {
              "batter": "A Nookala",
              "bowler": "EC Bargna",
              "non_striker": "AM Zepeda",
              "runs": {
                "batter": 0,
                "extras": 0,
                "total": 0
              },
              "wickets": [
                {
                  "player_out": "A Nookala",
                  "fielders": [
                    {
                      "name": "A Bierwisch"
                    }
                  ],
                  "kind": "caught"
                }
              ]
            },
            {
              "batter": "T Kazanci",
              "bowler": "EC Bargna",
              "non_striker": "AM Zepeda",
              "runs": {
                "batter": 1,
                "extras": 0,
                "total": 1
              }
            },
            {
              "batter": "AM Zepeda",
              "bowler": "EC Bargna",
              "non_striker": "T Kazanci",
              "runs": {
                "batter": 0,
                "extras": 0,
                "total": 0
              }
            }
          ]
        },
        {
          "over": 17,
          "deliveries": [
            {
              "batter": "T Kazanci",
              "bowler": "A Doddaballapur",
              "non_striker": "AM Zepeda",
              "runs": {
                "batter": 1,
                "extras": 0,
                "total": 1
              }
            },
            {
              "batter": "AM Zepeda",
              "bowler": "A Doddaballapur",
              "extras": {
                "wides": 3
              },
              "non_striker": "T Kazanci",
              "runs": {
                "batter": 0,
                "extras": 3,
                "total": 3
              }
            },
            {
              "batter": "AM Zepeda",
              "bowler": "A Doddaballapur",
              "non_striker": "T Kazanci",
              "runs": {
                "batter": 1,
                "extras": 0,
                "total": 1
              }
            },
            {
              "batter": "T Kazanci",
              "bowler": "A Doddaballapur",
              "extras": {
                "wides": 1
              },
              "non_striker": "AM Zepeda",
              "runs": {
                "batter": 0,
                "extras": 1,
                "total": 1
              }
            },
            {
              "batter": "T Kazanci",
              "bowler": "A Doddaballapur",
              "extras": {
                "wides": 1
              },
              "non_striker": "AM Zepeda",
              "runs": {
                "batter": 0,
                "extras": 1,
                "total": 1
              }
            },
            {
              "batter": "T Kazanci",
              "bowler": "A Doddaballapur",
              "extras": {
                "wides": 2
              },
              "non_striker": "AM Zepeda",
              "runs": {
                "batter": 0,
                "extras": 2,
                "total": 2
              }
            },
            {
              "batter": "AM Zepeda",
              "bowler": "A Doddaballapur",
              "non_striker": "T Kazanci",
              "runs": {
                "batter": 1,
                "extras": 0,
                "total": 1
              }
            },
            {
              "batter": "T Kazanci",
              "bowler": "A Doddaballapur",
              "extras": {
                "wides": 1
              },
              "non_striker": "AM Zepeda",
              "runs": {
                "batter": 0,
                "extras": 1,
                "total": 1
              }
            },
            {
              "batter": "T Kazanci",
              "bowler": "A Doddaballapur",
              "non_striker": "AM Zepeda",
              "runs": {
                "batter": 2,
                "extras": 0,
                "total": 2
              }
            },
            {
              "batter": "T Kazanci",
              "bowler": "A Doddaballapur",
              "non_striker": "AM Zepeda",
              "runs": {
                "batter": 0,
                "extras": 0,
                "total": 0
              }
            },
            {
              "batter": "T Kazanci",
              "bowler": "A Doddaballapur",
              "non_striker": "AM Zepeda",
              "runs": {
                "batter": 0,
                "extras": 0,
                "total": 0
              },
              "wickets": [
                {
                  "player_out": "T Kazanci",
                  "kind": "lbw"
                }
              ]
            }
          ]
        },
        {
          "over": 18,
          "deliveries": [
            {
              "batter": "AM Zepeda",
              "bowler": "A Kohli",
              "non_striker": "V Avdylaj",
              "runs": {
                "batter": 4,
                "extras": 0,
                "total": 4
              }
            },
            {
              "batter": "AM Zepeda",
              "bowler": "A Kohli",
              "non_striker": "V Avdylaj",
              "runs": {
                "batter": 2,
                "extras": 0,
                "total": 2
              }
            },
            {
              "batter": "AM Zepeda",
              "bowler": "A Kohli",
              "non_striker": "V Avdylaj",
              "runs": {
                "batter": 2,
                "extras": 0,
                "total": 2
              }
            },
            {
              "batter": "AM Zepeda",
              "bowler": "A Kohli",
              "non_striker": "V Avdylaj",
              "runs": {
                "batter": 2,
                "extras": 0,
                "total": 2
              }
            },
            {
              "batter": "AM Zepeda",
              "bowler": "A Kohli",
              "non_striker": "V Avdylaj",
              "runs": {
                "batter": 1,
                "extras": 0,
                "total": 1
              }
            },
            {
              "batter": "V Avdylaj",
              "bowler": "A Kohli",
              "non_striker": "AM Zepeda",
              "runs": {
                "batter": 0,
                "extras": 0,
                "total": 0
              },
              "wickets": [
                {
                  "player_out": "V Avdylaj",
                  "fielders": [
                    {
                      "name": "CM Gough"
                    }
                  ],
                  "kind": "caught"
                }
              ]
            }
          ]
        }
      ],
      "powerplays": [
        {
          "from": 0.1,
          "to": 5.6,
          "type": "mandatory"
        }
      ],
      "target": {
        "overs": 20,
        "runs": 166
      }
    }
  ]
}