{
  "meta": {
    "data_version": "1.0.0",
    "created": "2020-10-05",
    "revision": 1
  },
  "info": {
    "balls_per_over": 6,
    "city": "Derby",
    "dates": [
      "2020-09-30"
    ],
    "event": {
      "name": "West Indies Women tour of England",
      "match_number": 5
    },
    "gender": "female",
    "match_type": "T20",
    "match_type_number": 879,
    "officials": {
      "match_referees": [
        "Wayne Noon"
      ],
      "reserve_umpires": [
        "DJ Millns"
      ],
      "tv_umpires": [
        "M Burns"
      ],
      "umpires": [
        "GD Lloyd",
        "S Redfern"
      ]
    },
    "outcome": {
      "winner": "England",
      "by": {
        "wickets": 3
      }
    },
    "overs": 20,
    "player_of_match": [
      "SS Connell"
    ],
    "players": {
      "West Indies": [
        "DJS Dottin",
        "HK Matthews",
        "SR Taylor",
        "CN Nation",
        "NY McLean",
        "SA Campbelle",
        "CS Fraser",
        "CA Henry",
        "SC Selman",
        "S Gajnabi",
        "SS Connell"
      ],
      "England": [
        "HC Knight",
        "NR Sciver",
        "AE Jones",
        "TT Beaumont",
        "KH Brunt",
        "SIR Dunkley",
        "S Glenn",
        "FC Wilson",
        "S Ecclestone",
        "FR Davies",
        "MK Villiers"
      ]
    },
    "registry": {
      "people": {
        "AE Jones": "b05e45e4",
        "CA Henry": "75820733",
        "CN Nation": "639000b6",
        "CS Fraser": "fb9a8cc3",
        "DJ Millns": "46ecfe40",
        "DJS Dottin": "53bee17f",
        "FC Wilson": "a28132bd",
        "FR Davies": "2479daa6",
        "GD Lloyd": "36e0770d",
        "HC Knight": "4ba0289e",
        "HK Matthews": "d32cf49a",
        "KH Brunt": "6a434bd3",
        "M Burns": "b3bd0666",
        "MK Villiers": "cd62f670",
        "NR Sciver": "f3a18a0c",
        "NY McLean": "1d39dc61",
        "S Ecclestone": "cdb82f1c",
        "S Gajnabi": "c35739a1",
        "S Glenn": "b34e0c77",
        "S Redfern": "5b038989",
        "SA Campbelle": "a7cd72b2",
        "SC Selman": "c29ada99",
        "SIR Dunkley": "3a9e9cb2",
        "SR Taylor": "92cf79a8",
        "SS Connell": "2f9a6bd1",
        "TT Beaumont": "b2664905",
        "Wayne Noon": "736e1761"
      }
    },
    "season": "2020",
    "team_type": "international",
    "teams": [
      "West Indies",
      "England"
    ],
    "toss": {
      "decision": "field",
      "winner": "England"
    },
    "venue": "County Ground"
  },
  "innings": [
    {
      "team": "West Indies",
      "overs": [
        {
          "over": 0,
          "deliveries": [
            {
              "batter": "DJS Dottin",
              "bowler": "FR Davies",
              "non_striker": "HK Matthews",
              "runs": {
                "batter": 0,
                "extras": 0,
                "total": 0
              }
            },
            {
              "batter": "DJS Dottin",
              "bowler": "FR Davies",
              "non_striker": "HK Matthews",
              "runs": {
                "batter": 0,
                "extras": 0,
                "total": 0
              }
            },
            {
              "batter": "DJS Dottin",
              "bowler": "FR Davies",
              "non_striker": "HK Matthews",
              "runs": {
                "batter": 4,
                "extras": 0,
                "total": 4
              }
            },
            {
              "batter": "DJS Dottin",
              "bowler": "FR Davies",
              "non_striker": "HK Matthews",
              "runs": {
                "batter": 6,
                "extras": 0,
                "total": 6
              }
            },
            {
              "batter": "DJS Dottin",
              "bowler": "FR Davies",
              "non_striker": "HK Matthews",
              "runs": {
                "batter": 1,
                "extras": 0,
                "total": 1
              }
            },
            {
              "batter": "HK Matthews",
              "bowler": "FR Davies",
              "non_striker": "DJS Dottin",
              "runs": {
                "batter": 0,
                "extras": 0,
                "total": 0
              },
              "wickets": [
                {
                  "player_out": "HK Matthews",
                  "fielders": [
                    {
                      "name": "MK Villiers"
                    }
                  ],
                  "kind": "caught"
                }
              ]
            }
          ]
        },
        {
          "over": 1,
          "deliveries": [
            {
              "batter": "SR Taylor",
              "bowler": "KH Brunt",
              "non_striker": "DJS Dottin",
              "runs": {
                "batter": 0,
                "extras": 0,
                "total": 0
              }
            },
            {
              "batter": "SR Taylor",
              "bowler": "KH Brunt",
              "non_striker": "DJS Dottin",
              "runs": {
                "batter": 1,
                "extras": 0,
                "total": 1
              }
            },
            {
              "batter": "DJS Dottin",
              "bowler": "KH Brunt",
              "non_striker": "SR Taylor",
              "runs": {
                "batter": 0,
                "extras": 0,
                "total": 0
              }
            },
            {
              "batter": "DJS Dottin",
              "bowler": "KH Brunt",
              "extras": {
                "wides": 1
              },
              "non_striker": "SR Taylor",
              "runs": {
                "batter": 0,
                "extras": 1,
                "total": 1
              }
            },
            {
              "batter": "DJS Dottin",
              "bowler": "KH Brunt",
              "non_striker": "SR Taylor",
              "runs": {
                "batter": 0,
                "extras": 0,
                "total": 0
              },
              "wickets": [
                {
                  "player_out": "DJS Dottin",
                  "fielders": [
                    {
                      "name": "FR Davies"
                    }
                  ],
                  "kind": "caught"
                }
              ]
            },
            {
              "batter": "SR Taylor",
              "bowler": "KH Brunt",
              "non_striker": "CN Nation",
              "runs": {
                "batter": 1,
                "extras": 0,
                "total": 1
              }
            },
            {
              "batter": "CN Nation",
              "bowler": "KH Brunt",
              "non_striker": "SR Taylor",
              "runs": {
                "batter": 0,
                "extras": 0,
                "total": 0
              }
            }
          ]
        },
        {
          "over": 2,
          "deliveries": [
            {
              "batter": "SR Taylor",
              "bowler": "S Ecclestone",
              "non_striker": "CN Nation",
              "runs": {
                "batter": 2,
                "extras": 0,
                "total": 2
              }
            },
            {
              "batter": "SR Taylor",
              "bowler": "S Ecclestone",
              "non_striker": "CN Nation",
              "runs": {
                "batter": 1,
                "extras": 0,
                "total": 1
              }
            },
            {
              "batter": "CN Nation",
              "bowler": "S Ecclestone",
              "non_striker": "SR Taylor",
              "runs": {
                "batter": 0,
                "extras": 0,
                "total": 0
              },
              "wickets": [
                {
                  "player_out": "CN Nation",
                  "kind": "bowled"
                }
              ]
            },
            {
              "batter": "NY McLean",
              "bowler": "S Ecclestone",
              "non_striker": "SR Taylor",
              "runs": {
                "batter": 2,
                "extras": 0,
                "total": 2
              }
            },
            {
              "batter": "NY McLean",
              "bowler": "S Ecclestone",
              "non_striker": "SR Taylor",
              "runs": {
                "batter": 1,
                "extras": 0,
                "total": 1
              }
            },
            {
              "batter": "SR Taylor",
              "bowler": "S Ecclestone",
              "non_striker": "NY McLean",
              "runs": {
                "batter": 0,
                "extras": 0,
                "total": 0
              }
            }
          ]
        },
        {
          "over": 3,
          "deliveries": [
            {
              "batter": "NY McLean",
              "bowler": "KH Brunt",
              "non_striker": "SR Taylor",
              "runs": {
                "batter": 0,
                "extras": 0,
                "total": 0
              }
            },
            {
              "batter": "NY McLean",
              "bowler": "KH Brunt",
              "non_striker": "SR Taylor",
              "runs": {
                "batter": 0,
                "extras": 0,
                "total": 0
              }
            },
            {
              "batter": "NY McLean",
              "bowler": "KH Brunt",
              "non_striker": "SR Taylor",
              "runs": {
                "batter": 2,
                "extras": 0,
                "total": 2
              }
            },
            {
              "batter": "NY McLean",
              "bowler": "KH Brunt",
              "non_striker": "SR Taylor",
              "runs": {
                "batter": 1,
                "extras": 0,
                "total": 1
              }
            },
            {
              "batter": "SR Taylor",
              "bowler": "KH Brunt",
              "non_striker": "NY McLean",
              "runs": {
                "batter": 4,
                "extras": 0,
                "total": 4
              }
            },
            {
              "batter": "SR Taylor",
              "bowler": "KH Brunt",
              "non_striker": "NY McLean",
              "runs": {
                "batter": 4,
                "extras": 0,
                "total": 4
              }
            }
          ]
        },
        {
          "over": 4,
          "deliveries": [
            {
              "batter": "NY McLean",
              "bowler": "S Ecclestone",
              "non_striker": "SR Taylor",
              "runs": {
                "batter": 1,
                "extras": 0,
                "total": 1
              }
            },
            {
              "batter": "SR Taylor",
              "bowler": "S Ecclestone",
              "non_striker": "NY McLean",
              "runs": {
                "batter": 1,
                "extras": 0,
                "total": 1
              }
            },
            {
              "batter": "NY McLean",
              "bowler": "S Ecclestone",
              "non_striker": "SR Taylor",
              "runs": {
                "batter": 0,
                "extras": 0,
                "total": 0
              }
            },
            {
              "batter": "NY McLean",
              "bowler": "S Ecclestone",
              "non_striker": "SR Taylor",
              "runs": {
                "batter": 1,
                "extras": 0,
                "total": 1
              }
            },
            {
              "batter": "SR Taylor",
              "bowler": "S Ecclestone",
              "non_striker": "NY McLean",
              "runs": {
                "batter": 1,
                "extras": 0,
                "total": 1
              }
            },
            {
              "batter": "NY McLean",
              "bowler": "S Ecclestone",
              "non_striker": "SR Taylor",
              "runs": {
                "batter": 6,
                "extras": 0,
                "total": 6
              }
            }
          ]
        }
      ],
      "powerplays": [
        {
          "from": 0.1,
          "to": 4.6,
          "type": "mandatory"
        }
      ]
    },
    {
      "team": "England",
      "overs": [
        {
          "over": 0,
          "deliveries": [
            {
              "batter": "HC Knight",
              "bowler": "SS Connell",
              "extras": {
                "wides": 1
              },
              "non_striker": "NR Sciver",
              "runs": {
                "batter": 0,
                "extras": 1,
                "total": 1
              }
            },
            {
              "batter": "HC Knight",
              "bowler": "SS Connell",
              "non_striker": "NR Sciver",
              "runs": {
                "batter": 4,
                "extras": 0,
                "total": 4
              }
            },
            {
              "batter": "HC Knight",
              "bowler": "SS Connell",
              "non_striker": "NR Sciver",
              "runs": {
                "batter": 0,
                "extras": 0,
                "total": 0
              },
              "wickets": [
                {
                  "player_out": "HC Knight",
                  "fielders": [
                    {
                      "name": "SR Taylor"
                    }
                  ],
                  "kind": "caught"
                }
              ]
            },
            {
              "batter": "AE Jones",
              "bowler": "SS Connell",
              "non_striker": "NR Sciver",
              "runs": {
                "batter": 0,
                "extras": 0,
                "total": 0
              }
            },
            {
              "batter": "AE Jones",
              "bowler": "SS Connell",
              "non_striker": "NR Sciver",
              "runs": {
                "batter": 0,
                "extras": 0,
                "total": 0
              },
              "wickets": [
                {
                  "player_out": "AE Jones",
                  "fielders": [
                    {
                      "name": "NY McLean"
                    }
                  ],
                  "kind": "caught"
                }
              ]
            },
            {
              "batter": "NR Sciver",
              "bowler": "SS Connell",
              "non_striker": "TT Beaumont",
              "runs": {
                "batter": 0,
                "extras": 0,
                "total": 0
              }
            },
            {
              "batter": "NR Sciver",
              "bowler": "SS Connell",
              "non_striker": "TT Beaumont",
              "runs": {
                "batter": 0,
                "extras": 0,
                "total": 0
              }
            }
          ]
        },
        {
          "over": 1,
          "deliveries": [
            {
              "batter": "TT Beaumont",
              "bowler": "SC Selman",
              "non_striker": "NR Sciver",
              "runs": {
                "batter": 1,
                "extras": 0,
                "total": 1
              }
            },
            {
              "batter": "NR Sciver",
              "bowler": "SC Selman",
              "non_striker": "TT Beaumont",
              "runs": {
                "batter": 1,
                "extras": 0,
                "total": 1
              }
            },
            {
              "batter": "TT Beaumont",
              "bowler": "SC Selman",
              "extras": {
                "noballs": 1
              },
              "non_striker": "NR Sciver",
              "runs": {
                "batter": 0,
                "extras": 1,
                "total": 1
              }
            },
            {
              "batter": "TT Beaumont",
              "bowler": "SC Selman",
              "non_striker": "NR Sciver",
              "runs": {
                "batter": 4,
                "extras": 0,
                "total": 4
              }
            },
            {
              "batter": "TT Beaumont",
              "bowler": "SC Selman",
              "non_striker": "NR Sciver",
              "runs": {
                "batter": 4,
                "extras": 0,
                "total": 4
              }
            },
            {
              "batter": "TT Beaumont",
              "bowler": "SC Selman",
              "extras": {
                "wides": 1
              },
              "non_striker": "NR Sciver",
              "runs": {
                "batter": 0,
                "extras": 1,
                "total": 1
              }
            },
            {
              "batter": "TT Beaumont",
              "bowler": "SC Selman",
              "non_striker": "NR Sciver",
              "runs": {
                "batter": 0,
                "extras": 0,
                "total": 0
              },
              "wickets": [
                {
                  "player_out": "TT Beaumont",
                  "fielders": [
                    {
                      "name": "CN Nation"
                    }
                  ],
                  "kind": "caught"
                }
              ]
            },
            {
              "batter": "NR Sciver",
              "bowler": "SC Selman",
              "non_striker": "KH Brunt",
              "runs": {
                "batter": 1,
                "extras": 0,
                "total": 1
              }
            }
          ]
        },
        {
          "over": 2,
          "deliveries": [
            {
              "batter": "NR Sciver",
              "bowler": "SS Connell",
              "non_striker": "KH Brunt",
              "runs": {
                "batter": 4,
                "extras": 0,
                "total": 4
              }
            },
            {
              "batter": "NR Sciver",
              "bowler": "SS Connell",
              "non_striker": "KH Brunt",
              "runs": {
                "batter": 1,
                "extras": 0,
                "total": 1
              }
            },
            {
              "batter": "KH Brunt",
              "bowler": "SS Connell",
              "non_striker": "NR Sciver",
              "runs": {
                "batter": 2,
                "extras": 0,
                "total": 2
              }
            },
            {
              "batter": "KH Brunt",
              "bowler": "SS Connell",
              "non_striker": "NR Sciver",
              "runs": {
                "batter": 0,
                "extras": 0,
                "total": 0
              },
              "wickets": [
                {
                  "player_out": "NR Sciver",
                  "kind": "run out"
                }
              ]
            },
            {
              "batter": "KH Brunt",
              "bowler": "SS Connell",
              "non_striker": "SIR Dunkley",
              "runs": {
                "batter": 0,
                "extras": 0,
                "total": 0
              },
              "wickets": [
                {
                  "player_out": "KH Brunt",
                  "fielders": [
                    {
                      "name": "SR Taylor"
                    }
                  ],
                  "kind": "caught"
                }
              ]
            },
            {
              "batter": "S Glenn",
              "bowler": "SS Connell",
              "non_striker": "SIR Dunkley",
              "runs": {
                "batter": 2,
                "extras": 0,
                "total": 2
              }
            }
          ]
        },
        {
          "over": 3,
          "deliveries": [
            {
              "batter": "SIR Dunkley",
              "bowler": "DJS Dottin",
              "extras": {
                "legbyes": 1
              },
              "non_striker": "S Glenn",
              "runs": {
                "batter": 0,
                "extras": 1,
                "total": 1
              }
            },
            {
              "batter": "S Glenn",
              "bowler": "DJS Dottin",
              "non_striker": "SIR Dunkley",
              "runs": {
                "batter": 2,
                "extras": 0,
                "total": 2
              }
            },
            {
              "batter": "S Glenn",
              "bowler": "DJS Dottin",
              "extras": {
                "legbyes": 1
              },
              "non_striker": "SIR Dunkley",
              "runs": {
                "batter": 0,
                "extras": 1,
                "total": 1
              }
            },
            {
              "batter": "SIR Dunkley",
              "bowler": "DJS Dottin",
              "non_striker": "S Glenn",
              "runs": {
                "batter": 2,
                "extras": 0,
                "total": 2
              }
            },
            {
              "batter": "SIR Dunkley",
              "bowler": "DJS Dottin",
              "non_striker": "S Glenn",
              "runs": {
                "batter": 1,
                "extras": 0,
                "total": 1
              }
            },
            {
              "batter": "S Glenn",
              "bowler": "DJS Dottin",
              "non_striker": "SIR Dunkley",
              "runs": {
                "batter": 1,
                "extras": 0,
                "total": 1
              }
            }
          ]
        },
        {
          "over": 4,
          "deliveries": [
            {
              "batter": "S Glenn",
              "bowler": "SC Selman",
              "non_striker": "SIR Dunkley",
              "runs": {
                "batter": 2,
                "extras": 0,
                "total": 2
              }
            },
            {
              "batter": "S Glenn",
              "bowler": "SC Selman",
              "non_striker": "SIR Dunkley",
              "runs": {
                "batter": 1,
                "extras": 0,
                "total": 1
              },
              "wickets": [
                {
                  "player_out": "S Glenn",
                  "kind": "run out"
                }
              ]
            },
            {
              "batter": "FC Wilson",
              "bowler": "SC Selman",
              "non_striker": "SIR Dunkley",
              "runs": {
                "batter": 1,
                "extras": 0,
                "total": 1
              },
              "wickets": [
                {
                  "player_out": "FC Wilson",
                  "kind": "run out"
                }
              ]
            },
            {
              "batter": "S Ecclestone",
              "bowler": "SC Selman",
              "extras": {
                "noballs": 1
              },
              "non_striker": "SIR Dunkley",
              "runs": {
                "batter": 1,
                "extras": 1,
                "total": 2
              }
            },
            {
              "batter": "SIR Dunkley",
              "bowler": "SC Selman",
              "extras": {
                "noballs": 1
              },
              "non_striker": "S Ecclestone",
              "runs": {
                "batter": 0,
                "extras": 1,
                "total": 1
              }
            }
          ]
        }
      ],
      "powerplays": [
        {
          "from": 0.1,
          "to": 4.5,
          "type": "mandatory"
        }
      ],
      "target": {
        "overs": 5,
        "runs": 42
      }
    }
  ]
}