{
  "meta": {
    "data_version": "1.1.0",
    "created": "2021-10-20",
    "revision": 1
  },
  "info": {
    "balls_per_over": 6,
    "city": "Kigali City",
    "dates": [
      "2021-10-20"
    ],
    "event": {
      "name": "ICC Men's T20 World Cup Sub Regional Africa Qualifier",
      "match_number": 15,
      "group": "A"
    },
    "gender": "male",
    "match_type": "T20",
    "match_type_number": 1328,
    "officials": {
      "match_referees": [
        "SA Fritz"
      ],
      "reserve_umpires": [
        "Itangishaka Olivier"
      ],
      "umpires": [
        "C Thorburn",
        "Claus Schumacher"
      ]
    },
    "outcome": {
      "winner": "Seychelles",
      "by": {
        "wickets": 7
      }
    },
    "overs": 20,
    "player_of_match": [
      "SKDT Madusanka"
    ],
    "players": {
      "Swaziland": [
        "C Forbes",
        "Naeem Gull",
        "Muhammad Amin",
        "Shehzad Patel",
        "J Ghadiyali",
        "JJ Wright",
        "Umair Qasim",
        "M Jele",
        "S Kubheka",
        "N Magagula",
        "L Zulu"
      ],
      "Seychelles": [
        "N Krishna",
        "T Rajiv",
        "S Udhayan",
        "SKDT Madusanka",
        "Mazharul Islam",
        "KJ Patel",
        "SR Rocket",
        "SR Mohan",
        "HL Harji",
        "D Kalvin",
        "K Govind"
      ]
    },
    "registry": {
      "people": {
        "C Forbes": "8a9e3cd0",
        "C Thorburn": "904288fe",
        "Claus Schumacher": "85645e62",
        "D Kalvin": "895ae8b6",
        "HL Harji": "29663fda",
        "Itangishaka Olivier": "0ee3bb49",
        "J Ghadiyali": "53419aff",
        "JJ Wright": "c5981c9c",
        "K Govind": "0371cc19",
        "KJ Patel": "d6b4e3e2",
        "L Zulu": "59e99272",
        "M Jele": "1a8cedc8",
        "Mazharul Islam": "30564b3e",
        "Muhammad Amin": "ce9ce42f",
        "N Krishna": "c62a0327",
        "N Magagula": "3a54c25b",
        "Naeem Gull": "4c49c917",
        "P Byron": "20b559ab",
        "S Kubheka": "d0178c53",
        "S Udhayan": "a8d6305d",
        "SA Fritz": "d15e60c8",
        "SKDT Madusanka": "95c2d309",
        "SR Mohan": "58533699",
        "SR Rocket": "ee3bfb9b",
        "Shehzad Patel": "101373a3",
        "T Rajiv": "1ab8beda",
        "Umair Qasim": "e086735b"
      }
    },
    "season": "2021/22",
    "team_type": "international",
    "teams": [
      "Swaziland",
      "Seychelles"
    ],
    "toss": {
      "decision": "bat",
      "winner": "Swaziland"
    },
    "venue": "Gahanga International Cricket Stadium. Rwanda"
  },
  "innings": [
    {
      "team": "Swaziland",
      "overs": [
        {
          "over": 0,
          "deliveries": [
            {
              "batter": "C Forbes",
              "bowler": "SR Rocket",
              "non_striker": "Naeem Gull",
              "runs": {
                "batter": 0,
                "extras": 0,
                "total": 0
              }
            },
            {
              "batter": "C Forbes",
              "bowler": "SR Rocket",
              "non_striker": "Naeem Gull",
              "runs": {
                "batter": 0,
                "extras": 0,
                "total": 0
              }
            },
            {
              "batter": "C Forbes",
              "bowler": "SR Rocket",
              "non_striker": "Naeem Gull",
              "runs": {
                "batter": 1,
                "extras": 0,
                "total": 1
              }
            },
            {
              "batter": "Naeem Gull",
              "bowler": "SR Rocket",
              "non_striker": "C Forbes",
              "runs": {
                "batter": 1,
                "extras": 0,
                "total": 1
              }
            },
            {
              "batter": "C Forbes",
              "bowler": "SR Rocket",
              "non_striker": "Naeem Gull",
              "runs": {
                "batter": 1,
                "extras": 0,
                "total": 1
              }
            },
            {
              "batter": "Naeem Gull",
              "bowler": "SR Rocket",
              "non_striker": "C Forbes",
              "runs": {
                "batter": 1,
                "extras": 0,
                "total": 1
              }
            }
          ]
        },
        {
          "over": 1,
          "deliveries": [
            {
              "batter": "Naeem Gull",
              "bowler": "HL Harji",
              "non_striker": "C Forbes",
              "runs": {
                "batter": 0,
                "extras": 0,
                "total": 0
              }
            },
            {
              "batter": "Naeem Gull",
              "bowler": "HL Harji",
              "non_striker": "C Forbes",
              "runs": {
                "batter": 0,
                "extras": 0,
                "total": 0
              }
            },
            {
              "batter": "Naeem Gull",
              "bowler": "HL Harji",
              "non_striker": "C Forbes",
              "runs": {
                "batter": 0,
                "extras": 0,
                "total": 0
              },
              "wickets": [
                {
                  "player_out": "Naeem Gull",
                  "fielders": [
                    {
                      "name": "SR Mohan"
                    }
                  ],
                  "kind": "caught"
                }
              ]
            },
            {
              "batter": "Muhammad Amin",
              "bowler": "HL Harji",
              "non_striker": "C Forbes",
              "runs": {
                "batter": 2,
                "extras": 0,
                "total": 2
              }
            },
            {
              "batter": "Muhammad Amin",
              "bowler": "HL Harji",
              "non_striker": "C Forbes",
              "runs": {
                "batter": 0,
                "extras": 0,
                "total": 0
              }
            },
            {
              "batter": "Muhammad Amin",
              "bowler": "HL Harji",
              "non_striker": "C Forbes",
              "runs": {
                "batter": 4,
                "extras": 0,
                "total": 4
              }
            }
          ]
        },
        {
          "over": 2,
          "deliveries": [
            {
              "batter": "C Forbes",
              "bowler": "SR Rocket",
              "non_striker": "Muhammad Amin",
              "runs": {
                "batter": 4,
                "extras": 0,
                "total": 4
              }
            },
            {
              "batter": "C Forbes",
              "bowler": "SR Rocket",
              "non_striker": "Muhammad Amin",
              "runs": {
                "batter": 4,
                "extras": 0,
                "total": 4
              }
            },
            {
              "batter": "C Forbes",
              "bowler": "SR Rocket",
              "non_striker": "Muhammad Amin",
              "runs": {
                "batter": 4,
                "extras": 0,
                "total": 4
              }
            },
            {
              "batter": "C Forbes",
              "bowler": "SR Rocket",
              "non_striker": "Muhammad Amin",
              "runs": {
                "batter": 1,
                "extras": 0,
                "total": 1
              }
            },
            {
              "batter": "Muhammad Amin",
              "bowler": "SR Rocket",
              "non_striker": "C Forbes",
              "runs": {
                "batter": 4,
                "extras": 0,
                "total": 4
              }
            },
            {
              "batter": "Muhammad Amin",
              "bowler": "SR Rocket",
              "non_striker": "C Forbes",
              "runs": {
                "batter": 0,
                "extras": 0,
                "total": 0
              }
            }
          ]
        },
        {
          "over": 3,
          "deliveries": [
            {
              "batter": "C Forbes",
              "bowler": "HL Harji",
              "non_striker": "Muhammad Amin",
              "runs": {
                "batter": 1,
                "extras": 0,
                "total": 1
              }
            },
            {
              "batter": "Muhammad Amin",
              "bowler": "HL Harji",
              "non_striker": "C Forbes",
              "runs": {
                "batter": 4,
                "extras": 0,
                "total": 4
              }
            },
            {
              "batter": "Muhammad Amin",
              "bowler": "HL Harji",
              "non_striker": "C Forbes",
              "runs": {
                "batter": 1,
                "extras": 0,
                "total": 1
              }
            },
            {
              "batter": "C Forbes",
              "bowler": "HL Harji",
              "non_striker": "Muhammad Amin",
              "runs": {
                "batter": 0,
                "extras": 0,
                "total": 0
              },
              "wickets": [
                {
                  "player_out": "C Forbes",
                  "kind": "bowled"
                }
              ]
            },
            {
              "batter": "Shehzad Patel",
              "bowler": "HL Harji",
              "non_striker": "Muhammad Amin",
              "runs": {
                "batter": 0,
                "extras": 0,
                "total": 0
              }
            },
            {
              "batter": "Shehzad Patel",
              "bowler": "HL Harji",
              "non_striker": "Muhammad Amin",
              "runs": {
                "batter": 2,
                "extras": 0,
                "total": 2
              }
            }
          ]
        },
        {
          "over": 4,
          "deliveries": [
            {
              "batter": "Muhammad Amin",
              "bowler": "KJ Patel",
              "non_striker": "Shehzad Patel",
              "runs": {
                "batter": 4,
                "extras": 0,
                "total": 4
              }
            },
            {
              "batter": "Muhammad Amin",
              "bowler": "KJ Patel",
              "non_striker": "Shehzad Patel",
              "runs": {
                "batter": 1,
                "extras": 0,
                "total": 1
              }
            },
            {
              "batter": "Shehzad Patel",
              "bowler": "KJ Patel",
              "non_striker": "Muhammad Amin",
              "runs": {
                "batter": 2,
                "extras": 0,
                "total": 2
              }
            },
            {
              "batter": "Shehzad Patel",
              "bowler": "KJ Patel",
              "non_striker": "Muhammad Amin",
              "runs": {
                "batter": 0,
                "extras": 0,
                "total": 0
              }
            },
            {
              "batter": "Shehzad Patel",
              "bowler": "KJ Patel",
              "non_striker": "Muhammad Amin",
              "runs": {
                "batter": 0,
                "extras": 0,
                "total": 0
              },
              "wickets": [
                {
                  "player_out": "Shehzad Patel",
                  "fielders": [
                    {
                      "name": "Mazharul Islam"
                    }
                  ],
                  "kind": "caught"
                }
              ]
            },
            {
              "batter": "Muhammad Amin",
              "bowler": "KJ Patel",
              "non_striker": "J Ghadiyali",
              "runs": {
                "batter": 0,
                "extras": 0,
                "total": 0
              }
            }
          ]
        },
        {
          "over": 5,
          "deliveries": [
            {
              "batter": "J Ghadiyali",
              "bowler": "HL Harji",
              "non_striker": "Muhammad Amin",
              "runs": {
                "batter": 1,
                "extras": 0,
                "total": 1
              }
            },
            {
              "batter": "Muhammad Amin",
              "bowler": "HL Harji",
              "extras": {
                "legbyes": 1
              },
              "non_striker": "J Ghadiyali",
              "runs": {
                "batter": 0,
                "extras": 1,
                "total": 1
              }
            },
            {
              "batter": "J Ghadiyali",
              "bowler": "HL Harji",
              "non_striker": "Muhammad Amin",
              "runs": {
                "batter": 0,
                "extras": 0,
                "total": 0
              }
            },
            {
              "batter": "J Ghadiyali",
              "bowler": "HL Harji",
              "non_striker": "Muhammad Amin",
              "runs": {
                "batter": 0,
                "extras": 0,
                "total": 0
              }
            },
            {
              "batter": "J Ghadiyali",
              "bowler": "HL Harji",
              "non_striker": "Muhammad Amin",
              "runs": {
                "batter": 1,
                "extras": 0,
                "total": 1
              }
            },
            {
              "batter": "Muhammad Amin",
              "bowler": "HL Harji",
              "non_striker": "J Ghadiyali",
              "runs": {
                "batter": 1,
                "extras": 0,
                "total": 1
              }
            }
          ]
        },
        {
          "over": 6,
          "deliveries": [
            {
              "batter": "Muhammad Amin",
              "bowler": "KJ Patel",
              "non_striker": "J Ghadiyali",
              "runs": {
                "batter": 6,
                "extras": 0,
                "total": 6
              }
            },
            {
              "batter": "Muhammad Amin",
              "bowler": "KJ Patel",
              "non_striker": "J Ghadiyali",
              "runs": {
                "batter": 0,
                "extras": 0,
                "total": 0
              }
            },
            {
              "batter": "Muhammad Amin",
              "bowler": "KJ Patel",
              "non_striker": "J Ghadiyali",
              "runs": {
                "batter": 0,
                "extras": 0,
                "total": 0
              }
            },
            {
              "batter": "Muhammad Amin",
              "bowler": "KJ Patel",
              "non_striker": "J Ghadiyali",
              "runs": {
                "batter": 1,
                "extras": 0,
                "total": 1
              }
            },
            {
              "batter": "J Ghadiyali",
              "bowler": "KJ Patel",
              "non_striker": "Muhammad Amin",
              "runs": {
                "batter": 1,
                "extras": 0,
                "total": 1
              }
            },
            {
              "batter": "Muhammad Amin",
              "bowler": "KJ Patel",
              "non_striker": "J Ghadiyali",
              "runs": {
                "batter": 2,
                "extras": 0,
                "total": 2
              }
            }
          ]
        },
        {
          "over": 7,
          "deliveries": [
            {
              "batter": "J Ghadiyali",
              "bowler": "SKDT Madusanka",
              "non_striker": "Muhammad Amin",
              "runs": {
                "batter": 0,
                "extras": 0,
                "total": 0
              }
            },
            {
              "batter": "J Ghadiyali",
              "bowler": "SKDT Madusanka",
              "non_striker": "Muhammad Amin",
              "runs": {
                "batter": 0,
                "extras": 0,
                "total": 0
              }
            },
            {
              "batter": "J Ghadiyali",
              "bowler": "SKDT Madusanka",
              "non_striker": "Muhammad Amin",
              "runs": {
                "batter": 1,
                "extras": 0,
                "total": 1
              }
            },
            {
              "batter": "Muhammad Amin",
              "bowler": "SKDT Madusanka",
              "non_striker": "J Ghadiyali",
              "runs": {
                "batter": 0,
                "extras": 0,
                "total": 0
              }
            },
            {
              "batter": "Muhammad Amin",
              "bowler": "SKDT Madusanka",
              "non_striker": "J Ghadiyali",
              "runs": {
                "batter": 6,
                "extras": 0,
                "total": 6
              }
            },
            {
              "batter": "Muhammad Amin",
              "bowler": "SKDT Madusanka",
              "extras": {
                "wides": 1
              },
              "non_striker": "J Ghadiyali",
              "runs": {
                "batter": 0,
                "extras": 1,
                "total": 1
              }
            },
            {
              "batter": "Muhammad Amin",
              "bowler": "SKDT Madusanka",
              "non_striker": "J Ghadiyali",
              "runs": {
                "batter": 0,
                "extras": 0,
                "total": 0
              }
            }
          ]
        },
        {
          "over": 8,
          "deliveries": [
            {
              "batter": "J Ghadiyali",
              "bowler": "KJ Patel",
              "non_striker": "Muhammad Amin",
              "runs": {
                "batter": 1,
                "extras": 0,
                "total": 1
              }
            },
            {
              "batter": "Muhammad Amin",
              "bowler": "KJ Patel",
              "non_striker": "J Ghadiyali",
              "runs": {
                "batter": 1,
                "extras": 0,
                "total": 1
              }
            },
            {
              "batter": "J Ghadiyali",
              "bowler": "KJ Patel",
              "non_striker": "Muhammad Amin",
              "runs": {
                "batter": 0,
                "extras": 0,
                "total": 0
              }
            },
            {
              "batter": "J Ghadiyali",
              "bowler": "KJ Patel",
              "non_striker": "Muhammad Amin",
              "runs": {
                "batter": 1,
                "extras": 0,
                "total": 1
              }
            },
            {
              "batter": "Muhammad Amin",
              "bowler": "KJ Patel",
              "non_striker": "J Ghadiyali",
              "runs": {
                "batter": 0,
                "extras": 0,
                "total": 0
              }
            },
            {
              "batter": "Muhammad Amin",
              "bowler": "KJ Patel",
              "non_striker": "J Ghadiyali",
              "runs": {
                "batter": 1,
                "extras": 0,
                "total": 1
              }
            }
          ]
        },
        {
          "over": 9,
          "deliveries": [
            {
              "batter": "Muhammad Amin",
              "bowler": "D Kalvin",
              "non_striker": "J Ghadiyali",
              "runs": {
                "batter": 4,
                "extras": 0,
                "total": 4
              }
            },
            {
              "batter": "Muhammad Amin",
              "bowler": "D Kalvin",
              "non_striker": "J Ghadiyali",
              "runs": {
                "batter": 0,
                "extras": 0,
                "total": 0
              }
            },
            {
              "batter": "Muhammad Amin",
              "bowler": "D Kalvin",
              "non_striker": "J Ghadiyali",
              "runs": {
                "batter": 1,
                "extras": 0,
                "total": 1
              }
            },
            {
              "batter": "J Ghadiyali",
              "bowler": "D Kalvin",
              "non_striker": "Muhammad Amin",
              "runs": {
                "batter": 0,
                "extras": 0,
                "total": 0
              }
            },
            {
              "batter": "J Ghadiyali",
              "bowler": "D Kalvin",
              "non_striker": "Muhammad Amin",
              "runs": {
                "batter": 1,
                "extras": 0,
                "total": 1
              }
            },
            {
              "batter": "Muhammad Amin",
              "bowler": "D Kalvin",
              "non_striker": "J Ghadiyali",
              "runs": {
                "batter": 6,
                "extras": 0,
                "total": 6
              }
            }
          ]
        },
        {
          "over": 10,
          "deliveries": [
            {
              "batter": "J Ghadiyali",
              "bowler": "K Govind",
              "extras": {
                "wides": 1
              },
              "non_striker": "Muhammad Amin",
              "runs": {
                "batter": 0,
                "extras": 1,
                "total": 1
              }
            },
            {
              "batter": "J Ghadiyali",
              "bowler": "K Govind",
              "non_striker": "Muhammad Amin",
              "runs": {
                "batter": 2,
                "extras": 0,
                "total": 2
              }
            },
            {
              "batter": "J Ghadiyali",
              "bowler": "K Govind",
              "non_striker": "Muhammad Amin",
              "runs": {
                "batter": 1,
                "extras": 0,
                "total": 1
              }
            },
            {
              "batter": "Muhammad Amin",
              "bowler": "K Govind",
              "non_striker": "J Ghadiyali",
              "runs": {
                "batter": 1,
                "extras": 0,
                "total": 1
              }
            },
            {
              "batter": "J Ghadiyali",
              "bowler": "K Govind",
              "non_striker": "Muhammad Amin",
              "runs": {
                "batter": 1,
                "extras": 0,
                "total": 1
              }
            },
            {
              "batter": "Muhammad Amin",
              "bowler": "K Govind",
              "non_striker": "J Ghadiyali",
              "runs": {
                "batter": 1,
                "extras": 0,
                "total": 1
              }
            },
            {
              "batter": "J Ghadiyali",
              "bowler": "K Govind",
              "non_striker": "Muhammad Amin",
              "runs": {
                "batter": 1,
                "extras": 0,
                "total": 1
              }
            }
          ]
        },
        {
          "over": 11,
          "deliveries": [
            {
              "batter": "J Ghadiyali",
              "bowler": "HL Harji",
              "non_striker": "Muhammad Amin",
              "runs": {
                "batter": 1,
                "extras": 0,
                "total": 1
              }
            },
            {
              "batter": "Muhammad Amin",
              "bowler": "HL Harji",
              "non_striker": "J Ghadiyali",
              "runs": {
                "batter": 0,
                "extras": 0,
                "total": 0
              }
            },
            {
              "batter": "Muhammad Amin",
              "bowler": "HL Harji",
              "non_striker": "J Ghadiyali",
              "runs": {
                "batter": 0,
                "extras": 0,
                "total": 0
              },
              "wickets": [
                {
                  "player_out": "Muhammad Amin",
                  "kind": "bowled"
                }
              ]
            },
            {
              "batter": "JJ Wright",
              "bowler": "HL Harji",
              "non_striker": "J Ghadiyali",
              "runs": {
                "batter": 1,
                "extras": 0,
                "total": 1
              }
            },
            {
              "batter": "J Ghadiyali",
              "bowler": "HL Harji",
              "non_striker": "JJ Wright",
              "runs": {
                "batter": 1,
                "extras": 0,
                "total": 1
              }
            },
            {
              "batter": "JJ Wright",
              "bowler": "HL Harji",
              "non_striker": "J Ghadiyali",
              "runs": {
                "batter": 1,
                "extras": 0,
                "total": 1
              }
            }
          ]
        },
        {
          "over": 12,
          "deliveries": [
            {
              "batter": "JJ Wright",
              "bowler": "K Govind",
              "non_striker": "J Ghadiyali",
              "runs": {
                "batter": 1,
                "extras": 0,
                "total": 1
              }
            },
            {
              "batter": "J Ghadiyali",
              "bowler": "K Govind",
              "non_striker": "JJ Wright",
              "runs": {
                "batter": 0,
                "extras": 0,
                "total": 0
              }
            },
            {
              "batter": "J Ghadiyali",
              "bowler": "K Govind",
              "non_striker": "JJ Wright",
              "runs": {
                "batter": 4,
                "extras": 0,
                "total": 4
              }
            },
            {
              "batter": "J Ghadiyali",
              "bowler": "K Govind",
              "non_striker": "JJ Wright",
              "runs": {
                "batter": 1,
                "extras": 0,
                "total": 1
              }
            },
            {
              "batter": "JJ Wright",
              "bowler": "K Govind",
              "non_striker": "J Ghadiyali",
              "runs": {
                "batter": 1,
                "extras": 0,
                "total": 1
              }
            },
            {
              "batter": "J Ghadiyali",
              "bowler": "K Govind",
              "non_striker": "JJ Wright",
              "runs": {
                "batter": 1,
                "extras": 0,
                "total": 1
              }
            }
          ]
        },
        {
          "over": 13,
          "deliveries": [
            {
              "batter": "J Ghadiyali",
              "bowler": "SR Rocket",
              "non_striker": "JJ Wright",
              "runs": {
                "batter": 1,
                "extras": 0,
                "total": 1
              }
            },
            {
              "batter": "JJ Wright",
              "bowler": "SR Rocket",
              "non_striker": "J Ghadiyali",
              "runs": {
                "batter": 6,
                "extras": 0,
                "total": 6
              }
            },
            {
              "batter": "JJ Wright",
              "bowler": "SR Rocket",
              "non_striker": "J Ghadiyali",
              "runs": {
                "batter": 1,
                "extras": 0,
                "total": 1
              }
            },
            {
              "batter": "J Ghadiyali",
              "bowler": "SR Rocket",
              "non_striker": "JJ Wright",
              "runs": {
                "batter": 1,
                "extras": 0,
                "total": 1
              }
            },
            {
              "batter": "JJ Wright",
              "bowler": "SR Rocket",
              "non_striker": "J Ghadiyali",
              "runs": {
                "batter": 1,
                "extras": 0,
                "total": 1
              }
            },
            {
              "batter": "J Ghadiyali",
              "bowler": "SR Rocket",
              "non_striker": "JJ Wright",
              "runs": {
                "batter": 2,
                "extras": 0,
                "total": 2
              }
            }
          ]
        },
        {
          "over": 14,
          "deliveries": [
            {
              "batter": "JJ Wright",
              "bowler": "K Govind",
              "non_striker": "J Ghadiyali",
              "runs": {
                "batter": 1,
                "extras": 0,
                "total": 1
              }
            },
            {
              "batter": "J Ghadiyali",
              "bowler": "K Govind",
              "non_striker": "JJ Wright",
              "runs": {
                "batter": 0,
                "extras": 0,
                "total": 0
              }
            },
            {
              "batter": "J Ghadiyali",
              "bowler": "K Govind",
              "non_striker": "JJ Wright",
              "runs": {
                "batter": 0,
                "extras": 0,
                "total": 0
              },
              "wickets": [
                {
                  "player_out": "J Ghadiyali",
                  "fielders": [
                    {
                      "name": "P Byron",
                      "substitute": true
                    }
                  ],
                  "kind": "caught"
                }
              ]
            },
            {
              "batter": "Umair Qasim",
              "bowler": "K Govind",
              "non_striker": "JJ Wright",
              "runs": {
                "batter": 1,
                "extras": 0,
                "total": 1
              }
            },
            {
              "batter": "JJ Wright",
              "bowler": "K Govind",
              "extras": {
                "wides": 1
              },
              "non_striker": "Umair Qasim",
              "runs": {
                "batter": 0,
                "extras": 1,
                "total": 1
              }
            },
            {
              "batter": "JJ Wright",
              "bowler": "K Govind",
              "non_striker": "Umair Qasim",
              "runs": {
                "batter": 4,
                "extras": 0,
                "total": 4
              }
            },
            {
              "batter": "JJ Wright",
              "bowler": "K Govind",
              "extras": {
                "wides": 1
              },
              "non_striker": "Umair Qasim",
              "runs": {
                "batter": 0,
                "extras": 1,
                "total": 1
              }
            },
            {
              "batter": "JJ Wright",
              "bowler": "K Govind",
              "non_striker": "Umair Qasim",
              "runs": {
                "batter": 1,
                "extras": 0,
                "total": 1
              }
            }
          ]
        },
        {
          "over": 15,
          "deliveries": [
            {
              "batter": "JJ Wright",
              "bowler": "D Kalvin",
              "non_striker": "Umair Qasim",
              "runs": {
                "batter": 1,
                "extras": 0,
                "total": 1
              }
            },
            {
              "batter": "Umair Qasim",
              "bowler": "D Kalvin",
              "non_striker": "JJ Wright",
              "runs": {
                "batter": 2,
                "extras": 0,
                "total": 2
              }
            },
            {
              "batter": "Umair Qasim",
              "bowler": "D Kalvin",
              "non_striker": "JJ Wright",
              "runs": {
                "batter": 4,
                "extras": 0,
                "total": 4
              }
            },
            {
              "batter": "Umair Qasim",
              "bowler": "D Kalvin",
              "non_striker": "JJ Wright",
              "runs": {
                "batter": 0,
                "extras": 0,
                "total": 0
              },
              "wickets": [
                {
                  "player_out": "Umair Qasim",
                  "fielders": [
                    {
                      "name": "N Krishna"
                    }
                  ],
                  "kind": "caught"
                }
              ]
            },
            {
              "batter": "M Jele",
              "bowler": "D Kalvin",
              "non_striker": "JJ Wright",
              "runs": {
                "batter": 0,
                "extras": 0,
                "total": 0
              }
            },
            {
              "batter": "M Jele",
              "bowler": "D Kalvin",
              "non_striker": "JJ Wright",
              "runs": {
                "batter": 0,
                "extras": 0,
                "total": 0
              },
              "wickets": [
                {
                  "player_out": "M Jele",
                  "fielders": [
                    {
                      "name": "S Udhayan"
                    }
                  ],
                  "kind": "caught"
                }
              ]
            }
          ]
        }
      ],
      "powerplays": [
        {
          "from": 0.1,
          "to": 4.6,
          "type": "mandatory"
        }
      ]
    },
    {
      "team": "Seychelles",
      "overs": [
        {
          "over": 0,
          "deliveries": [
            {
              "batter": "N Krishna",
              "bowler": "Umair Qasim",
              "non_striker": "T Rajiv",
              "runs": {
                "batter": 1,
                "extras": 0,
                "total": 1
              }
            },
            {
              "batter": "T Rajiv",
              "bowler": "Umair Qasim",
              "extras": {
                "wides": 1
              },
              "non_striker": "N Krishna",
              "runs": {
                "batter": 0,
                "extras": 1,
                "total": 1
              }
            },
            {
              "batter": "T Rajiv",
              "bowler": "Umair Qasim",
              "non_striker": "N Krishna",
              "runs": {
                "batter": 0,
                "extras": 0,
                "total": 0
              }
            },
            {
              "batter": "T Rajiv",
              "bowler": "Umair Qasim",
              "non_striker": "N Krishna",
              "runs": {
                "batter": 0,
                "extras": 0,
                "total": 0
              }
            },
            {
              "batter": "T Rajiv",
              "bowler": "Umair Qasim",
              "non_striker": "N Krishna",
              "runs": {
                "batter": 1,
                "extras": 0,
                "total": 1
              }
            },
            {
              "batter": "N Krishna",
              "bowler": "Umair Qasim",
              "non_striker": "T Rajiv",
              "runs": {
                "batter": 1,
                "extras": 0,
                "total": 1
              }
            },
            {
              "batter": "T Rajiv",
              "bowler": "Umair Qasim",
              "non_striker": "N Krishna",
              "runs": {
                "batter": 0,
                "extras": 0,
                "total": 0
              }
            }
          ]
        },
        {
          "over": 1,
          "deliveries": [
            {
              "batter": "T Rajiv",
              "bowler": "N Magagula",
              "non_striker": "N Krishna",
              "runs": {
                "batter": 4,
                "extras": 0,
                "total": 4
              }
            },
            {
              "batter": "T Rajiv",
              "bowler": "N Magagula",
              "non_striker": "N Krishna",
              "runs": {
                "batter": 4,
                "extras": 0,
                "total": 4
              }
            },
            {
              "batter": "T Rajiv",
              "bowler": "N Magagula",
              "non_striker": "N Krishna",
              "runs": {
                "batter": 1,
                "extras": 0,
                "total": 1
              }
            },
            {
              "batter": "N Krishna",
              "bowler": "N Magagula",
              "non_striker": "T Rajiv",
              "runs": {
                "batter": 1,
                "extras": 0,
                "total": 1
              }
            },
            {
              "batter": "T Rajiv",
              "bowler": "N Magagula",
              "extras": {
                "noballs": 1
              },
              "non_striker": "N Krishna",
              "runs": {
                "batter": 0,
                "extras": 1,
                "total": 1
              }
            },
            {
              "batter": "T Rajiv",
              "bowler": "N Magagula",
              "non_striker": "N Krishna",
              "runs": {
                "batter": 1,
                "extras": 0,
                "total": 1
              }
            },
            {
              "batter": "N Krishna",
              "bowler": "N Magagula",
              "non_striker": "T Rajiv",
              "runs": {
                "batter": 1,
                "extras": 0,
                "total": 1
              }
            }
          ]
        },
        {
          "over": 2,
          "deliveries": [
            {
              "batter": "N Krishna",
              "bowler": "Umair Qasim",
              "non_striker": "T Rajiv",
              "runs": {
                "batter": 0,
                "extras": 0,
                "total": 0
              }
            },
            {
              "batter": "N Krishna",
              "bowler": "Umair Qasim",
              "non_striker": "T Rajiv",
              "runs": {
                "batter": 1,
                "extras": 0,
                "total": 1
              }
            },
            {
              "batter": "T Rajiv",
              "bowler": "Umair Qasim",
              "non_striker": "N Krishna",
              "runs": {
                "batter": 0,
                "extras": 0,
                "total": 0
              }
            },
            {
              "batter": "T Rajiv",
              "bowler": "Umair Qasim",
              "non_striker": "N Krishna",
              "runs": {
                "batter": 6,
                "extras": 0,
                "total": 6
              }
            },
            {
              "batter": "T Rajiv",
              "bowler": "Umair Qasim",
              "non_striker": "N Krishna",
              "runs": {
                "batter": 1,
                "extras": 0,
                "total": 1
              }
            },
            {
              "batter": "N Krishna",
              "bowler": "Umair Qasim",
              "non_striker": "T Rajiv",
              "runs": {
                "batter": 0,
                "extras": 0,
                "total": 0
              }
            }
          ]
        },
        {
          "over": 3,
          "deliveries": [
            {
              "batter": "T Rajiv",
              "bowler": "J Ghadiyali",
              "non_striker": "N Krishna",
              "runs": {
                "batter": 1,
                "extras": 0,
                "total": 1
              }
            },
            {
              "batter": "N Krishna",
              "bowler": "J Ghadiyali",
              "non_striker": "T Rajiv",
              "runs": {
                "batter": 0,
                "extras": 0,
                "total": 0
              }
            },
            {
              "batter": "N Krishna",
              "bowler": "J Ghadiyali",
              "non_striker": "T Rajiv",
              "runs": {
                "batter": 2,
                "extras": 0,
                "total": 2
              }
            },
            {
              "batter": "N Krishna",
              "bowler": "J Ghadiyali",
              "non_striker": "T Rajiv",
              "runs": {
                "batter": 0,
                "extras": 0,
                "total": 0
              }
            },
            {
              "batter": "N Krishna",
              "bowler": "J Ghadiyali",
              "non_striker": "T Rajiv",
              "runs": {
                "batter": 0,
                "extras": 0,
                "total": 0
              }
            },
            {
              "batter": "N Krishna",
              "bowler": "J Ghadiyali",
              "non_striker": "T Rajiv",
              "runs": {
                "batter": 0,
                "extras": 0,
                "total": 0
              }
            }
          ]
        },
        {
          "over": 4,
          "deliveries": [
            {
              "batter": "T Rajiv",
              "bowler": "Umair Qasim",
              "non_striker": "N Krishna",
              "runs": {
                "batter": 0,
                "extras": 0,
                "total": 0
              }
            },
            {
              "batter": "T Rajiv",
              "bowler": "Umair Qasim",
              "non_striker": "N Krishna",
              "runs": {
                "batter": 2,
                "extras": 0,
                "total": 2
              }
            },
            {
              "batter": "T Rajiv",
              "bowler": "Umair Qasim",
              "non_striker": "N Krishna",
              "runs": {
                "batter": 4,
                "extras": 0,
                "total": 4
              }
            },
            {
              "batter": "T Rajiv",
              "bowler": "Umair Qasim",
              "non_striker": "N Krishna",
              "runs": {
                "batter": 1,
                "extras": 0,
                "total": 1
              }
            },
            {
              "batter": "N Krishna",
              "bowler": "Umair Qasim",
              "extras": {
                "wides": 2
              },
              "non_striker": "T Rajiv",
              "runs": {
                "batter": 0,
                "extras": 2,
                "total": 2
              }
            },
            {
              "batter": "T Rajiv",
              "bowler": "Umair Qasim",
              "non_striker": "N Krishna",
              "runs": {
                "batter": 0,
                "extras": 0,
                "total": 0
              }
            },
            {
              "batter": "T Rajiv",
              "bowler": "Umair Qasim",
              "non_striker": "N Krishna",
              "runs": {
                "batter": 1,
                "extras": 0,
                "total": 1
              }
            }
          ]
        },
        {
          "over": 5,
          "deliveries": [
            {
              "batter": "T Rajiv",
              "bowler": "J Ghadiyali",
              "non_striker": "N Krishna",
              "runs": {
                "batter": 0,
                "extras": 0,
                "total": 0
              },
              "wickets": [
                {
                  "player_out": "T Rajiv",
                  "kind": "bowled"
                }
              ]
            },
            {
              "batter": "S Udhayan",
              "bowler": "J Ghadiyali",
              "extras": {
                "wides": 1
              },
              "non_striker": "N Krishna",
              "runs": {
                "batter": 0,
                "extras": 1,
                "total": 1
              }
            },
            {
              "batter": "S Udhayan",
              "bowler": "J Ghadiyali",
              "non_striker": "N Krishna",
              "runs": {
                "batter": 4,
                "extras": 0,
                "total": 4
              }
            },
            {
              "batter": "S Udhayan",
              "bowler": "J Ghadiyali",
              "non_striker": "N Krishna",
              "runs": {
                "batter": 0,
                "extras": 0,
                "total": 0
              },
              "wickets": [
                {
                  "player_out": "S Udhayan",
                  "fielders": [
                    {
                      "name": "Shehzad Patel"
                    }
                  ],
                  "kind": "caught"
                }
              ]
            },
            {
              "batter": "SKDT Madusanka",
              "bowler": "J Ghadiyali",
              "non_striker": "N Krishna",
              "runs": {
                "batter": 1,
                "extras": 0,
                "total": 1
              }
            },
            {
              "batter": "N Krishna",
              "bowler": "J Ghadiyali",
              "non_striker": "SKDT Madusanka",
              "runs": {
                "batter": 0,
                "extras": 0,
                "total": 0
              }
            },
            {
              "batter": "N Krishna",
              "bowler": "J Ghadiyali",
              "non_striker": "SKDT Madusanka",
              "runs": {
                "batter": 0,
                "extras": 0,
                "total": 0
              },
              "wickets": [
                {
                  "player_out": "N Krishna",
                  "fielders": [
                    {
                      "name": "Naeem Gull"
                    }
                  ],
                  "kind": "caught"
                }
              ]
            }
          ]
        },
        {
          "over": 6,
          "deliveries": [
            {
              "batter": "Mazharul Islam",
              "bowler": "S Kubheka",
              "non_striker": "SKDT Madusanka",
              "runs": {
                "batter": 1,
                "extras": 0,
                "total": 1
              }
            },
            {
              "batter": "SKDT Madusanka",
              "bowler": "S Kubheka",
              "extras": {
                "wides": 1
              },
              "non_striker": "Mazharul Islam",
              "runs": {
                "batter": 0,
                "extras": 1,
                "total": 1
              }
            },
            {
              "batter": "SKDT Madusanka",
              "bowler": "S Kubheka",
              "non_striker": "Mazharul Islam",
              "runs": {
                "batter": 4,
                "extras": 0,
                "total": 4
              }
            },
            {
              "batter": "SKDT Madusanka",
              "bowler": "S Kubheka",
              "extras": {
                "wides": 1
              },
              "non_striker": "Mazharul Islam",
              "runs": {
                "batter": 0,
                "extras": 1,
                "total": 1
              }
            },
            {
              "batter": "SKDT Madusanka",
              "bowler": "S Kubheka",
              "non_striker": "Mazharul Islam",
              "runs": {
                "batter": 0,
                "extras": 0,
                "total": 0
              }
            },
            {
              "batter": "SKDT Madusanka",
              "bowler": "S Kubheka",
              "non_striker": "Mazharul Islam",
              "runs": {
                "batter": 1,
                "extras": 0,
                "total": 1
              }
            },
            {
              "batter": "Mazharul Islam",
              "bowler": "S Kubheka",
              "non_striker": "SKDT Madusanka",
              "runs": {
                "batter": 1,
                "extras": 0,
                "total": 1
              }
            },
            {
              "batter": "SKDT Madusanka",
              "bowler": "S Kubheka",
              "non_striker": "Mazharul Islam",
              "runs": {
                "batter": 0,
                "extras": 0,
                "total": 0
              }
            }
          ]
        },
        {
          "over": 7,
          "deliveries": [
            {
              "batter": "Mazharul Islam",
              "bowler": "J Ghadiyali",
              "non_striker": "SKDT Madusanka",
              "runs": {
                "batter": 0,
                "extras": 0,
                "total": 0
              }
            },
            {
              "batter": "Mazharul Islam",
              "bowler": "J Ghadiyali",
              "non_striker": "SKDT Madusanka",
              "runs": {
                "batter": 2,
                "extras": 0,
                "total": 2
              }
            },
            {
              "batter": "Mazharul Islam",
              "bowler": "J Ghadiyali",
              "non_striker": "SKDT Madusanka",
              "runs": {
                "batter": 2,
                "extras": 0,
                "total": 2
              }
            },
            {
              "batter": "Mazharul Islam",
              "bowler": "J Ghadiyali",
              "non_striker": "SKDT Madusanka",
              "runs": {
                "batter": 1,
                "extras": 0,
                "total": 1
              }
            },
            {
              "batter": "SKDT Madusanka",
              "bowler": "J Ghadiyali",
              "non_striker": "Mazharul Islam",
              "runs": {
                "batter": 1,
                "extras": 0,
                "total": 1
              }
            },
            {
              "batter": "Mazharul Islam",
              "bowler": "J Ghadiyali",
              "non_striker": "SKDT Madusanka",
              "runs": {
                "batter": 0,
                "extras": 0,
                "total": 0
              }
            }
          ]
        },
        {
          "over": 8,
          "deliveries": [
            {
              "batter": "SKDT Madusanka",
              "bowler": "S Kubheka",
              "non_striker": "Mazharul Islam",
              "runs": {
                "batter": 4,
                "extras": 0,
                "total": 4
              }
            },
            {
              "batter": "SKDT Madusanka",
              "bowler": "S Kubheka",
              "non_striker": "Mazharul Islam",
              "runs": {
                "batter": 4,
                "extras": 0,
                "total": 4
              }
            },
            {
              "batter": "SKDT Madusanka",
              "bowler": "S Kubheka",
              "non_striker": "Mazharul Islam",
              "runs": {
                "batter": 1,
                "extras": 0,
                "total": 1
              }
            },
            {
              "batter": "Mazharul Islam",
              "bowler": "S Kubheka",
              "non_striker": "SKDT Madusanka",
              "runs": {
                "batter": 1,
                "extras": 0,
                "total": 1
              }
            },
            {
              "batter": "SKDT Madusanka",
              "bowler": "S Kubheka",
              "non_striker": "Mazharul Islam",
              "runs": {
                "batter": 0,
                "extras": 0,
                "total": 0
              }
            },
            {
              "batter": "SKDT Madusanka",
              "bowler": "S Kubheka",
              "non_striker": "Mazharul Islam",
              "runs": {
                "batter": 4,
                "extras": 0,
                "total": 4
              }
            }
          ]
        },
        {
          "over": 9,
          "deliveries": [
            {
              "batter": "Mazharul Islam",
              "bowler": "J Ghadiyali",
              "non_striker": "SKDT Madusanka",
              "runs": {
                "batter": 6,
                "extras": 0,
                "total": 6
              }
            },
            {
              "batter": "Mazharul Islam",
              "bowler": "J Ghadiyali",
              "extras": {
                "byes": 1
              },
              "non_striker": "SKDT Madusanka",
              "runs": {
                "batter": 0,
                "extras": 1,
                "total": 1
              }
            },
            {
              "batter": "SKDT Madusanka",
              "bowler": "J Ghadiyali",
              "non_striker": "Mazharul Islam",
              "runs": {
                "batter": 0,
                "extras": 0,
                "total": 0
              }
            },
            {
              "batter": "SKDT Madusanka",
              "bowler": "J Ghadiyali",
              "non_striker": "Mazharul Islam",
              "runs": {
                "batter": 2,
                "extras": 0,
                "total": 2
              }
            },
            {
              "batter": "SKDT Madusanka",
              "bowler": "J Ghadiyali",
              "non_striker": "Mazharul Islam",
              "runs": {
                "batter": 0,
                "extras": 0,
                "total": 0
              }
            },
            {
              "batter": "SKDT Madusanka",
              "bowler": "J Ghadiyali",
              "non_striker": "Mazharul Islam",
              "runs": {
                "batter": 1,
                "extras": 0,
                "total": 1
              }
            }
          ]
        },
        {
          "over": 10,
          "deliveries": [
            {
              "batter": "SKDT Madusanka",
              "bowler": "Muhammad Amin",
              "non_striker": "Mazharul Islam",
              "runs": {
                "batter": 2,
                "extras": 0,
                "total": 2
              }
            },
            {
              "batter": "SKDT Madusanka",
              "bowler": "Muhammad Amin",
              "non_striker": "Mazharul Islam",
              "runs": {
                "batter": 1,
                "extras": 0,
                "total": 1
              }
            },
            {
              "batter": "Mazharul Islam",
              "bowler": "Muhammad Amin",
              "non_striker": "SKDT Madusanka",
              "runs": {
                "batter": 1,
                "extras": 0,
                "total": 1
              }
            },
            {
              "batter": "SKDT Madusanka",
              "bowler": "Muhammad Amin",
              "non_striker": "Mazharul Islam",
              "runs": {
                "batter": 1,
                "extras": 0,
                "total": 1
              }
            },
            {
              "batter": "Mazharul Islam",
              "bowler": "Muhammad Amin",
              "non_striker": "SKDT Madusanka",
              "runs": {
                "batter": 1,
                "extras": 0,
                "total": 1
              }
            },
            {
              "batter": "SKDT Madusanka",
              "bowler": "Muhammad Amin",
              "extras": {
                "legbyes": 1
              },
              "non_striker": "Mazharul Islam",
              "runs": {
                "batter": 0,
                "extras": 1,
                "total": 1
              }
            }
          ]
        },
        {
          "over": 11,
          "deliveries": [
            {
              "batter": "SKDT Madusanka",
              "bowler": "N Magagula",
              "non_striker": "Mazharul Islam",
              "runs": {
                "batter": 0,
                "extras": 0,
                "total": 0
              }
            },
            {
              "batter": "SKDT Madusanka",
              "bowler": "N Magagula",
              "non_striker": "Mazharul Islam",
              "runs": {
                "batter": 0,
                "extras": 0,
                "total": 0
              }
            },
            {
              "batter": "SKDT Madusanka",
              "bowler": "N Magagula",
              "non_striker": "Mazharul Islam",
              "runs": {
                "batter": 1,
                "extras": 0,
                "total": 1
              }
            },
            {
              "batter": "Mazharul Islam",
              "bowler": "N Magagula",
              "non_striker": "SKDT Madusanka",
              "runs": {
                "batter": 0,
                "extras": 0,
                "total": 0
              }
            },
            {
              "batter": "Mazharul Islam",
              "bowler": "N Magagula",
              "non_striker": "SKDT Madusanka",
              "runs": {
                "batter": 1,
                "extras": 0,
                "total": 1
              }
            },
            {
              "batter": "Mazharul Islam",
              "bowler": "N Magagula",
              "non_striker": "SKDT Madusanka",
              "runs": {
                "batter": 2,
                "extras": 0,
                "total": 2
              }
            }
          ]
        },
        {
          "over": 12,
          "deliveries": [
            {
              "batter": "SKDT Madusanka",
              "bowler": "Muhammad Amin",
              "extras": {
                "wides": 1
              },
              "non_striker": "Mazharul Islam",
              "runs": {
                "batter": 0,
                "extras": 1,
                "total": 1
              }
            },
            {
              "batter": "SKDT Madusanka",
              "bowler": "Muhammad Amin",
              "non_striker": "Mazharul Islam",
              "runs": {
                "batter": 4,
                "extras": 0,
                "total": 4
              }
            },
            {
              "batter": "SKDT Madusanka",
              "bowler": "Muhammad Amin",
              "extras": {
                "wides": 1
              },
              "non_striker": "Mazharul Islam",
              "runs": {
                "batter": 0,
                "extras": 1,
                "total": 1
              }
            },
            {
              "batter": "SKDT Madusanka",
              "bowler": "Muhammad Amin",
              "extras": {
                "legbyes": 1
              },
              "non_striker": "Mazharul Islam",
              "runs": {
                "batter": 0,
                "extras": 1,
                "total": 1
              }
            },
            {
              "batter": "Mazharul Islam",
              "bowler": "Muhammad Amin",
              "non_striker": "SKDT Madusanka",
              "runs": {
                "batter": 4,
                "extras": 0,
                "total": 4
              }
            },
            {
              "batter": "Mazharul Islam",
              "bowler": "Muhammad Amin",
              "non_striker": "SKDT Madusanka",
              "runs": {
                "batter": 1,
                "extras": 0,
                "total": 1
              }
            },
            {
              "batter": "SKDT Madusanka",
              "bowler": "Muhammad Amin",
              "extras": {
                "legbyes": 1
              },
              "non_striker": "Mazharul Islam",
              "runs": {
                "batter": 0,
                "extras": 1,
                "total": 1
              }
            },
            {
              "batter": "Mazharul Islam",
              "bowler": "Muhammad Amin",
              "non_striker": "SKDT Madusanka",
              "runs": {
                "batter": 1,
                "extras": 0,
                "total": 1
              }
            }
          ]
        },
        {
          "over": 13,
          "deliveries": [
            {
              "batter": "Mazharul Islam",
              "bowler": "M Jele",
              "non_striker": "SKDT Madusanka",
              "runs": {
                "batter": 1,
                "extras": 0,
                "total": 1
              }
            },
            {
              "batter": "SKDT Madusanka",
              "bowler": "M Jele",
              "non_striker": "Mazharul Islam",
              "runs": {
                "batter": 0,
                "extras": 0,
                "total": 0
              }
            },
            {
              "batter": "SKDT Madusanka",
              "bowler": "M Jele",
              "non_striker": "Mazharul Islam",
              "runs": {
                "batter": 0,
                "extras": 0,
                "total": 0
              }
            },
            {
              "batter": "SKDT Madusanka",
              "bowler": "M Jele",
              "non_striker": "Mazharul Islam",
              "runs": {
                "batter": 0,
                "extras": 0,
                "total": 0
              }
            },
            {
              "batter": "SKDT Madusanka",
              "bowler": "M Jele",
              "non_striker": "Mazharul Islam",
              "runs": {
                "batter": 1,
                "extras": 0,
                "total": 1
              }
            },
            {
              "batter": "Mazharul Islam",
              "bowler": "M Jele",
              "non_striker": "SKDT Madusanka",
              "runs": {
                "batter": 0,
                "extras": 0,
                "total": 0
              }
            }
          ]
        },
        {
          "over": 14,
          "deliveries": [
            {
              "batter": "SKDT Madusanka",
              "bowler": "N Magagula",
              "extras": {
                "legbyes": 2
              },
              "non_striker": "Mazharul Islam",
              "runs": {
                "batter": 0,
                "extras": 2,
                "total": 2
              }
            },
            {
              "batter": "SKDT Madusanka",
              "bowler": "N Magagula",
              "extras": {
                "wides": 1
              },
              "non_striker": "Mazharul Islam",
              "runs": {
                "batter": 0,
                "extras": 1,
                "total": 1
              }
            },
            {
              "batter": "SKDT Madusanka",
              "bowler": "N Magagula",
              "non_striker": "Mazharul Islam",
              "runs": {
                "batter": 4,
                "extras": 0,
                "total": 4
              }
            },
            {
              "batter": "SKDT Madusanka",
              "bowler": "N Magagula",
              "non_striker": "Mazharul Islam",
              "runs": {
                "batter": 0,
                "extras": 0,
                "total": 0
              }
            },
            {
              "batter": "SKDT Madusanka",
              "bowler": "N Magagula",
              "non_striker": "Mazharul Islam",
              "runs": {
                "batter": 4,
                "extras": 0,
                "total": 4
              }
            },
            {
              "batter": "SKDT Madusanka",
              "bowler": "N Magagula",
              "non_striker": "Mazharul Islam",
              "runs": {
                "batter": 0,
                "extras": 0,
                "total": 0
              }
            },
            {
              "batter": "SKDT Madusanka",
              "bowler": "N Magagula",
              "non_striker": "Mazharul Islam",
              "runs": {
                "batter": 2,
                "extras": 0,
                "total": 2
              }
            }
          ]
        },
        {
          "over": 15,
          "deliveries": [
            {
              "batter": "Mazharul Islam",
              "bowler": "M Jele",
              "non_striker": "SKDT Madusanka",
              "runs": {
                "batter": 2,
                "extras": 0,
                "total": 2
              }
            },
            {
              "batter": "Mazharul Islam",
              "bowler": "M Jele",
              "extras": {
                "wides": 1
              },
              "non_striker": "SKDT Madusanka",
              "runs": {
                "batter": 0,
                "extras": 1,
                "total": 1
              }
            },
            {
              "batter": "Mazharul Islam",
              "bowler": "M Jele",
              "non_striker": "SKDT Madusanka",
              "runs": {
                "batter": 4,
                "extras": 0,
                "total": 4
              }
            }
          ]
        }
      ],
      "powerplays": [
        {
          "from": 0.1,
          "to": 4.7,
          "type": "mandatory"
        }
      ],
      "target": {
        "overs": 16,
        "runs": 129
      }
    }
  ]
}