{
  "meta": {
    "data_version": "1.1.0",
    "created": "2021-11-18",
    "revision": 2
  },
  "info": {
    "balls_per_over": 6,
    "city": "Kigali City",
    "dates": [
      "2021-11-18"
    ],
    "event": {
      "name": "ICC Men's T20 World Cup Africa Region Qualifier",
      "match_number": 8
    },
    "gender": "male",
    "match_type": "T20",
    "match_type_number": 1438,
    "officials": {
      "match_referees": [
        "O Chirombe"
      ],
      "reserve_umpires": [
        "S George"
      ],
      "umpires": [
        "A Louw",
        "IO Oyieko"
      ]
    },
    "outcome": {
      "winner": "Uganda",
      "by": {
        "wickets": 8
      }
    },
    "overs": 20,
    "player_of_match": [
      "Riazat Ali Shah"
    ],
    "players": {
      "Nigeria": [
        "AA Onikoyi",
        "A Shreshta",
        "AJ Ayannaike",
        "JO Adedeji",
        "IO Okpe",
        "P Aho",
        "D Gim",
        "S Mba",
        "Mohameed Taiwo",
        "R Abdulkareem",
        "P Useni"
      ],
      "Uganda": [
        "Saud Islam",
        "S Sesazi",
        "RB Patel",
        "Riazat Ali Shah",
        "DM Nakrani",
        "F Akankwasa",
        "D Muhumuza",
        "B Masaba",
        "F Achelam",
        "F Nsubuga",
        "H Ssenyondo"
      ]
    },
    "registry": {
      "people": {
        "A Louw": "5eecae5d",
        "A Shreshta": "4e9af8f6",
        "AA Onikoyi": "409ce380",
        "AJ Ayannaike": "f74b682b",
        "B Masaba": "f33cfd25",
        "D Gim": "3a1c34e6",
        "D Muhumuza": "7636b587",
        "DM Nakrani": "46a7ac78",
        "F Achelam": "b6b3ee6e",
        "F Akankwasa": "0d0f0385",
        "F Nsubuga": "87e33d07",
        "H Ssenyondo": "2b7609f1",
        "IO Okpe": "1c5c3dce",
        "IO Oyieko": "de4828fa",
        "JO Adedeji": "abee08c7",
        "Mohameed Taiwo": "a9d788e3",
        "O Chirombe": "6345307f",
        "P Aho": "2e392afa",
        "P Useni": "71fa64d6",
        "R Abdulkareem": "b9e07e44",
        "RB Patel": "f88dc8de",
        "Riazat Ali Shah": "269cc4ff",
        "S George": "6d9e5a54",
        "S Mba": "400cf68e",
        "S Sesazi": "c2c975f9",
        "Saud Islam": "ae5a7eb5"
      }
    },
    "season": "2021/22",
    "team_type": "international",
    "teams": [
      "Nigeria",
      "Uganda"
    ],
    "toss": {
      "decision": "field",
      "winner": "Uganda"
    },
    "venue": "Integrated Polytechnic Regional Centre"
  },
  "innings": [
    {
      "team": "Nigeria",
      "overs": [
        {
          "over": 0,
          "deliveries": [
            {
              "batter": "AA Onikoyi",
              "bowler": "F Nsubuga",
              "non_striker": "A Shreshta",
              "runs": {
                "batter": 1,
                "extras": 0,
                "total": 1
              }
            },
            {
              "batter": "A Shreshta",
              "bowler": "F Nsubuga",
              "non_striker": "AA Onikoyi",
              "runs": {
                "batter": 0,
                "extras": 0,
                "total": 0
              }
            },
            {
              "batter": "A Shreshta",
              "bowler": "F Nsubuga",
              "non_striker": "AA Onikoyi",
              "runs": {
                "batter": 0,
                "extras": 0,
                "total": 0
              }
            },
            {
              "batter": "A Shreshta",
              "bowler": "F Nsubuga",
              "non_striker": "AA Onikoyi",
              "runs": {
                "batter": 1,
                "extras": 0,
                "total": 1
              }
            },
            {
              "batter": "AA Onikoyi",
              "bowler": "F Nsubuga",
              "non_striker": "A Shreshta",
              "runs": {
                "batter": 0,
                "extras": 0,
                "total": 0
              }
            },
            {
              "batter": "AA Onikoyi",
              "bowler": "F Nsubuga",
              "non_striker": "A Shreshta",
              "runs": {
                "batter": 0,
                "extras": 0,
                "total": 0
              }
            }
          ]
        },
        {
          "over": 1,
          "deliveries": [
            {
              "batter": "A Shreshta",
              "bowler": "DM Nakrani",
              "non_striker": "AA Onikoyi",
              "runs": {
                "batter": 0,
                "extras": 0,
                "total": 0
              }
            },
            {
              "batter": "A Shreshta",
              "bowler": "DM Nakrani",
              "non_striker": "AA Onikoyi",
              "runs": {
                "batter": 0,
                "extras": 0,
                "total": 0
              }
            },
            {
              "batter": "A Shreshta",
              "bowler": "DM Nakrani",
              "non_striker": "AA Onikoyi",
              "runs": {
                "batter": 0,
                "extras": 0,
                "total": 0
              }
            },
            {
              "batter": "A Shreshta",
              "bowler": "DM Nakrani",
              "non_striker": "AA Onikoyi",
              "runs": {
                "batter": 0,
                "extras": 0,
                "total": 0
              }
            },
            {
              "batter": "A Shreshta",
              "bowler": "DM Nakrani",
              "non_striker": "AA Onikoyi",
              "runs": {
                "batter": 4,
                "extras": 0,
                "total": 4
              }
            },
            {
              "batter": "A Shreshta",
              "bowler": "DM Nakrani",
              "non_striker": "AA Onikoyi",
              "runs": {
                "batter": 0,
                "extras": 0,
                "total": 0
              }
            }
          ]
        },
        {
          "over": 2,
          "deliveries": [
            {
              "batter": "AA Onikoyi",
              "bowler": "F Nsubuga",
              "non_striker": "A Shreshta",
              "runs": {
                "batter": 1,
                "extras": 0,
                "total": 1
              }
            },
            {
              "batter": "A Shreshta",
              "bowler": "F Nsubuga",
              "non_striker": "AA Onikoyi",
              "runs": {
                "batter": 1,
                "extras": 0,
                "total": 1
              }
            },
            {
              "batter": "AA Onikoyi",
              "bowler": "F Nsubuga",
              "non_striker": "A Shreshta",
              "runs": {
                "batter": 4,
                "extras": 0,
                "total": 4
              }
            },
            {
              "batter": "AA Onikoyi",
              "bowler": "F Nsubuga",
              "non_striker": "A Shreshta",
              "runs": {
                "batter": 0,
                "extras": 0,
                "total": 0
              }
            },
            {
              "batter": "AA Onikoyi",
              "bowler": "F Nsubuga",
              "non_striker": "A Shreshta",
              "runs": {
                "batter": 0,
                "extras": 0,
                "total": 0
              }
            },
            {
              "batter": "AA Onikoyi",
              "bowler": "F Nsubuga",
              "non_striker": "A Shreshta",
              "runs": {
                "batter": 0,
                "extras": 0,
                "total": 0
              },
              "wickets": [
                {
                  "player_out": "AA Onikoyi",
                  "fielders": [
                    {
                      "name": "Riazat Ali Shah"
                    }
                  ],
                  "kind": "caught"
                }
              ]
            }
          ]
        },
        {
          "over": 3,
          "deliveries": [
            {
              "batter": "AJ Ayannaike",
              "bowler": "DM Nakrani",
              "non_striker": "A Shreshta",
              "runs": {
                "batter": 0,
                "extras": 0,
                "total": 0
              }
            },
            {
              "batter": "AJ Ayannaike",
              "bowler": "DM Nakrani",
              "non_striker": "A Shreshta",
              "runs": {
                "batter": 0,
                "extras": 0,
                "total": 0
              }
            },
            {
              "batter": "AJ Ayannaike",
              "bowler": "DM Nakrani",
              "non_striker": "A Shreshta",
              "runs": {
                "batter": 0,
                "extras": 0,
                "total": 0
              },
              "wickets": [
                {
                  "player_out": "AJ Ayannaike",
                  "kind": "bowled"
                }
              ]
            },
            {
              "batter": "JO Adedeji",
              "bowler": "DM Nakrani",
              "non_striker": "A Shreshta",
              "runs": {
                "batter": 0,
                "extras": 0,
                "total": 0
              }
            },
            {
              "batter": "JO Adedeji",
              "bowler": "DM Nakrani",
              "non_striker": "A Shreshta",
              "runs": {
                "batter": 0,
                "extras": 0,
                "total": 0
              }
            },
            {
              "batter": "JO Adedeji",
              "bowler": "DM Nakrani",
              "non_striker": "A Shreshta",
              "runs": {
                "batter": 0,
                "extras": 0,
                "total": 0
              }
            }
          ]
        },
        {
          "over": 4,
          "deliveries": [
            {
              "batter": "A Shreshta",
              "bowler": "F Nsubuga",
              "extras": {
                "legbyes": 1
              },
              "non_striker": "JO Adedeji",
              "runs": {
                "batter": 0,
                "extras": 1,
                "total": 1
              }
            },
            {
              "batter": "JO Adedeji",
              "bowler": "F Nsubuga",
              "non_striker": "A Shreshta",
              "runs": {
                "batter": 0,
                "extras": 0,
                "total": 0
              }
            },
            {
              "batter": "JO Adedeji",
              "bowler": "F Nsubuga",
              "non_striker": "A Shreshta",
              "runs": {
                "batter": 1,
                "extras": 0,
                "total": 1
              }
            },
            {
              "batter": "A Shreshta",
              "bowler": "F Nsubuga",
              "non_striker": "JO Adedeji",
              "runs": {
                "batter": 0,
                "extras": 0,
                "total": 0
              }
            },
            {
              "batter": "A Shreshta",
              "bowler": "F Nsubuga",
              "non_striker": "JO Adedeji",
              "runs": {
                "batter": 1,
                "extras": 0,
                "total": 1
              }
            },
            {
              "batter": "JO Adedeji",
              "bowler": "F Nsubuga",
              "non_striker": "A Shreshta",
              "runs": {
                "batter": 0,
                "extras": 0,
                "total": 0
              }
            }
          ]
        },
        {
          "over": 5,
          "deliveries": [
            {
              "batter": "A Shreshta",
              "bowler": "H Ssenyondo",
              "non_striker": "JO Adedeji",
              "runs": {
                "batter": 0,
                "extras": 0,
                "total": 0
              }
            },
            {
              "batter": "A Shreshta",
              "bowler": "H Ssenyondo",
              "non_striker": "JO Adedeji",
              "runs": {
                "batter": 0,
                "extras": 0,
                "total": 0
              }
            },
            {
              "batter": "A Shreshta",
              "bowler": "H Ssenyondo",
              "non_striker": "JO Adedeji",
              "runs": {
                "batter": 1,
                "extras": 0,
                "total": 1
              }
            },
            {
              "batter": "JO Adedeji",
              "bowler": "H Ssenyondo",
              "non_striker": "A Shreshta",
              "runs": {
                "batter": 0,
                "extras": 0,
                "total": 0
              }
            },
            {
              "batter": "JO Adedeji",
              "bowler": "H Ssenyondo",
              "non_striker": "A Shreshta",
              "runs": {
                "batter": 0,
                "extras": 0,
                "total": 0
              }
            },
            {
              "batter": "JO Adedeji",
              "bowler": "H Ssenyondo",
              "non_striker": "A Shreshta",
              "runs": {
                "batter": 1,
                "extras": 0,
                "total": 1
              }
            }
          ]
        },
        {
          "over": 6,
          "deliveries": [
            {
              "batter": "JO Adedeji",
              "bowler": "F Nsubuga",
              "non_striker": "A Shreshta",
              "runs": {
                "batter": 0,
                "extras": 0,
                "total": 0
              }
            },
            {
              "batter": "JO Adedeji",
              "bowler": "F Nsubuga",
              "non_striker": "A Shreshta",
              "runs": {
                "batter": 1,
                "extras": 0,
                "total": 1
              }
            },
            {
              "batter": "A Shreshta",
              "bowler": "F Nsubuga",
              "non_striker": "JO Adedeji",
              "runs": {
                "batter": 1,
                "extras": 0,
                "total": 1
              }
            },
            {
              "batter": "JO Adedeji",
              "bowler": "F Nsubuga",
              "extras": {
                "wides": 1
              },
              "non_striker": "A Shreshta",
              "runs": {
                "batter": 0,
                "extras": 1,
                "total": 1
              }
            },
            {
              "batter": "JO Adedeji",
              "bowler": "F Nsubuga",
              "non_striker": "A Shreshta",
              "runs": {
                "batter": 0,
                "extras": 0,
                "total": 0
              }
            },
            {
              "batter": "JO Adedeji",
              "bowler": "F Nsubuga",
              "non_striker": "A Shreshta",
              "runs": {
                "batter": 0,
                "extras": 0,
                "total": 0
              }
            },
            {
              "batter": "JO Adedeji",
              "bowler": "F Nsubuga",
              "non_striker": "A Shreshta",
              "runs": {
                "batter": 1,
                "extras": 0,
                "total": 1
              }
            }
          ]
        },
        {
          "over": 7,
          "deliveries": [
            {
              "batter": "JO Adedeji",
              "bowler": "H Ssenyondo",
              "non_striker": "A Shreshta",
              "runs": {
                "batter": 1,
                "extras": 0,
                "total": 1
              }
            },
            {
              "batter": "A Shreshta",
              "bowler": "H Ssenyondo",
              "non_striker": "JO Adedeji",
              "runs": {
                "batter": 0,
                "extras": 0,
                "total": 0
              }
            },
            {
              "batter": "A Shreshta",
              "bowler": "H Ssenyondo",
              "non_striker": "JO Adedeji",
              "runs": {
                "batter": 1,
                "extras": 0,
                "total": 1
              }
            },
            {
              "batter": "JO Adedeji",
              "bowler": "H Ssenyondo",
              "non_striker": "A Shreshta",
              "runs": {
                "batter": 0,
                "extras": 0,
                "total": 0
              }
            },
            {
              "batter": "JO Adedeji",
              "bowler": "H Ssenyondo",
              "non_striker": "A Shreshta",
              "runs": {
                "batter": 0,
                "extras": 0,
                "total": 0
              },
              "wickets": [
                {
                  "player_out": "JO Adedeji",
                  "kind": "bowled"
                }
              ]
            },
            {
              "batter": "IO Okpe",
              "bowler": "H Ssenyondo",
              "non_striker": "A Shreshta",
              "runs": {
                "batter": 1,
                "extras": 0,
                "total": 1
              }
            }
          ]
        },
        {
          "over": 8,
          "deliveries": [
            {
              "batter": "IO Okpe",
              "bowler": "F Akankwasa",
              "non_striker": "A Shreshta",
              "runs": {
                "batter": 1,
                "extras": 0,
                "total": 1
              }
            },
            {
              "batter": "A Shreshta",
              "bowler": "F Akankwasa",
              "non_striker": "IO Okpe",
              "runs": {
                "batter": 4,
                "extras": 0,
                "total": 4
              }
            },
            {
              "batter": "A Shreshta",
              "bowler": "F Akankwasa",
              "non_striker": "IO Okpe",
              "runs": {
                "batter": 1,
                "extras": 0,
                "total": 1
              }
            },
            {
              "batter": "IO Okpe",
              "bowler": "F Akankwasa",
              "non_striker": "A Shreshta",
              "runs": {
                "batter": 1,
                "extras": 0,
                "total": 1
              }
            },
            {
              "batter": "A Shreshta",
              "bowler": "F Akankwasa",
              "non_striker": "IO Okpe",
              "runs": {
                "batter": 1,
                "extras": 0,
                "total": 1
              }
            },
            {
              "batter": "IO Okpe",
              "bowler": "F Akankwasa",
              "non_striker": "A Shreshta",
              "runs": {
                "batter": 0,
                "extras": 0,
                "total": 0
              }
            }
          ]
        },
        {
          "over": 9,
          "deliveries": [
            {
              "batter": "A Shreshta",
              "bowler": "B Masaba",
              "non_striker": "IO Okpe",
              "runs": {
                "batter": 1,
                "extras": 0,
                "total": 1
              }
            },
            {
              "batter": "IO Okpe",
              "bowler": "B Masaba",
              "non_striker": "A Shreshta",
              "runs": {
                "batter": 1,
                "extras": 0,
                "total": 1
              }
            },
            {
              "batter": "A Shreshta",
              "bowler": "B Masaba",
              "non_striker": "IO Okpe",
              "runs": {
                "batter": 0,
                "extras": 0,
                "total": 0
              }
            },
            {
              "batter": "A Shreshta",
              "bowler": "B Masaba",
              "non_striker": "IO Okpe",
              "runs": {
                "batter": 1,
                "extras": 0,
                "total": 1
              }
            },
            {
              "batter": "IO Okpe",
              "bowler": "B Masaba",
              "non_striker": "A Shreshta",
              "runs": {
                "batter": 0,
                "extras": 0,
                "total": 0
              }
            },
            {
              "batter": "IO Okpe",
              "bowler": "B Masaba",
              "non_striker": "A Shreshta",
              "runs": {
                "batter": 1,
                "extras": 0,
                "total": 1
              }
            }
          ]
        },
        {
          "over": 10,
          "deliveries": [
            {
              "batter": "IO Okpe",
              "bowler": "H Ssenyondo",
              "non_striker": "A Shreshta",
              "runs": {
                "batter": 4,
                "extras": 0,
                "total": 4
              }
            },
            {
              "batter": "IO Okpe",
              "bowler": "H Ssenyondo",
              "non_striker": "A Shreshta",
              "runs": {
                "batter": 0,
                "extras": 0,
                "total": 0
              },
              "wickets": [
                {
                  "player_out": "IO Okpe",
                  "fielders": [
                    {
                      "name": "Riazat Ali Shah"
                    }
                  ],
                  "kind": "caught"
                }
              ]
            },
            {
              "batter": "A Shreshta",
              "bowler": "H Ssenyondo",
              "non_striker": "P Aho",
              "runs": {
                "batter": 1,
                "extras": 0,
                "total": 1
              }
            },
            {
              "batter": "P Aho",
              "bowler": "H Ssenyondo",
              "non_striker": "A Shreshta",
              "runs": {
                "batter": 2,
                "extras": 0,
                "total": 2
              }
            },
            {
              "batter": "P Aho",
              "bowler": "H Ssenyondo",
              "non_striker": "A Shreshta",
              "runs": {
                "batter": 0,
                "extras": 0,
                "total": 0
              }
            },
            {
              "batter": "P Aho",
              "bowler": "H Ssenyondo",
              "non_striker": "A Shreshta",
              "runs": {
                "batter": 6,
                "extras": 0,
                "total": 6
              }
            }
          ]
        },
        {
          "over": 11,
          "deliveries": [
            {
              "batter": "A Shreshta",
              "bowler": "B Masaba",
              "non_striker": "P Aho",
              "runs": {
                "batter": 1,
                "extras": 0,
                "total": 1
              }
            },
            {
              "batter": "P Aho",
              "bowler": "B Masaba",
              "non_striker": "A Shreshta",
              "runs": {
                "batter": 4,
                "extras": 0,
                "total": 4
              }
            },
            {
              "batter": "P Aho",
              "bowler": "B Masaba",
              "non_striker": "A Shreshta",
              "runs": {
                "batter": 0,
                "extras": 0,
                "total": 0
              }
            },
            {
              "batter": "P Aho",
              "bowler": "B Masaba",
              "non_striker": "A Shreshta",
              "runs": {
                "batter": 1,
                "extras": 0,
                "total": 1
              }
            },
            {
              "batter": "A Shreshta",
              "bowler": "B Masaba",
              "non_striker": "P Aho",
              "runs": {
                "batter": 1,
                "extras": 0,
                "total": 1
              }
            },
            {
              "batter": "P Aho",
              "bowler": "B Masaba",
              "non_striker": "A Shreshta",
              "runs": {
                "batter": 1,
                "extras": 0,
                "total": 1
              }
            }
          ]
        },
        {
          "over": 12,
          "deliveries": [
            {
              "batter": "P Aho",
              "bowler": "H Ssenyondo",
              "non_striker": "A Shreshta",
              "runs": {
                "batter": 0,
                "extras": 0,
                "total": 0
              }
            },
            {
              "batter": "P Aho",
              "bowler": "H Ssenyondo",
              "non_striker": "A Shreshta",
              "runs": {
                "batter": 1,
                "extras": 0,
                "total": 1
              }
            },
            {
              "batter": "A Shreshta",
              "bowler": "H Ssenyondo",
              "non_striker": "P Aho",
              "runs": {
                "batter": 1,
                "extras": 0,
                "total": 1
              }
            },
            {
              "batter": "P Aho",
              "bowler": "H Ssenyondo",
              "non_striker": "A Shreshta",
              "runs": {
                "batter": 0,
                "extras": 0,
                "total": 0
              }
            },
            {
              "batter": "P Aho",
              "bowler": "H Ssenyondo",
              "non_striker": "A Shreshta",
              "runs": {
                "batter": 4,
                "extras": 0,
                "total": 4
              }
            },
            {
              "batter": "P Aho",
              "bowler": "H Ssenyondo",
              "non_striker": "A Shreshta",
              "runs": {
                "batter": 0,
                "extras": 0,
                "total": 0
              }
            }
          ]
        },
        {
          "over": 13,
          "deliveries": [
            {
              "batter": "A Shreshta",
              "bowler": "B Masaba",
              "non_striker": "P Aho",
              "runs": {
                "batter": 1,
                "extras": 0,
                "total": 1
              }
            },
            {
              "batter": "P Aho",
              "bowler": "B Masaba",
              "non_striker": "A Shreshta",
              "runs": {
                "batter": 1,
                "extras": 0,
                "total": 1
              }
            },
            {
              "batter": "A Shreshta",
              "bowler": "B Masaba",
              "non_striker": "P Aho",
              "runs": {
                "batter": 2,
                "extras": 0,
                "total": 2
              }
            },
            {
              "batter": "A Shreshta",
              "bowler": "B Masaba",
              "non_striker": "P Aho",
              "runs": {
                "batter": 2,
                "extras": 0,
                "total": 2
              }
            },
            {
              "batter": "A Shreshta",
              "bowler": "B Masaba",
              "non_striker": "P Aho",
              "runs": {
                "batter": 0,
                "extras": 0,
                "total": 0
              }
            },
            {
              "batter": "A Shreshta",
              "bowler": "B Masaba",
              "non_striker": "P Aho",
              "runs": {
                "batter": 1,
                "extras": 0,
                "total": 1
              }
            }
          ]
        },
        {
          "over": 14,
          "deliveries": [
            {
              "batter": "A Shreshta",
              "bowler": "Riazat Ali Shah",
              "non_striker": "P Aho",
              "runs": {
                "batter": 0,
                "extras": 0,
                "total": 0
              },
              "wickets": [
                {
                  "player_out": "A Shreshta",
                  "kind": "lbw"
                }
              ]
            },
            {
              "batter": "D Gim",
              "bowler": "Riazat Ali Shah",
              "non_striker": "P Aho",
              "runs": {
                "batter": 1,
                "extras": 0,
                "total": 1
              }
            },
            {
              "batter": "P Aho",
              "bowler": "Riazat Ali Shah",
              "non_striker": "D Gim",
              "runs": {
                "batter": 4,
                "extras": 0,
                "total": 4
              }
            },
            {
              "batter": "P Aho",
              "bowler": "Riazat Ali Shah",
              "non_striker": "D Gim",
              "runs": {
                "batter": 0,
                "extras": 0,
                "total": 0
              }
            },
            {
              "batter": "P Aho",
              "bowler": "Riazat Ali Shah",
              "non_striker": "D Gim",
              "runs": {
                "batter": 0,
                "extras": 0,
                "total": 0
              }
            },
            {
              "batter": "P Aho",
              "bowler": "Riazat Ali Shah",
              "non_striker": "D Gim",
              "runs": {
                "batter": 0,
                "extras": 0,
                "total": 0
              },
              "wickets": [
                {
                  "player_out": "P Aho",
                  "fielders": [
                    {
                      "name": "RB Patel"
                    }
                  ],
                  "kind": "run out"
                }
              ]
            }
          ]
        },
        {
          "over": 15,
          "deliveries": [
            {
              "batter": "D Gim",
              "bowler": "DM Nakrani",
              "extras": {
                "legbyes": 1
              },
              "non_striker": "S Mba",
              "runs": {
                "batter": 0,
                "extras": 1,
                "total": 1
              }
            },
            {
              "batter": "S Mba",
              "bowler": "DM Nakrani",
              "non_striker": "D Gim",
              "runs": {
                "batter": 0,
                "extras": 0,
                "total": 0
              }
            },
            {
              "batter": "S Mba",
              "bowler": "DM Nakrani",
              "non_striker": "D Gim",
              "runs": {
                "batter": 0,
                "extras": 0,
                "total": 0
              }
            },
            {
              "batter": "S Mba",
              "bowler": "DM Nakrani",
              "extras": {
                "wides": 2
              },
              "non_striker": "D Gim",
              "runs": {
                "batter": 0,
                "extras": 2,
                "total": 2
              }
            },
            {
              "batter": "D Gim",
              "bowler": "DM Nakrani",
              "non_striker": "S Mba",
              "runs": {
                "batter": 0,
                "extras": 0,
                "total": 0
              }
            },
            {
              "batter": "D Gim",
              "bowler": "DM Nakrani",
              "non_striker": "S Mba",
              "runs": {
                "batter": 2,
                "extras": 0,
                "total": 2
              }
            },
            {
              "batter": "D Gim",
              "bowler": "DM Nakrani",
              "non_striker": "S Mba",
              "runs": {
                "batter": 1,
                "extras": 0,
                "total": 1
              }
            }
          ]
        },
        {
          "over": 16,
          "deliveries": [
            {
              "batter": "D Gim",
              "bowler": "Riazat Ali Shah",
              "extras": {
                "wides": 1
              },
              "non_striker": "S Mba",
              "runs": {
                "batter": 0,
                "extras": 1,
                "total": 1
              }
            },
            {
              "batter": "D Gim",
              "bowler": "Riazat Ali Shah",
              "non_striker": "S Mba",
              "runs": {
                "batter": 1,
                "extras": 0,
                "total": 1
              }
            },
            {
              "batter": "S Mba",
              "bowler": "Riazat Ali Shah",
              "non_striker": "D Gim",
              "runs": {
                "batter": 0,
                "extras": 0,
                "total": 0
              },
              "wickets": [
                {
                  "player_out": "S Mba",
                  "kind": "bowled"
                }
              ]
            },
            {
              "batter": "Mohameed Taiwo",
              "bowler": "Riazat Ali Shah",
              "non_striker": "D Gim",
              "runs": {
                "batter": 0,
                "extras": 0,
                "total": 0
              },
              "wickets": [
                {
                  "player_out": "Mohameed Taiwo",
                  "kind": "bowled"
                }
              ]
            },
            {
              "batter": "R Abdulkareem",
              "bowler": "Riazat Ali Shah",
              "non_striker": "D Gim",
              "runs": {
                "batter": 0,
                "extras": 0,
                "total": 0
              }
            },
            {
              "batter": "R Abdulkareem",
              "bowler": "Riazat Ali Shah",
              "extras": {
                "wides": 1
              },
              "non_striker": "D Gim",
              "runs": {
                "batter": 0,
                "extras": 1,
                "total": 1
              }
            },
            {
              "batter": "R Abdulkareem",
              "bowler": "Riazat Ali Shah",
              "non_striker": "D Gim",
              "runs": {
                "batter": 1,
                "extras": 0,
                "total": 1
              }
            },
            {
              "batter": "D Gim",
              "bowler": "Riazat Ali Shah",
              "non_striker": "R Abdulkareem",
              "runs": {
                "batter": 0,
                "extras": 0,
                "total": 0
              }
            }
          ]
        },
        {
          "over": 17,
          "deliveries": [
            {
              "batter": "R Abdulkareem",
              "bowler": "DM Nakrani",
              "non_striker": "D Gim",
              "runs": {
                "batter": 2,
                "extras": 0,
                "total": 2
              }
            },
            {
              "batter": "R Abdulkareem",
              "bowler": "DM Nakrani",
              "non_striker": "D Gim",
              "runs": {
                "batter": 1,
                "extras": 0,
                "total": 1
              }
            },
            {
              "batter": "D Gim",
              "bowler": "DM Nakrani",
              "non_striker": "R Abdulkareem",
              "runs": {
                "batter": 6,
                "extras": 0,
                "total": 6
              }
            },
            {
              "batter": "D Gim",
              "bowler": "DM Nakrani",
              "non_striker": "R Abdulkareem",
              "runs": {
                "batter": 0,
                "extras": 0,
                "total": 0
              }
            },
            {
              "batter": "D Gim",
              "bowler": "DM Nakrani",
              "non_striker": "R Abdulkareem",
              "runs": {
                "batter": 1,
                "extras": 0,
                "total": 1
              }
            },
            {
              "batter": "R Abdulkareem",
              "bowler": "DM Nakrani",
              "non_striker": "D Gim",
              "runs": {
                "batter": 2,
                "extras": 0,
                "total": 2
              }
            }
          ]
        },
        {
          "over": 18,
          "deliveries": [
            {
              "batter": "D Gim",
              "bowler": "Riazat Ali Shah",
              "non_striker": "R Abdulkareem",
              "runs": {
                "batter": 0,
                "extras": 0,
                "total": 0
              }
            },
            {
              "batter": "D Gim",
              "bowler": "Riazat Ali Shah",
              "non_striker": "R Abdulkareem",
              "runs": {
                "batter": 1,
                "extras": 0,
                "total": 1
              }
            },
            {
              "batter": "R Abdulkareem",
              "bowler": "Riazat Ali Shah",
              "non_striker": "D Gim",
              "runs": {
                "batter": 1,
                "extras": 0,
                "total": 1
              }
            },
            {
              "batter": "D Gim",
              "bowler": "Riazat Ali Shah",
              "non_striker": "R Abdulkareem",
              "runs": {
                "batter": 0,
                "extras": 0,
                "total": 0
              },
              "wickets": [
                {
                  "player_out": "D Gim",
                  "fielders": [
                    {
                      "name": "DM Nakrani"
                    }
                  ],
                  "kind": "caught"
                }
              ]
            },
            {
              "batter": "R Abdulkareem",
              "bowler": "Riazat Ali Shah",
              "non_striker": "P Useni",
              "runs": {
                "batter": 1,
                "extras": 0,
                "total": 1
              }
            },
            {
              "batter": "P Useni",
              "bowler": "Riazat Ali Shah",
              "non_striker": "R Abdulkareem",
              "runs": {
                "batter": 0,
                "extras": 0,
                "total": 0
              }
            }
          ]
        },
        {
          "over": 19,
          "deliveries": [
            {
              "batter": "R Abdulkareem",
              "bowler": "B Masaba",
              "extras": {
                "wides": 1
              },
              "non_striker": "P Useni",
              "runs": {
                "batter": 0,
                "extras": 1,
                "total": 1
              }
            },
            {
              "batter": "R Abdulkareem",
              "bowler": "B Masaba",
              "non_striker": "P Useni",
              "runs": {
                "batter": 1,
                "extras": 0,
                "total": 1
              }
            },
            {
              "batter": "P Useni",
              "bowler": "B Masaba",
              "non_striker": "R Abdulkareem",
              "runs": {
                "batter": 1,
                "extras": 0,
                "total": 1
              }
            },
            {
              "batter": "R Abdulkareem",
              "bowler": "B Masaba",
              "non_striker": "P Useni",
              "runs": {
                "batter": 0,
                "extras": 0,
                "total": 0
              }
            },
            {
              "batter": "R Abdulkareem",
              "bowler": "B Masaba",
              "non_striker": "P Useni",
              "runs": {
                "batter": 4,
                "extras": 0,
                "total": 4
              }
            },
            {
              "batter": "R Abdulkareem",
              "bowler": "B Masaba",
              "extras": {
                "legbyes": 1
              },
              "non_striker": "P Useni",
              "runs": {
                "batter": 0,
                "extras": 1,
                "total": 1
              }
            },
            {
              "batter": "P Useni",
              "bowler": "B Masaba",
              "non_striker": "R Abdulkareem",
              "runs": {
                "batter": 4,
                "extras": 0,
                "total": 4
              }
            }
          ]
        }
      ],
      "powerplays": [
        {
          "from": 0.1,
          "to": 5.6,
          "type": "mandatory"
        }
      ]
    },
    {
      "team": "Uganda",
      "overs": [
        {
          "over": 0,
          "deliveries": [
            {
              "batter": "Saud Islam",
              "bowler": "P Aho",
              "extras": {
                "wides": 1
              },
              "non_striker": "S Sesazi",
              "runs": {
                "batter": 0,
                "extras": 1,
                "total": 1
              }
            },
            {
              "batter": "Saud Islam",
              "bowler": "P Aho",
              "non_striker": "S Sesazi",
              "runs": {
                "batter": 1,
                "extras": 0,
                "total": 1
              }
            },
            {
              "batter": "S Sesazi",
              "bowler": "P Aho",
              "extras": {
                "wides": 1
              },
              "non_striker": "Saud Islam",
              "runs": {
                "batter": 0,
                "extras": 1,
                "total": 1
              }
            },
            {
              "batter": "S Sesazi",
              "bowler": "P Aho",
              "non_striker": "Saud Islam",
              "runs": {
                "batter": 0,
                "extras": 0,
                "total": 0
              }
            },
            {
              "batter": "S Sesazi",
              "bowler": "P Aho",
              "non_striker": "Saud Islam",
              "runs": {
                "batter": 0,
                "extras": 0,
                "total": 0
              }
            },
            {
              "batter": "S Sesazi",
              "bowler": "P Aho",
              "non_striker": "Saud Islam",
              "runs": {
                "batter": 1,
                "extras": 0,
                "total": 1
              }
            },
            {
              "batter": "Saud Islam",
              "bowler": "P Aho",
              "non_striker": "S Sesazi",
              "runs": {
                "batter": 0,
                "extras": 0,
                "total": 0
              }
            },
            {
              "batter": "Saud Islam",
              "bowler": "P Aho",
              "non_striker": "S Sesazi",
              "runs": {
                "batter": 1,
                "extras": 0,
                "total": 1
              }
            }
          ]
        },
        {
          "over": 1,
          "deliveries": [
            {
              "batter": "Saud Islam",
              "bowler": "P Useni",
              "non_striker": "S Sesazi",
              "runs": {
                "batter": 1,
                "extras": 0,
                "total": 1
              }
            },
            {
              "batter": "S Sesazi",
              "bowler": "P Useni",
              "non_striker": "Saud Islam",
              "runs": {
                "batter": 4,
                "extras": 0,
                "total": 4
              }
            },
            {
              "batter": "S Sesazi",
              "bowler": "P Useni",
              "non_striker": "Saud Islam",
              "runs": {
                "batter": 0,
                "extras": 0,
                "total": 0
              }
            },
            {
              "batter": "S Sesazi",
              "bowler": "P Useni",
              "non_striker": "Saud Islam",
              "runs": {
                "batter": 0,
                "extras": 0,
                "total": 0
              }
            },
            {
              "batter": "S Sesazi",
              "bowler": "P Useni",
              "non_striker": "Saud Islam",
              "runs": {
                "batter": 0,
                "extras": 0,
                "total": 0
              }
            },
            {
              "batter": "S Sesazi",
              "bowler": "P Useni",
              "non_striker": "Saud Islam",
              "runs": {
                "batter": 1,
                "extras": 0,
                "total": 1
              }
            }
          ]
        },
        {
          "over": 2,
          "deliveries": [
            {
              "batter": "S Sesazi",
              "bowler": "P Aho",
              "non_striker": "Saud Islam",
              "runs": {
                "batter": 4,
                "extras": 0,
                "total": 4
              }
            },
            {
              "batter": "S Sesazi",
              "bowler": "P Aho",
              "non_striker": "Saud Islam",
              "runs": {
                "batter": 0,
                "extras": 0,
                "total": 0
              }
            },
            {
              "batter": "S Sesazi",
              "bowler": "P Aho",
              "non_striker": "Saud Islam",
              "runs": {
                "batter": 4,
                "extras": 0,
                "total": 4
              }
            },
            {
              "batter": "S Sesazi",
              "bowler": "P Aho",
              "non_striker": "Saud Islam",
              "runs": {
                "batter": 1,
                "extras": 0,
                "total": 1
              }
            },
            {
              "batter": "Saud Islam",
              "bowler": "P Aho",
              "non_striker": "S Sesazi",
              "runs": {
                "batter": 0,
                "extras": 0,
                "total": 0
              }
            },
            {
              "batter": "Saud Islam",
              "bowler": "P Aho",
              "non_striker": "S Sesazi",
              "runs": {
                "batter": 0,
                "extras": 0,
                "total": 0
              }
            }
          ]
        },
        {
          "over": 3,
          "deliveries": [
            {
              "batter": "S Sesazi",
              "bowler": "P Useni",
              "non_striker": "Saud Islam",
              "runs": {
                "batter": 0,
                "extras": 0,
                "total": 0
              }
            },
            {
              "batter": "S Sesazi",
              "bowler": "P Useni",
              "non_striker": "Saud Islam",
              "runs": {
                "batter": 2,
                "extras": 0,
                "total": 2
              }
            },
            {
              "batter": "S Sesazi",
              "bowler": "P Useni",
              "non_striker": "Saud Islam",
              "runs": {
                "batter": 4,
                "extras": 0,
                "total": 4
              }
            },
            {
              "batter": "S Sesazi",
              "bowler": "P Useni",
              "non_striker": "Saud Islam",
              "runs": {
                "batter": 4,
                "extras": 0,
                "total": 4
              }
            },
            {
              "batter": "S Sesazi",
              "bowler": "P Useni",
              "non_striker": "Saud Islam",
              "runs": {
                "batter": 0,
                "extras": 0,
                "total": 0
              }
            },
            {
              "batter": "S Sesazi",
              "bowler": "P Useni",
              "non_striker": "Saud Islam",
              "runs": {
                "batter": 0,
                "extras": 0,
                "total": 0
              },
              "wickets": [
                {
                  "player_out": "S Sesazi",
                  "fielders": [
                    {
                      "name": "IO Okpe"
                    }
                  ],
                  "kind": "caught"
                }
              ]
            }
          ]
        },
        {
          "over": 4,
          "deliveries": [
            {
              "batter": "Saud Islam",
              "bowler": "JO Adedeji",
              "non_striker": "RB Patel",
              "runs": {
                "batter": 1,
                "extras": 0,
                "total": 1
              }
            },
            {
              "batter": "RB Patel",
              "bowler": "JO Adedeji",
              "non_striker": "Saud Islam",
              "runs": {
                "batter": 0,
                "extras": 0,
                "total": 0
              }
            },
            {
              "batter": "RB Patel",
              "bowler": "JO Adedeji",
              "non_striker": "Saud Islam",
              "runs": {
                "batter": 0,
                "extras": 0,
                "total": 0
              }
            },
            {
              "batter": "RB Patel",
              "bowler": "JO Adedeji",
              "non_striker": "Saud Islam",
              "runs": {
                "batter": 0,
                "extras": 0,
                "total": 0
              }
            },
            {
              "batter": "RB Patel",
              "bowler": "JO Adedeji",
              "non_striker": "Saud Islam",
              "runs": {
                "batter": 0,
                "extras": 0,
                "total": 0
              }
            },
            {
              "batter": "RB Patel",
              "bowler": "JO Adedeji",
              "non_striker": "Saud Islam",
              "runs": {
                "batter": 0,
                "extras": 0,
                "total": 0
              }
            }
          ]
        },
        {
          "over": 5,
          "deliveries": [
            {
              "batter": "Saud Islam",
              "bowler": "IO Okpe",
              "non_striker": "RB Patel",
              "runs": {
                "batter": 0,
                "extras": 0,
                "total": 0
              }
            },
            {
              "batter": "Saud Islam",
              "bowler": "IO Okpe",
              "non_striker": "RB Patel",
              "runs": {
                "batter": 1,
                "extras": 0,
                "total": 1
              }
            },
            {
              "batter": "RB Patel",
              "bowler": "IO Okpe",
              "non_striker": "Saud Islam",
              "runs": {
                "batter": 0,
                "extras": 0,
                "total": 0
              }
            },
            {
              "batter": "RB Patel",
              "bowler": "IO Okpe",
              "non_striker": "Saud Islam",
              "runs": {
                "batter": 1,
                "extras": 0,
                "total": 1
              }
            },
            {
              "batter": "Saud Islam",
              "bowler": "IO Okpe",
              "non_striker": "RB Patel",
              "runs": {
                "batter": 0,
                "extras": 0,
                "total": 0
              }
            },
            {
              "batter": "Saud Islam",
              "bowler": "IO Okpe",
              "non_striker": "RB Patel",
              "runs": {
                "batter": 0,
                "extras": 0,
                "total": 0
              }
            }
          ]
        },
        {
          "over": 6,
          "deliveries": [
            {
              "batter": "RB Patel",
              "bowler": "JO Adedeji",
              "non_striker": "Saud Islam",
              "runs": {
                "batter": 0,
                "extras": 0,
                "total": 0
              }
            },
            {
              "batter": "RB Patel",
              "bowler": "JO Adedeji",
              "non_striker": "Saud Islam",
              "runs": {
                "batter": 1,
                "extras": 0,
                "total": 1
              }
            },
            {
              "batter": "Saud Islam",
              "bowler": "JO Adedeji",
              "non_striker": "RB Patel",
              "runs": {
                "batter": 4,
                "extras": 0,
                "total": 4
              }
            },
            {
              "batter": "Saud Islam",
              "bowler": "JO Adedeji",
              "non_striker": "RB Patel",
              "runs": {
                "batter": 4,
                "extras": 0,
                "total": 4
              }
            },
            {
              "batter": "Saud Islam",
              "bowler": "JO Adedeji",
              "non_striker": "RB Patel",
              "runs": {
                "batter": 1,
                "extras": 0,
                "total": 1
              }
            },
            {
              "batter": "RB Patel",
              "bowler": "JO Adedeji",
              "non_striker": "Saud Islam",
              "runs": {
                "batter": 0,
                "extras": 0,
                "total": 0
              }
            }
          ]
        },
        {
          "over": 7,
          "deliveries": [
            {
              "batter": "Saud Islam",
              "bowler": "IO Okpe",
              "non_striker": "RB Patel",
              "runs": {
                "batter": 0,
                "extras": 0,
                "total": 0
              }
            },
            {
              "batter": "Saud Islam",
              "bowler": "IO Okpe",
              "non_striker": "RB Patel",
              "runs": {
                "batter": 1,
                "extras": 0,
                "total": 1
              }
            },
            {
              "batter": "RB Patel",
              "bowler": "IO Okpe",
              "non_striker": "Saud Islam",
              "runs": {
                "batter": 4,
                "extras": 0,
                "total": 4
              }
            },
            {
              "batter": "RB Patel",
              "bowler": "IO Okpe",
              "non_striker": "Saud Islam",
              "runs": {
                "batter": 1,
                "extras": 0,
                "total": 1
              }
            },
            {
              "batter": "Saud Islam",
              "bowler": "IO Okpe",
              "non_striker": "RB Patel",
              "runs": {
                "batter": 0,
                "extras": 0,
                "total": 0
              }
            },
            {
              "batter": "Saud Islam",
              "bowler": "IO Okpe",
              "non_striker": "RB Patel",
              "runs": {
                "batter": 1,
                "extras": 0,
                "total": 1
              }
            }
          ]
        },
        {
          "over": 8,
          "deliveries": [
            {
              "batter": "Saud Islam",
              "bowler": "JO Adedeji",
              "non_striker": "RB Patel",
              "runs": {
                "batter": 0,
                "extras": 0,
                "total": 0
              }
            },
            {
              "batter": "Saud Islam",
              "bowler": "JO Adedeji",
              "non_striker": "RB Patel",
              "runs": {
                "batter": 0,
                "extras": 0,
                "total": 0
              }
            },
            {
              "batter": "Saud Islam",
              "bowler": "JO Adedeji",
              "non_striker": "RB Patel",
              "runs": {
                "batter": 0,
                "extras": 0,
                "total": 0
              }
            },
            {
              "batter": "Saud Islam",
              "bowler": "JO Adedeji",
              "non_striker": "RB Patel",
              "runs": {
                "batter": 0,
                "extras": 0,
                "total": 0
              }
            },
            {
              "batter": "Saud Islam",
              "bowler": "JO Adedeji",
              "non_striker": "RB Patel",
              "runs": {
                "batter": 0,
                "extras": 0,
                "total": 0
              },
              "wickets": [
                {
                  "player_out": "Saud Islam",
                  "fielders": [
                    {
                      "name": "P Useni"
                    }
                  ],
                  "kind": "caught"
                }
              ]
            },
            {
              "batter": "Riazat Ali Shah",
              "bowler": "JO Adedeji",
              "non_striker": "RB Patel",
              "runs": {
                "batter": 1,
                "extras": 0,
                "total": 1
              }
            }
          ]
        },
        {
          "over": 9,
          "deliveries": [
            {
              "batter": "Riazat Ali Shah",
              "bowler": "Mohameed Taiwo",
              "non_striker": "RB Patel",
              "runs": {
                "batter": 1,
                "extras": 0,
                "total": 1
              }
            },
            {
              "batter": "RB Patel",
              "bowler": "Mohameed Taiwo",
              "non_striker": "Riazat Ali Shah",
              "runs": {
                "batter": 2,
                "extras": 0,
                "total": 2
              }
            },
            {
              "batter": "RB Patel",
              "bowler": "Mohameed Taiwo",
              "non_striker": "Riazat Ali Shah",
              "runs": {
                "batter": 4,
                "extras": 0,
                "total": 4
              }
            },
            {
              "batter": "RB Patel",
              "bowler": "Mohameed Taiwo",
              "extras": {
                "noballs": 1
              },
              "non_striker": "Riazat Ali Shah",
              "runs": {
                "batter": 0,
                "extras": 1,
                "total": 1
              }
            },
            {
              "batter": "RB Patel",
              "bowler": "Mohameed Taiwo",
              "non_striker": "Riazat Ali Shah",
              "runs": {
                "batter": 1,
                "extras": 0,
                "total": 1
              }
            },
            {
              "batter": "Riazat Ali Shah",
              "bowler": "Mohameed Taiwo",
              "non_striker": "RB Patel",
              "runs": {
                "batter": 0,
                "extras": 0,
                "total": 0
              }
            },
            {
              "batter": "Riazat Ali Shah",
              "bowler": "Mohameed Taiwo",
              "non_striker": "RB Patel",
              "runs": {
                "batter": 1,
                "extras": 0,
                "total": 1
              }
            }
          ]
        },
        {
          "over": 10,
          "deliveries": [
            {
              "batter": "Riazat Ali Shah",
              "bowler": "R Abdulkareem",
              "non_striker": "RB Patel",
              "runs": {
                "batter": 1,
                "extras": 0,
                "total": 1
              }
            },
            {
              "batter": "RB Patel",
              "bowler": "R Abdulkareem",
              "non_striker": "Riazat Ali Shah",
              "runs": {
                "batter": 1,
                "extras": 0,
                "total": 1
              }
            },
            {
              "batter": "Riazat Ali Shah",
              "bowler": "R Abdulkareem",
              "non_striker": "RB Patel",
              "runs": {
                "batter": 0,
                "extras": 0,
                "total": 0
              }
            },
            {
              "batter": "Riazat Ali Shah",
              "bowler": "R Abdulkareem",
              "non_striker": "RB Patel",
              "runs": {
                "batter": 1,
                "extras": 0,
                "total": 1
              }
            },
            {
              "batter": "RB Patel",
              "bowler": "R Abdulkareem",
              "non_striker": "Riazat Ali Shah",
              "runs": {
                "batter": 0,
                "extras": 0,
                "total": 0
              }
            },
            {
              "batter": "RB Patel",
              "bowler": "R Abdulkareem",
              "extras": {
                "wides": 3
              },
              "non_striker": "Riazat Ali Shah",
              "runs": {
                "batter": 0,
                "extras": 3,
                "total": 3
              }
            },
            {
              "batter": "RB Patel",
              "bowler": "R Abdulkareem",
              "non_striker": "Riazat Ali Shah",
              "runs": {
                "batter": 1,
                "extras": 0,
                "total": 1
              }
            }
          ]
        },
        {
          "over": 11,
          "deliveries": [
            {
              "batter": "RB Patel",
              "bowler": "Mohameed Taiwo",
              "extras": {
                "byes": 4
              },
              "non_striker": "Riazat Ali Shah",
              "runs": {
                "batter": 0,
                "extras": 4,
                "total": 4
              }
            },
            {
              "batter": "RB Patel",
              "bowler": "Mohameed Taiwo",
              "non_striker": "Riazat Ali Shah",
              "runs": {
                "batter": 0,
                "extras": 0,
                "total": 0
              }
            },
            {
              "batter": "RB Patel",
              "bowler": "Mohameed Taiwo",
              "non_striker": "Riazat Ali Shah",
              "runs": {
                "batter": 1,
                "extras": 0,
                "total": 1
              }
            },
            {
              "batter": "Riazat Ali Shah",
              "bowler": "Mohameed Taiwo",
              "non_striker": "RB Patel",
              "runs": {
                "batter": 1,
                "extras": 0,
                "total": 1
              }
            },
            {
              "batter": "RB Patel",
              "bowler": "Mohameed Taiwo",
              "non_striker": "Riazat Ali Shah",
              "runs": {
                "batter": 1,
                "extras": 0,
                "total": 1
              }
            },
            {
              "batter": "Riazat Ali Shah",
              "bowler": "Mohameed Taiwo",
              "non_striker": "RB Patel",
              "runs": {
                "batter": 1,
                "extras": 0,
                "total": 1
              }
            }
          ]
        },
        {
          "over": 12,
          "deliveries": [
            {
              "batter": "Riazat Ali Shah",
              "bowler": "R Abdulkareem",
              "non_striker": "RB Patel",
              "runs": {
                "batter": 1,
                "extras": 0,
                "total": 1
              }
            },
            {
              "batter": "RB Patel",
              "bowler": "R Abdulkareem",
              "non_striker": "Riazat Ali Shah",
              "runs": {
                "batter": 4,
                "extras": 0,
                "total": 4
              }
            },
            {
              "batter": "RB Patel",
              "bowler": "R Abdulkareem",
              "non_striker": "Riazat Ali Shah",
              "runs": {
                "batter": 1,
                "extras": 0,
                "total": 1
              }
            },
            {
              "batter": "Riazat Ali Shah",
              "bowler": "R Abdulkareem",
              "non_striker": "RB Patel",
              "runs": {
                "batter": 0,
                "extras": 0,
                "total": 0
              }
            },
            {
              "batter": "Riazat Ali Shah",
              "bowler": "R Abdulkareem",
              "non_striker": "RB Patel",
              "runs": {
                "batter": 1,
                "extras": 0,
                "total": 1
              }
            },
            {
              "batter": "RB Patel",
              "bowler": "R Abdulkareem",
              "non_striker": "Riazat Ali Shah",
              "runs": {
                "batter": 1,
                "extras": 0,
                "total": 1
              }
            }
          ]
        },
        {
          "over": 13,
          "deliveries": [
            {
              "batter": "RB Patel",
              "bowler": "IO Okpe",
              "non_striker": "Riazat Ali Shah",
              "runs": {
                "batter": 1,
                "extras": 0,
                "total": 1
              }
            },
            {
              "batter": "Riazat Ali Shah",
              "bowler": "IO Okpe",
              "non_striker": "RB Patel",
              "runs": {
                "batter": 1,
                "extras": 0,
                "total": 1
              }
            },
            {
              "batter": "RB Patel",
              "bowler": "IO Okpe",
              "non_striker": "Riazat Ali Shah",
              "runs": {
                "batter": 0,
                "extras": 0,
                "total": 0
              }
            },
            {
              "batter": "RB Patel",
              "bowler": "IO Okpe",
              "non_striker": "Riazat Ali Shah",
              "runs": {
                "batter": 0,
                "extras": 0,
                "total": 0
              }
            },
            {
              "batter": "RB Patel",
              "bowler": "IO Okpe",
              "non_striker": "Riazat Ali Shah",
              "runs": {
                "batter": 1,
                "extras": 0,
                "total": 1
              }
            },
            {
              "batter": "Riazat Ali Shah",
              "bowler": "IO Okpe",
              "non_striker": "RB Patel",
              "runs": {
                "batter": 1,
                "extras": 0,
                "total": 1
              }
            }
          ]
        },
        {
          "over": 14,
          "deliveries": [
            {
              "batter": "Riazat Ali Shah",
              "bowler": "P Aho",
              "extras": {
                "wides": 3
              },
              "non_striker": "RB Patel",
              "runs": {
                "batter": 0,
                "extras": 3,
                "total": 3
              }
            },
            {
              "batter": "Riazat Ali Shah",
              "bowler": "P Aho",
              "extras": {
                "wides": 1
              },
              "non_striker": "RB Patel",
              "runs": {
                "batter": 0,
                "extras": 1,
                "total": 1
              }
            },
            {
              "batter": "Riazat Ali Shah",
              "bowler": "P Aho",
              "extras": {
                "wides": 1
              },
              "non_striker": "RB Patel",
              "runs": {
                "batter": 0,
                "extras": 1,
                "total": 1
              }
            },
            {
              "batter": "Riazat Ali Shah",
              "bowler": "P Aho",
              "non_striker": "RB Patel",
              "runs": {
                "batter": 0,
                "extras": 0,
                "total": 0
              }
            },
            {
              "batter": "Riazat Ali Shah",
              "bowler": "P Aho",
              "non_striker": "RB Patel",
              "runs": {
                "batter": 1,
                "extras": 0,
                "total": 1
              }
            },
            {
              "batter": "RB Patel",
              "bowler": "P Aho",
              "non_striker": "Riazat Ali Shah",
              "runs": {
                "batter": 0,
                "extras": 0,
                "total": 0
              }
            },
            {
              "batter": "RB Patel",
              "bowler": "P Aho",
              "non_striker": "Riazat Ali Shah",
              "runs": {
                "batter": 0,
                "extras": 0,
                "total": 0
              }
            },
            {
              "batter": "RB Patel",
              "bowler": "P Aho",
              "non_striker": "Riazat Ali Shah",
              "runs": {
                "batter": 1,
                "extras": 0,
                "total": 1
              }
            },
            {
              "batter": "Riazat Ali Shah",
              "bowler": "P Aho",
              "non_striker": "RB Patel",
              "runs": {
                "batter": 1,
                "extras": 0,
                "total": 1
              }
            }
          ]
        },
        {
          "over": 15,
          "deliveries": [
            {
              "batter": "Riazat Ali Shah",
              "bowler": "Mohameed Taiwo",
              "non_striker": "RB Patel",
              "runs": {
                "batter": 0,
                "extras": 0,
                "total": 0
              }
            },
            {
              "batter": "Riazat Ali Shah",
              "bowler": "Mohameed Taiwo",
              "non_striker": "RB Patel",
              "runs": {
                "batter": 0,
                "extras": 0,
                "total": 0
              }
            },
            {
              "batter": "Riazat Ali Shah",
              "bowler": "Mohameed Taiwo",
              "non_striker": "RB Patel",
              "runs": {
                "batter": 6,
                "extras": 0,
                "total": 6
              }
            },
            {
              "batter": "Riazat Ali Shah",
              "bowler": "Mohameed Taiwo",
              "non_striker": "RB Patel",
              "runs": {
                "batter": 0,
                "extras": 0,
                "total": 0
              }
            },
            {
              "batter": "Riazat Ali Shah",
              "bowler": "Mohameed Taiwo",
              "non_striker": "RB Patel",
              "runs": {
                "batter": 0,
                "extras": 0,
                "total": 0
              }
            },
            {
              "batter": "Riazat Ali Shah",
              "bowler": "Mohameed Taiwo",
              "non_striker": "RB Patel",
              "runs": {
                "batter": 4,
                "extras": 0,
                "total": 4
              }
            }
          ]
        },
        {
          "over": 16,
          "deliveries": [
            {
              "batter": "RB Patel",
              "bowler": "P Aho",
              "non_striker": "Riazat Ali Shah",
              "runs": {
                "batter": 4,
                "extras": 0,
                "total": 4
              }
            },
            {
              "batter": "RB Patel",
              "bowler": "P Aho",
              "non_striker": "Riazat Ali Shah",
              "runs": {
                "batter": 4,
                "extras": 0,
                "total": 4
              }
            }
          ]
        }
      ],
      "powerplays": [
        {
          "from": 0.1,
          "to": 5.6,
          "type": "mandatory"
        }
      ],
      "target": {
        "overs": 20,
        "runs": 113
      }
    }
  ]
}