{
  "meta": {
    "data_version": "1.1.0",
    "created": "2022-01-25",
    "revision": 2
  },
  "info": {
    "balls_per_over": 6,
    "city": "Kuala Lumpur",
    "dates": [
      "2022-01-24"
    ],
    "event": {
      "name": "Commonwealth Games Women's Cricket Competition Qualifiers",
      "match_number": 10
    },
    "gender": "female",
    "match_type": "T20",
    "match_type_number": 1025,
    "missing": [
      "player_of_match"
    ],
    "officials": {
      "match_referees": [
        "GS Lakshmi"
      ],
      "reserve_umpires": [
        "N Janani"
      ],
      "umpires": [
        "Shiju Sam",
        "Vinod Babu"
      ]
    },
    "outcome": {
      "winner": "Sri Lanka",
      "by": {
        "runs": 22
      }
    },
    "overs": 20,
    "players": {
      "Sri Lanka": [
        "RMVD Gunaratne",
        "AC Jayangani",
        "GWHM Perera",
        "H Madavi",
        "NND de Silva",
        "MAA Sanjeewani",
        "KADA Kanchana",
        "WK Dilhari",
        "S Nisansala",
        "I Ranaweera",
        "KDU Prabodhani"
      ],
      "Bangladesh": [
        "Shamima Sultana",
        "Murshida Khatun",
        "Fargana Hoque",
        "Nigar Sultana",
        "S Mostary",
        "Ritu Moni",
        "Rumana Ahmed",
        "Nahida Akter",
        "Salma Khatun",
        "Sanjida Akter Meghla",
        "Suraiya Azmin"
      ]
    },
    "registry": {
      "people": {
        "AC Jayangani": "ac56b5a7",
        "Fargana Hoque": "6e96c956",
        "GS Lakshmi": "ba8d5615",
        "GWHM Perera": "53068b45",
        "H Madavi": "85021bcd",
        "I Ranaweera": "a61850e6",
        "KADA Kanchana": "4ac6664d",
        "KDU Prabodhani": "a0fdf513",
        "MAA Sanjeewani": "318a4039",
        "Murshida Khatun": "712bbd92",
        "N Janani": "d06a665d",
        "NND de Silva": "f0b4294e",
        "Nahida Akter": "66078174",
        "Nigar Sultana": "3827f6a2",
        "RMVD Gunaratne": "9e866b59",
        "Ritu Moni": "ad3940a5",
        "Rumana Ahmed": "a92763ea",
        "S Mostary": "94de63bf",
        "S Nisansala": "1251a339",
        "Salma Khatun": "037f2b86",
        "Sanjida Akter Meghla": "a6412417",
        "Shamima Sultana": "724645f5",
        "Shiju Sam": "1e2f3eae",
        "Suraiya Azmin": "e6acd7aa",
        "Vinod Babu": "37e6187d",
        "WK Dilhari": "c34a15e6"
      }
    },
    "season": "2021/22",
    "team_type": "international",
    "teams": [
      "Sri Lanka",
      "Bangladesh"
    ],
    "toss": {
      "decision": "bat",
      "winner": "Sri Lanka"
    },
    "venue": "Kinrara Academy Oval, Kuala Lumpur"
  },
  "innings": [
    {
      "team": "Sri Lanka",
      "overs": [
        {
          "over": 0,
          "deliveries": [
            {
              "batter": "RMVD Gunaratne",
              "bowler": "Salma Khatun",
              "non_striker": "AC Jayangani",
              "runs": {
                "batter": 0,
                "extras": 0,
                "total": 0
              }
            },
            {
              "batter": "RMVD Gunaratne",
              "bowler": "Salma Khatun",
              "non_striker": "AC Jayangani",
              "runs": {
                "batter": 2,
                "extras": 0,
                "total": 2
              }
            },
            {
              "batter": "RMVD Gunaratne",
              "bowler": "Salma Khatun",
              "non_striker": "AC Jayangani",
              "runs": {
                "batter": 0,
                "extras": 0,
                "total": 0
              }
            },
            {
              "batter": "RMVD Gunaratne",
              "bowler": "Salma Khatun",
              "non_striker": "AC Jayangani",
              "runs": {
                "batter": 0,
                "extras": 0,
                "total": 0
              }
            },
            {
              "batter": "RMVD Gunaratne",
              "bowler": "Salma Khatun",
              "non_striker": "AC Jayangani",
              "runs": {
                "batter": 0,
                "extras": 0,
                "total": 0
              }
            },
            {
              "batter": "RMVD Gunaratne",
              "bowler": "Salma Khatun",
              "non_striker": "AC Jayangani",
              "runs": {
                "batter": 0,
                "extras": 0,
                "total": 0
              }
            }
          ]
        },
        {
          "over": 1,
          "deliveries": [
            {
              "batter": "AC Jayangani",
              "bowler": "Suraiya Azmin",
              "non_striker": "RMVD Gunaratne",
              "runs": {
                "batter": 0,
                "extras": 0,
                "total": 0
              }
            },
            {
              "batter": "AC Jayangani",
              "bowler": "Suraiya Azmin",
              "non_striker": "RMVD Gunaratne",
              "runs": {
                "batter": 4,
                "extras": 0,
                "total": 4
              }
            },
            {
              "batter": "AC Jayangani",
              "bowler": "Suraiya Azmin",
              "non_striker": "RMVD Gunaratne",
              "runs": {
                "batter": 0,
                "extras": 0,
                "total": 0
              }
            },
            {
              "batter": "AC Jayangani",
              "bowler": "Suraiya Azmin",
              "extras": {
                "legbyes": 1
              },
              "non_striker": "RMVD Gunaratne",
              "runs": {
                "batter": 0,
                "extras": 1,
                "total": 1
              }
            },
            {
              "batter": "RMVD Gunaratne",
              "bowler": "Suraiya Azmin",
              "extras": {
                "wides": 1
              },
              "non_striker": "AC Jayangani",
              "runs": {
                "batter": 0,
                "extras": 1,
                "total": 1
              }
            },
            {
              "batter": "RMVD Gunaratne",
              "bowler": "Suraiya Azmin",
              "non_striker": "AC Jayangani",
              "runs": {
                "batter": 0,
                "extras": 0,
                "total": 0
              }
            },
            {
              "batter": "RMVD Gunaratne",
              "bowler": "Suraiya Azmin",
              "non_striker": "AC Jayangani",
              "runs": {
                "batter": 1,
                "extras": 0,
                "total": 1
              }
            }
          ]
        },
        {
          "over": 2,
          "deliveries": [
            {
              "batter": "RMVD Gunaratne",
              "bowler": "Salma Khatun",
              "non_striker": "AC Jayangani",
              "runs": {
                "batter": 2,
                "extras": 0,
                "total": 2
              }
            },
            {
              "batter": "RMVD Gunaratne",
              "bowler": "Salma Khatun",
              "non_striker": "AC Jayangani",
              "runs": {
                "batter": 0,
                "extras": 0,
                "total": 0
              }
            },
            {
              "batter": "RMVD Gunaratne",
              "bowler": "Salma Khatun",
              "non_striker": "AC Jayangani",
              "runs": {
                "batter": 1,
                "extras": 0,
                "total": 1
              }
            },
            {
              "batter": "AC Jayangani",
              "bowler": "Salma Khatun",
              "non_striker": "RMVD Gunaratne",
              "runs": {
                "batter": 0,
                "extras": 0,
                "total": 0
              }
            },
            {
              "batter": "AC Jayangani",
              "bowler": "Salma Khatun",
              "non_striker": "RMVD Gunaratne",
              "runs": {
                "batter": 0,
                "extras": 0,
                "total": 0
              }
            },
            {
              "batter": "AC Jayangani",
              "bowler": "Salma Khatun",
              "non_striker": "RMVD Gunaratne",
              "runs": {
                "batter": 0,
                "extras": 0,
                "total": 0
              }
            }
          ]
        },
        {
          "over": 3,
          "deliveries": [
            {
              "batter": "RMVD Gunaratne",
              "bowler": "Suraiya Azmin",
              "non_striker": "AC Jayangani",
              "runs": {
                "batter": 1,
                "extras": 0,
                "total": 1
              }
            },
            {
              "batter": "AC Jayangani",
              "bowler": "Suraiya Azmin",
              "non_striker": "RMVD Gunaratne",
              "runs": {
                "batter": 0,
                "extras": 0,
                "total": 0
              }
            },
            {
              "batter": "AC Jayangani",
              "bowler": "Suraiya Azmin",
              "non_striker": "RMVD Gunaratne",
              "runs": {
                "batter": 1,
                "extras": 0,
                "total": 1
              }
            },
            {
              "batter": "RMVD Gunaratne",
              "bowler": "Suraiya Azmin",
              "non_striker": "AC Jayangani",
              "runs": {
                "batter": 0,
                "extras": 0,
                "total": 0
              },
              "wickets": [
                {
                  "player_out": "RMVD Gunaratne",
                  "fielders": [
                    {
                      "name": "Fargana Hoque"
                    }
                  ],
                  "kind": "caught"
                }
              ]
            },
            {
              "batter": "AC Jayangani",
              "bowler": "Suraiya Azmin",
              "non_striker": "GWHM Perera",
              "runs": {
                "batter": 4,
                "extras": 0,
                "total": 4
              }
            },
            {
              "batter": "AC Jayangani",
              "bowler": "Suraiya Azmin",
              "non_striker": "GWHM Perera",
              "runs": {
                "batter": 0,
                "extras": 0,
                "total": 0
              }
            }
          ]
        },
        {
          "over": 4,
          "deliveries": [
            {
              "batter": "GWHM Perera",
              "bowler": "Nahida Akter",
              "non_striker": "AC Jayangani",
              "runs": {
                "batter": 0,
                "extras": 0,
                "total": 0
              }
            },
            {
              "batter": "GWHM Perera",
              "bowler": "Nahida Akter",
              "non_striker": "AC Jayangani",
              "runs": {
                "batter": 0,
                "extras": 0,
                "total": 0
              }
            },
            {
              "batter": "GWHM Perera",
              "bowler": "Nahida Akter",
              "non_striker": "AC Jayangani",
              "runs": {
                "batter": 0,
                "extras": 0,
                "total": 0
              }
            },
            {
              "batter": "GWHM Perera",
              "bowler": "Nahida Akter",
              "non_striker": "AC Jayangani",
              "runs": {
                "batter": 0,
                "extras": 0,
                "total": 0
              }
            },
            {
              "batter": "GWHM Perera",
              "bowler": "Nahida Akter",
              "non_striker": "AC Jayangani",
              "runs": {
                "batter": 1,
                "extras": 0,
                "total": 1
              }
            },
            {
              "batter": "AC Jayangani",
              "bowler": "Nahida Akter",
              "non_striker": "GWHM Perera",
              "runs": {
                "batter": 6,
                "extras": 0,
                "total": 6
              }
            }
          ]
        },
        {
          "over": 5,
          "deliveries": [
            {
              "batter": "GWHM Perera",
              "bowler": "Rumana Ahmed",
              "extras": {
                "wides": 1
              },
              "non_striker": "AC Jayangani",
              "runs": {
                "batter": 0,
                "extras": 1,
                "total": 1
              }
            },
            {
              "batter": "GWHM Perera",
              "bowler": "Rumana Ahmed",
              "non_striker": "AC Jayangani",
              "runs": {
                "batter": 0,
                "extras": 0,
                "total": 0
              }
            },
            {
              "batter": "GWHM Perera",
              "bowler": "Rumana Ahmed",
              "non_striker": "AC Jayangani",
              "runs": {
                "batter": 2,
                "extras": 0,
                "total": 2
              }
            },
            {
              "batter": "GWHM Perera",
              "bowler": "Rumana Ahmed",
              "non_striker": "AC Jayangani",
              "runs": {
                "batter": 1,
                "extras": 0,
                "total": 1
              }
            },
            {
              "batter": "AC Jayangani",
              "bowler": "Rumana Ahmed",
              "non_striker": "GWHM Perera",
              "runs": {
                "batter": 4,
                "extras": 0,
                "total": 4
              }
            },
            {
              "batter": "AC Jayangani",
              "bowler": "Rumana Ahmed",
              "non_striker": "GWHM Perera",
              "runs": {
                "batter": 0,
                "extras": 0,
                "total": 0
              }
            },
            {
              "batter": "AC Jayangani",
              "bowler": "Rumana Ahmed",
              "non_striker": "GWHM Perera",
              "runs": {
                "batter": 6,
                "extras": 0,
                "total": 6
              }
            }
          ]
        },
        {
          "over": 6,
          "deliveries": [
            {
              "batter": "GWHM Perera",
              "bowler": "Nahida Akter",
              "non_striker": "AC Jayangani",
              "runs": {
                "batter": 0,
                "extras": 0,
                "total": 0
              }
            },
            {
              "batter": "GWHM Perera",
              "bowler": "Nahida Akter",
              "non_striker": "AC Jayangani",
              "runs": {
                "batter": 1,
                "extras": 0,
                "total": 1
              }
            },
            {
              "batter": "AC Jayangani",
              "bowler": "Nahida Akter",
              "non_striker": "GWHM Perera",
              "runs": {
                "batter": 0,
                "extras": 0,
                "total": 0
              }
            },
            {
              "batter": "AC Jayangani",
              "bowler": "Nahida Akter",
              "non_striker": "GWHM Perera",
              "runs": {
                "batter": 1,
                "extras": 0,
                "total": 1
              }
            },
            {
              "batter": "GWHM Perera",
              "bowler": "Nahida Akter",
              "non_striker": "AC Jayangani",
              "runs": {
                "batter": 1,
                "extras": 0,
                "total": 1
              }
            },
            {
              "batter": "AC Jayangani",
              "bowler": "Nahida Akter",
              "non_striker": "GWHM Perera",
              "runs": {
                "batter": 6,
                "extras": 0,
                "total": 6
              }
            }
          ]
        },
        {
          "over": 7,
          "deliveries": [
            {
              "batter": "GWHM Perera",
              "bowler": "Ritu Moni",
              "non_striker": "AC Jayangani",
              "runs": {
                "batter": 1,
                "extras": 0,
                "total": 1
              }
            },
            {
              "batter": "AC Jayangani",
              "bowler": "Ritu Moni",
              "non_striker": "GWHM Perera",
              "runs": {
                "batter": 4,
                "extras": 0,
                "total": 4
              }
            },
            {
              "batter": "AC Jayangani",
              "bowler": "Ritu Moni",
              "non_striker": "GWHM Perera",
              "runs": {
                "batter": 1,
                "extras": 0,
                "total": 1
              }
            },
            {
              "batter": "GWHM Perera",
              "bowler": "Ritu Moni",
              "extras": {
                "legbyes": 1
              },
              "non_striker": "AC Jayangani",
              "runs": {
                "batter": 0,
                "extras": 1,
                "total": 1
              }
            },
            {
              "batter": "AC Jayangani",
              "bowler": "Ritu Moni",
              "non_striker": "GWHM Perera",
              "runs": {
                "batter": 4,
                "extras": 0,
                "total": 4
              }
            },
            {
              "batter": "AC Jayangani",
              "bowler": "Ritu Moni",
              "non_striker": "GWHM Perera",
              "runs": {
                "batter": 1,
                "extras": 0,
                "total": 1
              }
            }
          ]
        },
        {
          "over": 8,
          "deliveries": [
            {
              "batter": "AC Jayangani",
              "bowler": "Salma Khatun",
              "non_striker": "GWHM Perera",
              "runs": {
                "batter": 0,
                "extras": 0,
                "total": 0
              }
            },
            {
              "batter": "AC Jayangani",
              "bowler": "Salma Khatun",
              "non_striker": "GWHM Perera",
              "runs": {
                "batter": 1,
                "extras": 0,
                "total": 1
              }
            },
            {
              "batter": "GWHM Perera",
              "bowler": "Salma Khatun",
              "non_striker": "AC Jayangani",
              "runs": {
                "batter": 0,
                "extras": 0,
                "total": 0
              },
              "wickets": [
                {
                  "player_out": "GWHM Perera",
                  "kind": "lbw"
                }
              ]
            },
            {
              "batter": "H Madavi",
              "bowler": "Salma Khatun",
              "non_striker": "AC Jayangani",
              "runs": {
                "batter": 0,
                "extras": 0,
                "total": 0
              }
            },
            {
              "batter": "H Madavi",
              "bowler": "Salma Khatun",
              "non_striker": "AC Jayangani",
              "runs": {
                "batter": 2,
                "extras": 0,
                "total": 2
              }
            },
            {
              "batter": "H Madavi",
              "bowler": "Salma Khatun",
              "non_striker": "AC Jayangani",
              "runs": {
                "batter": 0,
                "extras": 0,
                "total": 0
              }
            }
          ]
        },
        {
          "over": 9,
          "deliveries": [
            {
              "batter": "AC Jayangani",
              "bowler": "Rumana Ahmed",
              "non_striker": "H Madavi",
              "runs": {
                "batter": 0,
                "extras": 0,
                "total": 0
              }
            },
            {
              "batter": "AC Jayangani",
              "bowler": "Rumana Ahmed",
              "non_striker": "H Madavi",
              "runs": {
                "batter": 1,
                "extras": 0,
                "total": 1
              }
            },
            {
              "batter": "H Madavi",
              "bowler": "Rumana Ahmed",
              "non_striker": "AC Jayangani",
              "runs": {
                "batter": 0,
                "extras": 0,
                "total": 0
              }
            },
            {
              "batter": "H Madavi",
              "bowler": "Rumana Ahmed",
              "non_striker": "AC Jayangani",
              "runs": {
                "batter": 3,
                "extras": 0,
                "total": 3
              }
            },
            {
              "batter": "AC Jayangani",
              "bowler": "Rumana Ahmed",
              "non_striker": "H Madavi",
              "runs": {
                "batter": 4,
                "extras": 0,
                "total": 4
              }
            },
            {
              "batter": "AC Jayangani",
              "bowler": "Rumana Ahmed",
              "extras": {
                "wides": 1
              },
              "non_striker": "H Madavi",
              "runs": {
                "batter": 0,
                "extras": 1,
                "total": 1
              }
            },
            {
              "batter": "AC Jayangani",
              "bowler": "Rumana Ahmed",
              "non_striker": "H Madavi",
              "runs": {
                "batter": 0,
                "extras": 0,
                "total": 0
              },
              "wickets": [
                {
                  "player_out": "AC Jayangani",
                  "fielders": [
                    {
                      "name": "Shamima Sultana"
                    }
                  ],
                  "kind": "caught"
                }
              ]
            }
          ]
        },
        {
          "over": 10,
          "deliveries": [
            {
              "batter": "H Madavi",
              "bowler": "Ritu Moni",
              "non_striker": "NND de Silva",
              "runs": {
                "batter": 1,
                "extras": 0,
                "total": 1
              }
            },
            {
              "batter": "NND de Silva",
              "bowler": "Ritu Moni",
              "non_striker": "H Madavi",
              "runs": {
                "batter": 1,
                "extras": 0,
                "total": 1
              }
            },
            {
              "batter": "H Madavi",
              "bowler": "Ritu Moni",
              "non_striker": "NND de Silva",
              "runs": {
                "batter": 0,
                "extras": 0,
                "total": 0
              }
            },
            {
              "batter": "H Madavi",
              "bowler": "Ritu Moni",
              "non_striker": "NND de Silva",
              "runs": {
                "batter": 0,
                "extras": 0,
                "total": 0
              }
            },
            {
              "batter": "H Madavi",
              "bowler": "Ritu Moni",
              "non_striker": "NND de Silva",
              "runs": {
                "batter": 0,
                "extras": 0,
                "total": 0
              }
            },
            {
              "batter": "H Madavi",
              "bowler": "Ritu Moni",
              "non_striker": "NND de Silva",
              "runs": {
                "batter": 0,
                "extras": 0,
                "total": 0
              }
            }
          ]
        },
        {
          "over": 11,
          "deliveries": [
            {
              "batter": "NND de Silva",
              "bowler": "Sanjida Akter Meghla",
              "non_striker": "H Madavi",
              "runs": {
                "batter": 0,
                "extras": 0,
                "total": 0
              }
            },
            {
              "batter": "NND de Silva",
              "bowler": "Sanjida Akter Meghla",
              "non_striker": "H Madavi",
              "runs": {
                "batter": 1,
                "extras": 0,
                "total": 1
              }
            },
            {
              "batter": "H Madavi",
              "bowler": "Sanjida Akter Meghla",
              "non_striker": "NND de Silva",
              "runs": {
                "batter": 0,
                "extras": 0,
                "total": 0
              }
            },
            {
              "batter": "H Madavi",
              "bowler": "Sanjida Akter Meghla",
              "non_striker": "NND de Silva",
              "runs": {
                "batter": 1,
                "extras": 0,
                "total": 1
              }
            },
            {
              "batter": "NND de Silva",
              "bowler": "Sanjida Akter Meghla",
              "non_striker": "H Madavi",
              "runs": {
                "batter": 1,
                "extras": 0,
                "total": 1
              }
            },
            {
              "batter": "H Madavi",
              "bowler": "Sanjida Akter Meghla",
              "non_striker": "NND de Silva",
              "runs": {
                "batter": 1,
                "extras": 0,
                "total": 1
              }
            }
          ]
        },
        {
          "over": 12,
          "deliveries": [
            {
              "batter": "H Madavi",
              "bowler": "Ritu Moni",
              "non_striker": "NND de Silva",
              "runs": {
                "batter": 4,
                "extras": 0,
                "total": 4
              }
            },
            {
              "batter": "H Madavi",
              "bowler": "Ritu Moni",
              "non_striker": "NND de Silva",
              "runs": {
                "batter": 0,
                "extras": 0,
                "total": 0
              }
            },
            {
              "batter": "H Madavi",
              "bowler": "Ritu Moni",
              "non_striker": "NND de Silva",
              "runs": {
                "batter": 4,
                "extras": 0,
                "total": 4
              }
            },
            {
              "batter": "H Madavi",
              "bowler": "Ritu Moni",
              "non_striker": "NND de Silva",
              "runs": {
                "batter": 0,
                "extras": 0,
                "total": 0
              }
            },
            {
              "batter": "H Madavi",
              "bowler": "Ritu Moni",
              "non_striker": "NND de Silva",
              "runs": {
                "batter": 2,
                "extras": 0,
                "total": 2
              }
            },
            {
              "batter": "H Madavi",
              "bowler": "Ritu Moni",
              "non_striker": "NND de Silva",
              "runs": {
                "batter": 0,
                "extras": 0,
                "total": 0
              }
            }
          ]
        },
        {
          "over": 13,
          "deliveries": [
            {
              "batter": "NND de Silva",
              "bowler": "Sanjida Akter Meghla",
              "non_striker": "H Madavi",
              "runs": {
                "batter": 1,
                "extras": 0,
                "total": 1
              }
            },
            {
              "batter": "H Madavi",
              "bowler": "Sanjida Akter Meghla",
              "non_striker": "NND de Silva",
              "runs": {
                "batter": 0,
                "extras": 0,
                "total": 0
              }
            },
            {
              "batter": "H Madavi",
              "bowler": "Sanjida Akter Meghla",
              "non_striker": "NND de Silva",
              "runs": {
                "batter": 0,
                "extras": 0,
                "total": 0
              }
            },
            {
              "batter": "H Madavi",
              "bowler": "Sanjida Akter Meghla",
              "non_striker": "NND de Silva",
              "runs": {
                "batter": 1,
                "extras": 0,
                "total": 1
              }
            },
            {
              "batter": "NND de Silva",
              "bowler": "Sanjida Akter Meghla",
              "non_striker": "H Madavi",
              "runs": {
                "batter": 0,
                "extras": 0,
                "total": 0
              }
            },
            {
              "batter": "NND de Silva",
              "bowler": "Sanjida Akter Meghla",
              "non_striker": "H Madavi",
              "runs": {
                "batter": 1,
                "extras": 0,
                "total": 1
              }
            }
          ]
        },
        {
          "over": 14,
          "deliveries": [
            {
              "batter": "NND de Silva",
              "bowler": "Rumana Ahmed",
              "non_striker": "H Madavi",
              "runs": {
                "batter": 0,
                "extras": 0,
                "total": 0
              },
              "wickets": [
                {
                  "player_out": "H Madavi",
                  "fielders": [
                    {
                      "name": "Rumana Ahmed"
                    }
                  ],
                  "kind": "run out"
                }
              ]
            },
            {
              "batter": "NND de Silva",
              "bowler": "Rumana Ahmed",
              "non_striker": "MAA Sanjeewani",
              "runs": {
                "batter": 1,
                "extras": 0,
                "total": 1
              }
            },
            {
              "batter": "MAA Sanjeewani",
              "bowler": "Rumana Ahmed",
              "non_striker": "NND de Silva",
              "runs": {
                "batter": 0,
                "extras": 0,
                "total": 0
              }
            },
            {
              "batter": "MAA Sanjeewani",
              "bowler": "Rumana Ahmed",
              "non_striker": "NND de Silva",
              "runs": {
                "batter": 1,
                "extras": 0,
                "total": 1
              }
            },
            {
              "batter": "NND de Silva",
              "bowler": "Rumana Ahmed",
              "non_striker": "MAA Sanjeewani",
              "runs": {
                "batter": 1,
                "extras": 0,
                "total": 1
              }
            },
            {
              "batter": "MAA Sanjeewani",
              "bowler": "Rumana Ahmed",
              "non_striker": "NND de Silva",
              "runs": {
                "batter": 0,
                "extras": 0,
                "total": 0
              }
            }
          ]
        },
        {
          "over": 15,
          "deliveries": [
            {
              "batter": "NND de Silva",
              "bowler": "Sanjida Akter Meghla",
              "non_striker": "MAA Sanjeewani",
              "runs": {
                "batter": 0,
                "extras": 0,
                "total": 0
              }
            },
            {
              "batter": "NND de Silva",
              "bowler": "Sanjida Akter Meghla",
              "non_striker": "MAA Sanjeewani",
              "runs": {
                "batter": 1,
                "extras": 0,
                "total": 1
              }
            },
            {
              "batter": "MAA Sanjeewani",
              "bowler": "Sanjida Akter Meghla",
              "non_striker": "NND de Silva",
              "runs": {
                "batter": 3,
                "extras": 0,
                "total": 3
              }
            },
            {
              "batter": "NND de Silva",
              "bowler": "Sanjida Akter Meghla",
              "non_striker": "MAA Sanjeewani",
              "runs": {
                "batter": 2,
                "extras": 0,
                "total": 2
              }
            },
            {
              "batter": "NND de Silva",
              "bowler": "Sanjida Akter Meghla",
              "non_striker": "MAA Sanjeewani",
              "runs": {
                "batter": 4,
                "extras": 0,
                "total": 4
              }
            },
            {
              "batter": "NND de Silva",
              "bowler": "Sanjida Akter Meghla",
              "non_striker": "MAA Sanjeewani",
              "runs": {
                "batter": 0,
                "extras": 0,
                "total": 0
              }
            }
          ]
        },
        {
          "over": 16,
          "deliveries": [
            {
              "batter": "MAA Sanjeewani",
              "bowler": "Rumana Ahmed",
              "non_striker": "NND de Silva",
              "runs": {
                "batter": 0,
                "extras": 0,
                "total": 0
              }
            },
            {
              "batter": "MAA Sanjeewani",
              "bowler": "Rumana Ahmed",
              "non_striker": "NND de Silva",
              "runs": {
                "batter": 4,
                "extras": 0,
                "total": 4
              }
            },
            {
              "batter": "MAA Sanjeewani",
              "bowler": "Rumana Ahmed",
              "non_striker": "NND de Silva",
              "runs": {
                "batter": 0,
                "extras": 0,
                "total": 0
              }
            },
            {
              "batter": "MAA Sanjeewani",
              "bowler": "Rumana Ahmed",
              "non_striker": "NND de Silva",
              "runs": {
                "batter": 1,
                "extras": 0,
                "total": 1
              }
            },
            {
              "batter": "NND de Silva",
              "bowler": "Rumana Ahmed",
              "non_striker": "MAA Sanjeewani",
              "runs": {
                "batter": 1,
                "extras": 0,
                "total": 1
              }
            },
            {
              "batter": "MAA Sanjeewani",
              "bowler": "Rumana Ahmed",
              "non_striker": "NND de Silva",
              "runs": {
                "batter": 1,
                "extras": 0,
                "total": 1
              }
            }
          ]
        },
        {
          "over": 17,
          "deliveries": [
            {
              "batter": "MAA Sanjeewani",
              "bowler": "Nahida Akter",
              "non_striker": "NND de Silva",
              "runs": {
                "batter": 1,
                "extras": 0,
                "total": 1
              }
            },
            {
              "batter": "NND de Silva",
              "bowler": "Nahida Akter",
              "non_striker": "MAA Sanjeewani",
              "runs": {
                "batter": 1,
                "extras": 0,
                "total": 1
              }
            },
            {
              "batter": "MAA Sanjeewani",
              "bowler": "Nahida Akter",
              "non_striker": "NND de Silva",
              "runs": {
                "batter": 2,
                "extras": 0,
                "total": 2
              }
            },
            {
              "batter": "MAA Sanjeewani",
              "bowler": "Nahida Akter",
              "non_striker": "NND de Silva",
              "runs": {
                "batter": 1,
                "extras": 0,
                "total": 1
              }
            },
            {
              "batter": "NND de Silva",
              "bowler": "Nahida Akter",
              "non_striker": "MAA Sanjeewani",
              "runs": {
                "batter": 2,
                "extras": 0,
                "total": 2
              }
            },
            {
              "batter": "NND de Silva",
              "bowler": "Nahida Akter",
              "non_striker": "MAA Sanjeewani",
              "runs": {
                "batter": 1,
                "extras": 0,
                "total": 1
              }
            }
          ]
        },
        {
          "over": 18,
          "deliveries": [
            {
              "batter": "NND de Silva",
              "bowler": "Salma Khatun",
              "non_striker": "MAA Sanjeewani",
              "runs": {
                "batter": 0,
                "extras": 0,
                "total": 0
              }
            },
            {
              "batter": "NND de Silva",
              "bowler": "Salma Khatun",
              "extras": {
                "legbyes": 1
              },
              "non_striker": "MAA Sanjeewani",
              "runs": {
                "batter": 0,
                "extras": 1,
                "total": 1
              }
            },
            {
              "batter": "MAA Sanjeewani",
              "bowler": "Salma Khatun",
              "non_striker": "NND de Silva",
              "runs": {
                "batter": 2,
                "extras": 0,
                "total": 2
              }
            },
            {
              "batter": "MAA Sanjeewani",
              "bowler": "Salma Khatun",
              "non_striker": "NND de Silva",
              "runs": {
                "batter": 1,
                "extras": 0,
                "total": 1
              }
            },
            {
              "batter": "NND de Silva",
              "bowler": "Salma Khatun",
              "non_striker": "MAA Sanjeewani",
              "runs": {
                "batter": 2,
                "extras": 0,
                "total": 2
              }
            },
            {
              "batter": "NND de Silva",
              "bowler": "Salma Khatun",
              "non_striker": "MAA Sanjeewani",
              "runs": {
                "batter": 1,
                "extras": 0,
                "total": 1
              }
            }
          ]
        },
        {
          "over": 19,
          "deliveries": [
            {
              "batter": "NND de Silva",
              "bowler": "Nahida Akter",
              "non_striker": "MAA Sanjeewani",
              "runs": {
                "batter": 6,
                "extras": 0,
                "total": 6
              }
            },
            {
              "batter": "NND de Silva",
              "bowler": "Nahida Akter",
              "non_striker": "MAA Sanjeewani",
              "runs": {
                "batter": 0,
                "extras": 0,
                "total": 0
              },
              "wickets": [
                {
                  "player_out": "NND de Silva",
                  "fielders": [
                    {
                      "name": "Fargana Hoque"
                    }
                  ],
                  "kind": "caught"
                }
              ]
            },
            {
              "batter": "MAA Sanjeewani",
              "bowler": "Nahida Akter",
              "non_striker": "KADA Kanchana",
              "runs": {
                "batter": 1,
                "extras": 0,
                "total": 1
              }
            },
            {
              "batter": "KADA Kanchana",
              "bowler": "Nahida Akter",
              "non_striker": "MAA Sanjeewani",
              "runs": {
                "batter": 0,
                "extras": 0,
                "total": 0
              },
              "wickets": [
                {
                  "player_out": "KADA Kanchana",
                  "kind": "lbw"
                }
              ]
            },
            {
              "batter": "WK Dilhari",
              "bowler": "Nahida Akter",
              "non_striker": "MAA Sanjeewani",
              "runs": {
                "batter": 1,
                "extras": 0,
                "total": 1
              }
            },
            {
              "batter": "MAA Sanjeewani",
              "bowler": "Nahida Akter",
              "non_striker": "WK Dilhari",
              "runs": {
                "batter": 2,
                "extras": 0,
                "total": 2
              }
            }
          ]
        }
      ],
      "powerplays": [
        {
          "from": 0.1,
          "to": 5.7,
          "type": "mandatory"
        }
      ]
    },
    {
      "team": "Bangladesh",
      "overs": [
        {
          "over": 0,
          "deliveries": [
            {
              "batter": "Shamima Sultana",
              "bowler": "KDU Prabodhani",
              "non_striker": "Murshida Khatun",
              "runs": {
                "batter": 1,
                "extras": 0,
                "total": 1
              }
            },
            {
              "batter": "Murshida Khatun",
              "bowler": "KDU Prabodhani",
              "non_striker": "Shamima Sultana",
              "runs": {
                "batter": 1,
                "extras": 0,
                "total": 1
              }
            },
            {
              "batter": "Shamima Sultana",
              "bowler": "KDU Prabodhani",
              "extras": {
                "wides": 1
              },
              "non_striker": "Murshida Khatun",
              "runs": {
                "batter": 0,
                "extras": 1,
                "total": 1
              }
            },
            {
              "batter": "Shamima Sultana",
              "bowler": "KDU Prabodhani",
              "non_striker": "Murshida Khatun",
              "runs": {
                "batter": 0,
                "extras": 0,
                "total": 0
              }
            },
            {
              "batter": "Shamima Sultana",
              "bowler": "KDU Prabodhani",
              "non_striker": "Murshida Khatun",
              "runs": {
                "batter": 1,
                "extras": 0,
                "total": 1
              }
            },
            {
              "batter": "Murshida Khatun",
              "bowler": "KDU Prabodhani",
              "non_striker": "Shamima Sultana",
              "runs": {
                "batter": 5,
                "extras": 0,
                "total": 5
              }
            },
            {
              "batter": "Shamima Sultana",
              "bowler": "KDU Prabodhani",
              "non_striker": "Murshida Khatun",
              "runs": {
                "batter": 1,
                "extras": 0,
                "total": 1
              }
            }
          ]
        },
        {
          "over": 1,
          "deliveries": [
            {
              "batter": "Shamima Sultana",
              "bowler": "WK Dilhari",
              "non_striker": "Murshida Khatun",
              "runs": {
                "batter": 1,
                "extras": 0,
                "total": 1
              }
            },
            {
              "batter": "Murshida Khatun",
              "bowler": "WK Dilhari",
              "non_striker": "Shamima Sultana",
              "runs": {
                "batter": 2,
                "extras": 0,
                "total": 2
              }
            },
            {
              "batter": "Murshida Khatun",
              "bowler": "WK Dilhari",
              "non_striker": "Shamima Sultana",
              "runs": {
                "batter": 1,
                "extras": 0,
                "total": 1
              }
            },
            {
              "batter": "Shamima Sultana",
              "bowler": "WK Dilhari",
              "non_striker": "Murshida Khatun",
              "runs": {
                "batter": 2,
                "extras": 0,
                "total": 2
              }
            },
            {
              "batter": "Shamima Sultana",
              "bowler": "WK Dilhari",
              "non_striker": "Murshida Khatun",
              "runs": {
                "batter": 0,
                "extras": 0,
                "total": 0
              }
            },
            {
              "batter": "Shamima Sultana",
              "bowler": "WK Dilhari",
              "non_striker": "Murshida Khatun",
              "runs": {
                "batter": 0,
                "extras": 0,
                "total": 0
              }
            }
          ]
        },
        {
          "over": 2,
          "deliveries": [
            {
              "batter": "Murshida Khatun",
              "bowler": "KADA Kanchana",
              "non_striker": "Shamima Sultana",
              "runs": {
                "batter": 1,
                "extras": 0,
                "total": 1
              }
            },
            {
              "batter": "Shamima Sultana",
              "bowler": "KADA Kanchana",
              "extras": {
                "wides": 1
              },
              "non_striker": "Murshida Khatun",
              "runs": {
                "batter": 0,
                "extras": 1,
                "total": 1
              }
            },
            {
              "batter": "Shamima Sultana",
              "bowler": "KADA Kanchana",
              "non_striker": "Murshida Khatun",
              "runs": {
                "batter": 0,
                "extras": 0,
                "total": 0
              },
              "wickets": [
                {
                  "player_out": "Shamima Sultana",
                  "fielders": [
                    {
                      "name": "KDU Prabodhani"
                    }
                  ],
                  "kind": "caught"
                }
              ]
            },
            {
              "batter": "Murshida Khatun",
              "bowler": "KADA Kanchana",
              "extras": {
                "wides": 1
              },
              "non_striker": "Fargana Hoque",
              "runs": {
                "batter": 0,
                "extras": 1,
                "total": 1
              }
            },
            {
              "batter": "Murshida Khatun",
              "bowler": "KADA Kanchana",
              "non_striker": "Fargana Hoque",
              "runs": {
                "batter": 0,
                "extras": 0,
                "total": 0
              }
            },
            {
              "batter": "Murshida Khatun",
              "bowler": "KADA Kanchana",
              "non_striker": "Fargana Hoque",
              "runs": {
                "batter": 0,
                "extras": 0,
                "total": 0
              }
            },
            {
              "batter": "Murshida Khatun",
              "bowler": "KADA Kanchana",
              "non_striker": "Fargana Hoque",
              "runs": {
                "batter": 4,
                "extras": 0,
                "total": 4
              }
            },
            {
              "batter": "Murshida Khatun",
              "bowler": "KADA Kanchana",
              "non_striker": "Fargana Hoque",
              "runs": {
                "batter": 0,
                "extras": 0,
                "total": 0
              }
            }
          ]
        },
        {
          "over": 3,
          "deliveries": [
            {
              "batter": "Fargana Hoque",
              "bowler": "WK Dilhari",
              "non_striker": "Murshida Khatun",
              "runs": {
                "batter": 0,
                "extras": 0,
                "total": 0
              }
            },
            {
              "batter": "Fargana Hoque",
              "bowler": "WK Dilhari",
              "non_striker": "Murshida Khatun",
              "runs": {
                "batter": 0,
                "extras": 0,
                "total": 0
              }
            },
            {
              "batter": "Fargana Hoque",
              "bowler": "WK Dilhari",
              "non_striker": "Murshida Khatun",
              "runs": {
                "batter": 0,
                "extras": 0,
                "total": 0
              }
            },
            {
              "batter": "Fargana Hoque",
              "bowler": "WK Dilhari",
              "non_striker": "Murshida Khatun",
              "runs": {
                "batter": 0,
                "extras": 0,
                "total": 0
              }
            },
            {
              "batter": "Fargana Hoque",
              "bowler": "WK Dilhari",
              "non_striker": "Murshida Khatun",
              "runs": {
                "batter": 4,
                "extras": 0,
                "total": 4
              }
            },
            {
              "batter": "Fargana Hoque",
              "bowler": "WK Dilhari",
              "non_striker": "Murshida Khatun",
              "runs": {
                "batter": 1,
                "extras": 0,
                "total": 1
              }
            }
          ]
        },
        {
          "over": 4,
          "deliveries": [
            {
              "batter": "Fargana Hoque",
              "bowler": "KDU Prabodhani",
              "non_striker": "Murshida Khatun",
              "runs": {
                "batter": 1,
                "extras": 0,
                "total": 1
              }
            },
            {
              "batter": "Murshida Khatun",
              "bowler": "KDU Prabodhani",
              "non_striker": "Fargana Hoque",
              "runs": {
                "batter": 1,
                "extras": 0,
                "total": 1
              }
            },
            {
              "batter": "Fargana Hoque",
              "bowler": "KDU Prabodhani",
              "non_striker": "Murshida Khatun",
              "runs": {
                "batter": 4,
                "extras": 0,
                "total": 4
              }
            },
            {
              "batter": "Fargana Hoque",
              "bowler": "KDU Prabodhani",
              "non_striker": "Murshida Khatun",
              "runs": {
                "batter": 1,
                "extras": 0,
                "total": 1
              }
            },
            {
              "batter": "Murshida Khatun",
              "bowler": "KDU Prabodhani",
              "non_striker": "Fargana Hoque",
              "runs": {
                "batter": 4,
                "extras": 0,
                "total": 4
              }
            },
            {
              "batter": "Murshida Khatun",
              "bowler": "KDU Prabodhani",
              "non_striker": "Fargana Hoque",
              "runs": {
                "batter": 1,
                "extras": 0,
                "total": 1
              }
            }
          ]
        },
        {
          "over": 5,
          "deliveries": [
            {
              "batter": "Murshida Khatun",
              "bowler": "KADA Kanchana",
              "non_striker": "Fargana Hoque",
              "runs": {
                "batter": 0,
                "extras": 0,
                "total": 0
              }
            },
            {
              "batter": "Murshida Khatun",
              "bowler": "KADA Kanchana",
              "non_striker": "Fargana Hoque",
              "runs": {
                "batter": 1,
                "extras": 0,
                "total": 1
              }
            },
            {
              "batter": "Fargana Hoque",
              "bowler": "KADA Kanchana",
              "non_striker": "Murshida Khatun",
              "runs": {
                "batter": 1,
                "extras": 0,
                "total": 1
              }
            },
            {
              "batter": "Murshida Khatun",
              "bowler": "KADA Kanchana",
              "non_striker": "Fargana Hoque",
              "runs": {
                "batter": 0,
                "extras": 0,
                "total": 0
              }
            },
            {
              "batter": "Murshida Khatun",
              "bowler": "KADA Kanchana",
              "non_striker": "Fargana Hoque",
              "runs": {
                "batter": 0,
                "extras": 0,
                "total": 0
              }
            },
            {
              "batter": "Murshida Khatun",
              "bowler": "KADA Kanchana",
              "non_striker": "Fargana Hoque",
              "runs": {
                "batter": 4,
                "extras": 0,
                "total": 4
              }
            }
          ]
        },
        {
          "over": 6,
          "deliveries": [
            {
              "batter": "Fargana Hoque",
              "bowler": "I Ranaweera",
              "non_striker": "Murshida Khatun",
              "runs": {
                "batter": 0,
                "extras": 0,
                "total": 0
              }
            },
            {
              "batter": "Fargana Hoque",
              "bowler": "I Ranaweera",
              "non_striker": "Murshida Khatun",
              "runs": {
                "batter": 0,
                "extras": 0,
                "total": 0
              }
            },
            {
              "batter": "Fargana Hoque",
              "bowler": "I Ranaweera",
              "non_striker": "Murshida Khatun",
              "runs": {
                "batter": 1,
                "extras": 0,
                "total": 1
              }
            },
            {
              "batter": "Murshida Khatun",
              "bowler": "I Ranaweera",
              "non_striker": "Fargana Hoque",
              "runs": {
                "batter": 1,
                "extras": 0,
                "total": 1
              }
            },
            {
              "batter": "Fargana Hoque",
              "bowler": "I Ranaweera",
              "non_striker": "Murshida Khatun",
              "runs": {
                "batter": 1,
                "extras": 0,
                "total": 1
              }
            },
            {
              "batter": "Murshida Khatun",
              "bowler": "I Ranaweera",
              "non_striker": "Fargana Hoque",
              "runs": {
                "batter": 1,
                "extras": 0,
                "total": 1
              }
            }
          ]
        },
        {
          "over": 7,
          "deliveries": [
            {
              "batter": "Murshida Khatun",
              "bowler": "S Nisansala",
              "non_striker": "Fargana Hoque",
              "runs": {
                "batter": 1,
                "extras": 0,
                "total": 1
              }
            },
            {
              "batter": "Fargana Hoque",
              "bowler": "S Nisansala",
              "non_striker": "Murshida Khatun",
              "runs": {
                "batter": 1,
                "extras": 0,
                "total": 1
              }
            },
            {
              "batter": "Murshida Khatun",
              "bowler": "S Nisansala",
              "non_striker": "Fargana Hoque",
              "runs": {
                "batter": 1,
                "extras": 0,
                "total": 1
              }
            },
            {
              "batter": "Fargana Hoque",
              "bowler": "S Nisansala",
              "non_striker": "Murshida Khatun",
              "runs": {
                "batter": 1,
                "extras": 0,
                "total": 1
              }
            },
            {
              "batter": "Murshida Khatun",
              "bowler": "S Nisansala",
              "non_striker": "Fargana Hoque",
              "runs": {
                "batter": 1,
                "extras": 0,
                "total": 1
              }
            },
            {
              "batter": "Fargana Hoque",
              "bowler": "S Nisansala",
              "non_striker": "Murshida Khatun",
              "runs": {
                "batter": 0,
                "extras": 0,
                "total": 0
              }
            }
          ]
        },
        {
          "over": 8,
          "deliveries": [
            {
              "batter": "Murshida Khatun",
              "bowler": "I Ranaweera",
              "non_striker": "Fargana Hoque",
              "runs": {
                "batter": 0,
                "extras": 0,
                "total": 0
              }
            },
            {
              "batter": "Murshida Khatun",
              "bowler": "I Ranaweera",
              "non_striker": "Fargana Hoque",
              "runs": {
                "batter": 1,
                "extras": 0,
                "total": 1
              }
            },
            {
              "batter": "Fargana Hoque",
              "bowler": "I Ranaweera",
              "non_striker": "Murshida Khatun",
              "runs": {
                "batter": 1,
                "extras": 0,
                "total": 1
              }
            },
            {
              "batter": "Murshida Khatun",
              "bowler": "I Ranaweera",
              "non_striker": "Fargana Hoque",
              "runs": {
                "batter": 0,
                "extras": 0,
                "total": 0
              }
            },
            {
              "batter": "Murshida Khatun",
              "bowler": "I Ranaweera",
              "non_striker": "Fargana Hoque",
              "runs": {
                "batter": 1,
                "extras": 0,
                "total": 1
              }
            },
            {
              "batter": "Fargana Hoque",
              "bowler": "I Ranaweera",
              "non_striker": "Murshida Khatun",
              "runs": {
                "batter": 2,
                "extras": 0,
                "total": 2
              }
            }
          ]
        },
        {
          "over": 9,
          "deliveries": [
            {
              "batter": "Murshida Khatun",
              "bowler": "WK Dilhari",
              "non_striker": "Fargana Hoque",
              "runs": {
                "batter": 1,
                "extras": 0,
                "total": 1
              }
            },
            {
              "batter": "Fargana Hoque",
              "bowler": "WK Dilhari",
              "non_striker": "Murshida Khatun",
              "runs": {
                "batter": 1,
                "extras": 0,
                "total": 1
              }
            },
            {
              "batter": "Murshida Khatun",
              "bowler": "WK Dilhari",
              "non_striker": "Fargana Hoque",
              "runs": {
                "batter": 0,
                "extras": 0,
                "total": 0
              }
            },
            {
              "batter": "Murshida Khatun",
              "bowler": "WK Dilhari",
              "non_striker": "Fargana Hoque",
              "runs": {
                "batter": 1,
                "extras": 0,
                "total": 1
              }
            },
            {
              "batter": "Fargana Hoque",
              "bowler": "WK Dilhari",
              "non_striker": "Murshida Khatun",
              "runs": {
                "batter": 1,
                "extras": 0,
                "total": 1
              }
            },
            {
              "batter": "Murshida Khatun",
              "bowler": "WK Dilhari",
              "non_striker": "Fargana Hoque",
              "runs": {
                "batter": 1,
                "extras": 0,
                "total": 1
              }
            }
          ]
        },
        {
          "over": 10,
          "deliveries": [
            {
              "batter": "Murshida Khatun",
              "bowler": "S Nisansala",
              "non_striker": "Fargana Hoque",
              "runs": {
                "batter": 0,
                "extras": 0,
                "total": 0
              }
            },
            {
              "batter": "Murshida Khatun",
              "bowler": "S Nisansala",
              "non_striker": "Fargana Hoque",
              "runs": {
                "batter": 0,
                "extras": 0,
                "total": 0
              }
            },
            {
              "batter": "Murshida Khatun",
              "bowler": "S Nisansala",
              "non_striker": "Fargana Hoque",
              "runs": {
                "batter": 0,
                "extras": 0,
                "total": 0
              }
            },
            {
              "batter": "Murshida Khatun",
              "bowler": "S Nisansala",
              "non_striker": "Fargana Hoque",
              "runs": {
                "batter": 1,
                "extras": 0,
                "total": 1
              }
            },
            {
              "batter": "Fargana Hoque",
              "bowler": "S Nisansala",
              "non_striker": "Murshida Khatun",
              "runs": {
                "batter": 2,
                "extras": 0,
                "total": 2
              }
            },
            {
              "batter": "Fargana Hoque",
              "bowler": "S Nisansala",
              "non_striker": "Murshida Khatun",
              "runs": {
                "batter": 0,
                "extras": 0,
                "total": 0
              }
            }
          ]
        },
        {
          "over": 11,
          "deliveries": [
            {
              "batter": "Murshida Khatun",
              "bowler": "AC Jayangani",
              "non_striker": "Fargana Hoque",
              "runs": {
                "batter": 0,
                "extras": 0,
                "total": 0
              }
            },
            {
              "batter": "Murshida Khatun",
              "bowler": "AC Jayangani",
              "non_striker": "Fargana Hoque",
              "runs": {
                "batter": 0,
                "extras": 0,
                "total": 0
              },
              "wickets": [
                {
                  "player_out": "Murshida Khatun",
                  "kind": "lbw"
                }
              ]
            },
            {
              "batter": "Nigar Sultana",
              "bowler": "AC Jayangani",
              "non_striker": "Fargana Hoque",
              "runs": {
                "batter": 1,
                "extras": 0,
                "total": 1
              }
            },
            {
              "batter": "Fargana Hoque",
              "bowler": "AC Jayangani",
              "non_striker": "Nigar Sultana",
              "runs": {
                "batter": 0,
                "extras": 0,
                "total": 0
              }
            },
            {
              "batter": "Fargana Hoque",
              "bowler": "AC Jayangani",
              "non_striker": "Nigar Sultana",
              "runs": {
                "batter": 1,
                "extras": 0,
                "total": 1
              }
            },
            {
              "batter": "Nigar Sultana",
              "bowler": "AC Jayangani",
              "non_striker": "Fargana Hoque",
              "runs": {
                "batter": 1,
                "extras": 0,
                "total": 1
              }
            }
          ]
        },
        {
          "over": 12,
          "deliveries": [
            {
              "batter": "Nigar Sultana",
              "bowler": "I Ranaweera",
              "non_striker": "Fargana Hoque",
              "runs": {
                "batter": 0,
                "extras": 0,
                "total": 0
              }
            },
            {
              "batter": "Nigar Sultana",
              "bowler": "I Ranaweera",
              "non_striker": "Fargana Hoque",
              "runs": {
                "batter": 4,
                "extras": 0,
                "total": 4
              }
            },
            {
              "batter": "Nigar Sultana",
              "bowler": "I Ranaweera",
              "non_striker": "Fargana Hoque",
              "runs": {
                "batter": 1,
                "extras": 0,
                "total": 1
              }
            },
            {
              "batter": "Fargana Hoque",
              "bowler": "I Ranaweera",
              "extras": {
                "byes": 1
              },
              "non_striker": "Nigar Sultana",
              "runs": {
                "batter": 0,
                "extras": 1,
                "total": 1
              }
            },
            {
              "batter": "Nigar Sultana",
              "bowler": "I Ranaweera",
              "non_striker": "Fargana Hoque",
              "runs": {
                "batter": 0,
                "extras": 0,
                "total": 0
              }
            },
            {
              "batter": "Nigar Sultana",
              "bowler": "I Ranaweera",
              "non_striker": "Fargana Hoque",
              "runs": {
                "batter": 1,
                "extras": 0,
                "total": 1
              }
            }
          ]
        },
        {
          "over": 13,
          "deliveries": [
            {
              "batter": "Nigar Sultana",
              "bowler": "AC Jayangani",
              "non_striker": "Fargana Hoque",
              "runs": {
                "batter": 0,
                "extras": 0,
                "total": 0
              }
            },
            {
              "batter": "Nigar Sultana",
              "bowler": "AC Jayangani",
              "non_striker": "Fargana Hoque",
              "runs": {
                "batter": 2,
                "extras": 0,
                "total": 2
              }
            },
            {
              "batter": "Nigar Sultana",
              "bowler": "AC Jayangani",
              "non_striker": "Fargana Hoque",
              "runs": {
                "batter": 0,
                "extras": 0,
                "total": 0
              }
            },
            {
              "batter": "Nigar Sultana",
              "bowler": "AC Jayangani",
              "non_striker": "Fargana Hoque",
              "runs": {
                "batter": 0,
                "extras": 0,
                "total": 0
              }
            },
            {
              "batter": "Nigar Sultana",
              "bowler": "AC Jayangani",
              "non_striker": "Fargana Hoque",
              "runs": {
                "batter": 0,
                "extras": 0,
                "total": 0
              }
            },
            {
              "batter": "Nigar Sultana",
              "bowler": "AC Jayangani",
              "non_striker": "Fargana Hoque",
              "runs": {
                "batter": 1,
                "extras": 0,
                "total": 1
              }
            }
          ]
        },
        {
          "over": 14,
          "deliveries": [
            {
              "batter": "Nigar Sultana",
              "bowler": "I Ranaweera",
              "non_striker": "Fargana Hoque",
              "runs": {
                "batter": 1,
                "extras": 0,
                "total": 1
              }
            },
            {
              "batter": "Fargana Hoque",
              "bowler": "I Ranaweera",
              "non_striker": "Nigar Sultana",
              "runs": {
                "batter": 1,
                "extras": 0,
                "total": 1
              }
            },
            {
              "batter": "Nigar Sultana",
              "bowler": "I Ranaweera",
              "non_striker": "Fargana Hoque",
              "runs": {
                "batter": 0,
                "extras": 0,
                "total": 0
              }
            },
            {
              "batter": "Nigar Sultana",
              "bowler": "I Ranaweera",
              "non_striker": "Fargana Hoque",
              "runs": {
                "batter": 0,
                "extras": 0,
                "total": 0
              }
            },
            {
              "batter": "Nigar Sultana",
              "bowler": "I Ranaweera",
              "non_striker": "Fargana Hoque",
              "runs": {
                "batter": 4,
                "extras": 0,
                "total": 4
              }
            },
            {
              "batter": "Nigar Sultana",
              "bowler": "I Ranaweera",
              "non_striker": "Fargana Hoque",
              "runs": {
                "batter": 1,
                "extras": 0,
                "total": 1
              }
            }
          ]
        },
        {
          "over": 15,
          "deliveries": [
            {
              "batter": "Nigar Sultana",
              "bowler": "AC Jayangani",
              "extras": {
                "noballs": 1
              },
              "non_striker": "Fargana Hoque",
              "runs": {
                "batter": 2,
                "extras": 1,
                "total": 3
              }
            },
            {
              "batter": "Nigar Sultana",
              "bowler": "AC Jayangani",
              "non_striker": "Fargana Hoque",
              "runs": {
                "batter": 1,
                "extras": 0,
                "total": 1
              }
            },
            {
              "batter": "Fargana Hoque",
              "bowler": "AC Jayangani",
              "non_striker": "Nigar Sultana",
              "runs": {
                "batter": 1,
                "extras": 0,
                "total": 1
              }
            },
            {
              "batter": "Nigar Sultana",
              "bowler": "AC Jayangani",
              "non_striker": "Fargana Hoque",
              "runs": {
                "batter": 0,
                "extras": 0,
                "total": 0
              },
              "wickets": [
                {
                  "player_out": "Nigar Sultana",
                  "fielders": [
                    {
                      "name": "H Madavi"
                    }
                  ],
                  "kind": "caught"
                }
              ]
            },
            {
              "batter": "Fargana Hoque",
              "bowler": "AC Jayangani",
              "non_striker": "S Mostary",
              "runs": {
                "batter": 1,
                "extras": 0,
                "total": 1
              }
            },
            {
              "batter": "S Mostary",
              "bowler": "AC Jayangani",
              "non_striker": "Fargana Hoque",
              "runs": {
                "batter": 1,
                "extras": 0,
                "total": 1
              }
            },
            {
              "batter": "Fargana Hoque",
              "bowler": "AC Jayangani",
              "extras": {
                "legbyes": 1
              },
              "non_striker": "S Mostary",
              "runs": {
                "batter": 0,
                "extras": 1,
                "total": 1
              }
            }
          ]
        },
        {
          "over": 16,
          "deliveries": [
            {
              "batter": "Fargana Hoque",
              "bowler": "S Nisansala",
              "non_striker": "S Mostary",
              "runs": {
                "batter": 0,
                "extras": 0,
                "total": 0
              }
            },
            {
              "batter": "Fargana Hoque",
              "bowler": "S Nisansala",
              "non_striker": "S Mostary",
              "runs": {
                "batter": 1,
                "extras": 0,
                "total": 1
              }
            },
            {
              "batter": "S Mostary",
              "bowler": "S Nisansala",
              "non_striker": "Fargana Hoque",
              "runs": {
                "batter": 0,
                "extras": 0,
                "total": 0
              }
            },
            {
              "batter": "S Mostary",
              "bowler": "S Nisansala",
              "non_striker": "Fargana Hoque",
              "runs": {
                "batter": 1,
                "extras": 0,
                "total": 1
              }
            },
            {
              "batter": "Fargana Hoque",
              "bowler": "S Nisansala",
              "non_striker": "S Mostary",
              "runs": {
                "batter": 1,
                "extras": 0,
                "total": 1
              }
            },
            {
              "batter": "S Mostary",
              "bowler": "S Nisansala",
              "non_striker": "Fargana Hoque",
              "runs": {
                "batter": 1,
                "extras": 0,
                "total": 1
              }
            }
          ]
        },
        {
          "over": 17,
          "deliveries": [
            {
              "batter": "S Mostary",
              "bowler": "WK Dilhari",
              "non_striker": "Fargana Hoque",
              "runs": {
                "batter": 1,
                "extras": 0,
                "total": 1
              }
            },
            {
              "batter": "Fargana Hoque",
              "bowler": "WK Dilhari",
              "non_striker": "S Mostary",
              "runs": {
                "batter": 1,
                "extras": 0,
                "total": 1
              }
            },
            {
              "batter": "S Mostary",
              "bowler": "WK Dilhari",
              "non_striker": "Fargana Hoque",
              "runs": {
                "batter": 0,
                "extras": 0,
                "total": 0
              }
            },
            {
              "batter": "S Mostary",
              "bowler": "WK Dilhari",
              "non_striker": "Fargana Hoque",
              "runs": {
                "batter": 1,
                "extras": 0,
                "total": 1
              }
            },
            {
              "batter": "Fargana Hoque",
              "bowler": "WK Dilhari",
              "non_striker": "S Mostary",
              "runs": {
                "batter": 1,
                "extras": 0,
                "total": 1
              }
            },
            {
              "batter": "S Mostary",
              "bowler": "WK Dilhari",
              "non_striker": "Fargana Hoque",
              "runs": {
                "batter": 1,
                "extras": 0,
                "total": 1
              }
            }
          ]
        },
        {
          "over": 18,
          "deliveries": [
            {
              "batter": "S Mostary",
              "bowler": "S Nisansala",
              "non_striker": "Fargana Hoque",
              "runs": {
                "batter": 1,
                "extras": 0,
                "total": 1
              }
            },
            {
              "batter": "Fargana Hoque",
              "bowler": "S Nisansala",
              "non_striker": "S Mostary",
              "runs": {
                "batter": 1,
                "extras": 0,
                "total": 1
              }
            },
            {
              "batter": "S Mostary",
              "bowler": "S Nisansala",
              "non_striker": "Fargana Hoque",
              "runs": {
                "batter": 1,
                "extras": 0,
                "total": 1
              }
            },
            {
              "batter": "Fargana Hoque",
              "bowler": "S Nisansala",
              "non_striker": "S Mostary",
              "runs": {
                "batter": 0,
                "extras": 0,
                "total": 0
              }
            },
            {
              "batter": "Fargana Hoque",
              "bowler": "S Nisansala",
              "non_striker": "S Mostary",
              "runs": {
                "batter": 1,
                "extras": 0,
                "total": 1
              }
            },
            {
              "batter": "S Mostary",
              "bowler": "S Nisansala",
              "non_striker": "Fargana Hoque",
              "runs": {
                "batter": 1,
                "extras": 0,
                "total": 1
              }
            }
          ]
        },
        {
          "over": 19,
          "deliveries": [
            {
              "batter": "S Mostary",
              "bowler": "AC Jayangani",
              "non_striker": "Fargana Hoque",
              "runs": {
                "batter": 1,
                "extras": 0,
                "total": 1
              }
            },
            {
              "batter": "Fargana Hoque",
              "bowler": "AC Jayangani",
              "non_striker": "S Mostary",
              "runs": {
                "batter": 0,
                "extras": 0,
                "total": 0
              },
              "wickets": [
                {
                  "player_out": "Fargana Hoque",
                  "fielders": [
                    {
                      "name": "RMVD Gunaratne"
                    },
                    {
                      "name": "MAA Sanjeewani"
                    }
                  ],
                  "kind": "run out"
                }
              ]
            },
            {
              "batter": "Ritu Moni",
              "bowler": "AC Jayangani",
              "non_striker": "S Mostary",
              "runs": {
                "batter": 0,
                "extras": 0,
                "total": 0
              },
              "wickets": [
                {
                  "player_out": "Ritu Moni",
                  "kind": "bowled"
                }
              ]
            },
            {
              "batter": "Rumana Ahmed",
              "bowler": "AC Jayangani",
              "non_striker": "S Mostary",
              "runs": {
                "batter": 1,
                "extras": 0,
                "total": 1
              }
            },
            {
              "batter": "S Mostary",
              "bowler": "AC Jayangani",
              "non_striker": "Rumana Ahmed",
              "runs": {
                "batter": 1,
                "extras": 0,
                "total": 1
              }
            },
            {
              "batter": "Rumana Ahmed",
              "bowler": "AC Jayangani",
              "non_striker": "S Mostary",
              "runs": {
                "batter": 1,
                "extras": 0,
                "total": 1
              }
            }
          ]
        }
      ],
      "powerplays": [
        {
          "from": 0.1,
          "to": 5.6,
          "type": "mandatory"
        }
      ],
      "target": {
        "overs": 20,
        "runs": 137
      }
    }
  ]
}