{
  "meta": {
    "data_version": "1.1.0",
    "created": "2022-10-17",
    "revision": 2
  },
  "info": {
    "balls_per_over": 6,
    "city": "Geelong",
    "dates": [
      "2022-10-16"
    ],
    "event": {
      "name": "ICC Men's T20 World Cup",
      "match_number": 2,
      "group": "A"
    },
    "gender": "male",
    "match_type": "T20",
    "match_type_number": 1825,
    "officials": {
      "match_referees": [
        "RS Madugalle"
      ],
      "reserve_umpires": [
        "JS Wilson"
      ],
      "tv_umpires": [
        "RJ Tucker"
      ],
      "umpires": [
        "PR Reiffel",
        "RA Kettleborough"
      ]
    },
    "outcome": {
      "winner": "Netherlands",
      "by": {
        "wickets": 3
      }
    },
    "overs": 20,
    "player_of_match": [
      "BFW de Leede"
    ],
    "players": {
      "United Arab Emirates": [
        "Chirag Suri",
        "Waseem Muhammad",
        "Kashif Daud",
        "V Aravind",
        "Zawar Farid",
        "Basil Hameed",
        "CP Rizwan",
        "Aayan Afzal Khan",
        "KP Meiyappan",
        "Junaid Siddique",
        "Zahoor Khan"
      ],
      "Netherlands": [
        "Vikramjit Singh",
        "MP O'Dowd",
        "BFW de Leede",
        "CN Ackermann",
        "TLW Cooper",
        "SA Edwards",
        "RE van der Merwe",
        "TJG Pringle",
        "LV van Beek",
        "FJ Klaassen",
        "PA van Meekeren"
      ]
    },
    "registry": {
      "people": {
        "Aayan Afzal Khan": "d2d15439",
        "BFW de Leede": "fc4375ef",
        "Basil Hameed": "adbf0400",
        "CN Ackermann": "e734d090",
        "CP Rizwan": "e5309baa",
        "Chirag Suri": "6176f240",
        "FJ Klaassen": "c042b412",
        "JS Wilson": "d7f3b72f",
        "Junaid Siddique": "84dc72db",
        "KP Meiyappan": "b91f2a31",
        "Kashif Daud": "24fcd95d",
        "LV van Beek": "782fb776",
        "MP O'Dowd": "b699df47",
        "PA van Meekeren": "4557dc54",
        "PR Reiffel": "c9354f29",
        "RA Kettleborough": "4017868f",
        "RE van der Merwe": "05c2ca46",
        "RJ Tucker": "38810cfc",
        "RS Madugalle": "766b5798",
        "SA Edwards": "b59db04f",
        "TJG Pringle": "8ce2080b",
        "TLW Cooper": "2318ba22",
        "V Aravind": "cddafe26",
        "Vikramjit Singh": "2a9eee66",
        "Waseem Muhammad": "6f02fe2a",
        "Zahoor Khan": "f0e293b0",
        "Zawar Farid": "d07dbc28"
      }
    },
    "season": "2022/23",
    "team_type": "international",
    "teams": [
      "United Arab Emirates",
      "Netherlands"
    ],
    "toss": {
      "decision": "bat",
      "winner": "United Arab Emirates"
    },
    "venue": "GMHBA Stadium, South Geelong, Victoria"
  },
  "innings": [
    {
      "team": "United Arab Emirates",
      "overs": [
        {
          "over": 0,
          "deliveries": [
            {
              "batter": "Chirag Suri",
              "bowler": "FJ Klaassen",
              "non_striker": "Waseem Muhammad",
              "runs": {
                "batter": 0,
                "extras": 0,
                "total": 0
              }
            },
            {
              "batter": "Chirag Suri",
              "bowler": "FJ Klaassen",
              "extras": {
                "wides": 1
              },
              "non_striker": "Waseem Muhammad",
              "runs": {
                "batter": 0,
                "extras": 1,
                "total": 1
              }
            },
            {
              "batter": "Chirag Suri",
              "bowler": "FJ Klaassen",
              "non_striker": "Waseem Muhammad",
              "runs": {
                "batter": 0,
                "extras": 0,
                "total": 0
              }
            },
            {
              "batter": "Chirag Suri",
              "bowler": "FJ Klaassen",
              "non_striker": "Waseem Muhammad",
              "runs": {
                "batter": 0,
                "extras": 0,
                "total": 0
              }
            },
            {
              "batter": "Chirag Suri",
              "bowler": "FJ Klaassen",
              "extras": {
                "wides": 1
              },
              "non_striker": "Waseem Muhammad",
              "runs": {
                "batter": 0,
                "extras": 1,
                "total": 1
              }
            },
            {
              "batter": "Chirag Suri",
              "bowler": "FJ Klaassen",
              "non_striker": "Waseem Muhammad",
              "runs": {
                "batter": 0,
                "extras": 0,
                "total": 0
              }
            },
            {
              "batter": "Chirag Suri",
              "bowler": "FJ Klaassen",
              "non_striker": "Waseem Muhammad",
              "runs": {
                "batter": 0,
                "extras": 0,
                "total": 0
              }
            },
            {
              "batter": "Chirag Suri",
              "bowler": "FJ Klaassen",
              "non_striker": "Waseem Muhammad",
              "runs": {
                "batter": 0,
                "extras": 0,
                "total": 0
              }
            }
          ]
        },
        {
          "over": 1,
          "deliveries": [
            {
              "batter": "Waseem Muhammad",
              "bowler": "TJG Pringle",
              "non_striker": "Chirag Suri",
              "runs": {
                "batter": 0,
                "extras": 0,
                "total": 0
              }
            },
            {
              "batter": "Waseem Muhammad",
              "bowler": "TJG Pringle",
              "non_striker": "Chirag Suri",
              "runs": {
                "batter": 1,
                "extras": 0,
                "total": 1
              }
            },
            {
              "batter": "Chirag Suri",
              "bowler": "TJG Pringle",
              "non_striker": "Waseem Muhammad",
              "runs": {
                "batter": 0,
                "extras": 0,
                "total": 0
              }
            },
            {
              "batter": "Chirag Suri",
              "bowler": "TJG Pringle",
              "non_striker": "Waseem Muhammad",
              "runs": {
                "batter": 0,
                "extras": 0,
                "total": 0
              }
            },
            {
              "batter": "Chirag Suri",
              "bowler": "TJG Pringle",
              "non_striker": "Waseem Muhammad",
              "runs": {
                "batter": 1,
                "extras": 0,
                "total": 1
              }
            },
            {
              "batter": "Waseem Muhammad",
              "bowler": "TJG Pringle",
              "non_striker": "Chirag Suri",
              "runs": {
                "batter": 0,
                "extras": 0,
                "total": 0
              }
            }
          ]
        },
        {
          "over": 2,
          "deliveries": [
            {
              "batter": "Chirag Suri",
              "bowler": "FJ Klaassen",
              "non_striker": "Waseem Muhammad",
              "runs": {
                "batter": 0,
                "extras": 0,
                "total": 0
              }
            },
            {
              "batter": "Chirag Suri",
              "bowler": "FJ Klaassen",
              "non_striker": "Waseem Muhammad",
              "runs": {
                "batter": 0,
                "extras": 0,
                "total": 0
              }
            },
            {
              "batter": "Chirag Suri",
              "bowler": "FJ Klaassen",
              "extras": {
                "legbyes": 1
              },
              "non_striker": "Waseem Muhammad",
              "runs": {
                "batter": 0,
                "extras": 1,
                "total": 1
              }
            },
            {
              "batter": "Waseem Muhammad",
              "bowler": "FJ Klaassen",
              "non_striker": "Chirag Suri",
              "runs": {
                "batter": 0,
                "extras": 0,
                "total": 0
              }
            },
            {
              "batter": "Waseem Muhammad",
              "bowler": "FJ Klaassen",
              "non_striker": "Chirag Suri",
              "runs": {
                "batter": 1,
                "extras": 0,
                "total": 1
              }
            },
            {
              "batter": "Chirag Suri",
              "bowler": "FJ Klaassen",
              "non_striker": "Waseem Muhammad",
              "runs": {
                "batter": 0,
                "extras": 0,
                "total": 0
              }
            }
          ]
        },
        {
          "over": 3,
          "deliveries": [
            {
              "batter": "Waseem Muhammad",
              "bowler": "LV van Beek",
              "non_striker": "Chirag Suri",
              "runs": {
                "batter": 0,
                "extras": 0,
                "total": 0
              }
            },
            {
              "batter": "Waseem Muhammad",
              "bowler": "LV van Beek",
              "non_striker": "Chirag Suri",
              "runs": {
                "batter": 0,
                "extras": 0,
                "total": 0
              }
            },
            {
              "batter": "Waseem Muhammad",
              "bowler": "LV van Beek",
              "non_striker": "Chirag Suri",
              "runs": {
                "batter": 0,
                "extras": 0,
                "total": 0
              }
            },
            {
              "batter": "Waseem Muhammad",
              "bowler": "LV van Beek",
              "extras": {
                "wides": 1
              },
              "non_striker": "Chirag Suri",
              "runs": {
                "batter": 0,
                "extras": 1,
                "total": 1
              }
            },
            {
              "batter": "Waseem Muhammad",
              "bowler": "LV van Beek",
              "non_striker": "Chirag Suri",
              "runs": {
                "batter": 0,
                "extras": 0,
                "total": 0
              }
            },
            {
              "batter": "Waseem Muhammad",
              "bowler": "LV van Beek",
              "non_striker": "Chirag Suri",
              "runs": {
                "batter": 6,
                "extras": 0,
                "total": 6
              }
            },
            {
              "batter": "Waseem Muhammad",
              "bowler": "LV van Beek",
              "non_striker": "Chirag Suri",
              "runs": {
                "batter": 6,
                "extras": 0,
                "total": 6
              }
            }
          ]
        },
        {
          "over": 4,
          "deliveries": [
            {
              "batter": "Chirag Suri",
              "bowler": "BFW de Leede",
              "non_striker": "Waseem Muhammad",
              "runs": {
                "batter": 1,
                "extras": 0,
                "total": 1
              }
            },
            {
              "batter": "Waseem Muhammad",
              "bowler": "BFW de Leede",
              "non_striker": "Chirag Suri",
              "runs": {
                "batter": 0,
                "extras": 0,
                "total": 0
              }
            },
            {
              "batter": "Waseem Muhammad",
              "bowler": "BFW de Leede",
              "non_striker": "Chirag Suri",
              "runs": {
                "batter": 0,
                "extras": 0,
                "total": 0
              }
            },
            {
              "batter": "Waseem Muhammad",
              "bowler": "BFW de Leede",
              "non_striker": "Chirag Suri",
              "runs": {
                "batter": 1,
                "extras": 0,
                "total": 1
              }
            },
            {
              "batter": "Chirag Suri",
              "bowler": "BFW de Leede",
              "non_striker": "Waseem Muhammad",
              "runs": {
                "batter": 4,
                "extras": 0,
                "total": 4
              }
            },
            {
              "batter": "Chirag Suri",
              "bowler": "BFW de Leede",
              "non_striker": "Waseem Muhammad",
              "runs": {
                "batter": 1,
                "extras": 0,
                "total": 1
              }
            }
          ]
        },
        {
          "over": 5,
          "deliveries": [
            {
              "batter": "Chirag Suri",
              "bowler": "PA van Meekeren",
              "non_striker": "Waseem Muhammad",
              "runs": {
                "batter": 1,
                "extras": 0,
                "total": 1
              }
            },
            {
              "batter": "Waseem Muhammad",
              "bowler": "PA van Meekeren",
              "non_striker": "Chirag Suri",
              "runs": {
                "batter": 0,
                "extras": 0,
                "total": 0
              }
            },
            {
              "batter": "Waseem Muhammad",
              "bowler": "PA van Meekeren",
              "extras": {
                "legbyes": 1
              },
              "non_striker": "Chirag Suri",
              "runs": {
                "batter": 0,
                "extras": 1,
                "total": 1
              }
            },
            {
              "batter": "Chirag Suri",
              "bowler": "PA van Meekeren",
              "non_striker": "Waseem Muhammad",
              "runs": {
                "batter": 3,
                "extras": 0,
                "total": 3
              }
            },
            {
              "batter": "Waseem Muhammad",
              "bowler": "PA van Meekeren",
              "non_striker": "Chirag Suri",
              "runs": {
                "batter": 0,
                "extras": 0,
                "total": 0
              }
            },
            {
              "batter": "Waseem Muhammad",
              "bowler": "PA van Meekeren",
              "non_striker": "Chirag Suri",
              "runs": {
                "batter": 0,
                "extras": 0,
                "total": 0
              }
            }
          ]
        },
        {
          "over": 6,
          "deliveries": [
            {
              "batter": "Chirag Suri",
              "bowler": "RE van der Merwe",
              "non_striker": "Waseem Muhammad",
              "runs": {
                "batter": 1,
                "extras": 0,
                "total": 1
              }
            },
            {
              "batter": "Waseem Muhammad",
              "bowler": "RE van der Merwe",
              "non_striker": "Chirag Suri",
              "runs": {
                "batter": 1,
                "extras": 0,
                "total": 1
              }
            },
            {
              "batter": "Chirag Suri",
              "bowler": "RE van der Merwe",
              "non_striker": "Waseem Muhammad",
              "runs": {
                "batter": 0,
                "extras": 0,
                "total": 0
              },
              "wickets": [
                {
                  "player_out": "Chirag Suri",
                  "fielders": [
                    {
                      "name": "SA Edwards"
                    }
                  ],
                  "kind": "caught"
                }
              ]
            },
            {
              "batter": "Kashif Daud",
              "bowler": "RE van der Merwe",
              "non_striker": "Waseem Muhammad",
              "runs": {
                "batter": 0,
                "extras": 0,
                "total": 0
              }
            },
            {
              "batter": "Kashif Daud",
              "bowler": "RE van der Merwe",
              "non_striker": "Waseem Muhammad",
              "runs": {
                "batter": 6,
                "extras": 0,
                "total": 6
              }
            },
            {
              "batter": "Kashif Daud",
              "bowler": "RE van der Merwe",
              "non_striker": "Waseem Muhammad",
              "runs": {
                "batter": 1,
                "extras": 0,
                "total": 1
              }
            }
          ]
        },
        {
          "over": 7,
          "deliveries": [
            {
              "batter": "Kashif Daud",
              "bowler": "LV van Beek",
              "non_striker": "Waseem Muhammad",
              "runs": {
                "batter": 1,
                "extras": 0,
                "total": 1
              }
            },
            {
              "batter": "Waseem Muhammad",
              "bowler": "LV van Beek",
              "non_striker": "Kashif Daud",
              "runs": {
                "batter": 0,
                "extras": 0,
                "total": 0
              }
            },
            {
              "batter": "Waseem Muhammad",
              "bowler": "LV van Beek",
              "non_striker": "Kashif Daud",
              "runs": {
                "batter": 2,
                "extras": 0,
                "total": 2
              }
            },
            {
              "batter": "Waseem Muhammad",
              "bowler": "LV van Beek",
              "non_striker": "Kashif Daud",
              "runs": {
                "batter": 1,
                "extras": 0,
                "total": 1
              }
            },
            {
              "batter": "Kashif Daud",
              "bowler": "LV van Beek",
              "non_striker": "Waseem Muhammad",
              "runs": {
                "batter": 1,
                "extras": 0,
                "total": 1
              }
            },
            {
              "batter": "Waseem Muhammad",
              "bowler": "LV van Beek",
              "non_striker": "Kashif Daud",
              "runs": {
                "batter": 1,
                "extras": 0,
                "total": 1
              }
            }
          ]
        },
        {
          "over": 8,
          "deliveries": [
            {
              "batter": "Waseem Muhammad",
              "bowler": "TJG Pringle",
              "non_striker": "Kashif Daud",
              "runs": {
                "batter": 1,
                "extras": 0,
                "total": 1
              }
            },
            {
              "batter": "Kashif Daud",
              "bowler": "TJG Pringle",
              "non_striker": "Waseem Muhammad",
              "runs": {
                "batter": 1,
                "extras": 0,
                "total": 1
              }
            },
            {
              "batter": "Waseem Muhammad",
              "bowler": "TJG Pringle",
              "extras": {
                "legbyes": 1
              },
              "non_striker": "Kashif Daud",
              "runs": {
                "batter": 0,
                "extras": 1,
                "total": 1
              }
            },
            {
              "batter": "Kashif Daud",
              "bowler": "TJG Pringle",
              "non_striker": "Waseem Muhammad",
              "runs": {
                "batter": 1,
                "extras": 0,
                "total": 1
              }
            },
            {
              "batter": "Waseem Muhammad",
              "bowler": "TJG Pringle",
              "non_striker": "Kashif Daud",
              "runs": {
                "batter": 1,
                "extras": 0,
                "total": 1
              }
            },
            {
              "batter": "Kashif Daud",
              "bowler": "TJG Pringle",
              "non_striker": "Waseem Muhammad",
              "runs": {
                "batter": 1,
                "extras": 0,
                "total": 1
              }
            }
          ]
        },
        {
          "over": 9,
          "deliveries": [
            {
              "batter": "Kashif Daud",
              "bowler": "PA van Meekeren",
              "non_striker": "Waseem Muhammad",
              "runs": {
                "batter": 1,
                "extras": 0,
                "total": 1
              }
            },
            {
              "batter": "Waseem Muhammad",
              "bowler": "PA van Meekeren",
              "extras": {
                "legbyes": 1
              },
              "non_striker": "Kashif Daud",
              "runs": {
                "batter": 0,
                "extras": 1,
                "total": 1
              }
            },
            {
              "batter": "Kashif Daud",
              "bowler": "PA van Meekeren",
              "non_striker": "Waseem Muhammad",
              "runs": {
                "batter": 0,
                "extras": 0,
                "total": 0
              }
            },
            {
              "batter": "Kashif Daud",
              "bowler": "PA van Meekeren",
              "extras": {
                "legbyes": 2
              },
              "non_striker": "Waseem Muhammad",
              "runs": {
                "batter": 0,
                "extras": 2,
                "total": 2
              }
            },
            {
              "batter": "Kashif Daud",
              "bowler": "PA van Meekeren",
              "non_striker": "Waseem Muhammad",
              "runs": {
                "batter": 1,
                "extras": 0,
                "total": 1
              }
            },
            {
              "batter": "Waseem Muhammad",
              "bowler": "PA van Meekeren",
              "non_striker": "Kashif Daud",
              "runs": {
                "batter": 0,
                "extras": 0,
                "total": 0
              }
            }
          ]
        },
        {
          "over": 10,
          "deliveries": [
            {
              "batter": "Kashif Daud",
              "bowler": "TJG Pringle",
              "non_striker": "Waseem Muhammad",
              "runs": {
                "batter": 1,
                "extras": 0,
                "total": 1
              }
            },
            {
              "batter": "Waseem Muhammad",
              "bowler": "TJG Pringle",
              "non_striker": "Kashif Daud",
              "runs": {
                "batter": 1,
                "extras": 0,
                "total": 1
              }
            },
            {
              "batter": "Kashif Daud",
              "bowler": "TJG Pringle",
              "non_striker": "Waseem Muhammad",
              "runs": {
                "batter": 0,
                "extras": 0,
                "total": 0
              },
              "wickets": [
                {
                  "player_out": "Kashif Daud",
                  "kind": "bowled"
                }
              ]
            },
            {
              "batter": "V Aravind",
              "bowler": "TJG Pringle",
              "non_striker": "Waseem Muhammad",
              "runs": {
                "batter": 0,
                "extras": 0,
                "total": 0
              }
            },
            {
              "batter": "V Aravind",
              "bowler": "TJG Pringle",
              "non_striker": "Waseem Muhammad",
              "runs": {
                "batter": 1,
                "extras": 0,
                "total": 1
              }
            },
            {
              "batter": "Waseem Muhammad",
              "bowler": "TJG Pringle",
              "non_striker": "V Aravind",
              "review": {
                "by": "Netherlands",
                "umpire": "PR Reiffel",
                "batter": "Waseem Muhammad",
                "decision": "struck down"
              },
              "runs": {
                "batter": 0,
                "extras": 0,
                "total": 0
              }
            }
          ]
        },
        {
          "over": 11,
          "deliveries": [
            {
              "batter": "V Aravind",
              "bowler": "RE van der Merwe",
              "non_striker": "Waseem Muhammad",
              "runs": {
                "batter": 0,
                "extras": 0,
                "total": 0
              }
            },
            {
              "batter": "V Aravind",
              "bowler": "RE van der Merwe",
              "non_striker": "Waseem Muhammad",
              "runs": {
                "batter": 0,
                "extras": 0,
                "total": 0
              }
            },
            {
              "batter": "V Aravind",
              "bowler": "RE van der Merwe",
              "non_striker": "Waseem Muhammad",
              "runs": {
                "batter": 1,
                "extras": 0,
                "total": 1
              }
            },
            {
              "batter": "Waseem Muhammad",
              "bowler": "RE van der Merwe",
              "non_striker": "V Aravind",
              "runs": {
                "batter": 2,
                "extras": 0,
                "total": 2
              }
            },
            {
              "batter": "Waseem Muhammad",
              "bowler": "RE van der Merwe",
              "non_striker": "V Aravind",
              "runs": {
                "batter": 1,
                "extras": 0,
                "total": 1
              }
            },
            {
              "batter": "V Aravind",
              "bowler": "RE van der Merwe",
              "non_striker": "Waseem Muhammad",
              "runs": {
                "batter": 1,
                "extras": 0,
                "total": 1
              }
            }
          ]
        },
        {
          "over": 12,
          "deliveries": [
            {
              "batter": "V Aravind",
              "bowler": "BFW de Leede",
              "non_striker": "Waseem Muhammad",
              "runs": {
                "batter": 3,
                "extras": 0,
                "total": 3
              }
            },
            {
              "batter": "Waseem Muhammad",
              "bowler": "BFW de Leede",
              "non_striker": "V Aravind",
              "runs": {
                "batter": 0,
                "extras": 0,
                "total": 0
              }
            },
            {
              "batter": "Waseem Muhammad",
              "bowler": "BFW de Leede",
              "non_striker": "V Aravind",
              "runs": {
                "batter": 0,
                "extras": 0,
                "total": 0
              }
            },
            {
              "batter": "Waseem Muhammad",
              "bowler": "BFW de Leede",
              "non_striker": "V Aravind",
              "runs": {
                "batter": 0,
                "extras": 0,
                "total": 0
              }
            },
            {
              "batter": "Waseem Muhammad",
              "bowler": "BFW de Leede",
              "extras": {
                "wides": 1
              },
              "non_striker": "V Aravind",
              "runs": {
                "batter": 0,
                "extras": 1,
                "total": 1
              }
            },
            {
              "batter": "Waseem Muhammad",
              "bowler": "BFW de Leede",
              "non_striker": "V Aravind",
              "runs": {
                "batter": 4,
                "extras": 0,
                "total": 4
              }
            },
            {
              "batter": "Waseem Muhammad",
              "bowler": "BFW de Leede",
              "non_striker": "V Aravind",
              "runs": {
                "batter": 1,
                "extras": 0,
                "total": 1
              }
            }
          ]
        },
        {
          "over": 13,
          "deliveries": [
            {
              "batter": "Waseem Muhammad",
              "bowler": "TJG Pringle",
              "non_striker": "V Aravind",
              "runs": {
                "batter": 0,
                "extras": 0,
                "total": 0
              }
            },
            {
              "batter": "Waseem Muhammad",
              "bowler": "TJG Pringle",
              "non_striker": "V Aravind",
              "runs": {
                "batter": 0,
                "extras": 0,
                "total": 0
              }
            },
            {
              "batter": "Waseem Muhammad",
              "bowler": "TJG Pringle",
              "non_striker": "V Aravind",
              "runs": {
                "batter": 1,
                "extras": 0,
                "total": 1
              }
            },
            {
              "batter": "V Aravind",
              "bowler": "TJG Pringle",
              "non_striker": "Waseem Muhammad",
              "runs": {
                "batter": 0,
                "extras": 0,
                "total": 0
              }
            },
            {
              "batter": "V Aravind",
              "bowler": "TJG Pringle",
              "non_striker": "Waseem Muhammad",
              "runs": {
                "batter": 1,
                "extras": 0,
                "total": 1
              }
            },
            {
              "batter": "Waseem Muhammad",
              "bowler": "TJG Pringle",
              "non_striker": "V Aravind",
              "runs": {
                "batter": 1,
                "extras": 0,
                "total": 1
              }
            }
          ]
        },
        {
          "over": 14,
          "deliveries": [
            {
              "batter": "Waseem Muhammad",
              "bowler": "PA van Meekeren",
              "non_striker": "V Aravind",
              "runs": {
                "batter": 2,
                "extras": 0,
                "total": 2
              }
            },
            {
              "batter": "Waseem Muhammad",
              "bowler": "PA van Meekeren",
              "non_striker": "V Aravind",
              "runs": {
                "batter": 0,
                "extras": 0,
                "total": 0
              }
            },
            {
              "batter": "Waseem Muhammad",
              "bowler": "PA van Meekeren",
              "non_striker": "V Aravind",
              "runs": {
                "batter": 1,
                "extras": 0,
                "total": 1
              }
            },
            {
              "batter": "V Aravind",
              "bowler": "PA van Meekeren",
              "non_striker": "Waseem Muhammad",
              "runs": {
                "batter": 1,
                "extras": 0,
                "total": 1
              }
            },
            {
              "batter": "Waseem Muhammad",
              "bowler": "PA van Meekeren",
              "non_striker": "V Aravind",
              "runs": {
                "batter": 3,
                "extras": 0,
                "total": 3
              }
            },
            {
              "batter": "V Aravind",
              "bowler": "PA van Meekeren",
              "non_striker": "Waseem Muhammad",
              "runs": {
                "batter": 1,
                "extras": 0,
                "total": 1
              }
            }
          ]
        },
        {
          "over": 15,
          "deliveries": [
            {
              "batter": "V Aravind",
              "bowler": "FJ Klaassen",
              "non_striker": "Waseem Muhammad",
              "runs": {
                "batter": 2,
                "extras": 0,
                "total": 2
              }
            },
            {
              "batter": "V Aravind",
              "bowler": "FJ Klaassen",
              "non_striker": "Waseem Muhammad",
              "runs": {
                "batter": 0,
                "extras": 0,
                "total": 0
              }
            },
            {
              "batter": "V Aravind",
              "bowler": "FJ Klaassen",
              "extras": {
                "wides": 1
              },
              "non_striker": "Waseem Muhammad",
              "runs": {
                "batter": 0,
                "extras": 1,
                "total": 1
              }
            },
            {
              "batter": "V Aravind",
              "bowler": "FJ Klaassen",
              "non_striker": "Waseem Muhammad",
              "runs": {
                "batter": 0,
                "extras": 0,
                "total": 0
              }
            },
            {
              "batter": "V Aravind",
              "bowler": "FJ Klaassen",
              "non_striker": "Waseem Muhammad",
              "runs": {
                "batter": 1,
                "extras": 0,
                "total": 1
              }
            },
            {
              "batter": "Waseem Muhammad",
              "bowler": "FJ Klaassen",
              "non_striker": "V Aravind",
              "runs": {
                "batter": 2,
                "extras": 0,
                "total": 2
              }
            },
            {
              "batter": "Waseem Muhammad",
              "bowler": "FJ Klaassen",
              "non_striker": "V Aravind",
              "runs": {
                "batter": 0,
                "extras": 0,
                "total": 0
              },
              "wickets": [
                {
                  "player_out": "Waseem Muhammad",
                  "fielders": [
                    {
                      "name": "TJG Pringle"
                    }
                  ],
                  "kind": "caught"
                }
              ]
            }
          ]
        },
        {
          "over": 16,
          "deliveries": [
            {
              "batter": "V Aravind",
              "bowler": "RE van der Merwe",
              "non_striker": "Zawar Farid",
              "runs": {
                "batter": 0,
                "extras": 0,
                "total": 0
              }
            },
            {
              "batter": "V Aravind",
              "bowler": "RE van der Merwe",
              "non_striker": "Zawar Farid",
              "runs": {
                "batter": 3,
                "extras": 0,
                "total": 3
              }
            },
            {
              "batter": "Zawar Farid",
              "bowler": "RE van der Merwe",
              "non_striker": "V Aravind",
              "runs": {
                "batter": 0,
                "extras": 0,
                "total": 0
              }
            },
            {
              "batter": "Zawar Farid",
              "bowler": "RE van der Merwe",
              "non_striker": "V Aravind",
              "runs": {
                "batter": 1,
                "extras": 0,
                "total": 1
              }
            },
            {
              "batter": "V Aravind",
              "bowler": "RE van der Merwe",
              "non_striker": "Zawar Farid",
              "runs": {
                "batter": 1,
                "extras": 0,
                "total": 1
              }
            },
            {
              "batter": "Zawar Farid",
              "bowler": "RE van der Merwe",
              "non_striker": "V Aravind",
              "runs": {
                "batter": 0,
                "extras": 0,
                "total": 0
              }
            }
          ]
        },
        {
          "over": 17,
          "deliveries": [
            {
              "batter": "V Aravind",
              "bowler": "PA van Meekeren",
              "non_striker": "Zawar Farid",
              "runs": {
                "batter": 1,
                "extras": 0,
                "total": 1
              }
            },
            {
              "batter": "Zawar Farid",
              "bowler": "PA van Meekeren",
              "non_striker": "V Aravind",
              "runs": {
                "batter": 1,
                "extras": 0,
                "total": 1
              }
            },
            {
              "batter": "V Aravind",
              "bowler": "PA van Meekeren",
              "non_striker": "Zawar Farid",
              "runs": {
                "batter": 1,
                "extras": 0,
                "total": 1
              },
              "wickets": [
                {
                  "player_out": "Zawar Farid",
                  "fielders": [
                    {
                      "name": "CN Ackermann"
                    },
                    {
                      "name": "SA Edwards"
                    }
                  ],
                  "kind": "run out"
                }
              ]
            },
            {
              "batter": "Basil Hameed",
              "bowler": "PA van Meekeren",
              "non_striker": "V Aravind",
              "runs": {
                "batter": 0,
                "extras": 0,
                "total": 0
              }
            },
            {
              "batter": "Basil Hameed",
              "bowler": "PA van Meekeren",
              "non_striker": "V Aravind",
              "runs": {
                "batter": 0,
                "extras": 0,
                "total": 0
              }
            },
            {
              "batter": "Basil Hameed",
              "bowler": "PA van Meekeren",
              "non_striker": "V Aravind",
              "runs": {
                "batter": 4,
                "extras": 0,
                "total": 4
              }
            }
          ]
        },
        {
          "over": 18,
          "deliveries": [
            {
              "batter": "V Aravind",
              "bowler": "BFW de Leede",
              "non_striker": "Basil Hameed",
              "runs": {
                "batter": 0,
                "extras": 0,
                "total": 0
              },
              "wickets": [
                {
                  "player_out": "V Aravind",
                  "fielders": [
                    {
                      "name": "FJ Klaassen"
                    }
                  ],
                  "kind": "caught"
                }
              ]
            },
            {
              "batter": "CP Rizwan",
              "bowler": "BFW de Leede",
              "non_striker": "Basil Hameed",
              "runs": {
                "batter": 1,
                "extras": 0,
                "total": 1
              }
            },
            {
              "batter": "Basil Hameed",
              "bowler": "BFW de Leede",
              "non_striker": "CP Rizwan",
              "runs": {
                "batter": 0,
                "extras": 0,
                "total": 0
              },
              "wickets": [
                {
                  "player_out": "Basil Hameed",
                  "fielders": [
                    {
                      "name": "RE van der Merwe"
                    }
                  ],
                  "kind": "caught"
                }
              ]
            },
            {
              "batter": "Aayan Afzal Khan",
              "bowler": "BFW de Leede",
              "extras": {
                "wides": 1
              },
              "non_striker": "CP Rizwan",
              "runs": {
                "batter": 0,
                "extras": 1,
                "total": 1
              }
            },
            {
              "batter": "Aayan Afzal Khan",
              "bowler": "BFW de Leede",
              "non_striker": "CP Rizwan",
              "runs": {
                "batter": 0,
                "extras": 0,
                "total": 0
              }
            },
            {
              "batter": "Aayan Afzal Khan",
              "bowler": "BFW de Leede",
              "non_striker": "CP Rizwan",
              "runs": {
                "batter": 1,
                "extras": 0,
                "total": 1
              }
            },
            {
              "batter": "CP Rizwan",
              "bowler": "BFW de Leede",
              "non_striker": "Aayan Afzal Khan",
              "runs": {
                "batter": 0,
                "extras": 0,
                "total": 0
              },
              "wickets": [
                {
                  "player_out": "CP Rizwan",
                  "kind": "bowled"
                }
              ]
            }
          ]
        },
        {
          "over": 19,
          "deliveries": [
            {
              "batter": "Aayan Afzal Khan",
              "bowler": "FJ Klaassen",
              "non_striker": "KP Meiyappan",
              "runs": {
                "batter": 2,
                "extras": 0,
                "total": 2
              }
            },
            {
              "batter": "Aayan Afzal Khan",
              "bowler": "FJ Klaassen",
              "non_striker": "KP Meiyappan",
              "runs": {
                "batter": 0,
                "extras": 0,
                "total": 0
              }
            },
            {
              "batter": "Aayan Afzal Khan",
              "bowler": "FJ Klaassen",
              "non_striker": "KP Meiyappan",
              "runs": {
                "batter": 0,
                "extras": 0,
                "total": 0
              }
            },
            {
              "batter": "Aayan Afzal Khan",
              "bowler": "FJ Klaassen",
              "non_striker": "KP Meiyappan",
              "runs": {
                "batter": 2,
                "extras": 0,
                "total": 2
              }
            },
            {
              "batter": "Aayan Afzal Khan",
              "bowler": "FJ Klaassen",
              "non_striker": "KP Meiyappan",
              "runs": {
                "batter": 0,
                "extras": 0,
                "total": 0
              },
              "wickets": [
                {
                  "player_out": "Aayan Afzal Khan",
                  "fielders": [
                    {
                      "name": "TLW Cooper"
                    }
                  ],
                  "kind": "caught"
                }
              ]
            },
            {
              "batter": "Junaid Siddique",
              "bowler": "FJ Klaassen",
              "extras": {
                "byes": 1
              },
              "non_striker": "KP Meiyappan",
              "runs": {
                "batter": 0,
                "extras": 1,
                "total": 1
              }
            }
          ]
        }
      ],
      "powerplays": [
        {
          "from": 0.1,
          "to": 5.6,
          "type": "mandatory"
        }
      ]
    },
    {
      "team": "Netherlands",
      "overs": [
        {
          "over": 0,
          "deliveries": [
            {
              "batter": "Vikramjit Singh",
              "bowler": "Junaid Siddique",
              "non_striker": "MP O'Dowd",
              "runs": {
                "batter": 1,
                "extras": 0,
                "total": 1
              }
            },
            {
              "batter": "MP O'Dowd",
              "bowler": "Junaid Siddique",
              "non_striker": "Vikramjit Singh",
              "runs": {
                "batter": 1,
                "extras": 0,
                "total": 1
              }
            },
            {
              "batter": "Vikramjit Singh",
              "bowler": "Junaid Siddique",
              "non_striker": "MP O'Dowd",
              "runs": {
                "batter": 4,
                "extras": 0,
                "total": 4
              }
            },
            {
              "batter": "Vikramjit Singh",
              "bowler": "Junaid Siddique",
              "non_striker": "MP O'Dowd",
              "runs": {
                "batter": 4,
                "extras": 0,
                "total": 4
              }
            },
            {
              "batter": "Vikramjit Singh",
              "bowler": "Junaid Siddique",
              "extras": {
                "wides": 1
              },
              "non_striker": "MP O'Dowd",
              "runs": {
                "batter": 0,
                "extras": 1,
                "total": 1
              }
            },
            {
              "batter": "Vikramjit Singh",
              "bowler": "Junaid Siddique",
              "non_striker": "MP O'Dowd",
              "runs": {
                "batter": 1,
                "extras": 0,
                "total": 1
              }
            },
            {
              "batter": "MP O'Dowd",
              "bowler": "Junaid Siddique",
              "non_striker": "Vikramjit Singh",
              "runs": {
                "batter": 0,
                "extras": 0,
                "total": 0
              }
            }
          ]
        },
        {
          "over": 1,
          "deliveries": [
            {
              "batter": "Vikramjit Singh",
              "bowler": "Basil Hameed",
              "extras": {
                "byes": 2
              },
              "non_striker": "MP O'Dowd",
              "runs": {
                "batter": 0,
                "extras": 2,
                "total": 2
              }
            },
            {
              "batter": "Vikramjit Singh",
              "bowler": "Basil Hameed",
              "non_striker": "MP O'Dowd",
              "runs": {
                "batter": 0,
                "extras": 0,
                "total": 0
              }
            },
            {
              "batter": "Vikramjit Singh",
              "bowler": "Basil Hameed",
              "non_striker": "MP O'Dowd",
              "runs": {
                "batter": 0,
                "extras": 0,
                "total": 0
              },
              "wickets": [
                {
                  "player_out": "Vikramjit Singh",
                  "kind": "bowled"
                }
              ]
            },
            {
              "batter": "BFW de Leede",
              "bowler": "Basil Hameed",
              "non_striker": "MP O'Dowd",
              "runs": {
                "batter": 1,
                "extras": 0,
                "total": 1
              }
            },
            {
              "batter": "MP O'Dowd",
              "bowler": "Basil Hameed",
              "non_striker": "BFW de Leede",
              "runs": {
                "batter": 0,
                "extras": 0,
                "total": 0
              }
            },
            {
              "batter": "MP O'Dowd",
              "bowler": "Basil Hameed",
              "non_striker": "BFW de Leede",
              "runs": {
                "batter": 6,
                "extras": 0,
                "total": 6
              }
            }
          ]
        },
        {
          "over": 2,
          "deliveries": [
            {
              "batter": "BFW de Leede",
              "bowler": "Aayan Afzal Khan",
              "non_striker": "MP O'Dowd",
              "runs": {
                "batter": 0,
                "extras": 0,
                "total": 0
              }
            },
            {
              "batter": "BFW de Leede",
              "bowler": "Aayan Afzal Khan",
              "non_striker": "MP O'Dowd",
              "runs": {
                "batter": 1,
                "extras": 0,
                "total": 1
              }
            },
            {
              "batter": "MP O'Dowd",
              "bowler": "Aayan Afzal Khan",
              "non_striker": "BFW de Leede",
              "runs": {
                "batter": 0,
                "extras": 0,
                "total": 0
              }
            },
            {
              "batter": "MP O'Dowd",
              "bowler": "Aayan Afzal Khan",
              "non_striker": "BFW de Leede",
              "runs": {
                "batter": 4,
                "extras": 0,
                "total": 4
              }
            },
            {
              "batter": "MP O'Dowd",
              "bowler": "Aayan Afzal Khan",
              "non_striker": "BFW de Leede",
              "runs": {
                "batter": 1,
                "extras": 0,
                "total": 1
              }
            },
            {
              "batter": "BFW de Leede",
              "bowler": "Aayan Afzal Khan",
              "non_striker": "MP O'Dowd",
              "runs": {
                "batter": 0,
                "extras": 0,
                "total": 0
              }
            }
          ]
        },
        {
          "over": 3,
          "deliveries": [
            {
              "batter": "MP O'Dowd",
              "bowler": "KP Meiyappan",
              "non_striker": "BFW de Leede",
              "runs": {
                "batter": 0,
                "extras": 0,
                "total": 0
              }
            },
            {
              "batter": "MP O'Dowd",
              "bowler": "KP Meiyappan",
              "non_striker": "BFW de Leede",
              "runs": {
                "batter": 4,
                "extras": 0,
                "total": 4
              }
            },
            {
              "batter": "MP O'Dowd",
              "bowler": "KP Meiyappan",
              "non_striker": "BFW de Leede",
              "runs": {
                "batter": 0,
                "extras": 0,
                "total": 0
              }
            },
            {
              "batter": "MP O'Dowd",
              "bowler": "KP Meiyappan",
              "non_striker": "BFW de Leede",
              "runs": {
                "batter": 4,
                "extras": 0,
                "total": 4
              }
            },
            {
              "batter": "MP O'Dowd",
              "bowler": "KP Meiyappan",
              "non_striker": "BFW de Leede",
              "runs": {
                "batter": 1,
                "extras": 0,
                "total": 1
              }
            },
            {
              "batter": "BFW de Leede",
              "bowler": "KP Meiyappan",
              "non_striker": "MP O'Dowd",
              "runs": {
                "batter": 1,
                "extras": 0,
                "total": 1
              }
            }
          ]
        },
        {
          "over": 4,
          "deliveries": [
            {
              "batter": "BFW de Leede",
              "bowler": "Zahoor Khan",
              "non_striker": "MP O'Dowd",
              "runs": {
                "batter": 0,
                "extras": 0,
                "total": 0
              }
            },
            {
              "batter": "BFW de Leede",
              "bowler": "Zahoor Khan",
              "non_striker": "MP O'Dowd",
              "runs": {
                "batter": 1,
                "extras": 0,
                "total": 1
              }
            },
            {
              "batter": "MP O'Dowd",
              "bowler": "Zahoor Khan",
              "non_striker": "BFW de Leede",
              "runs": {
                "batter": 2,
                "extras": 0,
                "total": 2
              }
            },
            {
              "batter": "MP O'Dowd",
              "bowler": "Zahoor Khan",
              "non_striker": "BFW de Leede",
              "runs": {
                "batter": 0,
                "extras": 0,
                "total": 0
              }
            },
            {
              "batter": "MP O'Dowd",
              "bowler": "Zahoor Khan",
              "non_striker": "BFW de Leede",
              "runs": {
                "batter": 0,
                "extras": 0,
                "total": 0
              }
            },
            {
              "batter": "MP O'Dowd",
              "bowler": "Zahoor Khan",
              "non_striker": "BFW de Leede",
              "runs": {
                "batter": 0,
                "extras": 0,
                "total": 0
              }
            }
          ]
        },
        {
          "over": 5,
          "deliveries": [
            {
              "batter": "BFW de Leede",
              "bowler": "Junaid Siddique",
              "non_striker": "MP O'Dowd",
              "runs": {
                "batter": 0,
                "extras": 0,
                "total": 0
              }
            },
            {
              "batter": "BFW de Leede",
              "bowler": "Junaid Siddique",
              "non_striker": "MP O'Dowd",
              "runs": {
                "batter": 1,
                "extras": 0,
                "total": 1
              }
            },
            {
              "batter": "MP O'Dowd",
              "bowler": "Junaid Siddique",
              "non_striker": "BFW de Leede",
              "runs": {
                "batter": 0,
                "extras": 0,
                "total": 0
              }
            },
            {
              "batter": "MP O'Dowd",
              "bowler": "Junaid Siddique",
              "non_striker": "BFW de Leede",
              "runs": {
                "batter": 0,
                "extras": 0,
                "total": 0
              },
              "wickets": [
                {
                  "player_out": "MP O'Dowd",
                  "kind": "bowled"
                }
              ]
            },
            {
              "batter": "CN Ackermann",
              "bowler": "Junaid Siddique",
              "non_striker": "BFW de Leede",
              "runs": {
                "batter": 1,
                "extras": 0,
                "total": 1
              }
            },
            {
              "batter": "BFW de Leede",
              "bowler": "Junaid Siddique",
              "non_striker": "CN Ackermann",
              "runs": {
                "batter": 0,
                "extras": 0,
                "total": 0
              }
            }
          ]
        },
        {
          "over": 6,
          "deliveries": [
            {
              "batter": "CN Ackermann",
              "bowler": "Zahoor Khan",
              "non_striker": "BFW de Leede",
              "runs": {
                "batter": 0,
                "extras": 0,
                "total": 0
              }
            },
            {
              "batter": "CN Ackermann",
              "bowler": "Zahoor Khan",
              "non_striker": "BFW de Leede",
              "runs": {
                "batter": 0,
                "extras": 0,
                "total": 0
              }
            },
            {
              "batter": "CN Ackermann",
              "bowler": "Zahoor Khan",
              "non_striker": "BFW de Leede",
              "runs": {
                "batter": 0,
                "extras": 0,
                "total": 0
              }
            },
            {
              "batter": "CN Ackermann",
              "bowler": "Zahoor Khan",
              "non_striker": "BFW de Leede",
              "runs": {
                "batter": 0,
                "extras": 0,
                "total": 0
              }
            },
            {
              "batter": "CN Ackermann",
              "bowler": "Zahoor Khan",
              "non_striker": "BFW de Leede",
              "runs": {
                "batter": 1,
                "extras": 0,
                "total": 1
              }
            },
            {
              "batter": "BFW de Leede",
              "bowler": "Zahoor Khan",
              "non_striker": "CN Ackermann",
              "runs": {
                "batter": 0,
                "extras": 0,
                "total": 0
              }
            }
          ]
        },
        {
          "over": 7,
          "deliveries": [
            {
              "batter": "CN Ackermann",
              "bowler": "Zawar Farid",
              "non_striker": "BFW de Leede",
              "runs": {
                "batter": 4,
                "extras": 0,
                "total": 4
              }
            },
            {
              "batter": "CN Ackermann",
              "bowler": "Zawar Farid",
              "non_striker": "BFW de Leede",
              "runs": {
                "batter": 1,
                "extras": 0,
                "total": 1
              }
            },
            {
              "batter": "BFW de Leede",
              "bowler": "Zawar Farid",
              "non_striker": "CN Ackermann",
              "runs": {
                "batter": 4,
                "extras": 0,
                "total": 4
              }
            },
            {
              "batter": "BFW de Leede",
              "bowler": "Zawar Farid",
              "non_striker": "CN Ackermann",
              "runs": {
                "batter": 1,
                "extras": 0,
                "total": 1
              }
            },
            {
              "batter": "CN Ackermann",
              "bowler": "Zawar Farid",
              "non_striker": "BFW de Leede",
              "runs": {
                "batter": 1,
                "extras": 0,
                "total": 1
              }
            },
            {
              "batter": "BFW de Leede",
              "bowler": "Zawar Farid",
              "non_striker": "CN Ackermann",
              "runs": {
                "batter": 1,
                "extras": 0,
                "total": 1
              }
            }
          ]
        },
        {
          "over": 8,
          "deliveries": [
            {
              "batter": "BFW de Leede",
              "bowler": "KP Meiyappan",
              "non_striker": "CN Ackermann",
              "runs": {
                "batter": 0,
                "extras": 0,
                "total": 0
              }
            },
            {
              "batter": "BFW de Leede",
              "bowler": "KP Meiyappan",
              "non_striker": "CN Ackermann",
              "runs": {
                "batter": 2,
                "extras": 0,
                "total": 2
              }
            },
            {
              "batter": "BFW de Leede",
              "bowler": "KP Meiyappan",
              "non_striker": "CN Ackermann",
              "runs": {
                "batter": 1,
                "extras": 0,
                "total": 1
              }
            },
            {
              "batter": "CN Ackermann",
              "bowler": "KP Meiyappan",
              "non_striker": "BFW de Leede",
              "runs": {
                "batter": 1,
                "extras": 0,
                "total": 1
              }
            },
            {
              "batter": "BFW de Leede",
              "bowler": "KP Meiyappan",
              "non_striker": "CN Ackermann",
              "runs": {
                "batter": 0,
                "extras": 0,
                "total": 0
              },
              "wickets": [
                {
                  "player_out": "BFW de Leede",
                  "fielders": [
                    {
                      "name": "CP Rizwan"
                    }
                  ],
                  "kind": "caught"
                }
              ]
            },
            {
              "batter": "TLW Cooper",
              "bowler": "KP Meiyappan",
              "non_striker": "CN Ackermann",
              "runs": {
                "batter": 0,
                "extras": 0,
                "total": 0
              }
            }
          ]
        },
        {
          "over": 9,
          "deliveries": [
            {
              "batter": "CN Ackermann",
              "bowler": "Aayan Afzal Khan",
              "non_striker": "TLW Cooper",
              "runs": {
                "batter": 1,
                "extras": 0,
                "total": 1
              }
            },
            {
              "batter": "TLW Cooper",
              "bowler": "Aayan Afzal Khan",
              "non_striker": "CN Ackermann",
              "runs": {
                "batter": 0,
                "extras": 0,
                "total": 0
              }
            },
            {
              "batter": "TLW Cooper",
              "bowler": "Aayan Afzal Khan",
              "non_striker": "CN Ackermann",
              "runs": {
                "batter": 0,
                "extras": 0,
                "total": 0
              }
            },
            {
              "batter": "TLW Cooper",
              "bowler": "Aayan Afzal Khan",
              "non_striker": "CN Ackermann",
              "runs": {
                "batter": 1,
                "extras": 0,
                "total": 1
              }
            },
            {
              "batter": "CN Ackermann",
              "bowler": "Aayan Afzal Khan",
              "non_striker": "TLW Cooper",
              "runs": {
                "batter": 1,
                "extras": 0,
                "total": 1
              }
            },
            {
              "batter": "TLW Cooper",
              "bowler": "Aayan Afzal Khan",
              "non_striker": "CN Ackermann",
              "runs": {
                "batter": 0,
                "extras": 0,
                "total": 0
              }
            }
          ]
        },
        {
          "over": 10,
          "deliveries": [
            {
              "batter": "CN Ackermann",
              "bowler": "Kashif Daud",
              "non_striker": "TLW Cooper",
              "runs": {
                "batter": 0,
                "extras": 0,
                "total": 0
              }
            },
            {
              "batter": "CN Ackermann",
              "bowler": "Kashif Daud",
              "non_striker": "TLW Cooper",
              "runs": {
                "batter": 1,
                "extras": 0,
                "total": 1
              }
            },
            {
              "batter": "TLW Cooper",
              "bowler": "Kashif Daud",
              "non_striker": "CN Ackermann",
              "runs": {
                "batter": 1,
                "extras": 0,
                "total": 1
              }
            },
            {
              "batter": "CN Ackermann",
              "bowler": "Kashif Daud",
              "non_striker": "TLW Cooper",
              "runs": {
                "batter": 1,
                "extras": 0,
                "total": 1
              }
            },
            {
              "batter": "TLW Cooper",
              "bowler": "Kashif Daud",
              "non_striker": "CN Ackermann",
              "runs": {
                "batter": 1,
                "extras": 0,
                "total": 1
              }
            },
            {
              "batter": "CN Ackermann",
              "bowler": "Kashif Daud",
              "non_striker": "TLW Cooper",
              "runs": {
                "batter": 1,
                "extras": 0,
                "total": 1
              }
            }
          ]
        },
        {
          "over": 11,
          "deliveries": [
            {
              "batter": "CN Ackermann",
              "bowler": "Aayan Afzal Khan",
              "non_striker": "TLW Cooper",
              "runs": {
                "batter": 3,
                "extras": 0,
                "total": 3
              }
            },
            {
              "batter": "TLW Cooper",
              "bowler": "Aayan Afzal Khan",
              "non_striker": "CN Ackermann",
              "runs": {
                "batter": 1,
                "extras": 0,
                "total": 1
              }
            },
            {
              "batter": "CN Ackermann",
              "bowler": "Aayan Afzal Khan",
              "non_striker": "TLW Cooper",
              "runs": {
                "batter": 0,
                "extras": 0,
                "total": 0
              }
            },
            {
              "batter": "CN Ackermann",
              "bowler": "Aayan Afzal Khan",
              "non_striker": "TLW Cooper",
              "runs": {
                "batter": 0,
                "extras": 0,
                "total": 0
              },
              "wickets": [
                {
                  "player_out": "CN Ackermann",
                  "fielders": [
                    {
                      "name": "Junaid Siddique"
                    }
                  ],
                  "kind": "caught"
                }
              ]
            },
            {
              "batter": "SA Edwards",
              "bowler": "Aayan Afzal Khan",
              "non_striker": "TLW Cooper",
              "runs": {
                "batter": 1,
                "extras": 0,
                "total": 1
              }
            },
            {
              "batter": "TLW Cooper",
              "bowler": "Aayan Afzal Khan",
              "non_striker": "SA Edwards",
              "runs": {
                "batter": 1,
                "extras": 0,
                "total": 1
              }
            }
          ]
        },
        {
          "over": 12,
          "deliveries": [
            {
              "batter": "TLW Cooper",
              "bowler": "KP Meiyappan",
              "non_striker": "SA Edwards",
              "runs": {
                "batter": 0,
                "extras": 0,
                "total": 0
              }
            },
            {
              "batter": "TLW Cooper",
              "bowler": "KP Meiyappan",
              "non_striker": "SA Edwards",
              "runs": {
                "batter": 2,
                "extras": 0,
                "total": 2
              }
            },
            {
              "batter": "TLW Cooper",
              "bowler": "KP Meiyappan",
              "non_striker": "SA Edwards",
              "runs": {
                "batter": 0,
                "extras": 0,
                "total": 0
              }
            },
            {
              "batter": "TLW Cooper",
              "bowler": "KP Meiyappan",
              "non_striker": "SA Edwards",
              "runs": {
                "batter": 0,
                "extras": 0,
                "total": 0
              }
            },
            {
              "batter": "TLW Cooper",
              "bowler": "KP Meiyappan",
              "non_striker": "SA Edwards",
              "runs": {
                "batter": 0,
                "extras": 0,
                "total": 0
              }
            },
            {
              "batter": "TLW Cooper",
              "bowler": "KP Meiyappan",
              "non_striker": "SA Edwards",
              "runs": {
                "batter": 1,
                "extras": 0,
                "total": 1
              }
            }
          ]
        },
        {
          "over": 13,
          "deliveries": [
            {
              "batter": "TLW Cooper",
              "bowler": "Junaid Siddique",
              "non_striker": "SA Edwards",
              "runs": {
                "batter": 0,
                "extras": 0,
                "total": 0
              },
              "wickets": [
                {
                  "player_out": "TLW Cooper",
                  "kind": "lbw"
                }
              ]
            },
            {
              "batter": "RE van der Merwe",
              "bowler": "Junaid Siddique",
              "non_striker": "SA Edwards",
              "runs": {
                "batter": 0,
                "extras": 0,
                "total": 0
              }
            },
            {
              "batter": "RE van der Merwe",
              "bowler": "Junaid Siddique",
              "non_striker": "SA Edwards",
              "runs": {
                "batter": 0,
                "extras": 0,
                "total": 0
              },
              "wickets": [
                {
                  "player_out": "RE van der Merwe",
                  "kind": "bowled"
                }
              ]
            },
            {
              "batter": "TJG Pringle",
              "bowler": "Junaid Siddique",
              "non_striker": "SA Edwards",
              "runs": {
                "batter": 0,
                "extras": 0,
                "total": 0
              }
            },
            {
              "batter": "TJG Pringle",
              "bowler": "Junaid Siddique",
              "non_striker": "SA Edwards",
              "runs": {
                "batter": 1,
                "extras": 0,
                "total": 1
              }
            },
            {
              "batter": "SA Edwards",
              "bowler": "Junaid Siddique",
              "non_striker": "TJG Pringle",
              "runs": {
                "batter": 0,
                "extras": 0,
                "total": 0
              }
            }
          ]
        },
        {
          "over": 14,
          "deliveries": [
            {
              "batter": "TJG Pringle",
              "bowler": "Zahoor Khan",
              "non_striker": "SA Edwards",
              "runs": {
                "batter": 1,
                "extras": 0,
                "total": 1
              }
            },
            {
              "batter": "SA Edwards",
              "bowler": "Zahoor Khan",
              "non_striker": "TJG Pringle",
              "runs": {
                "batter": 1,
                "extras": 0,
                "total": 1
              }
            },
            {
              "batter": "TJG Pringle",
              "bowler": "Zahoor Khan",
              "non_striker": "SA Edwards",
              "runs": {
                "batter": 1,
                "extras": 0,
                "total": 1
              }
            },
            {
              "batter": "SA Edwards",
              "bowler": "Zahoor Khan",
              "non_striker": "TJG Pringle",
              "runs": {
                "batter": 0,
                "extras": 0,
                "total": 0
              }
            },
            {
              "batter": "SA Edwards",
              "bowler": "Zahoor Khan",
              "non_striker": "TJG Pringle",
              "runs": {
                "batter": 0,
                "extras": 0,
                "total": 0
              }
            },
            {
              "batter": "SA Edwards",
              "bowler": "Zahoor Khan",
              "non_striker": "TJG Pringle",
              "runs": {
                "batter": 1,
                "extras": 0,
                "total": 1
              }
            }
          ]
        },
        {
          "over": 15,
          "deliveries": [
            {
              "batter": "SA Edwards",
              "bowler": "KP Meiyappan",
              "non_striker": "TJG Pringle",
              "runs": {
                "batter": 1,
                "extras": 0,
                "total": 1
              }
            },
            {
              "batter": "TJG Pringle",
              "bowler": "KP Meiyappan",
              "non_striker": "SA Edwards",
              "runs": {
                "batter": 0,
                "extras": 0,
                "total": 0
              }
            },
            {
              "batter": "TJG Pringle",
              "bowler": "KP Meiyappan",
              "non_striker": "SA Edwards",
              "runs": {
                "batter": 1,
                "extras": 0,
                "total": 1
              }
            },
            {
              "batter": "SA Edwards",
              "bowler": "KP Meiyappan",
              "non_striker": "TJG Pringle",
              "runs": {
                "batter": 0,
                "extras": 0,
                "total": 0
              }
            },
            {
              "batter": "SA Edwards",
              "bowler": "KP Meiyappan",
              "non_striker": "TJG Pringle",
              "runs": {
                "batter": 1,
                "extras": 0,
                "total": 1
              }
            },
            {
              "batter": "TJG Pringle",
              "bowler": "KP Meiyappan",
              "non_striker": "SA Edwards",
              "runs": {
                "batter": 2,
                "extras": 0,
                "total": 2
              }
            }
          ]
        },
        {
          "over": 16,
          "deliveries": [
            {
              "batter": "SA Edwards",
              "bowler": "Zawar Farid",
              "non_striker": "TJG Pringle",
              "runs": {
                "batter": 1,
                "extras": 0,
                "total": 1
              }
            },
            {
              "batter": "TJG Pringle",
              "bowler": "Zawar Farid",
              "non_striker": "SA Edwards",
              "runs": {
                "batter": 2,
                "extras": 0,
                "total": 2
              }
            },
            {
              "batter": "TJG Pringle",
              "bowler": "Zawar Farid",
              "non_striker": "SA Edwards",
              "runs": {
                "batter": 2,
                "extras": 0,
                "total": 2
              }
            },
            {
              "batter": "TJG Pringle",
              "bowler": "Zawar Farid",
              "non_striker": "SA Edwards",
              "runs": {
                "batter": 1,
                "extras": 0,
                "total": 1
              }
            },
            {
              "batter": "SA Edwards",
              "bowler": "Zawar Farid",
              "extras": {
                "legbyes": 1
              },
              "non_striker": "TJG Pringle",
              "runs": {
                "batter": 0,
                "extras": 1,
                "total": 1
              }
            },
            {
              "batter": "TJG Pringle",
              "bowler": "Zawar Farid",
              "non_striker": "SA Edwards",
              "runs": {
                "batter": 0,
                "extras": 0,
                "total": 0
              }
            }
          ]
        },
        {
          "over": 17,
          "deliveries": [
            {
              "batter": "SA Edwards",
              "bowler": "Junaid Siddique",
              "non_striker": "TJG Pringle",
              "runs": {
                "batter": 1,
                "extras": 0,
                "total": 1
              }
            },
            {
              "batter": "TJG Pringle",
              "bowler": "Junaid Siddique",
              "non_striker": "SA Edwards",
              "runs": {
                "batter": 1,
                "extras": 0,
                "total": 1
              }
            },
            {
              "batter": "SA Edwards",
              "bowler": "Junaid Siddique",
              "non_striker": "TJG Pringle",
              "runs": {
                "batter": 1,
                "extras": 0,
                "total": 1
              }
            },
            {
              "batter": "TJG Pringle",
              "bowler": "Junaid Siddique",
              "non_striker": "SA Edwards",
              "runs": {
                "batter": 2,
                "extras": 0,
                "total": 2
              }
            },
            {
              "batter": "TJG Pringle",
              "bowler": "Junaid Siddique",
              "non_striker": "SA Edwards",
              "runs": {
                "batter": 1,
                "extras": 0,
                "total": 1
              }
            },
            {
              "batter": "SA Edwards",
              "bowler": "Junaid Siddique",
              "non_striker": "TJG Pringle",
              "runs": {
                "batter": 3,
                "extras": 0,
                "total": 3
              }
            }
          ]
        },
        {
          "over": 18,
          "deliveries": [
            {
              "batter": "SA Edwards",
              "bowler": "Zahoor Khan",
              "non_striker": "TJG Pringle",
              "runs": {
                "batter": 1,
                "extras": 0,
                "total": 1
              }
            },
            {
              "batter": "TJG Pringle",
              "bowler": "Zahoor Khan",
              "non_striker": "SA Edwards",
              "runs": {
                "batter": 0,
                "extras": 0,
                "total": 0
              }
            },
            {
              "batter": "TJG Pringle",
              "bowler": "Zahoor Khan",
              "non_striker": "SA Edwards",
              "runs": {
                "batter": 0,
                "extras": 0,
                "total": 0
              },
              "wickets": [
                {
                  "player_out": "TJG Pringle",
                  "kind": "bowled"
                }
              ]
            },
            {
              "batter": "LV van Beek",
              "bowler": "Zahoor Khan",
              "non_striker": "SA Edwards",
              "runs": {
                "batter": 1,
                "extras": 0,
                "total": 1
              }
            },
            {
              "batter": "SA Edwards",
              "bowler": "Zahoor Khan",
              "extras": {
                "legbyes": 1
              },
              "non_striker": "LV van Beek",
              "review": {
                "by": "United Arab Emirates",
                "umpire": "RA Kettleborough",
                "batter": "SA Edwards",
                "decision": "struck down"
              },
              "runs": {
                "batter": 0,
                "extras": 1,
                "total": 1
              }
            },
            {
              "batter": "LV van Beek",
              "bowler": "Zahoor Khan",
              "non_striker": "SA Edwards",
              "runs": {
                "batter": 1,
                "extras": 0,
                "total": 1
              }
            }
          ]
        },
        {
          "over": 19,
          "deliveries": [
            {
              "batter": "LV van Beek",
              "bowler": "Zawar Farid",
              "non_striker": "SA Edwards",
              "runs": {
                "batter": 1,
                "extras": 0,
                "total": 1
              }
            },
            {
              "batter": "SA Edwards",
              "bowler": "Zawar Farid",
              "non_striker": "LV van Beek",
              "runs": {
                "batter": 1,
                "extras": 0,
                "total": 1
              }
            },
            {
              "batter": "LV van Beek",
              "bowler": "Zawar Farid",
              "non_striker": "SA Edwards",
              "runs": {
                "batter": 1,
                "extras": 0,
                "total": 1
              }
            },
            {
              "batter": "SA Edwards",
              "bowler": "Zawar Farid",
              "non_striker": "LV van Beek",
              "runs": {
                "batter": 2,
                "extras": 0,
                "total": 2
              }
            },
            {
              "batter": "SA Edwards",
              "bowler": "Zawar Farid",
              "non_striker": "LV van Beek",
              "runs": {
                "batter": 1,
                "extras": 0,
                "total": 1
              }
            }
          ]
        }
      ],
      "powerplays": [
        {
          "from": 0.1,
          "to": 5.6,
          "type": "mandatory"
        }
      ],
      "target": {
        "overs": 20,
        "runs": 112
      }
    }
  ]
}