{
  "meta": {
    "data_version": "1.1.0",
    "created": "2022-05-12",
    "revision": 1
  },
  "info": {
    "balls_per_over": 6,
    "city": "Marsa",
    "dates": [
      "2022-05-11"
    ],
    "event": {
      "name": "Valletta Cup",
      "match_number": 6
    },
    "gender": "male",
    "match_type": "T20",
    "match_type_number": 1527,
    "officials": {
      "reserve_umpires": [
        "SN Anand"
      ],
      "umpires": [
        "R Sivanadian",
        "S Harnal"
      ]
    },
    "outcome": {
      "winner": "Hungary",
      "by": {
        "runs": 5
      }
    },
    "overs": 20,
    "player_of_match": [
      "A Kheterpal"
    ],
    "players": {
      "Hungary": [
        "Khaibar Deldar",
        "Abhijeet Ahuja",
        "Zahir Mohammed",
        "Abhishek Ahuja",
        "HV Mandhyan",
        "A Kheterpal",
        "Ali Farasat",
        "AG Weligamage",
        "SA Mohandas",
        "Gabor Torok",
        "BP Adapaka"
      ],
      "Bulgaria": [
        "H Lakov",
        "P Mishra",
        "Saim Hussain",
        "IA De Silva",
        "Omar Rassol",
        "Asad Ali Rehemtulla",
        "DV Varghese",
        "Ahsan Khan",
        "J Albin",
        "I Katzarski",
        "Sandeep Nair"
      ]
    },
    "registry": {
      "people": {
        "A Kheterpal": "2deb4082",
        "AG Weligamage": "747209e0",
        "Abhijeet Ahuja": "b91083bd",
        "Abhishek Ahuja": "65cf74b4",
        "Ahsan Khan": "4c72b407",
        "Ali Farasat": "5845b99b",
        "Asad Ali Rehemtulla": "c122fe73",
        "BP Adapaka": "e6082b10",
        "DV Varghese": "26f98ea3",
        "Gabor Torok": "b601c362",
        "H Lakov": "87a6f411",
        "HV Mandhyan": "11f56b14",
        "I Katzarski": "514628bd",
        "IA De Silva": "58973aaf",
        "J Albin": "a4a53adf",
        "Khaibar Deldar": "032c7eab",
        "Omar Rassol": "6caae2dc",
        "P Mishra": "3fa5672e",
        "R Sivanadian": "6100086b",
        "S Harnal": "756fe781",
        "SA Mohandas": "8b0b3bba",
        "SN Anand": "ab3d6059",
        "Saim Hussain": "d300d274",
        "Sandeep Nair": "6ceec40d",
        "Zahir Mohammed": "7c38942a"
      }
    },
    "season": "2022",
    "team_type": "international",
    "teams": [
      "Hungary",
      "Bulgaria"
    ],
    "toss": {
      "decision": "field",
      "winner": "Bulgaria"
    },
    "venue": "Marsa Sports Club"
  },
  "innings": [
    {
      "team": "Hungary",
      "overs": [
        {
          "over": 0,
          "deliveries": [
            {
              "batter": "Khaibar Deldar",
              "bowler": "H Lakov",
              "extras": {
                "wides": 1
              },
              "non_striker": "Abhijeet Ahuja",
              "runs": {
                "batter": 0,
                "extras": 1,
                "total": 1
              }
            },
            {
              "batter": "Khaibar Deldar",
              "bowler": "H Lakov",
              "non_striker": "Abhijeet Ahuja",
              "runs": {
                "batter": 0,
                "extras": 0,
                "total": 0
              }
            },
            {
              "batter": "Khaibar Deldar",
              "bowler": "H Lakov",
              "non_striker": "Abhijeet Ahuja",
              "runs": {
                "batter": 0,
                "extras": 0,
                "total": 0
              }
            },
            {
              "batter": "Khaibar Deldar",
              "bowler": "H Lakov",
              "extras": {
                "legbyes": 1
              },
              "non_striker": "Abhijeet Ahuja",
              "runs": {
                "batter": 0,
                "extras": 1,
                "total": 1
              }
            },
            {
              "batter": "Abhijeet Ahuja",
              "bowler": "H Lakov",
              "non_striker": "Khaibar Deldar",
              "runs": {
                "batter": 1,
                "extras": 0,
                "total": 1
              }
            },
            {
              "batter": "Khaibar Deldar",
              "bowler": "H Lakov",
              "non_striker": "Abhijeet Ahuja",
              "runs": {
                "batter": 1,
                "extras": 0,
                "total": 1
              }
            },
            {
              "batter": "Abhijeet Ahuja",
              "bowler": "H Lakov",
              "extras": {
                "wides": 1
              },
              "non_striker": "Khaibar Deldar",
              "runs": {
                "batter": 0,
                "extras": 1,
                "total": 1
              }
            },
            {
              "batter": "Abhijeet Ahuja",
              "bowler": "H Lakov",
              "non_striker": "Khaibar Deldar",
              "runs": {
                "batter": 2,
                "extras": 0,
                "total": 2
              }
            }
          ]
        },
        {
          "over": 1,
          "deliveries": [
            {
              "batter": "Khaibar Deldar",
              "bowler": "Asad Ali Rehemtulla",
              "non_striker": "Abhijeet Ahuja",
              "runs": {
                "batter": 0,
                "extras": 0,
                "total": 0
              }
            },
            {
              "batter": "Khaibar Deldar",
              "bowler": "Asad Ali Rehemtulla",
              "non_striker": "Abhijeet Ahuja",
              "runs": {
                "batter": 4,
                "extras": 0,
                "total": 4
              }
            },
            {
              "batter": "Khaibar Deldar",
              "bowler": "Asad Ali Rehemtulla",
              "non_striker": "Abhijeet Ahuja",
              "runs": {
                "batter": 4,
                "extras": 0,
                "total": 4
              }
            },
            {
              "batter": "Khaibar Deldar",
              "bowler": "Asad Ali Rehemtulla",
              "non_striker": "Abhijeet Ahuja",
              "runs": {
                "batter": 1,
                "extras": 0,
                "total": 1
              }
            },
            {
              "batter": "Abhijeet Ahuja",
              "bowler": "Asad Ali Rehemtulla",
              "non_striker": "Khaibar Deldar",
              "runs": {
                "batter": 1,
                "extras": 0,
                "total": 1
              }
            },
            {
              "batter": "Khaibar Deldar",
              "bowler": "Asad Ali Rehemtulla",
              "non_striker": "Abhijeet Ahuja",
              "runs": {
                "batter": 6,
                "extras": 0,
                "total": 6
              }
            }
          ]
        },
        {
          "over": 2,
          "deliveries": [
            {
              "batter": "Abhijeet Ahuja",
              "bowler": "H Lakov",
              "non_striker": "Khaibar Deldar",
              "runs": {
                "batter": 0,
                "extras": 0,
                "total": 0
              }
            },
            {
              "batter": "Abhijeet Ahuja",
              "bowler": "H Lakov",
              "non_striker": "Khaibar Deldar",
              "runs": {
                "batter": 1,
                "extras": 0,
                "total": 1
              }
            },
            {
              "batter": "Khaibar Deldar",
              "bowler": "H Lakov",
              "non_striker": "Abhijeet Ahuja",
              "runs": {
                "batter": 1,
                "extras": 0,
                "total": 1
              }
            },
            {
              "batter": "Abhijeet Ahuja",
              "bowler": "H Lakov",
              "non_striker": "Khaibar Deldar",
              "runs": {
                "batter": 1,
                "extras": 0,
                "total": 1
              }
            },
            {
              "batter": "Khaibar Deldar",
              "bowler": "H Lakov",
              "extras": {
                "wides": 1
              },
              "non_striker": "Abhijeet Ahuja",
              "runs": {
                "batter": 0,
                "extras": 1,
                "total": 1
              }
            },
            {
              "batter": "Khaibar Deldar",
              "bowler": "H Lakov",
              "non_striker": "Abhijeet Ahuja",
              "runs": {
                "batter": 0,
                "extras": 0,
                "total": 0
              },
              "wickets": [
                {
                  "player_out": "Khaibar Deldar",
                  "kind": "bowled"
                }
              ]
            },
            {
              "batter": "Zahir Mohammed",
              "bowler": "H Lakov",
              "non_striker": "Abhijeet Ahuja",
              "runs": {
                "batter": 0,
                "extras": 0,
                "total": 0
              }
            }
          ]
        },
        {
          "over": 3,
          "deliveries": [
            {
              "batter": "Abhijeet Ahuja",
              "bowler": "Ahsan Khan",
              "non_striker": "Zahir Mohammed",
              "runs": {
                "batter": 0,
                "extras": 0,
                "total": 0
              }
            },
            {
              "batter": "Abhijeet Ahuja",
              "bowler": "Ahsan Khan",
              "non_striker": "Zahir Mohammed",
              "runs": {
                "batter": 2,
                "extras": 0,
                "total": 2
              }
            },
            {
              "batter": "Abhijeet Ahuja",
              "bowler": "Ahsan Khan",
              "non_striker": "Zahir Mohammed",
              "runs": {
                "batter": 0,
                "extras": 0,
                "total": 0
              },
              "wickets": [
                {
                  "player_out": "Abhijeet Ahuja",
                  "fielders": [
                    {
                      "name": "J Albin"
                    }
                  ],
                  "kind": "run out"
                }
              ]
            },
            {
              "batter": "Zahir Mohammed",
              "bowler": "Ahsan Khan",
              "non_striker": "Abhishek Ahuja",
              "runs": {
                "batter": 0,
                "extras": 0,
                "total": 0
              }
            },
            {
              "batter": "Zahir Mohammed",
              "bowler": "Ahsan Khan",
              "non_striker": "Abhishek Ahuja",
              "runs": {
                "batter": 0,
                "extras": 0,
                "total": 0
              }
            },
            {
              "batter": "Zahir Mohammed",
              "bowler": "Ahsan Khan",
              "non_striker": "Abhishek Ahuja",
              "runs": {
                "batter": 0,
                "extras": 0,
                "total": 0
              }
            }
          ]
        },
        {
          "over": 4,
          "deliveries": [
            {
              "batter": "Abhishek Ahuja",
              "bowler": "H Lakov",
              "non_striker": "Zahir Mohammed",
              "runs": {
                "batter": 0,
                "extras": 0,
                "total": 0
              }
            },
            {
              "batter": "Abhishek Ahuja",
              "bowler": "H Lakov",
              "non_striker": "Zahir Mohammed",
              "runs": {
                "batter": 0,
                "extras": 0,
                "total": 0
              }
            },
            {
              "batter": "Abhishek Ahuja",
              "bowler": "H Lakov",
              "non_striker": "Zahir Mohammed",
              "runs": {
                "batter": 0,
                "extras": 0,
                "total": 0
              }
            },
            {
              "batter": "Abhishek Ahuja",
              "bowler": "H Lakov",
              "non_striker": "Zahir Mohammed",
              "runs": {
                "batter": 0,
                "extras": 0,
                "total": 0
              }
            },
            {
              "batter": "Abhishek Ahuja",
              "bowler": "H Lakov",
              "non_striker": "Zahir Mohammed",
              "runs": {
                "batter": 0,
                "extras": 0,
                "total": 0
              },
              "wickets": [
                {
                  "player_out": "Abhishek Ahuja",
                  "kind": "lbw"
                }
              ]
            },
            {
              "batter": "HV Mandhyan",
              "bowler": "H Lakov",
              "non_striker": "Zahir Mohammed",
              "runs": {
                "batter": 0,
                "extras": 0,
                "total": 0
              }
            }
          ]
        },
        {
          "over": 5,
          "deliveries": [
            {
              "batter": "Zahir Mohammed",
              "bowler": "Ahsan Khan",
              "non_striker": "HV Mandhyan",
              "runs": {
                "batter": 4,
                "extras": 0,
                "total": 4
              }
            },
            {
              "batter": "Zahir Mohammed",
              "bowler": "Ahsan Khan",
              "non_striker": "HV Mandhyan",
              "runs": {
                "batter": 0,
                "extras": 0,
                "total": 0
              }
            },
            {
              "batter": "Zahir Mohammed",
              "bowler": "Ahsan Khan",
              "non_striker": "HV Mandhyan",
              "runs": {
                "batter": 0,
                "extras": 0,
                "total": 0
              },
              "wickets": [
                {
                  "player_out": "Zahir Mohammed",
                  "fielders": [
                    {
                      "name": "Omar Rassol"
                    }
                  ],
                  "kind": "caught"
                }
              ]
            },
            {
              "batter": "A Kheterpal",
              "bowler": "Ahsan Khan",
              "non_striker": "HV Mandhyan",
              "runs": {
                "batter": 0,
                "extras": 0,
                "total": 0
              }
            },
            {
              "batter": "A Kheterpal",
              "bowler": "Ahsan Khan",
              "non_striker": "HV Mandhyan",
              "runs": {
                "batter": 0,
                "extras": 0,
                "total": 0
              }
            },
            {
              "batter": "A Kheterpal",
              "bowler": "Ahsan Khan",
              "extras": {
                "wides": 1
              },
              "non_striker": "HV Mandhyan",
              "runs": {
                "batter": 0,
                "extras": 1,
                "total": 1
              }
            },
            {
              "batter": "A Kheterpal",
              "bowler": "Ahsan Khan",
              "extras": {
                "wides": 2
              },
              "non_striker": "HV Mandhyan",
              "runs": {
                "batter": 0,
                "extras": 2,
                "total": 2
              }
            },
            {
              "batter": "HV Mandhyan",
              "bowler": "Ahsan Khan",
              "non_striker": "A Kheterpal",
              "runs": {
                "batter": 1,
                "extras": 0,
                "total": 1
              }
            }
          ]
        },
        {
          "over": 6,
          "deliveries": [
            {
              "batter": "HV Mandhyan",
              "bowler": "H Lakov",
              "non_striker": "A Kheterpal",
              "runs": {
                "batter": 0,
                "extras": 0,
                "total": 0
              }
            },
            {
              "batter": "HV Mandhyan",
              "bowler": "H Lakov",
              "non_striker": "A Kheterpal",
              "runs": {
                "batter": 1,
                "extras": 0,
                "total": 1
              }
            },
            {
              "batter": "A Kheterpal",
              "bowler": "H Lakov",
              "non_striker": "HV Mandhyan",
              "runs": {
                "batter": 0,
                "extras": 0,
                "total": 0
              }
            },
            {
              "batter": "A Kheterpal",
              "bowler": "H Lakov",
              "non_striker": "HV Mandhyan",
              "runs": {
                "batter": 0,
                "extras": 0,
                "total": 0
              }
            },
            {
              "batter": "A Kheterpal",
              "bowler": "H Lakov",
              "non_striker": "HV Mandhyan",
              "runs": {
                "batter": 0,
                "extras": 0,
                "total": 0
              }
            },
            {
              "batter": "A Kheterpal",
              "bowler": "H Lakov",
              "non_striker": "HV Mandhyan",
              "runs": {
                "batter": 4,
                "extras": 0,
                "total": 4
              }
            }
          ]
        },
        {
          "over": 7,
          "deliveries": [
            {
              "batter": "HV Mandhyan",
              "bowler": "DV Varghese",
              "non_striker": "A Kheterpal",
              "runs": {
                "batter": 1,
                "extras": 0,
                "total": 1
              }
            },
            {
              "batter": "A Kheterpal",
              "bowler": "DV Varghese",
              "non_striker": "HV Mandhyan",
              "runs": {
                "batter": 0,
                "extras": 0,
                "total": 0
              }
            },
            {
              "batter": "A Kheterpal",
              "bowler": "DV Varghese",
              "non_striker": "HV Mandhyan",
              "runs": {
                "batter": 1,
                "extras": 0,
                "total": 1
              }
            },
            {
              "batter": "HV Mandhyan",
              "bowler": "DV Varghese",
              "non_striker": "A Kheterpal",
              "runs": {
                "batter": 1,
                "extras": 0,
                "total": 1
              }
            },
            {
              "batter": "A Kheterpal",
              "bowler": "DV Varghese",
              "non_striker": "HV Mandhyan",
              "runs": {
                "batter": 0,
                "extras": 0,
                "total": 0
              }
            },
            {
              "batter": "A Kheterpal",
              "bowler": "DV Varghese",
              "non_striker": "HV Mandhyan",
              "runs": {
                "batter": 1,
                "extras": 0,
                "total": 1
              }
            }
          ]
        },
        {
          "over": 8,
          "deliveries": [
            {
              "batter": "A Kheterpal",
              "bowler": "P Mishra",
              "non_striker": "HV Mandhyan",
              "runs": {
                "batter": 0,
                "extras": 0,
                "total": 0
              }
            },
            {
              "batter": "A Kheterpal",
              "bowler": "P Mishra",
              "non_striker": "HV Mandhyan",
              "runs": {
                "batter": 4,
                "extras": 0,
                "total": 4
              }
            },
            {
              "batter": "A Kheterpal",
              "bowler": "P Mishra",
              "non_striker": "HV Mandhyan",
              "runs": {
                "batter": 0,
                "extras": 0,
                "total": 0
              }
            },
            {
              "batter": "A Kheterpal",
              "bowler": "P Mishra",
              "non_striker": "HV Mandhyan",
              "runs": {
                "batter": 4,
                "extras": 0,
                "total": 4
              }
            },
            {
              "batter": "A Kheterpal",
              "bowler": "P Mishra",
              "extras": {
                "wides": 1
              },
              "non_striker": "HV Mandhyan",
              "runs": {
                "batter": 0,
                "extras": 1,
                "total": 1
              }
            },
            {
              "batter": "A Kheterpal",
              "bowler": "P Mishra",
              "non_striker": "HV Mandhyan",
              "runs": {
                "batter": 0,
                "extras": 0,
                "total": 0
              }
            },
            {
              "batter": "A Kheterpal",
              "bowler": "P Mishra",
              "non_striker": "HV Mandhyan",
              "runs": {
                "batter": 1,
                "extras": 0,
                "total": 1
              }
            }
          ]
        },
        {
          "over": 9,
          "deliveries": [
            {
              "batter": "A Kheterpal",
              "bowler": "DV Varghese",
              "non_striker": "HV Mandhyan",
              "runs": {
                "batter": 4,
                "extras": 0,
                "total": 4
              }
            },
            {
              "batter": "A Kheterpal",
              "bowler": "DV Varghese",
              "non_striker": "HV Mandhyan",
              "runs": {
                "batter": 0,
                "extras": 0,
                "total": 0
              }
            },
            {
              "batter": "A Kheterpal",
              "bowler": "DV Varghese",
              "non_striker": "HV Mandhyan",
              "runs": {
                "batter": 0,
                "extras": 0,
                "total": 0
              }
            },
            {
              "batter": "A Kheterpal",
              "bowler": "DV Varghese",
              "extras": {
                "wides": 1
              },
              "non_striker": "HV Mandhyan",
              "runs": {
                "batter": 0,
                "extras": 1,
                "total": 1
              }
            },
            {
              "batter": "A Kheterpal",
              "bowler": "DV Varghese",
              "non_striker": "HV Mandhyan",
              "runs": {
                "batter": 1,
                "extras": 0,
                "total": 1
              }
            },
            {
              "batter": "HV Mandhyan",
              "bowler": "DV Varghese",
              "non_striker": "A Kheterpal",
              "runs": {
                "batter": 1,
                "extras": 0,
                "total": 1
              }
            },
            {
              "batter": "A Kheterpal",
              "bowler": "DV Varghese",
              "extras": {
                "noballs": 1
              },
              "non_striker": "HV Mandhyan",
              "runs": {
                "batter": 1,
                "extras": 1,
                "total": 2
              }
            },
            {
              "batter": "HV Mandhyan",
              "bowler": "DV Varghese",
              "extras": {
                "wides": 1
              },
              "non_striker": "A Kheterpal",
              "runs": {
                "batter": 0,
                "extras": 1,
                "total": 1
              }
            },
            {
              "batter": "HV Mandhyan",
              "bowler": "DV Varghese",
              "non_striker": "A Kheterpal",
              "runs": {
                "batter": 2,
                "extras": 0,
                "total": 2
              }
            }
          ]
        },
        {
          "over": 10,
          "deliveries": [
            {
              "batter": "A Kheterpal",
              "bowler": "P Mishra",
              "non_striker": "HV Mandhyan",
              "runs": {
                "batter": 1,
                "extras": 0,
                "total": 1
              }
            },
            {
              "batter": "HV Mandhyan",
              "bowler": "P Mishra",
              "non_striker": "A Kheterpal",
              "runs": {
                "batter": 1,
                "extras": 0,
                "total": 1
              }
            },
            {
              "batter": "A Kheterpal",
              "bowler": "P Mishra",
              "non_striker": "HV Mandhyan",
              "runs": {
                "batter": 1,
                "extras": 0,
                "total": 1
              }
            },
            {
              "batter": "HV Mandhyan",
              "bowler": "P Mishra",
              "non_striker": "A Kheterpal",
              "runs": {
                "batter": 1,
                "extras": 0,
                "total": 1
              }
            },
            {
              "batter": "A Kheterpal",
              "bowler": "P Mishra",
              "non_striker": "HV Mandhyan",
              "runs": {
                "batter": 0,
                "extras": 0,
                "total": 0
              }
            },
            {
              "batter": "A Kheterpal",
              "bowler": "P Mishra",
              "non_striker": "HV Mandhyan",
              "runs": {
                "batter": 1,
                "extras": 0,
                "total": 1
              }
            }
          ]
        },
        {
          "over": 11,
          "deliveries": [
            {
              "batter": "A Kheterpal",
              "bowler": "Asad Ali Rehemtulla",
              "non_striker": "HV Mandhyan",
              "runs": {
                "batter": 1,
                "extras": 0,
                "total": 1
              }
            },
            {
              "batter": "HV Mandhyan",
              "bowler": "Asad Ali Rehemtulla",
              "non_striker": "A Kheterpal",
              "runs": {
                "batter": 0,
                "extras": 0,
                "total": 0
              }
            },
            {
              "batter": "HV Mandhyan",
              "bowler": "Asad Ali Rehemtulla",
              "extras": {
                "wides": 1
              },
              "non_striker": "A Kheterpal",
              "runs": {
                "batter": 0,
                "extras": 1,
                "total": 1
              }
            },
            {
              "batter": "HV Mandhyan",
              "bowler": "Asad Ali Rehemtulla",
              "non_striker": "A Kheterpal",
              "runs": {
                "batter": 1,
                "extras": 0,
                "total": 1
              }
            },
            {
              "batter": "A Kheterpal",
              "bowler": "Asad Ali Rehemtulla",
              "extras": {
                "wides": 1
              },
              "non_striker": "HV Mandhyan",
              "runs": {
                "batter": 0,
                "extras": 1,
                "total": 1
              }
            },
            {
              "batter": "A Kheterpal",
              "bowler": "Asad Ali Rehemtulla",
              "non_striker": "HV Mandhyan",
              "runs": {
                "batter": 4,
                "extras": 0,
                "total": 4
              }
            },
            {
              "batter": "A Kheterpal",
              "bowler": "Asad Ali Rehemtulla",
              "non_striker": "HV Mandhyan",
              "runs": {
                "batter": 6,
                "extras": 0,
                "total": 6
              }
            },
            {
              "batter": "A Kheterpal",
              "bowler": "Asad Ali Rehemtulla",
              "non_striker": "HV Mandhyan",
              "runs": {
                "batter": 1,
                "extras": 0,
                "total": 1
              }
            }
          ]
        },
        {
          "over": 12,
          "deliveries": [
            {
              "batter": "A Kheterpal",
              "bowler": "Omar Rassol",
              "non_striker": "HV Mandhyan",
              "runs": {
                "batter": 0,
                "extras": 0,
                "total": 0
              }
            },
            {
              "batter": "A Kheterpal",
              "bowler": "Omar Rassol",
              "non_striker": "HV Mandhyan",
              "runs": {
                "batter": 4,
                "extras": 0,
                "total": 4
              }
            },
            {
              "batter": "A Kheterpal",
              "bowler": "Omar Rassol",
              "non_striker": "HV Mandhyan",
              "runs": {
                "batter": 1,
                "extras": 0,
                "total": 1
              }
            },
            {
              "batter": "HV Mandhyan",
              "bowler": "Omar Rassol",
              "non_striker": "A Kheterpal",
              "runs": {
                "batter": 1,
                "extras": 0,
                "total": 1
              }
            },
            {
              "batter": "A Kheterpal",
              "bowler": "Omar Rassol",
              "non_striker": "HV Mandhyan",
              "runs": {
                "batter": 0,
                "extras": 0,
                "total": 0
              }
            },
            {
              "batter": "A Kheterpal",
              "bowler": "Omar Rassol",
              "extras": {
                "wides": 1
              },
              "non_striker": "HV Mandhyan",
              "runs": {
                "batter": 0,
                "extras": 1,
                "total": 1
              }
            },
            {
              "batter": "A Kheterpal",
              "bowler": "Omar Rassol",
              "non_striker": "HV Mandhyan",
              "runs": {
                "batter": 1,
                "extras": 0,
                "total": 1
              }
            }
          ]
        },
        {
          "over": 13,
          "deliveries": [
            {
              "batter": "A Kheterpal",
              "bowler": "J Albin",
              "extras": {
                "wides": 1
              },
              "non_striker": "HV Mandhyan",
              "runs": {
                "batter": 0,
                "extras": 1,
                "total": 1
              }
            },
            {
              "batter": "A Kheterpal",
              "bowler": "J Albin",
              "extras": {
                "wides": 1
              },
              "non_striker": "HV Mandhyan",
              "runs": {
                "batter": 0,
                "extras": 1,
                "total": 1
              }
            },
            {
              "batter": "A Kheterpal",
              "bowler": "J Albin",
              "non_striker": "HV Mandhyan",
              "runs": {
                "batter": 0,
                "extras": 0,
                "total": 0
              },
              "wickets": [
                {
                  "player_out": "A Kheterpal",
                  "fielders": [
                    {
                      "name": "H Lakov"
                    }
                  ],
                  "kind": "caught"
                }
              ]
            },
            {
              "batter": "Ali Farasat",
              "bowler": "J Albin",
              "non_striker": "HV Mandhyan",
              "runs": {
                "batter": 0,
                "extras": 0,
                "total": 0
              }
            },
            {
              "batter": "Ali Farasat",
              "bowler": "J Albin",
              "non_striker": "HV Mandhyan",
              "runs": {
                "batter": 0,
                "extras": 0,
                "total": 0
              }
            },
            {
              "batter": "Ali Farasat",
              "bowler": "J Albin",
              "extras": {
                "wides": 1
              },
              "non_striker": "HV Mandhyan",
              "runs": {
                "batter": 0,
                "extras": 1,
                "total": 1
              }
            },
            {
              "batter": "Ali Farasat",
              "bowler": "J Albin",
              "non_striker": "HV Mandhyan",
              "runs": {
                "batter": 0,
                "extras": 0,
                "total": 0
              }
            },
            {
              "batter": "Ali Farasat",
              "bowler": "J Albin",
              "non_striker": "HV Mandhyan",
              "runs": {
                "batter": 0,
                "extras": 0,
                "total": 0
              }
            },
            {
              "batter": "Ali Farasat",
              "bowler": "J Albin",
              "extras": {
                "wides": 1
              },
              "non_striker": "HV Mandhyan",
              "runs": {
                "batter": 0,
                "extras": 1,
                "total": 1
              }
            },
            {
              "batter": "Ali Farasat",
              "bowler": "J Albin",
              "non_striker": "HV Mandhyan",
              "runs": {
                "batter": 0,
                "extras": 0,
                "total": 0
              }
            }
          ]
        },
        {
          "over": 14,
          "deliveries": [
            {
              "batter": "HV Mandhyan",
              "bowler": "Omar Rassol",
              "extras": {
                "noballs": 1
              },
              "non_striker": "Ali Farasat",
              "runs": {
                "batter": 1,
                "extras": 1,
                "total": 2
              }
            },
            {
              "batter": "Ali Farasat",
              "bowler": "Omar Rassol",
              "non_striker": "HV Mandhyan",
              "runs": {
                "batter": 0,
                "extras": 0,
                "total": 0
              }
            },
            {
              "batter": "Ali Farasat",
              "bowler": "Omar Rassol",
              "extras": {
                "wides": 1
              },
              "non_striker": "HV Mandhyan",
              "runs": {
                "batter": 0,
                "extras": 1,
                "total": 1
              }
            },
            {
              "batter": "Ali Farasat",
              "bowler": "Omar Rassol",
              "non_striker": "HV Mandhyan",
              "runs": {
                "batter": 0,
                "extras": 0,
                "total": 0
              }
            },
            {
              "batter": "Ali Farasat",
              "bowler": "Omar Rassol",
              "non_striker": "HV Mandhyan",
              "runs": {
                "batter": 1,
                "extras": 0,
                "total": 1
              }
            },
            {
              "batter": "HV Mandhyan",
              "bowler": "Omar Rassol",
              "non_striker": "Ali Farasat",
              "runs": {
                "batter": 1,
                "extras": 0,
                "total": 1
              }
            },
            {
              "batter": "Ali Farasat",
              "bowler": "Omar Rassol",
              "non_striker": "HV Mandhyan",
              "runs": {
                "batter": 1,
                "extras": 0,
                "total": 1
              }
            },
            {
              "batter": "HV Mandhyan",
              "bowler": "Omar Rassol",
              "non_striker": "Ali Farasat",
              "runs": {
                "batter": 4,
                "extras": 0,
                "total": 4
              }
            }
          ]
        },
        {
          "over": 15,
          "deliveries": [
            {
              "batter": "Ali Farasat",
              "bowler": "J Albin",
              "non_striker": "HV Mandhyan",
              "runs": {
                "batter": 2,
                "extras": 0,
                "total": 2
              }
            },
            {
              "batter": "Ali Farasat",
              "bowler": "J Albin",
              "non_striker": "HV Mandhyan",
              "runs": {
                "batter": 4,
                "extras": 0,
                "total": 4
              }
            },
            {
              "batter": "Ali Farasat",
              "bowler": "J Albin",
              "non_striker": "HV Mandhyan",
              "runs": {
                "batter": 6,
                "extras": 0,
                "total": 6
              }
            },
            {
              "batter": "Ali Farasat",
              "bowler": "J Albin",
              "non_striker": "HV Mandhyan",
              "runs": {
                "batter": 1,
                "extras": 0,
                "total": 1
              }
            },
            {
              "batter": "HV Mandhyan",
              "bowler": "J Albin",
              "extras": {
                "wides": 1
              },
              "non_striker": "Ali Farasat",
              "runs": {
                "batter": 0,
                "extras": 1,
                "total": 1
              }
            },
            {
              "batter": "HV Mandhyan",
              "bowler": "J Albin",
              "non_striker": "Ali Farasat",
              "runs": {
                "batter": 1,
                "extras": 0,
                "total": 1
              }
            },
            {
              "batter": "Ali Farasat",
              "bowler": "J Albin",
              "non_striker": "HV Mandhyan",
              "runs": {
                "batter": 1,
                "extras": 0,
                "total": 1
              }
            }
          ]
        },
        {
          "over": 16,
          "deliveries": [
            {
              "batter": "Ali Farasat",
              "bowler": "Omar Rassol",
              "non_striker": "HV Mandhyan",
              "runs": {
                "batter": 1,
                "extras": 0,
                "total": 1
              }
            },
            {
              "batter": "HV Mandhyan",
              "bowler": "Omar Rassol",
              "non_striker": "Ali Farasat",
              "runs": {
                "batter": 0,
                "extras": 0,
                "total": 0
              }
            },
            {
              "batter": "HV Mandhyan",
              "bowler": "Omar Rassol",
              "extras": {
                "byes": 1
              },
              "non_striker": "Ali Farasat",
              "runs": {
                "batter": 0,
                "extras": 1,
                "total": 1
              }
            },
            {
              "batter": "Ali Farasat",
              "bowler": "Omar Rassol",
              "non_striker": "HV Mandhyan",
              "runs": {
                "batter": 4,
                "extras": 0,
                "total": 4
              }
            },
            {
              "batter": "Ali Farasat",
              "bowler": "Omar Rassol",
              "non_striker": "HV Mandhyan",
              "runs": {
                "batter": 0,
                "extras": 0,
                "total": 0
              },
              "wickets": [
                {
                  "player_out": "Ali Farasat",
                  "fielders": [
                    {
                      "name": "Saim Hussain"
                    }
                  ],
                  "kind": "stumped"
                }
              ]
            },
            {
              "batter": "AG Weligamage",
              "bowler": "Omar Rassol",
              "non_striker": "HV Mandhyan",
              "runs": {
                "batter": 1,
                "extras": 0,
                "total": 1
              }
            }
          ]
        },
        {
          "over": 17,
          "deliveries": [
            {
              "batter": "AG Weligamage",
              "bowler": "P Mishra",
              "non_striker": "HV Mandhyan",
              "runs": {
                "batter": 1,
                "extras": 0,
                "total": 1
              }
            },
            {
              "batter": "HV Mandhyan",
              "bowler": "P Mishra",
              "non_striker": "AG Weligamage",
              "runs": {
                "batter": 1,
                "extras": 0,
                "total": 1
              }
            },
            {
              "batter": "AG Weligamage",
              "bowler": "P Mishra",
              "non_striker": "HV Mandhyan",
              "runs": {
                "batter": 0,
                "extras": 0,
                "total": 0
              }
            },
            {
              "batter": "AG Weligamage",
              "bowler": "P Mishra",
              "non_striker": "HV Mandhyan",
              "runs": {
                "batter": 0,
                "extras": 0,
                "total": 0
              }
            },
            {
              "batter": "AG Weligamage",
              "bowler": "P Mishra",
              "non_striker": "HV Mandhyan",
              "runs": {
                "batter": 1,
                "extras": 0,
                "total": 1
              }
            },
            {
              "batter": "HV Mandhyan",
              "bowler": "P Mishra",
              "non_striker": "AG Weligamage",
              "runs": {
                "batter": 2,
                "extras": 0,
                "total": 2
              }
            }
          ]
        },
        {
          "over": 18,
          "deliveries": [
            {
              "batter": "AG Weligamage",
              "bowler": "Omar Rassol",
              "extras": {
                "wides": 1
              },
              "non_striker": "HV Mandhyan",
              "runs": {
                "batter": 0,
                "extras": 1,
                "total": 1
              }
            },
            {
              "batter": "AG Weligamage",
              "bowler": "Omar Rassol",
              "non_striker": "HV Mandhyan",
              "runs": {
                "batter": 0,
                "extras": 0,
                "total": 0
              }
            },
            {
              "batter": "AG Weligamage",
              "bowler": "Omar Rassol",
              "non_striker": "HV Mandhyan",
              "runs": {
                "batter": 6,
                "extras": 0,
                "total": 6
              }
            },
            {
              "batter": "AG Weligamage",
              "bowler": "Omar Rassol",
              "non_striker": "HV Mandhyan",
              "runs": {
                "batter": 1,
                "extras": 0,
                "total": 1
              }
            },
            {
              "batter": "HV Mandhyan",
              "bowler": "Omar Rassol",
              "non_striker": "AG Weligamage",
              "runs": {
                "batter": 2,
                "extras": 0,
                "total": 2
              }
            },
            {
              "batter": "HV Mandhyan",
              "bowler": "Omar Rassol",
              "non_striker": "AG Weligamage",
              "runs": {
                "batter": 0,
                "extras": 0,
                "total": 0
              },
              "wickets": [
                {
                  "player_out": "HV Mandhyan",
                  "kind": "bowled"
                }
              ]
            },
            {
              "batter": "SA Mohandas",
              "bowler": "Omar Rassol",
              "non_striker": "AG Weligamage",
              "runs": {
                "batter": 2,
                "extras": 0,
                "total": 2
              }
            }
          ]
        },
        {
          "over": 19,
          "deliveries": [
            {
              "batter": "AG Weligamage",
              "bowler": "P Mishra",
              "non_striker": "SA Mohandas",
              "runs": {
                "batter": 1,
                "extras": 0,
                "total": 1
              }
            },
            {
              "batter": "SA Mohandas",
              "bowler": "P Mishra",
              "non_striker": "AG Weligamage",
              "runs": {
                "batter": 1,
                "extras": 0,
                "total": 1
              }
            },
            {
              "batter": "AG Weligamage",
              "bowler": "P Mishra",
              "non_striker": "SA Mohandas",
              "runs": {
                "batter": 0,
                "extras": 0,
                "total": 0
              },
              "wickets": [
                {
                  "player_out": "AG Weligamage",
                  "fielders": [
                    {
                      "name": "Asad Ali Rehemtulla"
                    }
                  ],
                  "kind": "caught"
                }
              ]
            },
            {
              "batter": "SA Mohandas",
              "bowler": "P Mishra",
              "non_striker": "Gabor Torok",
              "runs": {
                "batter": 2,
                "extras": 0,
                "total": 2
              }
            },
            {
              "batter": "SA Mohandas",
              "bowler": "P Mishra",
              "non_striker": "Gabor Torok",
              "runs": {
                "batter": 2,
                "extras": 0,
                "total": 2
              }
            },
            {
              "batter": "SA Mohandas",
              "bowler": "P Mishra",
              "non_striker": "Gabor Torok",
              "runs": {
                "batter": 2,
                "extras": 0,
                "total": 2
              }
            }
          ]
        }
      ],
      "powerplays": [
        {
          "from": 0.1,
          "to": 5.8,
          "type": "mandatory"
        }
      ]
    },
    {
      "team": "Bulgaria",
      "overs": [
        {
          "over": 0,
          "deliveries": [
            {
              "batter": "H Lakov",
              "bowler": "AG Weligamage",
              "non_striker": "P Mishra",
              "runs": {
                "batter": 0,
                "extras": 0,
                "total": 0
              }
            },
            {
              "batter": "H Lakov",
              "bowler": "AG Weligamage",
              "extras": {
                "wides": 1
              },
              "non_striker": "P Mishra",
              "runs": {
                "batter": 0,
                "extras": 1,
                "total": 1
              }
            },
            {
              "batter": "H Lakov",
              "bowler": "AG Weligamage",
              "non_striker": "P Mishra",
              "runs": {
                "batter": 4,
                "extras": 0,
                "total": 4
              }
            },
            {
              "batter": "H Lakov",
              "bowler": "AG Weligamage",
              "non_striker": "P Mishra",
              "runs": {
                "batter": 0,
                "extras": 0,
                "total": 0
              }
            },
            {
              "batter": "H Lakov",
              "bowler": "AG Weligamage",
              "non_striker": "P Mishra",
              "runs": {
                "batter": 4,
                "extras": 0,
                "total": 4
              }
            },
            {
              "batter": "H Lakov",
              "bowler": "AG Weligamage",
              "non_striker": "P Mishra",
              "runs": {
                "batter": 0,
                "extras": 0,
                "total": 0
              }
            },
            {
              "batter": "H Lakov",
              "bowler": "AG Weligamage",
              "non_striker": "P Mishra",
              "runs": {
                "batter": 0,
                "extras": 0,
                "total": 0
              }
            }
          ]
        },
        {
          "over": 1,
          "deliveries": [
            {
              "batter": "P Mishra",
              "bowler": "SA Mohandas",
              "extras": {
                "legbyes": 1
              },
              "non_striker": "H Lakov",
              "runs": {
                "batter": 0,
                "extras": 1,
                "total": 1
              }
            },
            {
              "batter": "H Lakov",
              "bowler": "SA Mohandas",
              "non_striker": "P Mishra",
              "runs": {
                "batter": 1,
                "extras": 0,
                "total": 1
              }
            },
            {
              "batter": "P Mishra",
              "bowler": "SA Mohandas",
              "extras": {
                "wides": 1
              },
              "non_striker": "H Lakov",
              "runs": {
                "batter": 0,
                "extras": 1,
                "total": 1
              }
            },
            {
              "batter": "P Mishra",
              "bowler": "SA Mohandas",
              "non_striker": "H Lakov",
              "runs": {
                "batter": 0,
                "extras": 0,
                "total": 0
              }
            },
            {
              "batter": "P Mishra",
              "bowler": "SA Mohandas",
              "non_striker": "H Lakov",
              "runs": {
                "batter": 4,
                "extras": 0,
                "total": 4
              }
            },
            {
              "batter": "P Mishra",
              "bowler": "SA Mohandas",
              "non_striker": "H Lakov",
              "runs": {
                "batter": 1,
                "extras": 0,
                "total": 1
              }
            },
            {
              "batter": "H Lakov",
              "bowler": "SA Mohandas",
              "non_striker": "P Mishra",
              "runs": {
                "batter": 2,
                "extras": 0,
                "total": 2
              }
            }
          ]
        },
        {
          "over": 2,
          "deliveries": [
            {
              "batter": "P Mishra",
              "bowler": "AG Weligamage",
              "non_striker": "H Lakov",
              "runs": {
                "batter": 0,
                "extras": 0,
                "total": 0
              }
            },
            {
              "batter": "P Mishra",
              "bowler": "AG Weligamage",
              "non_striker": "H Lakov",
              "runs": {
                "batter": 0,
                "extras": 0,
                "total": 0
              }
            },
            {
              "batter": "P Mishra",
              "bowler": "AG Weligamage",
              "non_striker": "H Lakov",
              "runs": {
                "batter": 4,
                "extras": 0,
                "total": 4
              }
            },
            {
              "batter": "P Mishra",
              "bowler": "AG Weligamage",
              "non_striker": "H Lakov",
              "runs": {
                "batter": 4,
                "extras": 0,
                "total": 4
              }
            },
            {
              "batter": "P Mishra",
              "bowler": "AG Weligamage",
              "extras": {
                "wides": 1
              },
              "non_striker": "H Lakov",
              "runs": {
                "batter": 0,
                "extras": 1,
                "total": 1
              }
            },
            {
              "batter": "P Mishra",
              "bowler": "AG Weligamage",
              "non_striker": "H Lakov",
              "runs": {
                "batter": 0,
                "extras": 0,
                "total": 0
              }
            },
            {
              "batter": "P Mishra",
              "bowler": "AG Weligamage",
              "non_striker": "H Lakov",
              "runs": {
                "batter": 0,
                "extras": 0,
                "total": 0
              }
            }
          ]
        },
        {
          "over": 3,
          "deliveries": [
            {
              "batter": "H Lakov",
              "bowler": "SA Mohandas",
              "non_striker": "P Mishra",
              "runs": {
                "batter": 0,
                "extras": 0,
                "total": 0
              }
            },
            {
              "batter": "H Lakov",
              "bowler": "SA Mohandas",
              "non_striker": "P Mishra",
              "runs": {
                "batter": 4,
                "extras": 0,
                "total": 4
              }
            },
            {
              "batter": "H Lakov",
              "bowler": "SA Mohandas",
              "non_striker": "P Mishra",
              "runs": {
                "batter": 0,
                "extras": 0,
                "total": 0
              }
            },
            {
              "batter": "H Lakov",
              "bowler": "SA Mohandas",
              "non_striker": "P Mishra",
              "runs": {
                "batter": 1,
                "extras": 0,
                "total": 1
              }
            },
            {
              "batter": "P Mishra",
              "bowler": "SA Mohandas",
              "non_striker": "H Lakov",
              "runs": {
                "batter": 0,
                "extras": 0,
                "total": 0
              },
              "wickets": [
                {
                  "player_out": "P Mishra",
                  "fielders": [
                    {
                      "name": "Zahir Mohammed"
                    }
                  ],
                  "kind": "caught"
                }
              ]
            },
            {
              "batter": "H Lakov",
              "bowler": "SA Mohandas",
              "non_striker": "Saim Hussain",
              "runs": {
                "batter": 0,
                "extras": 0,
                "total": 0
              }
            }
          ]
        },
        {
          "over": 4,
          "deliveries": [
            {
              "batter": "Saim Hussain",
              "bowler": "A Kheterpal",
              "non_striker": "H Lakov",
              "runs": {
                "batter": 4,
                "extras": 0,
                "total": 4
              }
            },
            {
              "batter": "Saim Hussain",
              "bowler": "A Kheterpal",
              "non_striker": "H Lakov",
              "runs": {
                "batter": 1,
                "extras": 0,
                "total": 1
              }
            },
            {
              "batter": "H Lakov",
              "bowler": "A Kheterpal",
              "non_striker": "Saim Hussain",
              "runs": {
                "batter": 2,
                "extras": 0,
                "total": 2
              }
            },
            {
              "batter": "H Lakov",
              "bowler": "A Kheterpal",
              "non_striker": "Saim Hussain",
              "runs": {
                "batter": 0,
                "extras": 0,
                "total": 0
              },
              "wickets": [
                {
                  "player_out": "H Lakov",
                  "fielders": [
                    {
                      "name": "Abhishek Ahuja"
                    }
                  ],
                  "kind": "caught"
                }
              ]
            },
            {
              "batter": "IA De Silva",
              "bowler": "A Kheterpal",
              "non_striker": "Saim Hussain",
              "runs": {
                "batter": 1,
                "extras": 0,
                "total": 1
              }
            },
            {
              "batter": "Saim Hussain",
              "bowler": "A Kheterpal",
              "non_striker": "IA De Silva",
              "runs": {
                "batter": 0,
                "extras": 0,
                "total": 0
              }
            }
          ]
        },
        {
          "over": 5,
          "deliveries": [
            {
              "batter": "IA De Silva",
              "bowler": "HV Mandhyan",
              "non_striker": "Saim Hussain",
              "runs": {
                "batter": 0,
                "extras": 0,
                "total": 0
              }
            },
            {
              "batter": "IA De Silva",
              "bowler": "HV Mandhyan",
              "extras": {
                "wides": 4
              },
              "non_striker": "Saim Hussain",
              "runs": {
                "batter": 0,
                "extras": 4,
                "total": 4
              }
            },
            {
              "batter": "Saim Hussain",
              "bowler": "HV Mandhyan",
              "non_striker": "IA De Silva",
              "runs": {
                "batter": 1,
                "extras": 0,
                "total": 1
              }
            },
            {
              "batter": "IA De Silva",
              "bowler": "HV Mandhyan",
              "extras": {
                "wides": 1
              },
              "non_striker": "Saim Hussain",
              "runs": {
                "batter": 0,
                "extras": 1,
                "total": 1
              }
            },
            {
              "batter": "IA De Silva",
              "bowler": "HV Mandhyan",
              "non_striker": "Saim Hussain",
              "runs": {
                "batter": 4,
                "extras": 0,
                "total": 4
              }
            },
            {
              "batter": "IA De Silva",
              "bowler": "HV Mandhyan",
              "non_striker": "Saim Hussain",
              "runs": {
                "batter": 4,
                "extras": 0,
                "total": 4
              }
            },
            {
              "batter": "IA De Silva",
              "bowler": "HV Mandhyan",
              "non_striker": "Saim Hussain",
              "runs": {
                "batter": 0,
                "extras": 0,
                "total": 0
              }
            },
            {
              "batter": "IA De Silva",
              "bowler": "HV Mandhyan",
              "non_striker": "Saim Hussain",
              "runs": {
                "batter": 4,
                "extras": 0,
                "total": 4
              }
            }
          ]
        },
        {
          "over": 6,
          "deliveries": [
            {
              "batter": "Saim Hussain",
              "bowler": "A Kheterpal",
              "non_striker": "IA De Silva",
              "runs": {
                "batter": 1,
                "extras": 0,
                "total": 1
              }
            },
            {
              "batter": "IA De Silva",
              "bowler": "A Kheterpal",
              "non_striker": "Saim Hussain",
              "runs": {
                "batter": 1,
                "extras": 0,
                "total": 1
              }
            },
            {
              "batter": "Saim Hussain",
              "bowler": "A Kheterpal",
              "non_striker": "IA De Silva",
              "runs": {
                "batter": 1,
                "extras": 0,
                "total": 1
              }
            },
            {
              "batter": "IA De Silva",
              "bowler": "A Kheterpal",
              "non_striker": "Saim Hussain",
              "runs": {
                "batter": 0,
                "extras": 0,
                "total": 0
              }
            },
            {
              "batter": "IA De Silva",
              "bowler": "A Kheterpal",
              "extras": {
                "wides": 1
              },
              "non_striker": "Saim Hussain",
              "runs": {
                "batter": 0,
                "extras": 1,
                "total": 1
              }
            },
            {
              "batter": "IA De Silva",
              "bowler": "A Kheterpal",
              "non_striker": "Saim Hussain",
              "runs": {
                "batter": 2,
                "extras": 0,
                "total": 2
              }
            },
            {
              "batter": "IA De Silva",
              "bowler": "A Kheterpal",
              "non_striker": "Saim Hussain",
              "runs": {
                "batter": 0,
                "extras": 0,
                "total": 0
              }
            }
          ]
        },
        {
          "over": 7,
          "deliveries": [
            {
              "batter": "Saim Hussain",
              "bowler": "HV Mandhyan",
              "non_striker": "IA De Silva",
              "runs": {
                "batter": 1,
                "extras": 0,
                "total": 1
              }
            },
            {
              "batter": "IA De Silva",
              "bowler": "HV Mandhyan",
              "non_striker": "Saim Hussain",
              "runs": {
                "batter": 1,
                "extras": 0,
                "total": 1
              }
            },
            {
              "batter": "Saim Hussain",
              "bowler": "HV Mandhyan",
              "non_striker": "IA De Silva",
              "runs": {
                "batter": 0,
                "extras": 0,
                "total": 0
              }
            },
            {
              "batter": "Saim Hussain",
              "bowler": "HV Mandhyan",
              "extras": {
                "wides": 1
              },
              "non_striker": "IA De Silva",
              "runs": {
                "batter": 0,
                "extras": 1,
                "total": 1
              }
            },
            {
              "batter": "Saim Hussain",
              "bowler": "HV Mandhyan",
              "non_striker": "IA De Silva",
              "runs": {
                "batter": 0,
                "extras": 0,
                "total": 0
              }
            },
            {
              "batter": "Saim Hussain",
              "bowler": "HV Mandhyan",
              "non_striker": "IA De Silva",
              "runs": {
                "batter": 2,
                "extras": 0,
                "total": 2
              }
            },
            {
              "batter": "Saim Hussain",
              "bowler": "HV Mandhyan",
              "non_striker": "IA De Silva",
              "runs": {
                "batter": 1,
                "extras": 0,
                "total": 1
              }
            }
          ]
        },
        {
          "over": 8,
          "deliveries": [
            {
              "batter": "Saim Hussain",
              "bowler": "A Kheterpal",
              "non_striker": "IA De Silva",
              "runs": {
                "batter": 2,
                "extras": 0,
                "total": 2
              }
            },
            {
              "batter": "Saim Hussain",
              "bowler": "A Kheterpal",
              "non_striker": "IA De Silva",
              "runs": {
                "batter": 0,
                "extras": 0,
                "total": 0
              }
            },
            {
              "batter": "Saim Hussain",
              "bowler": "A Kheterpal",
              "non_striker": "IA De Silva",
              "runs": {
                "batter": 2,
                "extras": 0,
                "total": 2
              }
            },
            {
              "batter": "Saim Hussain",
              "bowler": "A Kheterpal",
              "non_striker": "IA De Silva",
              "runs": {
                "batter": 1,
                "extras": 0,
                "total": 1
              }
            },
            {
              "batter": "IA De Silva",
              "bowler": "A Kheterpal",
              "extras": {
                "wides": 1
              },
              "non_striker": "Saim Hussain",
              "runs": {
                "batter": 0,
                "extras": 1,
                "total": 1
              }
            },
            {
              "batter": "IA De Silva",
              "bowler": "A Kheterpal",
              "non_striker": "Saim Hussain",
              "runs": {
                "batter": 4,
                "extras": 0,
                "total": 4
              }
            },
            {
              "batter": "IA De Silva",
              "bowler": "A Kheterpal",
              "non_striker": "Saim Hussain",
              "runs": {
                "batter": 1,
                "extras": 0,
                "total": 1
              }
            }
          ]
        },
        {
          "over": 9,
          "deliveries": [
            {
              "batter": "IA De Silva",
              "bowler": "HV Mandhyan",
              "non_striker": "Saim Hussain",
              "runs": {
                "batter": 1,
                "extras": 0,
                "total": 1
              }
            },
            {
              "batter": "Saim Hussain",
              "bowler": "HV Mandhyan",
              "extras": {
                "wides": 1
              },
              "non_striker": "IA De Silva",
              "runs": {
                "batter": 0,
                "extras": 1,
                "total": 1
              }
            },
            {
              "batter": "Saim Hussain",
              "bowler": "HV Mandhyan",
              "non_striker": "IA De Silva",
              "runs": {
                "batter": 1,
                "extras": 0,
                "total": 1
              }
            },
            {
              "batter": "IA De Silva",
              "bowler": "HV Mandhyan",
              "non_striker": "Saim Hussain",
              "runs": {
                "batter": 2,
                "extras": 0,
                "total": 2
              }
            },
            {
              "batter": "IA De Silva",
              "bowler": "HV Mandhyan",
              "non_striker": "Saim Hussain",
              "runs": {
                "batter": 2,
                "extras": 0,
                "total": 2
              }
            },
            {
              "batter": "IA De Silva",
              "bowler": "HV Mandhyan",
              "extras": {
                "byes": 4
              },
              "non_striker": "Saim Hussain",
              "runs": {
                "batter": 0,
                "extras": 4,
                "total": 4
              }
            },
            {
              "batter": "IA De Silva",
              "bowler": "HV Mandhyan",
              "non_striker": "Saim Hussain",
              "runs": {
                "batter": 0,
                "extras": 0,
                "total": 0
              }
            }
          ]
        },
        {
          "over": 10,
          "deliveries": [
            {
              "batter": "Saim Hussain",
              "bowler": "BP Adapaka",
              "non_striker": "IA De Silva",
              "runs": {
                "batter": 2,
                "extras": 0,
                "total": 2
              }
            },
            {
              "batter": "Saim Hussain",
              "bowler": "BP Adapaka",
              "non_striker": "IA De Silva",
              "runs": {
                "batter": 0,
                "extras": 0,
                "total": 0
              }
            },
            {
              "batter": "Saim Hussain",
              "bowler": "BP Adapaka",
              "non_striker": "IA De Silva",
              "runs": {
                "batter": 1,
                "extras": 0,
                "total": 1
              }
            },
            {
              "batter": "IA De Silva",
              "bowler": "BP Adapaka",
              "non_striker": "Saim Hussain",
              "runs": {
                "batter": 4,
                "extras": 0,
                "total": 4
              }
            },
            {
              "batter": "IA De Silva",
              "bowler": "BP Adapaka",
              "non_striker": "Saim Hussain",
              "runs": {
                "batter": 0,
                "extras": 0,
                "total": 0
              }
            },
            {
              "batter": "IA De Silva",
              "bowler": "BP Adapaka",
              "non_striker": "Saim Hussain",
              "runs": {
                "batter": 0,
                "extras": 0,
                "total": 0
              }
            }
          ]
        },
        {
          "over": 11,
          "deliveries": [
            {
              "batter": "Saim Hussain",
              "bowler": "AG Weligamage",
              "non_striker": "IA De Silva",
              "runs": {
                "batter": 0,
                "extras": 0,
                "total": 0
              }
            },
            {
              "batter": "Saim Hussain",
              "bowler": "AG Weligamage",
              "non_striker": "IA De Silva",
              "runs": {
                "batter": 0,
                "extras": 0,
                "total": 0
              },
              "wickets": [
                {
                  "player_out": "IA De Silva",
                  "fielders": [
                    {
                      "name": "Gabor Torok"
                    }
                  ],
                  "kind": "run out"
                }
              ]
            },
            {
              "batter": "Omar Rassol",
              "bowler": "AG Weligamage",
              "non_striker": "Saim Hussain",
              "runs": {
                "batter": 0,
                "extras": 0,
                "total": 0
              }
            },
            {
              "batter": "Omar Rassol",
              "bowler": "AG Weligamage",
              "non_striker": "Saim Hussain",
              "runs": {
                "batter": 0,
                "extras": 0,
                "total": 0
              }
            },
            {
              "batter": "Omar Rassol",
              "bowler": "AG Weligamage",
              "non_striker": "Saim Hussain",
              "runs": {
                "batter": 0,
                "extras": 0,
                "total": 0
              }
            },
            {
              "batter": "Omar Rassol",
              "bowler": "AG Weligamage",
              "non_striker": "Saim Hussain",
              "runs": {
                "batter": 4,
                "extras": 0,
                "total": 4
              }
            }
          ]
        },
        {
          "over": 12,
          "deliveries": [
            {
              "batter": "Saim Hussain",
              "bowler": "BP Adapaka",
              "non_striker": "Omar Rassol",
              "runs": {
                "batter": 0,
                "extras": 0,
                "total": 0
              }
            },
            {
              "batter": "Saim Hussain",
              "bowler": "BP Adapaka",
              "non_striker": "Omar Rassol",
              "runs": {
                "batter": 0,
                "extras": 0,
                "total": 0
              }
            },
            {
              "batter": "Saim Hussain",
              "bowler": "BP Adapaka",
              "non_striker": "Omar Rassol",
              "runs": {
                "batter": 0,
                "extras": 0,
                "total": 0
              }
            },
            {
              "batter": "Saim Hussain",
              "bowler": "BP Adapaka",
              "non_striker": "Omar Rassol",
              "runs": {
                "batter": 2,
                "extras": 0,
                "total": 2
              }
            },
            {
              "batter": "Saim Hussain",
              "bowler": "BP Adapaka",
              "non_striker": "Omar Rassol",
              "runs": {
                "batter": 1,
                "extras": 0,
                "total": 1
              }
            },
            {
              "batter": "Omar Rassol",
              "bowler": "BP Adapaka",
              "non_striker": "Saim Hussain",
              "runs": {
                "batter": 2,
                "extras": 0,
                "total": 2
              }
            }
          ]
        },
        {
          "over": 13,
          "deliveries": [
            {
              "batter": "Saim Hussain",
              "bowler": "AG Weligamage",
              "non_striker": "Omar Rassol",
              "runs": {
                "batter": 1,
                "extras": 0,
                "total": 1
              }
            },
            {
              "batter": "Omar Rassol",
              "bowler": "AG Weligamage",
              "non_striker": "Saim Hussain",
              "runs": {
                "batter": 1,
                "extras": 0,
                "total": 1
              }
            },
            {
              "batter": "Saim Hussain",
              "bowler": "AG Weligamage",
              "non_striker": "Omar Rassol",
              "runs": {
                "batter": 2,
                "extras": 0,
                "total": 2
              }
            },
            {
              "batter": "Saim Hussain",
              "bowler": "AG Weligamage",
              "non_striker": "Omar Rassol",
              "runs": {
                "batter": 4,
                "extras": 0,
                "total": 4
              }
            },
            {
              "batter": "Saim Hussain",
              "bowler": "AG Weligamage",
              "non_striker": "Omar Rassol",
              "runs": {
                "batter": 2,
                "extras": 0,
                "total": 2
              }
            },
            {
              "batter": "Saim Hussain",
              "bowler": "AG Weligamage",
              "non_striker": "Omar Rassol",
              "runs": {
                "batter": 4,
                "extras": 0,
                "total": 4
              }
            }
          ]
        },
        {
          "over": 14,
          "deliveries": [
            {
              "batter": "Omar Rassol",
              "bowler": "BP Adapaka",
              "non_striker": "Saim Hussain",
              "runs": {
                "batter": 0,
                "extras": 0,
                "total": 0
              }
            },
            {
              "batter": "Omar Rassol",
              "bowler": "BP Adapaka",
              "non_striker": "Saim Hussain",
              "runs": {
                "batter": 1,
                "extras": 0,
                "total": 1
              }
            },
            {
              "batter": "Saim Hussain",
              "bowler": "BP Adapaka",
              "non_striker": "Omar Rassol",
              "runs": {
                "batter": 1,
                "extras": 0,
                "total": 1
              }
            },
            {
              "batter": "Omar Rassol",
              "bowler": "BP Adapaka",
              "non_striker": "Saim Hussain",
              "runs": {
                "batter": 2,
                "extras": 0,
                "total": 2
              }
            },
            {
              "batter": "Omar Rassol",
              "bowler": "BP Adapaka",
              "non_striker": "Saim Hussain",
              "runs": {
                "batter": 0,
                "extras": 0,
                "total": 0
              },
              "wickets": [
                {
                  "player_out": "Omar Rassol",
                  "fielders": [
                    {
                      "name": "Abhishek Ahuja"
                    }
                  ],
                  "kind": "stumped"
                }
              ]
            },
            {
              "batter": "Asad Ali Rehemtulla",
              "bowler": "BP Adapaka",
              "non_striker": "Saim Hussain",
              "runs": {
                "batter": 0,
                "extras": 0,
                "total": 0
              }
            }
          ]
        },
        {
          "over": 15,
          "deliveries": [
            {
              "batter": "Saim Hussain",
              "bowler": "SA Mohandas",
              "non_striker": "Asad Ali Rehemtulla",
              "runs": {
                "batter": 2,
                "extras": 0,
                "total": 2
              }
            },
            {
              "batter": "Saim Hussain",
              "bowler": "SA Mohandas",
              "non_striker": "Asad Ali Rehemtulla",
              "runs": {
                "batter": 2,
                "extras": 0,
                "total": 2
              }
            },
            {
              "batter": "Saim Hussain",
              "bowler": "SA Mohandas",
              "non_striker": "Asad Ali Rehemtulla",
              "runs": {
                "batter": 0,
                "extras": 0,
                "total": 0
              }
            },
            {
              "batter": "Saim Hussain",
              "bowler": "SA Mohandas",
              "non_striker": "Asad Ali Rehemtulla",
              "runs": {
                "batter": 2,
                "extras": 0,
                "total": 2
              }
            },
            {
              "batter": "Saim Hussain",
              "bowler": "SA Mohandas",
              "non_striker": "Asad Ali Rehemtulla",
              "runs": {
                "batter": 1,
                "extras": 0,
                "total": 1
              }
            },
            {
              "batter": "Asad Ali Rehemtulla",
              "bowler": "SA Mohandas",
              "non_striker": "Saim Hussain",
              "runs": {
                "batter": 0,
                "extras": 0,
                "total": 0
              }
            }
          ]
        },
        {
          "over": 16,
          "deliveries": [
            {
              "batter": "Saim Hussain",
              "bowler": "BP Adapaka",
              "extras": {
                "noballs": 1
              },
              "non_striker": "Asad Ali Rehemtulla",
              "runs": {
                "batter": 6,
                "extras": 1,
                "total": 7
              }
            },
            {
              "batter": "Saim Hussain",
              "bowler": "BP Adapaka",
              "non_striker": "Asad Ali Rehemtulla",
              "runs": {
                "batter": 2,
                "extras": 0,
                "total": 2
              }
            },
            {
              "batter": "Saim Hussain",
              "bowler": "BP Adapaka",
              "non_striker": "Asad Ali Rehemtulla",
              "runs": {
                "batter": 1,
                "extras": 0,
                "total": 1
              }
            },
            {
              "batter": "Asad Ali Rehemtulla",
              "bowler": "BP Adapaka",
              "non_striker": "Saim Hussain",
              "runs": {
                "batter": 0,
                "extras": 0,
                "total": 0
              },
              "wickets": [
                {
                  "player_out": "Asad Ali Rehemtulla",
                  "kind": "bowled"
                }
              ]
            },
            {
              "batter": "DV Varghese",
              "bowler": "BP Adapaka",
              "non_striker": "Saim Hussain",
              "runs": {
                "batter": 0,
                "extras": 0,
                "total": 0
              }
            },
            {
              "batter": "DV Varghese",
              "bowler": "BP Adapaka",
              "non_striker": "Saim Hussain",
              "runs": {
                "batter": 2,
                "extras": 0,
                "total": 2
              }
            },
            {
              "batter": "DV Varghese",
              "bowler": "BP Adapaka",
              "extras": {
                "wides": 1
              },
              "non_striker": "Saim Hussain",
              "runs": {
                "batter": 0,
                "extras": 1,
                "total": 1
              }
            },
            {
              "batter": "DV Varghese",
              "bowler": "BP Adapaka",
              "non_striker": "Saim Hussain",
              "runs": {
                "batter": 0,
                "extras": 0,
                "total": 0
              },
              "wickets": [
                {
                  "player_out": "DV Varghese",
                  "kind": "bowled"
                }
              ]
            }
          ]
        },
        {
          "over": 17,
          "deliveries": [
            {
              "batter": "Saim Hussain",
              "bowler": "SA Mohandas",
              "non_striker": "Ahsan Khan",
              "runs": {
                "batter": 0,
                "extras": 0,
                "total": 0
              }
            },
            {
              "batter": "Saim Hussain",
              "bowler": "SA Mohandas",
              "non_striker": "Ahsan Khan",
              "runs": {
                "batter": 0,
                "extras": 0,
                "total": 0
              }
            },
            {
              "batter": "Saim Hussain",
              "bowler": "SA Mohandas",
              "non_striker": "Ahsan Khan",
              "runs": {
                "batter": 0,
                "extras": 0,
                "total": 0
              },
              "wickets": [
                {
                  "player_out": "Saim Hussain",
                  "kind": "bowled"
                }
              ]
            },
            {
              "batter": "J Albin",
              "bowler": "SA Mohandas",
              "non_striker": "Ahsan Khan",
              "runs": {
                "batter": 2,
                "extras": 0,
                "total": 2
              }
            },
            {
              "batter": "J Albin",
              "bowler": "SA Mohandas",
              "non_striker": "Ahsan Khan",
              "runs": {
                "batter": 0,
                "extras": 0,
                "total": 0
              }
            },
            {
              "batter": "J Albin",
              "bowler": "SA Mohandas",
              "non_striker": "Ahsan Khan",
              "runs": {
                "batter": 1,
                "extras": 0,
                "total": 1
              }
            }
          ]
        },
        {
          "over": 18,
          "deliveries": [
            {
              "batter": "J Albin",
              "bowler": "HV Mandhyan",
              "non_striker": "Ahsan Khan",
              "runs": {
                "batter": 1,
                "extras": 0,
                "total": 1
              }
            },
            {
              "batter": "Ahsan Khan",
              "bowler": "HV Mandhyan",
              "non_striker": "J Albin",
              "runs": {
                "batter": 1,
                "extras": 0,
                "total": 1
              }
            },
            {
              "batter": "J Albin",
              "bowler": "HV Mandhyan",
              "non_striker": "Ahsan Khan",
              "runs": {
                "batter": 0,
                "extras": 0,
                "total": 0
              }
            },
            {
              "batter": "J Albin",
              "bowler": "HV Mandhyan",
              "non_striker": "Ahsan Khan",
              "runs": {
                "batter": 0,
                "extras": 0,
                "total": 0
              }
            },
            {
              "batter": "J Albin",
              "bowler": "HV Mandhyan",
              "non_striker": "Ahsan Khan",
              "runs": {
                "batter": 0,
                "extras": 0,
                "total": 0
              }
            },
            {
              "batter": "J Albin",
              "bowler": "HV Mandhyan",
              "non_striker": "Ahsan Khan",
              "runs": {
                "batter": 0,
                "extras": 0,
                "total": 0
              },
              "wickets": [
                {
                  "player_out": "J Albin",
                  "kind": "bowled"
                }
              ]
            }
          ]
        },
        {
          "over": 19,
          "deliveries": [
            {
              "batter": "Ahsan Khan",
              "bowler": "A Kheterpal",
              "non_striker": "I Katzarski",
              "runs": {
                "batter": 0,
                "extras": 0,
                "total": 0
              }
            },
            {
              "batter": "Ahsan Khan",
              "bowler": "A Kheterpal",
              "non_striker": "I Katzarski",
              "runs": {
                "batter": 1,
                "extras": 0,
                "total": 1
              }
            },
            {
              "batter": "I Katzarski",
              "bowler": "A Kheterpal",
              "non_striker": "Ahsan Khan",
              "runs": {
                "batter": 0,
                "extras": 0,
                "total": 0
              }
            },
            {
              "batter": "I Katzarski",
              "bowler": "A Kheterpal",
              "non_striker": "Ahsan Khan",
              "runs": {
                "batter": 0,
                "extras": 0,
                "total": 0
              }
            },
            {
              "batter": "I Katzarski",
              "bowler": "A Kheterpal",
              "non_striker": "Ahsan Khan",
              "runs": {
                "batter": 0,
                "extras": 0,
                "total": 0
              }
            },
            {
              "batter": "I Katzarski",
              "bowler": "A Kheterpal",
              "non_striker": "Ahsan Khan",
              "runs": {
                "batter": 0,
                "extras": 0,
                "total": 0
              },
              "wickets": [
                {
                  "player_out": "I Katzarski",
                  "fielders": [
                    {
                      "name": "Abhishek Ahuja"
                    }
                  ],
                  "kind": "run out"
                }
              ]
            }
          ]
        }
      ],
      "powerplays": [
        {
          "from": 0.1,
          "to": 5.8,
          "type": "mandatory"
        }
      ],
      "target": {
        "overs": 20,
        "runs": 159
      }
    }
  ]
}