{
  "meta": {
    "data_version": "1.1.0",
    "created": "2022-05-16",
    "revision": 2
  },
  "info": {
    "balls_per_over": 6,
    "city": "Kirtipur",
    "dates": [
      "2022-05-16"
    ],
    "event": {
      "name": "Uganda Women tour of Nepal",
      "match_number": 1
    },
    "gender": "female",
    "match_type": "T20",
    "match_type_number": 1076,
    "officials": {
      "match_referees": [
        "Manohar Adhikari"
      ],
      "reserve_umpires": [
        "HR Giri"
      ],
      "tv_umpires": [
        "VK Jha"
      ],
      "umpires": [
        "DN Subedi",
        "Sanjay Gurung"
      ]
    },
    "outcome": {
      "winner": "Uganda",
      "by": {
        "runs": 12
      }
    },
    "overs": 20,
    "player_of_match": [
      "J Mbabazi"
    ],
    "players": {
      "Uganda": [
        "K Awino",
        "LM Babirye",
        "J Mbabazi",
        "F Najjumba",
        "R Musamali",
        "RE Nyangendo",
        "E Anyipo",
        "PE Kulume",
        "C Aweko",
        "S Akiteng",
        "S Walaza"
      ],
      "Nepal": [
        "B Rawal",
        "J Pandey",
        "I Barma",
        "RC Belbashi",
        "Apsari Begam",
        "K Joshi",
        "Roma Thapa",
        "D Bhatta",
        "K Kunwar",
        "A Karmacharya",
        "Sabnam Rai"
      ]
    },
    "registry": {
      "people": {
        "A Karmacharya": "e1492aed",
        "Apsari Begam": "eb765b41",
        "B Rawal": "4d1cc284",
        "C Aweko": "01c1b96c",
        "D Bhatta": "7d1a3ff7",
        "DN Subedi": "fb0a571f",
        "E Anyipo": "d9e5ecb4",
        "F Najjumba": "791dca18",
        "HR Giri": "fea1e74f",
        "I Barma": "521abce2",
        "J Mbabazi": "aaa6e84c",
        "J Pandey": "e1214f03",
        "K Awino": "c4e7749a",
        "K Joshi": "0cd297b9",
        "K Kunwar": "97e6e41a",
        "LM Babirye": "4b531649",
        "Manohar Adhikari": "f1194524",
        "PE Kulume": "bb1a5f8a",
        "R Musamali": "017cadb2",
        "RC Belbashi": "dfdaca74",
        "RE Nyangendo": "208ec8a4",
        "Roma Thapa": "05d9faac",
        "S Akiteng": "cf92d76b",
        "S Walaza": "f67ea6d2",
        "Sabnam Rai": "8eb52953",
        "Sanjay Gurung": "0ef792dc",
        "VK Jha": "5d46eb72"
      }
    },
    "season": "2022",
    "team_type": "international",
    "teams": [
      "Uganda",
      "Nepal"
    ],
    "toss": {
      "decision": "field",
      "winner": "Nepal"
    },
    "venue": "Tribhuvan University International Cricket Ground, Kirtipur"
  },
  "innings": [
    {
      "team": "Uganda",
      "overs": [
        {
          "over": 0,
          "deliveries": [
            {
              "batter": "K Awino",
              "bowler": "K Kunwar",
              "non_striker": "LM Babirye",
              "runs": {
                "batter": 0,
                "extras": 0,
                "total": 0
              }
            },
            {
              "batter": "K Awino",
              "bowler": "K Kunwar",
              "non_striker": "LM Babirye",
              "runs": {
                "batter": 1,
                "extras": 0,
                "total": 1
              }
            },
            {
              "batter": "LM Babirye",
              "bowler": "K Kunwar",
              "non_striker": "K Awino",
              "runs": {
                "batter": 0,
                "extras": 0,
                "total": 0
              },
              "wickets": [
                {
                  "player_out": "LM Babirye",
                  "kind": "bowled"
                }
              ]
            },
            {
              "batter": "J Mbabazi",
              "bowler": "K Kunwar",
              "extras": {
                "legbyes": 1
              },
              "non_striker": "K Awino",
              "runs": {
                "batter": 0,
                "extras": 1,
                "total": 1
              }
            },
            {
              "batter": "K Awino",
              "bowler": "K Kunwar",
              "non_striker": "J Mbabazi",
              "runs": {
                "batter": 0,
                "extras": 0,
                "total": 0
              }
            },
            {
              "batter": "K Awino",
              "bowler": "K Kunwar",
              "non_striker": "J Mbabazi",
              "runs": {
                "batter": 0,
                "extras": 0,
                "total": 0
              }
            }
          ]
        },
        {
          "over": 1,
          "deliveries": [
            {
              "batter": "J Mbabazi",
              "bowler": "Sabnam Rai",
              "non_striker": "K Awino",
              "runs": {
                "batter": 0,
                "extras": 0,
                "total": 0
              }
            },
            {
              "batter": "J Mbabazi",
              "bowler": "Sabnam Rai",
              "non_striker": "K Awino",
              "runs": {
                "batter": 0,
                "extras": 0,
                "total": 0
              }
            },
            {
              "batter": "J Mbabazi",
              "bowler": "Sabnam Rai",
              "non_striker": "K Awino",
              "runs": {
                "batter": 1,
                "extras": 0,
                "total": 1
              }
            },
            {
              "batter": "K Awino",
              "bowler": "Sabnam Rai",
              "non_striker": "J Mbabazi",
              "runs": {
                "batter": 0,
                "extras": 0,
                "total": 0
              }
            },
            {
              "batter": "K Awino",
              "bowler": "Sabnam Rai",
              "non_striker": "J Mbabazi",
              "runs": {
                "batter": 0,
                "extras": 0,
                "total": 0
              }
            },
            {
              "batter": "K Awino",
              "bowler": "Sabnam Rai",
              "non_striker": "J Mbabazi",
              "runs": {
                "batter": 0,
                "extras": 0,
                "total": 0
              }
            }
          ]
        },
        {
          "over": 2,
          "deliveries": [
            {
              "batter": "J Mbabazi",
              "bowler": "K Kunwar",
              "non_striker": "K Awino",
              "runs": {
                "batter": 0,
                "extras": 0,
                "total": 0
              }
            },
            {
              "batter": "J Mbabazi",
              "bowler": "K Kunwar",
              "non_striker": "K Awino",
              "runs": {
                "batter": 0,
                "extras": 0,
                "total": 0
              }
            },
            {
              "batter": "J Mbabazi",
              "bowler": "K Kunwar",
              "non_striker": "K Awino",
              "runs": {
                "batter": 1,
                "extras": 0,
                "total": 1
              }
            },
            {
              "batter": "K Awino",
              "bowler": "K Kunwar",
              "non_striker": "J Mbabazi",
              "runs": {
                "batter": 0,
                "extras": 0,
                "total": 0
              }
            },
            {
              "batter": "K Awino",
              "bowler": "K Kunwar",
              "non_striker": "J Mbabazi",
              "runs": {
                "batter": 1,
                "extras": 0,
                "total": 1
              }
            },
            {
              "batter": "J Mbabazi",
              "bowler": "K Kunwar",
              "non_striker": "K Awino",
              "runs": {
                "batter": 4,
                "extras": 0,
                "total": 4
              }
            }
          ]
        },
        {
          "over": 3,
          "deliveries": [
            {
              "batter": "K Awino",
              "bowler": "Sabnam Rai",
              "non_striker": "J Mbabazi",
              "runs": {
                "batter": 1,
                "extras": 0,
                "total": 1
              }
            },
            {
              "batter": "J Mbabazi",
              "bowler": "Sabnam Rai",
              "non_striker": "K Awino",
              "runs": {
                "batter": 0,
                "extras": 0,
                "total": 0
              }
            },
            {
              "batter": "J Mbabazi",
              "bowler": "Sabnam Rai",
              "non_striker": "K Awino",
              "runs": {
                "batter": 0,
                "extras": 0,
                "total": 0
              }
            },
            {
              "batter": "J Mbabazi",
              "bowler": "Sabnam Rai",
              "non_striker": "K Awino",
              "runs": {
                "batter": 1,
                "extras": 0,
                "total": 1
              }
            },
            {
              "batter": "K Awino",
              "bowler": "Sabnam Rai",
              "non_striker": "J Mbabazi",
              "runs": {
                "batter": 0,
                "extras": 0,
                "total": 0
              }
            },
            {
              "batter": "K Awino",
              "bowler": "Sabnam Rai",
              "non_striker": "J Mbabazi",
              "runs": {
                "batter": 0,
                "extras": 0,
                "total": 0
              }
            }
          ]
        },
        {
          "over": 4,
          "deliveries": [
            {
              "batter": "J Mbabazi",
              "bowler": "A Karmacharya",
              "non_striker": "K Awino",
              "runs": {
                "batter": 4,
                "extras": 0,
                "total": 4
              }
            },
            {
              "batter": "J Mbabazi",
              "bowler": "A Karmacharya",
              "non_striker": "K Awino",
              "runs": {
                "batter": 0,
                "extras": 0,
                "total": 0
              }
            },
            {
              "batter": "J Mbabazi",
              "bowler": "A Karmacharya",
              "non_striker": "K Awino",
              "runs": {
                "batter": 0,
                "extras": 0,
                "total": 0
              }
            },
            {
              "batter": "J Mbabazi",
              "bowler": "A Karmacharya",
              "non_striker": "K Awino",
              "runs": {
                "batter": 1,
                "extras": 0,
                "total": 1
              }
            },
            {
              "batter": "K Awino",
              "bowler": "A Karmacharya",
              "non_striker": "J Mbabazi",
              "runs": {
                "batter": 1,
                "extras": 0,
                "total": 1
              }
            },
            {
              "batter": "J Mbabazi",
              "bowler": "A Karmacharya",
              "non_striker": "K Awino",
              "runs": {
                "batter": 1,
                "extras": 0,
                "total": 1
              }
            }
          ]
        },
        {
          "over": 5,
          "deliveries": [
            {
              "batter": "J Mbabazi",
              "bowler": "RC Belbashi",
              "non_striker": "K Awino",
              "runs": {
                "batter": 1,
                "extras": 0,
                "total": 1
              }
            },
            {
              "batter": "K Awino",
              "bowler": "RC Belbashi",
              "non_striker": "J Mbabazi",
              "runs": {
                "batter": 0,
                "extras": 0,
                "total": 0
              }
            },
            {
              "batter": "K Awino",
              "bowler": "RC Belbashi",
              "non_striker": "J Mbabazi",
              "runs": {
                "batter": 1,
                "extras": 0,
                "total": 1
              }
            },
            {
              "batter": "J Mbabazi",
              "bowler": "RC Belbashi",
              "non_striker": "K Awino",
              "runs": {
                "batter": 1,
                "extras": 0,
                "total": 1
              }
            },
            {
              "batter": "K Awino",
              "bowler": "RC Belbashi",
              "non_striker": "J Mbabazi",
              "runs": {
                "batter": 1,
                "extras": 0,
                "total": 1
              }
            },
            {
              "batter": "J Mbabazi",
              "bowler": "RC Belbashi",
              "non_striker": "K Awino",
              "runs": {
                "batter": 1,
                "extras": 0,
                "total": 1
              }
            }
          ]
        },
        {
          "over": 6,
          "deliveries": [
            {
              "batter": "J Mbabazi",
              "bowler": "A Karmacharya",
              "non_striker": "K Awino",
              "runs": {
                "batter": 0,
                "extras": 0,
                "total": 0
              }
            },
            {
              "batter": "J Mbabazi",
              "bowler": "A Karmacharya",
              "non_striker": "K Awino",
              "runs": {
                "batter": 1,
                "extras": 0,
                "total": 1
              }
            },
            {
              "batter": "K Awino",
              "bowler": "A Karmacharya",
              "non_striker": "J Mbabazi",
              "runs": {
                "batter": 0,
                "extras": 0,
                "total": 0
              }
            },
            {
              "batter": "K Awino",
              "bowler": "A Karmacharya",
              "non_striker": "J Mbabazi",
              "runs": {
                "batter": 1,
                "extras": 0,
                "total": 1
              }
            },
            {
              "batter": "J Mbabazi",
              "bowler": "A Karmacharya",
              "non_striker": "K Awino",
              "runs": {
                "batter": 4,
                "extras": 0,
                "total": 4
              }
            },
            {
              "batter": "J Mbabazi",
              "bowler": "A Karmacharya",
              "non_striker": "K Awino",
              "runs": {
                "batter": 0,
                "extras": 0,
                "total": 0
              }
            }
          ]
        },
        {
          "over": 7,
          "deliveries": [
            {
              "batter": "K Awino",
              "bowler": "RC Belbashi",
              "non_striker": "J Mbabazi",
              "runs": {
                "batter": 1,
                "extras": 0,
                "total": 1
              }
            },
            {
              "batter": "J Mbabazi",
              "bowler": "RC Belbashi",
              "non_striker": "K Awino",
              "runs": {
                "batter": 0,
                "extras": 0,
                "total": 0
              }
            },
            {
              "batter": "J Mbabazi",
              "bowler": "RC Belbashi",
              "non_striker": "K Awino",
              "runs": {
                "batter": 0,
                "extras": 0,
                "total": 0
              }
            },
            {
              "batter": "J Mbabazi",
              "bowler": "RC Belbashi",
              "non_striker": "K Awino",
              "runs": {
                "batter": 2,
                "extras": 0,
                "total": 2
              }
            },
            {
              "batter": "J Mbabazi",
              "bowler": "RC Belbashi",
              "non_striker": "K Awino",
              "runs": {
                "batter": 0,
                "extras": 0,
                "total": 0
              }
            },
            {
              "batter": "J Mbabazi",
              "bowler": "RC Belbashi",
              "non_striker": "K Awino",
              "runs": {
                "batter": 1,
                "extras": 0,
                "total": 1
              }
            }
          ]
        },
        {
          "over": 8,
          "deliveries": [
            {
              "batter": "J Mbabazi",
              "bowler": "K Joshi",
              "non_striker": "K Awino",
              "runs": {
                "batter": 0,
                "extras": 0,
                "total": 0
              }
            },
            {
              "batter": "J Mbabazi",
              "bowler": "K Joshi",
              "non_striker": "K Awino",
              "runs": {
                "batter": 0,
                "extras": 0,
                "total": 0
              }
            },
            {
              "batter": "J Mbabazi",
              "bowler": "K Joshi",
              "non_striker": "K Awino",
              "runs": {
                "batter": 0,
                "extras": 0,
                "total": 0
              }
            },
            {
              "batter": "J Mbabazi",
              "bowler": "K Joshi",
              "extras": {
                "wides": 1
              },
              "non_striker": "K Awino",
              "runs": {
                "batter": 0,
                "extras": 1,
                "total": 1
              }
            },
            {
              "batter": "J Mbabazi",
              "bowler": "K Joshi",
              "non_striker": "K Awino",
              "runs": {
                "batter": 1,
                "extras": 0,
                "total": 1
              }
            },
            {
              "batter": "K Awino",
              "bowler": "K Joshi",
              "non_striker": "J Mbabazi",
              "runs": {
                "batter": 0,
                "extras": 0,
                "total": 0
              }
            },
            {
              "batter": "K Awino",
              "bowler": "K Joshi",
              "non_striker": "J Mbabazi",
              "runs": {
                "batter": 0,
                "extras": 0,
                "total": 0
              }
            }
          ]
        },
        {
          "over": 9,
          "deliveries": [
            {
              "batter": "J Mbabazi",
              "bowler": "I Barma",
              "non_striker": "K Awino",
              "runs": {
                "batter": 1,
                "extras": 0,
                "total": 1
              }
            },
            {
              "batter": "K Awino",
              "bowler": "I Barma",
              "extras": {
                "wides": 1
              },
              "non_striker": "J Mbabazi",
              "runs": {
                "batter": 0,
                "extras": 1,
                "total": 1
              }
            },
            {
              "batter": "K Awino",
              "bowler": "I Barma",
              "non_striker": "J Mbabazi",
              "runs": {
                "batter": 0,
                "extras": 0,
                "total": 0
              }
            },
            {
              "batter": "K Awino",
              "bowler": "I Barma",
              "non_striker": "J Mbabazi",
              "runs": {
                "batter": 1,
                "extras": 0,
                "total": 1
              }
            },
            {
              "batter": "J Mbabazi",
              "bowler": "I Barma",
              "non_striker": "K Awino",
              "runs": {
                "batter": 1,
                "extras": 0,
                "total": 1
              }
            },
            {
              "batter": "K Awino",
              "bowler": "I Barma",
              "non_striker": "J Mbabazi",
              "runs": {
                "batter": 1,
                "extras": 0,
                "total": 1
              }
            },
            {
              "batter": "J Mbabazi",
              "bowler": "I Barma",
              "non_striker": "K Awino",
              "runs": {
                "batter": 0,
                "extras": 0,
                "total": 0
              }
            }
          ]
        },
        {
          "over": 10,
          "deliveries": [
            {
              "batter": "K Awino",
              "bowler": "K Joshi",
              "non_striker": "J Mbabazi",
              "runs": {
                "batter": 2,
                "extras": 0,
                "total": 2
              }
            },
            {
              "batter": "K Awino",
              "bowler": "K Joshi",
              "non_striker": "J Mbabazi",
              "runs": {
                "batter": 1,
                "extras": 0,
                "total": 1
              }
            },
            {
              "batter": "J Mbabazi",
              "bowler": "K Joshi",
              "non_striker": "K Awino",
              "runs": {
                "batter": 1,
                "extras": 0,
                "total": 1
              }
            },
            {
              "batter": "K Awino",
              "bowler": "K Joshi",
              "non_striker": "J Mbabazi",
              "runs": {
                "batter": 0,
                "extras": 0,
                "total": 0
              }
            },
            {
              "batter": "K Awino",
              "bowler": "K Joshi",
              "non_striker": "J Mbabazi",
              "runs": {
                "batter": 1,
                "extras": 0,
                "total": 1
              }
            },
            {
              "batter": "J Mbabazi",
              "bowler": "K Joshi",
              "non_striker": "K Awino",
              "runs": {
                "batter": 1,
                "extras": 0,
                "total": 1
              }
            }
          ]
        },
        {
          "over": 11,
          "deliveries": [
            {
              "batter": "J Mbabazi",
              "bowler": "I Barma",
              "non_striker": "K Awino",
              "runs": {
                "batter": 0,
                "extras": 0,
                "total": 0
              },
              "wickets": [
                {
                  "player_out": "J Mbabazi",
                  "kind": "lbw"
                }
              ]
            },
            {
              "batter": "F Najjumba",
              "bowler": "I Barma",
              "non_striker": "K Awino",
              "runs": {
                "batter": 0,
                "extras": 0,
                "total": 0
              }
            },
            {
              "batter": "F Najjumba",
              "bowler": "I Barma",
              "non_striker": "K Awino",
              "runs": {
                "batter": 0,
                "extras": 0,
                "total": 0
              }
            },
            {
              "batter": "F Najjumba",
              "bowler": "I Barma",
              "extras": {
                "legbyes": 1
              },
              "non_striker": "K Awino",
              "runs": {
                "batter": 0,
                "extras": 1,
                "total": 1
              }
            },
            {
              "batter": "K Awino",
              "bowler": "I Barma",
              "non_striker": "F Najjumba",
              "runs": {
                "batter": 1,
                "extras": 0,
                "total": 1
              }
            },
            {
              "batter": "F Najjumba",
              "bowler": "I Barma",
              "non_striker": "K Awino",
              "runs": {
                "batter": 0,
                "extras": 0,
                "total": 0
              }
            }
          ]
        },
        {
          "over": 12,
          "deliveries": [
            {
              "batter": "K Awino",
              "bowler": "RC Belbashi",
              "non_striker": "F Najjumba",
              "runs": {
                "batter": 0,
                "extras": 0,
                "total": 0
              },
              "wickets": [
                {
                  "player_out": "K Awino",
                  "fielders": [
                    {
                      "name": "I Barma"
                    }
                  ],
                  "kind": "caught"
                }
              ]
            },
            {
              "batter": "R Musamali",
              "bowler": "RC Belbashi",
              "non_striker": "F Najjumba",
              "runs": {
                "batter": 1,
                "extras": 0,
                "total": 1
              }
            },
            {
              "batter": "F Najjumba",
              "bowler": "RC Belbashi",
              "non_striker": "R Musamali",
              "runs": {
                "batter": 4,
                "extras": 0,
                "total": 4
              }
            },
            {
              "batter": "F Najjumba",
              "bowler": "RC Belbashi",
              "non_striker": "R Musamali",
              "runs": {
                "batter": 0,
                "extras": 0,
                "total": 0
              }
            },
            {
              "batter": "F Najjumba",
              "bowler": "RC Belbashi",
              "non_striker": "R Musamali",
              "runs": {
                "batter": 0,
                "extras": 0,
                "total": 0
              }
            },
            {
              "batter": "F Najjumba",
              "bowler": "RC Belbashi",
              "non_striker": "R Musamali",
              "runs": {
                "batter": 1,
                "extras": 0,
                "total": 1
              }
            }
          ]
        },
        {
          "over": 13,
          "deliveries": [
            {
              "batter": "F Najjumba",
              "bowler": "I Barma",
              "extras": {
                "noballs": 1
              },
              "non_striker": "R Musamali",
              "runs": {
                "batter": 1,
                "extras": 1,
                "total": 2
              }
            },
            {
              "batter": "R Musamali",
              "bowler": "I Barma",
              "non_striker": "F Najjumba",
              "runs": {
                "batter": 2,
                "extras": 0,
                "total": 2
              }
            },
            {
              "batter": "R Musamali",
              "bowler": "I Barma",
              "non_striker": "F Najjumba",
              "runs": {
                "batter": 1,
                "extras": 0,
                "total": 1
              }
            },
            {
              "batter": "F Najjumba",
              "bowler": "I Barma",
              "non_striker": "R Musamali",
              "runs": {
                "batter": 0,
                "extras": 0,
                "total": 0
              }
            },
            {
              "batter": "F Najjumba",
              "bowler": "I Barma",
              "non_striker": "R Musamali",
              "runs": {
                "batter": 1,
                "extras": 0,
                "total": 1
              }
            },
            {
              "batter": "R Musamali",
              "bowler": "I Barma",
              "non_striker": "F Najjumba",
              "runs": {
                "batter": 0,
                "extras": 0,
                "total": 0
              }
            },
            {
              "batter": "R Musamali",
              "bowler": "I Barma",
              "non_striker": "F Najjumba",
              "runs": {
                "batter": 2,
                "extras": 0,
                "total": 2
              }
            }
          ]
        },
        {
          "over": 14,
          "deliveries": [
            {
              "batter": "F Najjumba",
              "bowler": "K Kunwar",
              "non_striker": "R Musamali",
              "runs": {
                "batter": 1,
                "extras": 0,
                "total": 1
              }
            },
            {
              "batter": "R Musamali",
              "bowler": "K Kunwar",
              "non_striker": "F Najjumba",
              "runs": {
                "batter": 1,
                "extras": 0,
                "total": 1
              }
            },
            {
              "batter": "F Najjumba",
              "bowler": "K Kunwar",
              "non_striker": "R Musamali",
              "runs": {
                "batter": 1,
                "extras": 0,
                "total": 1
              }
            },
            {
              "batter": "R Musamali",
              "bowler": "K Kunwar",
              "non_striker": "F Najjumba",
              "runs": {
                "batter": 0,
                "extras": 0,
                "total": 0
              }
            },
            {
              "batter": "R Musamali",
              "bowler": "K Kunwar",
              "non_striker": "F Najjumba",
              "runs": {
                "batter": 1,
                "extras": 0,
                "total": 1
              }
            },
            {
              "batter": "F Najjumba",
              "bowler": "K Kunwar",
              "non_striker": "R Musamali",
              "runs": {
                "batter": 1,
                "extras": 0,
                "total": 1
              }
            }
          ]
        },
        {
          "over": 15,
          "deliveries": [
            {
              "batter": "F Najjumba",
              "bowler": "K Joshi",
              "non_striker": "R Musamali",
              "runs": {
                "batter": 0,
                "extras": 0,
                "total": 0
              }
            },
            {
              "batter": "F Najjumba",
              "bowler": "K Joshi",
              "non_striker": "R Musamali",
              "runs": {
                "batter": 1,
                "extras": 0,
                "total": 1
              }
            },
            {
              "batter": "R Musamali",
              "bowler": "K Joshi",
              "non_striker": "F Najjumba",
              "runs": {
                "batter": 1,
                "extras": 0,
                "total": 1
              }
            },
            {
              "batter": "F Najjumba",
              "bowler": "K Joshi",
              "non_striker": "R Musamali",
              "runs": {
                "batter": 1,
                "extras": 0,
                "total": 1
              }
            },
            {
              "batter": "R Musamali",
              "bowler": "K Joshi",
              "non_striker": "F Najjumba",
              "runs": {
                "batter": 1,
                "extras": 0,
                "total": 1
              }
            },
            {
              "batter": "F Najjumba",
              "bowler": "K Joshi",
              "non_striker": "R Musamali",
              "runs": {
                "batter": 0,
                "extras": 0,
                "total": 0
              },
              "wickets": [
                {
                  "player_out": "F Najjumba",
                  "fielders": [
                    {
                      "name": "K Kunwar"
                    }
                  ],
                  "kind": "caught"
                }
              ]
            }
          ]
        },
        {
          "over": 16,
          "deliveries": [
            {
              "batter": "RE Nyangendo",
              "bowler": "Sabnam Rai",
              "non_striker": "R Musamali",
              "runs": {
                "batter": 0,
                "extras": 0,
                "total": 0
              }
            },
            {
              "batter": "RE Nyangendo",
              "bowler": "Sabnam Rai",
              "non_striker": "R Musamali",
              "runs": {
                "batter": 2,
                "extras": 0,
                "total": 2
              }
            },
            {
              "batter": "RE Nyangendo",
              "bowler": "Sabnam Rai",
              "non_striker": "R Musamali",
              "runs": {
                "batter": 0,
                "extras": 0,
                "total": 0
              }
            },
            {
              "batter": "RE Nyangendo",
              "bowler": "Sabnam Rai",
              "non_striker": "R Musamali",
              "runs": {
                "batter": 0,
                "extras": 0,
                "total": 0
              }
            },
            {
              "batter": "RE Nyangendo",
              "bowler": "Sabnam Rai",
              "non_striker": "R Musamali",
              "runs": {
                "batter": 1,
                "extras": 0,
                "total": 1
              }
            },
            {
              "batter": "R Musamali",
              "bowler": "Sabnam Rai",
              "non_striker": "RE Nyangendo",
              "runs": {
                "batter": 0,
                "extras": 0,
                "total": 0
              }
            }
          ]
        },
        {
          "over": 17,
          "deliveries": [
            {
              "batter": "RE Nyangendo",
              "bowler": "RC Belbashi",
              "non_striker": "R Musamali",
              "runs": {
                "batter": 2,
                "extras": 0,
                "total": 2
              }
            },
            {
              "batter": "RE Nyangendo",
              "bowler": "RC Belbashi",
              "non_striker": "R Musamali",
              "runs": {
                "batter": 4,
                "extras": 0,
                "total": 4
              }
            },
            {
              "batter": "RE Nyangendo",
              "bowler": "RC Belbashi",
              "extras": {
                "wides": 1
              },
              "non_striker": "R Musamali",
              "runs": {
                "batter": 0,
                "extras": 1,
                "total": 1
              }
            },
            {
              "batter": "RE Nyangendo",
              "bowler": "RC Belbashi",
              "non_striker": "R Musamali",
              "runs": {
                "batter": 0,
                "extras": 0,
                "total": 0
              }
            },
            {
              "batter": "RE Nyangendo",
              "bowler": "RC Belbashi",
              "non_striker": "R Musamali",
              "runs": {
                "batter": 1,
                "extras": 0,
                "total": 1
              }
            },
            {
              "batter": "R Musamali",
              "bowler": "RC Belbashi",
              "non_striker": "RE Nyangendo",
              "runs": {
                "batter": 1,
                "extras": 0,
                "total": 1
              }
            },
            {
              "batter": "RE Nyangendo",
              "bowler": "RC Belbashi",
              "non_striker": "R Musamali",
              "runs": {
                "batter": 6,
                "extras": 0,
                "total": 6
              }
            }
          ]
        },
        {
          "over": 18,
          "deliveries": [
            {
              "batter": "R Musamali",
              "bowler": "K Kunwar",
              "extras": {
                "legbyes": 4
              },
              "non_striker": "RE Nyangendo",
              "runs": {
                "batter": 0,
                "extras": 4,
                "total": 4
              }
            },
            {
              "batter": "R Musamali",
              "bowler": "K Kunwar",
              "non_striker": "RE Nyangendo",
              "runs": {
                "batter": 0,
                "extras": 0,
                "total": 0
              }
            },
            {
              "batter": "R Musamali",
              "bowler": "K Kunwar",
              "non_striker": "RE Nyangendo",
              "runs": {
                "batter": 1,
                "extras": 0,
                "total": 1
              }
            },
            {
              "batter": "RE Nyangendo",
              "bowler": "K Kunwar",
              "non_striker": "R Musamali",
              "runs": {
                "batter": 2,
                "extras": 0,
                "total": 2
              }
            },
            {
              "batter": "RE Nyangendo",
              "bowler": "K Kunwar",
              "non_striker": "R Musamali",
              "runs": {
                "batter": 0,
                "extras": 0,
                "total": 0
              }
            },
            {
              "batter": "RE Nyangendo",
              "bowler": "K Kunwar",
              "non_striker": "R Musamali",
              "runs": {
                "batter": 0,
                "extras": 0,
                "total": 0
              },
              "wickets": [
                {
                  "player_out": "RE Nyangendo",
                  "fielders": [
                    {
                      "name": "B Rawal"
                    }
                  ],
                  "kind": "caught"
                }
              ]
            }
          ]
        },
        {
          "over": 19,
          "deliveries": [
            {
              "batter": "E Anyipo",
              "bowler": "A Karmacharya",
              "non_striker": "R Musamali",
              "runs": {
                "batter": 2,
                "extras": 0,
                "total": 2
              }
            },
            {
              "batter": "E Anyipo",
              "bowler": "A Karmacharya",
              "non_striker": "R Musamali",
              "runs": {
                "batter": 0,
                "extras": 0,
                "total": 0
              }
            },
            {
              "batter": "E Anyipo",
              "bowler": "A Karmacharya",
              "non_striker": "R Musamali",
              "runs": {
                "batter": 1,
                "extras": 0,
                "total": 1
              }
            },
            {
              "batter": "R Musamali",
              "bowler": "A Karmacharya",
              "non_striker": "E Anyipo",
              "runs": {
                "batter": 0,
                "extras": 0,
                "total": 0
              }
            },
            {
              "batter": "R Musamali",
              "bowler": "A Karmacharya",
              "non_striker": "E Anyipo",
              "runs": {
                "batter": 1,
                "extras": 0,
                "total": 1
              }
            },
            {
              "batter": "E Anyipo",
              "bowler": "A Karmacharya",
              "non_striker": "R Musamali",
              "runs": {
                "batter": 2,
                "extras": 0,
                "total": 2
              }
            }
          ]
        }
      ],
      "powerplays": [
        {
          "from": 0.1,
          "to": 5.6,
          "type": "mandatory"
        }
      ]
    },
    {
      "team": "Nepal",
      "overs": [
        {
          "over": 0,
          "deliveries": [
            {
              "batter": "B Rawal",
              "bowler": "E Anyipo",
              "non_striker": "J Pandey",
              "runs": {
                "batter": 0,
                "extras": 0,
                "total": 0
              }
            },
            {
              "batter": "B Rawal",
              "bowler": "E Anyipo",
              "non_striker": "J Pandey",
              "runs": {
                "batter": 0,
                "extras": 0,
                "total": 0
              }
            },
            {
              "batter": "B Rawal",
              "bowler": "E Anyipo",
              "non_striker": "J Pandey",
              "runs": {
                "batter": 0,
                "extras": 0,
                "total": 0
              }
            },
            {
              "batter": "B Rawal",
              "bowler": "E Anyipo",
              "non_striker": "J Pandey",
              "runs": {
                "batter": 0,
                "extras": 0,
                "total": 0
              }
            },
            {
              "batter": "B Rawal",
              "bowler": "E Anyipo",
              "non_striker": "J Pandey",
              "runs": {
                "batter": 0,
                "extras": 0,
                "total": 0
              }
            },
            {
              "batter": "B Rawal",
              "bowler": "E Anyipo",
              "non_striker": "J Pandey",
              "runs": {
                "batter": 1,
                "extras": 0,
                "total": 1
              }
            }
          ]
        },
        {
          "over": 1,
          "deliveries": [
            {
              "batter": "B Rawal",
              "bowler": "PE Kulume",
              "non_striker": "J Pandey",
              "runs": {
                "batter": 0,
                "extras": 0,
                "total": 0
              }
            },
            {
              "batter": "B Rawal",
              "bowler": "PE Kulume",
              "non_striker": "J Pandey",
              "runs": {
                "batter": 0,
                "extras": 0,
                "total": 0
              }
            },
            {
              "batter": "B Rawal",
              "bowler": "PE Kulume",
              "non_striker": "J Pandey",
              "runs": {
                "batter": 0,
                "extras": 0,
                "total": 0
              }
            },
            {
              "batter": "B Rawal",
              "bowler": "PE Kulume",
              "non_striker": "J Pandey",
              "runs": {
                "batter": 0,
                "extras": 0,
                "total": 0
              }
            },
            {
              "batter": "B Rawal",
              "bowler": "PE Kulume",
              "extras": {
                "wides": 1
              },
              "non_striker": "J Pandey",
              "runs": {
                "batter": 0,
                "extras": 1,
                "total": 1
              }
            },
            {
              "batter": "B Rawal",
              "bowler": "PE Kulume",
              "non_striker": "J Pandey",
              "runs": {
                "batter": 1,
                "extras": 0,
                "total": 1
              }
            },
            {
              "batter": "J Pandey",
              "bowler": "PE Kulume",
              "extras": {
                "wides": 1
              },
              "non_striker": "B Rawal",
              "runs": {
                "batter": 0,
                "extras": 1,
                "total": 1
              }
            },
            {
              "batter": "J Pandey",
              "bowler": "PE Kulume",
              "non_striker": "B Rawal",
              "runs": {
                "batter": 0,
                "extras": 0,
                "total": 0
              }
            }
          ]
        },
        {
          "over": 2,
          "deliveries": [
            {
              "batter": "B Rawal",
              "bowler": "E Anyipo",
              "non_striker": "J Pandey",
              "runs": {
                "batter": 1,
                "extras": 0,
                "total": 1
              }
            },
            {
              "batter": "J Pandey",
              "bowler": "E Anyipo",
              "non_striker": "B Rawal",
              "runs": {
                "batter": 1,
                "extras": 0,
                "total": 1
              }
            },
            {
              "batter": "B Rawal",
              "bowler": "E Anyipo",
              "non_striker": "J Pandey",
              "runs": {
                "batter": 0,
                "extras": 0,
                "total": 0
              }
            },
            {
              "batter": "B Rawal",
              "bowler": "E Anyipo",
              "extras": {
                "wides": 1
              },
              "non_striker": "J Pandey",
              "runs": {
                "batter": 0,
                "extras": 1,
                "total": 1
              }
            },
            {
              "batter": "B Rawal",
              "bowler": "E Anyipo",
              "non_striker": "J Pandey",
              "runs": {
                "batter": 0,
                "extras": 0,
                "total": 0
              }
            },
            {
              "batter": "B Rawal",
              "bowler": "E Anyipo",
              "extras": {
                "wides": 1
              },
              "non_striker": "J Pandey",
              "runs": {
                "batter": 0,
                "extras": 1,
                "total": 1
              }
            },
            {
              "batter": "B Rawal",
              "bowler": "E Anyipo",
              "non_striker": "J Pandey",
              "runs": {
                "batter": 4,
                "extras": 0,
                "total": 4
              }
            },
            {
              "batter": "B Rawal",
              "bowler": "E Anyipo",
              "non_striker": "J Pandey",
              "runs": {
                "batter": 1,
                "extras": 0,
                "total": 1
              }
            }
          ]
        },
        {
          "over": 3,
          "deliveries": [
            {
              "batter": "B Rawal",
              "bowler": "PE Kulume",
              "non_striker": "J Pandey",
              "runs": {
                "batter": 0,
                "extras": 0,
                "total": 0
              }
            },
            {
              "batter": "B Rawal",
              "bowler": "PE Kulume",
              "extras": {
                "wides": 1
              },
              "non_striker": "J Pandey",
              "runs": {
                "batter": 0,
                "extras": 1,
                "total": 1
              }
            },
            {
              "batter": "B Rawal",
              "bowler": "PE Kulume",
              "non_striker": "J Pandey",
              "runs": {
                "batter": 0,
                "extras": 0,
                "total": 0
              }
            },
            {
              "batter": "B Rawal",
              "bowler": "PE Kulume",
              "non_striker": "J Pandey",
              "runs": {
                "batter": 0,
                "extras": 0,
                "total": 0
              }
            },
            {
              "batter": "B Rawal",
              "bowler": "PE Kulume",
              "extras": {
                "wides": 1
              },
              "non_striker": "J Pandey",
              "runs": {
                "batter": 0,
                "extras": 1,
                "total": 1
              }
            },
            {
              "batter": "B Rawal",
              "bowler": "PE Kulume",
              "non_striker": "J Pandey",
              "runs": {
                "batter": 4,
                "extras": 0,
                "total": 4
              }
            },
            {
              "batter": "B Rawal",
              "bowler": "PE Kulume",
              "non_striker": "J Pandey",
              "runs": {
                "batter": 0,
                "extras": 0,
                "total": 0
              }
            },
            {
              "batter": "B Rawal",
              "bowler": "PE Kulume",
              "non_striker": "J Pandey",
              "runs": {
                "batter": 0,
                "extras": 0,
                "total": 0
              }
            }
          ]
        },
        {
          "over": 4,
          "deliveries": [
            {
              "batter": "J Pandey",
              "bowler": "C Aweko",
              "non_striker": "B Rawal",
              "runs": {
                "batter": 1,
                "extras": 0,
                "total": 1
              }
            },
            {
              "batter": "B Rawal",
              "bowler": "C Aweko",
              "non_striker": "J Pandey",
              "runs": {
                "batter": 0,
                "extras": 0,
                "total": 0
              },
              "wickets": [
                {
                  "player_out": "B Rawal",
                  "fielders": [
                    {
                      "name": "E Anyipo"
                    }
                  ],
                  "kind": "run out"
                }
              ]
            },
            {
              "batter": "J Pandey",
              "bowler": "C Aweko",
              "non_striker": "I Barma",
              "runs": {
                "batter": 0,
                "extras": 0,
                "total": 0
              }
            },
            {
              "batter": "J Pandey",
              "bowler": "C Aweko",
              "non_striker": "I Barma",
              "runs": {
                "batter": 4,
                "extras": 0,
                "total": 4
              }
            },
            {
              "batter": "J Pandey",
              "bowler": "C Aweko",
              "non_striker": "I Barma",
              "runs": {
                "batter": 0,
                "extras": 0,
                "total": 0
              }
            },
            {
              "batter": "J Pandey",
              "bowler": "C Aweko",
              "non_striker": "I Barma",
              "runs": {
                "batter": 0,
                "extras": 0,
                "total": 0
              }
            }
          ]
        },
        {
          "over": 5,
          "deliveries": [
            {
              "batter": "I Barma",
              "bowler": "J Mbabazi",
              "non_striker": "J Pandey",
              "runs": {
                "batter": 0,
                "extras": 0,
                "total": 0
              }
            },
            {
              "batter": "I Barma",
              "bowler": "J Mbabazi",
              "extras": {
                "wides": 1
              },
              "non_striker": "J Pandey",
              "runs": {
                "batter": 0,
                "extras": 1,
                "total": 1
              }
            },
            {
              "batter": "I Barma",
              "bowler": "J Mbabazi",
              "non_striker": "J Pandey",
              "runs": {
                "batter": 0,
                "extras": 0,
                "total": 0
              }
            },
            {
              "batter": "I Barma",
              "bowler": "J Mbabazi",
              "non_striker": "J Pandey",
              "runs": {
                "batter": 0,
                "extras": 0,
                "total": 0
              },
              "wickets": [
                {
                  "player_out": "J Pandey",
                  "fielders": [
                    {
                      "name": "J Mbabazi"
                    },
                    {
                      "name": "R Musamali"
                    }
                  ],
                  "kind": "run out"
                }
              ]
            },
            {
              "batter": "RC Belbashi",
              "bowler": "J Mbabazi",
              "non_striker": "I Barma",
              "runs": {
                "batter": 0,
                "extras": 0,
                "total": 0
              }
            },
            {
              "batter": "RC Belbashi",
              "bowler": "J Mbabazi",
              "non_striker": "I Barma",
              "runs": {
                "batter": 0,
                "extras": 0,
                "total": 0
              }
            },
            {
              "batter": "RC Belbashi",
              "bowler": "J Mbabazi",
              "non_striker": "I Barma",
              "runs": {
                "batter": 4,
                "extras": 0,
                "total": 4
              }
            }
          ]
        },
        {
          "over": 6,
          "deliveries": [
            {
              "batter": "I Barma",
              "bowler": "C Aweko",
              "non_striker": "RC Belbashi",
              "runs": {
                "batter": 1,
                "extras": 0,
                "total": 1
              }
            },
            {
              "batter": "RC Belbashi",
              "bowler": "C Aweko",
              "non_striker": "I Barma",
              "runs": {
                "batter": 0,
                "extras": 0,
                "total": 0
              }
            },
            {
              "batter": "RC Belbashi",
              "bowler": "C Aweko",
              "non_striker": "I Barma",
              "runs": {
                "batter": 2,
                "extras": 0,
                "total": 2
              }
            },
            {
              "batter": "RC Belbashi",
              "bowler": "C Aweko",
              "non_striker": "I Barma",
              "runs": {
                "batter": 0,
                "extras": 0,
                "total": 0
              }
            },
            {
              "batter": "RC Belbashi",
              "bowler": "C Aweko",
              "non_striker": "I Barma",
              "runs": {
                "batter": 0,
                "extras": 0,
                "total": 0
              }
            },
            {
              "batter": "RC Belbashi",
              "bowler": "C Aweko",
              "non_striker": "I Barma",
              "runs": {
                "batter": 0,
                "extras": 0,
                "total": 0
              }
            }
          ]
        },
        {
          "over": 7,
          "deliveries": [
            {
              "batter": "I Barma",
              "bowler": "J Mbabazi",
              "non_striker": "RC Belbashi",
              "runs": {
                "batter": 0,
                "extras": 0,
                "total": 0
              }
            },
            {
              "batter": "I Barma",
              "bowler": "J Mbabazi",
              "non_striker": "RC Belbashi",
              "runs": {
                "batter": 0,
                "extras": 0,
                "total": 0
              }
            },
            {
              "batter": "I Barma",
              "bowler": "J Mbabazi",
              "non_striker": "RC Belbashi",
              "runs": {
                "batter": 0,
                "extras": 0,
                "total": 0
              }
            },
            {
              "batter": "I Barma",
              "bowler": "J Mbabazi",
              "non_striker": "RC Belbashi",
              "runs": {
                "batter": 0,
                "extras": 0,
                "total": 0
              }
            },
            {
              "batter": "I Barma",
              "bowler": "J Mbabazi",
              "non_striker": "RC Belbashi",
              "runs": {
                "batter": 4,
                "extras": 0,
                "total": 4
              }
            },
            {
              "batter": "I Barma",
              "bowler": "J Mbabazi",
              "non_striker": "RC Belbashi",
              "runs": {
                "batter": 0,
                "extras": 0,
                "total": 0
              }
            }
          ]
        },
        {
          "over": 8,
          "deliveries": [
            {
              "batter": "RC Belbashi",
              "bowler": "S Akiteng",
              "non_striker": "I Barma",
              "runs": {
                "batter": 0,
                "extras": 0,
                "total": 0
              }
            },
            {
              "batter": "RC Belbashi",
              "bowler": "S Akiteng",
              "non_striker": "I Barma",
              "runs": {
                "batter": 1,
                "extras": 0,
                "total": 1
              }
            },
            {
              "batter": "I Barma",
              "bowler": "S Akiteng",
              "extras": {
                "wides": 2
              },
              "non_striker": "RC Belbashi",
              "runs": {
                "batter": 0,
                "extras": 2,
                "total": 2
              }
            },
            {
              "batter": "RC Belbashi",
              "bowler": "S Akiteng",
              "non_striker": "I Barma",
              "runs": {
                "batter": 0,
                "extras": 0,
                "total": 0
              }
            },
            {
              "batter": "RC Belbashi",
              "bowler": "S Akiteng",
              "non_striker": "I Barma",
              "runs": {
                "batter": 0,
                "extras": 0,
                "total": 0
              }
            },
            {
              "batter": "RC Belbashi",
              "bowler": "S Akiteng",
              "non_striker": "I Barma",
              "runs": {
                "batter": 1,
                "extras": 0,
                "total": 1
              }
            },
            {
              "batter": "I Barma",
              "bowler": "S Akiteng",
              "non_striker": "RC Belbashi",
              "runs": {
                "batter": 2,
                "extras": 0,
                "total": 2
              }
            }
          ]
        },
        {
          "over": 9,
          "deliveries": [
            {
              "batter": "RC Belbashi",
              "bowler": "J Mbabazi",
              "non_striker": "I Barma",
              "runs": {
                "batter": 0,
                "extras": 0,
                "total": 0
              }
            },
            {
              "batter": "RC Belbashi",
              "bowler": "J Mbabazi",
              "non_striker": "I Barma",
              "runs": {
                "batter": 0,
                "extras": 0,
                "total": 0
              }
            },
            {
              "batter": "RC Belbashi",
              "bowler": "J Mbabazi",
              "non_striker": "I Barma",
              "runs": {
                "batter": 0,
                "extras": 0,
                "total": 0
              }
            },
            {
              "batter": "RC Belbashi",
              "bowler": "J Mbabazi",
              "non_striker": "I Barma",
              "runs": {
                "batter": 0,
                "extras": 0,
                "total": 0
              }
            },
            {
              "batter": "RC Belbashi",
              "bowler": "J Mbabazi",
              "non_striker": "I Barma",
              "runs": {
                "batter": 1,
                "extras": 0,
                "total": 1
              }
            },
            {
              "batter": "I Barma",
              "bowler": "J Mbabazi",
              "non_striker": "RC Belbashi",
              "runs": {
                "batter": 0,
                "extras": 0,
                "total": 0
              }
            }
          ]
        },
        {
          "over": 10,
          "deliveries": [
            {
              "batter": "RC Belbashi",
              "bowler": "S Akiteng",
              "non_striker": "I Barma",
              "runs": {
                "batter": 0,
                "extras": 0,
                "total": 0
              }
            },
            {
              "batter": "RC Belbashi",
              "bowler": "S Akiteng",
              "non_striker": "I Barma",
              "runs": {
                "batter": 0,
                "extras": 0,
                "total": 0
              }
            },
            {
              "batter": "RC Belbashi",
              "bowler": "S Akiteng",
              "non_striker": "I Barma",
              "runs": {
                "batter": 0,
                "extras": 0,
                "total": 0
              }
            },
            {
              "batter": "RC Belbashi",
              "bowler": "S Akiteng",
              "non_striker": "I Barma",
              "runs": {
                "batter": 0,
                "extras": 0,
                "total": 0
              },
              "wickets": [
                {
                  "player_out": "RC Belbashi",
                  "kind": "bowled"
                }
              ]
            },
            {
              "batter": "Apsari Begam",
              "bowler": "S Akiteng",
              "non_striker": "I Barma",
              "runs": {
                "batter": 0,
                "extras": 0,
                "total": 0
              }
            },
            {
              "batter": "Apsari Begam",
              "bowler": "S Akiteng",
              "non_striker": "I Barma",
              "runs": {
                "batter": 1,
                "extras": 0,
                "total": 1
              }
            }
          ]
        },
        {
          "over": 11,
          "deliveries": [
            {
              "batter": "Apsari Begam",
              "bowler": "J Mbabazi",
              "non_striker": "I Barma",
              "runs": {
                "batter": 0,
                "extras": 0,
                "total": 0
              },
              "wickets": [
                {
                  "player_out": "Apsari Begam",
                  "kind": "lbw"
                }
              ]
            },
            {
              "batter": "K Joshi",
              "bowler": "J Mbabazi",
              "non_striker": "I Barma",
              "runs": {
                "batter": 0,
                "extras": 0,
                "total": 0
              }
            },
            {
              "batter": "K Joshi",
              "bowler": "J Mbabazi",
              "non_striker": "I Barma",
              "runs": {
                "batter": 0,
                "extras": 0,
                "total": 0
              }
            },
            {
              "batter": "K Joshi",
              "bowler": "J Mbabazi",
              "non_striker": "I Barma",
              "runs": {
                "batter": 2,
                "extras": 0,
                "total": 2
              }
            },
            {
              "batter": "K Joshi",
              "bowler": "J Mbabazi",
              "non_striker": "I Barma",
              "runs": {
                "batter": 2,
                "extras": 0,
                "total": 2
              }
            },
            {
              "batter": "K Joshi",
              "bowler": "J Mbabazi",
              "non_striker": "I Barma",
              "runs": {
                "batter": 0,
                "extras": 0,
                "total": 0
              }
            }
          ]
        },
        {
          "over": 12,
          "deliveries": [
            {
              "batter": "I Barma",
              "bowler": "S Akiteng",
              "non_striker": "K Joshi",
              "runs": {
                "batter": 1,
                "extras": 0,
                "total": 1
              }
            },
            {
              "batter": "K Joshi",
              "bowler": "S Akiteng",
              "non_striker": "I Barma",
              "runs": {
                "batter": 0,
                "extras": 0,
                "total": 0
              },
              "wickets": [
                {
                  "player_out": "K Joshi",
                  "fielders": [
                    {
                      "name": "F Najjumba"
                    }
                  ],
                  "kind": "caught"
                }
              ]
            },
            {
              "batter": "Roma Thapa",
              "bowler": "S Akiteng",
              "non_striker": "I Barma",
              "runs": {
                "batter": 0,
                "extras": 0,
                "total": 0
              }
            },
            {
              "batter": "Roma Thapa",
              "bowler": "S Akiteng",
              "non_striker": "I Barma",
              "runs": {
                "batter": 0,
                "extras": 0,
                "total": 0
              }
            },
            {
              "batter": "Roma Thapa",
              "bowler": "S Akiteng",
              "non_striker": "I Barma",
              "runs": {
                "batter": 0,
                "extras": 0,
                "total": 0
              }
            },
            {
              "batter": "Roma Thapa",
              "bowler": "S Akiteng",
              "non_striker": "I Barma",
              "runs": {
                "batter": 1,
                "extras": 0,
                "total": 1
              }
            }
          ]
        },
        {
          "over": 13,
          "deliveries": [
            {
              "batter": "Roma Thapa",
              "bowler": "R Musamali",
              "non_striker": "I Barma",
              "runs": {
                "batter": 1,
                "extras": 0,
                "total": 1
              }
            },
            {
              "batter": "I Barma",
              "bowler": "R Musamali",
              "non_striker": "Roma Thapa",
              "runs": {
                "batter": 0,
                "extras": 0,
                "total": 0
              }
            },
            {
              "batter": "I Barma",
              "bowler": "R Musamali",
              "non_striker": "Roma Thapa",
              "runs": {
                "batter": 0,
                "extras": 0,
                "total": 0
              }
            },
            {
              "batter": "I Barma",
              "bowler": "R Musamali",
              "non_striker": "Roma Thapa",
              "runs": {
                "batter": 0,
                "extras": 0,
                "total": 0
              }
            },
            {
              "batter": "I Barma",
              "bowler": "R Musamali",
              "non_striker": "Roma Thapa",
              "runs": {
                "batter": 1,
                "extras": 0,
                "total": 1
              }
            },
            {
              "batter": "Roma Thapa",
              "bowler": "R Musamali",
              "non_striker": "I Barma",
              "runs": {
                "batter": 0,
                "extras": 0,
                "total": 0
              }
            }
          ]
        },
        {
          "over": 14,
          "deliveries": [
            {
              "batter": "I Barma",
              "bowler": "S Akiteng",
              "non_striker": "Roma Thapa",
              "runs": {
                "batter": 0,
                "extras": 0,
                "total": 0
              }
            },
            {
              "batter": "I Barma",
              "bowler": "S Akiteng",
              "non_striker": "Roma Thapa",
              "runs": {
                "batter": 2,
                "extras": 0,
                "total": 2
              }
            },
            {
              "batter": "I Barma",
              "bowler": "S Akiteng",
              "non_striker": "Roma Thapa",
              "runs": {
                "batter": 0,
                "extras": 0,
                "total": 0
              }
            },
            {
              "batter": "I Barma",
              "bowler": "S Akiteng",
              "non_striker": "Roma Thapa",
              "runs": {
                "batter": 1,
                "extras": 0,
                "total": 1
              }
            },
            {
              "batter": "Roma Thapa",
              "bowler": "S Akiteng",
              "non_striker": "I Barma",
              "runs": {
                "batter": 1,
                "extras": 0,
                "total": 1
              }
            },
            {
              "batter": "I Barma",
              "bowler": "S Akiteng",
              "non_striker": "Roma Thapa",
              "runs": {
                "batter": 0,
                "extras": 0,
                "total": 0
              }
            }
          ]
        },
        {
          "over": 15,
          "deliveries": [
            {
              "batter": "Roma Thapa",
              "bowler": "R Musamali",
              "non_striker": "I Barma",
              "runs": {
                "batter": 1,
                "extras": 0,
                "total": 1
              }
            },
            {
              "batter": "I Barma",
              "bowler": "R Musamali",
              "non_striker": "Roma Thapa",
              "runs": {
                "batter": 0,
                "extras": 0,
                "total": 0
              }
            },
            {
              "batter": "I Barma",
              "bowler": "R Musamali",
              "non_striker": "Roma Thapa",
              "runs": {
                "batter": 1,
                "extras": 0,
                "total": 1
              }
            },
            {
              "batter": "Roma Thapa",
              "bowler": "R Musamali",
              "extras": {
                "legbyes": 2
              },
              "non_striker": "I Barma",
              "runs": {
                "batter": 0,
                "extras": 2,
                "total": 2
              }
            },
            {
              "batter": "Roma Thapa",
              "bowler": "R Musamali",
              "non_striker": "I Barma",
              "runs": {
                "batter": 0,
                "extras": 0,
                "total": 0
              }
            },
            {
              "batter": "Roma Thapa",
              "bowler": "R Musamali",
              "non_striker": "I Barma",
              "runs": {
                "batter": 1,
                "extras": 0,
                "total": 1
              }
            }
          ]
        },
        {
          "over": 16,
          "deliveries": [
            {
              "batter": "Roma Thapa",
              "bowler": "C Aweko",
              "non_striker": "I Barma",
              "runs": {
                "batter": 0,
                "extras": 0,
                "total": 0
              },
              "wickets": [
                {
                  "player_out": "Roma Thapa",
                  "kind": "lbw"
                }
              ]
            },
            {
              "batter": "D Bhatta",
              "bowler": "C Aweko",
              "non_striker": "I Barma",
              "runs": {
                "batter": 0,
                "extras": 0,
                "total": 0
              }
            },
            {
              "batter": "D Bhatta",
              "bowler": "C Aweko",
              "non_striker": "I Barma",
              "runs": {
                "batter": 1,
                "extras": 0,
                "total": 1
              }
            },
            {
              "batter": "I Barma",
              "bowler": "C Aweko",
              "non_striker": "D Bhatta",
              "runs": {
                "batter": 1,
                "extras": 0,
                "total": 1
              }
            },
            {
              "batter": "D Bhatta",
              "bowler": "C Aweko",
              "non_striker": "I Barma",
              "runs": {
                "batter": 0,
                "extras": 0,
                "total": 0
              }
            },
            {
              "batter": "D Bhatta",
              "bowler": "C Aweko",
              "non_striker": "I Barma",
              "runs": {
                "batter": 1,
                "extras": 0,
                "total": 1
              }
            }
          ]
        },
        {
          "over": 17,
          "deliveries": [
            {
              "batter": "D Bhatta",
              "bowler": "R Musamali",
              "non_striker": "I Barma",
              "runs": {
                "batter": 1,
                "extras": 0,
                "total": 1
              }
            },
            {
              "batter": "I Barma",
              "bowler": "R Musamali",
              "non_striker": "D Bhatta",
              "runs": {
                "batter": 1,
                "extras": 0,
                "total": 1
              }
            },
            {
              "batter": "D Bhatta",
              "bowler": "R Musamali",
              "non_striker": "I Barma",
              "runs": {
                "batter": 4,
                "extras": 0,
                "total": 4
              }
            },
            {
              "batter": "D Bhatta",
              "bowler": "R Musamali",
              "extras": {
                "wides": 1
              },
              "non_striker": "I Barma",
              "runs": {
                "batter": 0,
                "extras": 1,
                "total": 1
              }
            },
            {
              "batter": "D Bhatta",
              "bowler": "R Musamali",
              "non_striker": "I Barma",
              "runs": {
                "batter": 1,
                "extras": 0,
                "total": 1
              }
            },
            {
              "batter": "I Barma",
              "bowler": "R Musamali",
              "non_striker": "D Bhatta",
              "runs": {
                "batter": 1,
                "extras": 0,
                "total": 1
              }
            },
            {
              "batter": "D Bhatta",
              "bowler": "R Musamali",
              "non_striker": "I Barma",
              "runs": {
                "batter": 4,
                "extras": 0,
                "total": 4
              }
            }
          ]
        },
        {
          "over": 18,
          "deliveries": [
            {
              "batter": "I Barma",
              "bowler": "C Aweko",
              "non_striker": "D Bhatta",
              "runs": {
                "batter": 0,
                "extras": 0,
                "total": 0
              },
              "wickets": [
                {
                  "player_out": "I Barma",
                  "fielders": [
                    {
                      "name": "C Aweko"
                    }
                  ],
                  "kind": "run out"
                }
              ]
            },
            {
              "batter": "K Kunwar",
              "bowler": "C Aweko",
              "non_striker": "D Bhatta",
              "runs": {
                "batter": 1,
                "extras": 0,
                "total": 1
              }
            },
            {
              "batter": "D Bhatta",
              "bowler": "C Aweko",
              "non_striker": "K Kunwar",
              "runs": {
                "batter": 1,
                "extras": 0,
                "total": 1
              }
            },
            {
              "batter": "K Kunwar",
              "bowler": "C Aweko",
              "non_striker": "D Bhatta",
              "runs": {
                "batter": 1,
                "extras": 0,
                "total": 1
              }
            },
            {
              "batter": "D Bhatta",
              "bowler": "C Aweko",
              "non_striker": "K Kunwar",
              "runs": {
                "batter": 0,
                "extras": 0,
                "total": 0
              },
              "wickets": [
                {
                  "player_out": "D Bhatta",
                  "kind": "bowled"
                }
              ]
            },
            {
              "batter": "A Karmacharya",
              "bowler": "C Aweko",
              "extras": {
                "wides": 1
              },
              "non_striker": "K Kunwar",
              "runs": {
                "batter": 0,
                "extras": 1,
                "total": 1
              }
            },
            {
              "batter": "A Karmacharya",
              "bowler": "C Aweko",
              "non_striker": "K Kunwar",
              "runs": {
                "batter": 0,
                "extras": 0,
                "total": 0
              }
            }
          ]
        },
        {
          "over": 19,
          "deliveries": [
            {
              "batter": "K Kunwar",
              "bowler": "R Musamali",
              "non_striker": "A Karmacharya",
              "runs": {
                "batter": 2,
                "extras": 0,
                "total": 2
              }
            },
            {
              "batter": "K Kunwar",
              "bowler": "R Musamali",
              "non_striker": "A Karmacharya",
              "runs": {
                "batter": 2,
                "extras": 0,
                "total": 2
              }
            },
            {
              "batter": "K Kunwar",
              "bowler": "R Musamali",
              "non_striker": "A Karmacharya",
              "runs": {
                "batter": 4,
                "extras": 0,
                "total": 4
              }
            },
            {
              "batter": "K Kunwar",
              "bowler": "R Musamali",
              "non_striker": "A Karmacharya",
              "runs": {
                "batter": 1,
                "extras": 0,
                "total": 1
              }
            },
            {
              "batter": "A Karmacharya",
              "bowler": "R Musamali",
              "non_striker": "K Kunwar",
              "runs": {
                "batter": 0,
                "extras": 0,
                "total": 0
              }
            },
            {
              "batter": "A Karmacharya",
              "bowler": "R Musamali",
              "non_striker": "K Kunwar",
              "runs": {
                "batter": 0,
                "extras": 0,
                "total": 0
              },
              "wickets": [
                {
                  "player_out": "A Karmacharya",
                  "kind": "bowled"
                }
              ]
            }
          ]
        }
      ],
      "powerplays": [
        {
          "from": 0.1,
          "to": 5.7,
          "type": "mandatory"
        }
      ],
      "target": {
        "overs": 20,
        "runs": 103
      }
    }
  ]
}