{
  "meta": {
    "data_version": "1.1.0",
    "created": "2022-06-09",
    "revision": 1
  },
  "info": {
    "balls_per_over": 6,
    "city": "Dublin",
    "dates": [
      "2022-06-08"
    ],
    "event": {
      "name": "South Africa Women tour of Ireland",
      "match_number": 3
    },
    "gender": "female",
    "match_type": "T20",
    "match_type_number": 1092,
    "officials": {
      "match_referees": [
        "G McCrea"
      ],
      "reserve_umpires": [
        "Aidan Seaver"
      ],
      "umpires": [
        "AA Baig",
        "R Black"
      ]
    },
    "outcome": {
      "winner": "South Africa",
      "by": {
        "wickets": 8
      }
    },
    "overs": 20,
    "player_of_match": [
      "L Goodall"
    ],
    "players": {
      "Ireland": [
        "L Paul",
        "GH Lewis",
        "MV Waldron",
        "SM Kavanagh",
        "Rachel Delaney",
        "AN Kelly",
        "S Forbes",
        "G Dempsey",
        "C Raack",
        "J Maguire",
        "C Murray"
      ],
      "South Africa": [
        "L Goodall",
        "T Brits",
        "A Bosch",
        "L Wolvaardt",
        "CL Tryon",
        "N de Klerk",
        "T Chetty",
        "TS Sekhukhune",
        "A Khaka",
        "S Luus",
        "N Mlaba"
      ]
    },
    "registry": {
      "people": {
        "A Bosch": "dcf0e8f4",
        "A Khaka": "0d518f89",
        "AA Baig": "5c67c7a6",
        "AN Kelly": "397369e0",
        "Aidan Seaver": "862c0b16",
        "C Murray": "5a50471c",
        "C Raack": "28aba384",
        "CL Tryon": "4d4605e6",
        "G Dempsey": "940feccc",
        "G McCrea": "46f4a901",
        "GH Lewis": "1b9d1579",
        "J Maguire": "1b1c23bb",
        "L Goodall": "0bb32e98",
        "L Paul": "07248d8e",
        "L Wolvaardt": "e60f81c9",
        "MV Waldron": "2e4f11e9",
        "N Mlaba": "686362af",
        "N de Klerk": "ea544967",
        "R Black": "156c8fb1",
        "Rachel Delaney": "d284ef29",
        "S Forbes": "5ecfab18",
        "S Luus": "6d76bc23",
        "SM Kavanagh": "7e9b3b60",
        "T Brits": "06659caa",
        "T Chetty": "53a5767d",
        "TS Sekhukhune": "6e28e586"
      }
    },
    "season": "2022",
    "team_type": "international",
    "teams": [
      "Ireland",
      "South Africa"
    ],
    "toss": {
      "decision": "field",
      "winner": "South Africa"
    },
    "venue": "Pembroke Cricket Club, Sandymount, Dublin"
  },
  "innings": [
    {
      "team": "Ireland",
      "overs": [
        {
          "over": 0,
          "deliveries": [
            {
              "batter": "L Paul",
              "bowler": "N Mlaba",
              "extras": {
                "wides": 1
              },
              "non_striker": "GH Lewis",
              "runs": {
                "batter": 0,
                "extras": 1,
                "total": 1
              }
            },
            {
              "batter": "L Paul",
              "bowler": "N Mlaba",
              "non_striker": "GH Lewis",
              "runs": {
                "batter": 0,
                "extras": 0,
                "total": 0
              }
            },
            {
              "batter": "L Paul",
              "bowler": "N Mlaba",
              "non_striker": "GH Lewis",
              "runs": {
                "batter": 0,
                "extras": 0,
                "total": 0
              }
            },
            {
              "batter": "L Paul",
              "bowler": "N Mlaba",
              "non_striker": "GH Lewis",
              "runs": {
                "batter": 0,
                "extras": 0,
                "total": 0
              }
            },
            {
              "batter": "L Paul",
              "bowler": "N Mlaba",
              "non_striker": "GH Lewis",
              "runs": {
                "batter": 0,
                "extras": 0,
                "total": 0
              }
            },
            {
              "batter": "L Paul",
              "bowler": "N Mlaba",
              "non_striker": "GH Lewis",
              "runs": {
                "batter": 0,
                "extras": 0,
                "total": 0
              }
            },
            {
              "batter": "L Paul",
              "bowler": "N Mlaba",
              "non_striker": "GH Lewis",
              "runs": {
                "batter": 1,
                "extras": 0,
                "total": 1
              }
            }
          ]
        },
        {
          "over": 1,
          "deliveries": [
            {
              "batter": "L Paul",
              "bowler": "A Khaka",
              "non_striker": "GH Lewis",
              "runs": {
                "batter": 0,
                "extras": 0,
                "total": 0
              }
            },
            {
              "batter": "L Paul",
              "bowler": "A Khaka",
              "extras": {
                "wides": 1
              },
              "non_striker": "GH Lewis",
              "runs": {
                "batter": 0,
                "extras": 1,
                "total": 1
              }
            },
            {
              "batter": "L Paul",
              "bowler": "A Khaka",
              "non_striker": "GH Lewis",
              "runs": {
                "batter": 4,
                "extras": 0,
                "total": 4
              }
            },
            {
              "batter": "L Paul",
              "bowler": "A Khaka",
              "non_striker": "GH Lewis",
              "runs": {
                "batter": 0,
                "extras": 0,
                "total": 0
              },
              "wickets": [
                {
                  "player_out": "L Paul",
                  "fielders": [
                    {
                      "name": "S Luus"
                    }
                  ],
                  "kind": "caught"
                }
              ]
            },
            {
              "batter": "MV Waldron",
              "bowler": "A Khaka",
              "non_striker": "GH Lewis",
              "runs": {
                "batter": 1,
                "extras": 0,
                "total": 1
              }
            },
            {
              "batter": "GH Lewis",
              "bowler": "A Khaka",
              "extras": {
                "wides": 1
              },
              "non_striker": "MV Waldron",
              "runs": {
                "batter": 0,
                "extras": 1,
                "total": 1
              }
            },
            {
              "batter": "GH Lewis",
              "bowler": "A Khaka",
              "non_striker": "MV Waldron",
              "runs": {
                "batter": 0,
                "extras": 0,
                "total": 0
              }
            },
            {
              "batter": "GH Lewis",
              "bowler": "A Khaka",
              "non_striker": "MV Waldron",
              "runs": {
                "batter": 0,
                "extras": 0,
                "total": 0
              }
            }
          ]
        },
        {
          "over": 2,
          "deliveries": [
            {
              "batter": "MV Waldron",
              "bowler": "N Mlaba",
              "non_striker": "GH Lewis",
              "runs": {
                "batter": 1,
                "extras": 0,
                "total": 1
              }
            },
            {
              "batter": "GH Lewis",
              "bowler": "N Mlaba",
              "non_striker": "MV Waldron",
              "runs": {
                "batter": 0,
                "extras": 0,
                "total": 0
              }
            },
            {
              "batter": "GH Lewis",
              "bowler": "N Mlaba",
              "non_striker": "MV Waldron",
              "runs": {
                "batter": 0,
                "extras": 0,
                "total": 0
              }
            },
            {
              "batter": "GH Lewis",
              "bowler": "N Mlaba",
              "non_striker": "MV Waldron",
              "runs": {
                "batter": 1,
                "extras": 0,
                "total": 1
              }
            },
            {
              "batter": "MV Waldron",
              "bowler": "N Mlaba",
              "non_striker": "GH Lewis",
              "runs": {
                "batter": 0,
                "extras": 0,
                "total": 0
              },
              "wickets": [
                {
                  "player_out": "MV Waldron",
                  "kind": "lbw"
                }
              ]
            },
            {
              "batter": "SM Kavanagh",
              "bowler": "N Mlaba",
              "non_striker": "GH Lewis",
              "runs": {
                "batter": 0,
                "extras": 0,
                "total": 0
              }
            }
          ]
        },
        {
          "over": 3,
          "deliveries": [
            {
              "batter": "GH Lewis",
              "bowler": "A Khaka",
              "extras": {
                "legbyes": 1
              },
              "non_striker": "SM Kavanagh",
              "runs": {
                "batter": 0,
                "extras": 1,
                "total": 1
              }
            },
            {
              "batter": "SM Kavanagh",
              "bowler": "A Khaka",
              "extras": {
                "legbyes": 1
              },
              "non_striker": "GH Lewis",
              "runs": {
                "batter": 0,
                "extras": 1,
                "total": 1
              }
            },
            {
              "batter": "GH Lewis",
              "bowler": "A Khaka",
              "non_striker": "SM Kavanagh",
              "runs": {
                "batter": 1,
                "extras": 0,
                "total": 1
              }
            },
            {
              "batter": "SM Kavanagh",
              "bowler": "A Khaka",
              "non_striker": "GH Lewis",
              "runs": {
                "batter": 0,
                "extras": 0,
                "total": 0
              }
            },
            {
              "batter": "SM Kavanagh",
              "bowler": "A Khaka",
              "non_striker": "GH Lewis",
              "runs": {
                "batter": 4,
                "extras": 0,
                "total": 4
              }
            },
            {
              "batter": "SM Kavanagh",
              "bowler": "A Khaka",
              "non_striker": "GH Lewis",
              "runs": {
                "batter": 1,
                "extras": 0,
                "total": 1
              }
            }
          ]
        },
        {
          "over": 4,
          "deliveries": [
            {
              "batter": "SM Kavanagh",
              "bowler": "N de Klerk",
              "extras": {
                "legbyes": 1
              },
              "non_striker": "GH Lewis",
              "runs": {
                "batter": 0,
                "extras": 1,
                "total": 1
              }
            },
            {
              "batter": "GH Lewis",
              "bowler": "N de Klerk",
              "non_striker": "SM Kavanagh",
              "runs": {
                "batter": 0,
                "extras": 0,
                "total": 0
              }
            },
            {
              "batter": "GH Lewis",
              "bowler": "N de Klerk",
              "non_striker": "SM Kavanagh",
              "runs": {
                "batter": 0,
                "extras": 0,
                "total": 0
              }
            },
            {
              "batter": "GH Lewis",
              "bowler": "N de Klerk",
              "non_striker": "SM Kavanagh",
              "runs": {
                "batter": 0,
                "extras": 0,
                "total": 0
              }
            },
            {
              "batter": "GH Lewis",
              "bowler": "N de Klerk",
              "non_striker": "SM Kavanagh",
              "runs": {
                "batter": 4,
                "extras": 0,
                "total": 4
              }
            },
            {
              "batter": "GH Lewis",
              "bowler": "N de Klerk",
              "non_striker": "SM Kavanagh",
              "runs": {
                "batter": 0,
                "extras": 0,
                "total": 0
              }
            }
          ]
        },
        {
          "over": 5,
          "deliveries": [
            {
              "batter": "SM Kavanagh",
              "bowler": "TS Sekhukhune",
              "non_striker": "GH Lewis",
              "runs": {
                "batter": 1,
                "extras": 0,
                "total": 1
              }
            },
            {
              "batter": "GH Lewis",
              "bowler": "TS Sekhukhune",
              "non_striker": "SM Kavanagh",
              "runs": {
                "batter": 0,
                "extras": 0,
                "total": 0
              }
            },
            {
              "batter": "GH Lewis",
              "bowler": "TS Sekhukhune",
              "non_striker": "SM Kavanagh",
              "runs": {
                "batter": 4,
                "extras": 0,
                "total": 4
              }
            },
            {
              "batter": "GH Lewis",
              "bowler": "TS Sekhukhune",
              "non_striker": "SM Kavanagh",
              "runs": {
                "batter": 1,
                "extras": 0,
                "total": 1
              }
            },
            {
              "batter": "SM Kavanagh",
              "bowler": "TS Sekhukhune",
              "non_striker": "GH Lewis",
              "runs": {
                "batter": 1,
                "extras": 0,
                "total": 1
              }
            },
            {
              "batter": "GH Lewis",
              "bowler": "TS Sekhukhune",
              "non_striker": "SM Kavanagh",
              "runs": {
                "batter": 4,
                "extras": 0,
                "total": 4
              }
            }
          ]
        },
        {
          "over": 6,
          "deliveries": [
            {
              "batter": "SM Kavanagh",
              "bowler": "S Luus",
              "non_striker": "GH Lewis",
              "runs": {
                "batter": 4,
                "extras": 0,
                "total": 4
              }
            },
            {
              "batter": "SM Kavanagh",
              "bowler": "S Luus",
              "non_striker": "GH Lewis",
              "runs": {
                "batter": 1,
                "extras": 0,
                "total": 1
              }
            },
            {
              "batter": "GH Lewis",
              "bowler": "S Luus",
              "non_striker": "SM Kavanagh",
              "runs": {
                "batter": 1,
                "extras": 0,
                "total": 1
              }
            },
            {
              "batter": "SM Kavanagh",
              "bowler": "S Luus",
              "non_striker": "GH Lewis",
              "runs": {
                "batter": 1,
                "extras": 0,
                "total": 1
              }
            },
            {
              "batter": "GH Lewis",
              "bowler": "S Luus",
              "extras": {
                "wides": 1
              },
              "non_striker": "SM Kavanagh",
              "runs": {
                "batter": 0,
                "extras": 1,
                "total": 1
              }
            },
            {
              "batter": "GH Lewis",
              "bowler": "S Luus",
              "non_striker": "SM Kavanagh",
              "runs": {
                "batter": 1,
                "extras": 0,
                "total": 1
              }
            },
            {
              "batter": "SM Kavanagh",
              "bowler": "S Luus",
              "non_striker": "GH Lewis",
              "runs": {
                "batter": 1,
                "extras": 0,
                "total": 1
              }
            }
          ]
        },
        {
          "over": 7,
          "deliveries": [
            {
              "batter": "SM Kavanagh",
              "bowler": "N de Klerk",
              "non_striker": "GH Lewis",
              "runs": {
                "batter": 1,
                "extras": 0,
                "total": 1
              }
            },
            {
              "batter": "GH Lewis",
              "bowler": "N de Klerk",
              "non_striker": "SM Kavanagh",
              "runs": {
                "batter": 0,
                "extras": 0,
                "total": 0
              }
            },
            {
              "batter": "GH Lewis",
              "bowler": "N de Klerk",
              "non_striker": "SM Kavanagh",
              "runs": {
                "batter": 0,
                "extras": 0,
                "total": 0
              }
            },
            {
              "batter": "GH Lewis",
              "bowler": "N de Klerk",
              "non_striker": "SM Kavanagh",
              "runs": {
                "batter": 4,
                "extras": 0,
                "total": 4
              }
            },
            {
              "batter": "GH Lewis",
              "bowler": "N de Klerk",
              "non_striker": "SM Kavanagh",
              "runs": {
                "batter": 4,
                "extras": 0,
                "total": 4
              }
            },
            {
              "batter": "GH Lewis",
              "bowler": "N de Klerk",
              "non_striker": "SM Kavanagh",
              "runs": {
                "batter": 1,
                "extras": 0,
                "total": 1
              }
            }
          ]
        },
        {
          "over": 8,
          "deliveries": [
            {
              "batter": "GH Lewis",
              "bowler": "S Luus",
              "extras": {
                "wides": 1
              },
              "non_striker": "SM Kavanagh",
              "runs": {
                "batter": 0,
                "extras": 1,
                "total": 1
              }
            },
            {
              "batter": "GH Lewis",
              "bowler": "S Luus",
              "non_striker": "SM Kavanagh",
              "runs": {
                "batter": 1,
                "extras": 0,
                "total": 1
              }
            },
            {
              "batter": "SM Kavanagh",
              "bowler": "S Luus",
              "extras": {
                "wides": 1
              },
              "non_striker": "GH Lewis",
              "runs": {
                "batter": 0,
                "extras": 1,
                "total": 1
              }
            },
            {
              "batter": "SM Kavanagh",
              "bowler": "S Luus",
              "non_striker": "GH Lewis",
              "runs": {
                "batter": 1,
                "extras": 0,
                "total": 1
              }
            },
            {
              "batter": "GH Lewis",
              "bowler": "S Luus",
              "non_striker": "SM Kavanagh",
              "runs": {
                "batter": 1,
                "extras": 0,
                "total": 1
              }
            },
            {
              "batter": "SM Kavanagh",
              "bowler": "S Luus",
              "non_striker": "GH Lewis",
              "runs": {
                "batter": 1,
                "extras": 0,
                "total": 1
              }
            },
            {
              "batter": "GH Lewis",
              "bowler": "S Luus",
              "non_striker": "SM Kavanagh",
              "runs": {
                "batter": 0,
                "extras": 0,
                "total": 0
              }
            },
            {
              "batter": "GH Lewis",
              "bowler": "S Luus",
              "non_striker": "SM Kavanagh",
              "runs": {
                "batter": 0,
                "extras": 0,
                "total": 0
              }
            }
          ]
        },
        {
          "over": 9,
          "deliveries": [
            {
              "batter": "SM Kavanagh",
              "bowler": "A Khaka",
              "non_striker": "GH Lewis",
              "runs": {
                "batter": 1,
                "extras": 0,
                "total": 1
              }
            },
            {
              "batter": "GH Lewis",
              "bowler": "A Khaka",
              "non_striker": "SM Kavanagh",
              "runs": {
                "batter": 0,
                "extras": 0,
                "total": 0
              }
            },
            {
              "batter": "GH Lewis",
              "bowler": "A Khaka",
              "non_striker": "SM Kavanagh",
              "runs": {
                "batter": 1,
                "extras": 0,
                "total": 1
              }
            },
            {
              "batter": "SM Kavanagh",
              "bowler": "A Khaka",
              "non_striker": "GH Lewis",
              "runs": {
                "batter": 0,
                "extras": 0,
                "total": 0
              }
            },
            {
              "batter": "SM Kavanagh",
              "bowler": "A Khaka",
              "non_striker": "GH Lewis",
              "runs": {
                "batter": 1,
                "extras": 0,
                "total": 1
              }
            },
            {
              "batter": "GH Lewis",
              "bowler": "A Khaka",
              "non_striker": "SM Kavanagh",
              "runs": {
                "batter": 0,
                "extras": 0,
                "total": 0
              }
            }
          ]
        },
        {
          "over": 10,
          "deliveries": [
            {
              "batter": "SM Kavanagh",
              "bowler": "N Mlaba",
              "non_striker": "GH Lewis",
              "runs": {
                "batter": 1,
                "extras": 0,
                "total": 1
              }
            },
            {
              "batter": "GH Lewis",
              "bowler": "N Mlaba",
              "non_striker": "SM Kavanagh",
              "runs": {
                "batter": 0,
                "extras": 0,
                "total": 0
              }
            },
            {
              "batter": "GH Lewis",
              "bowler": "N Mlaba",
              "non_striker": "SM Kavanagh",
              "runs": {
                "batter": 0,
                "extras": 0,
                "total": 0
              },
              "wickets": [
                {
                  "player_out": "GH Lewis",
                  "fielders": [
                    {
                      "name": "S Luus"
                    }
                  ],
                  "kind": "caught"
                }
              ]
            },
            {
              "batter": "SM Kavanagh",
              "bowler": "N Mlaba",
              "non_striker": "Rachel Delaney",
              "runs": {
                "batter": 1,
                "extras": 0,
                "total": 1
              }
            },
            {
              "batter": "Rachel Delaney",
              "bowler": "N Mlaba",
              "non_striker": "SM Kavanagh",
              "runs": {
                "batter": 1,
                "extras": 0,
                "total": 1
              }
            },
            {
              "batter": "SM Kavanagh",
              "bowler": "N Mlaba",
              "non_striker": "Rachel Delaney",
              "runs": {
                "batter": 1,
                "extras": 0,
                "total": 1
              }
            }
          ]
        },
        {
          "over": 11,
          "deliveries": [
            {
              "batter": "SM Kavanagh",
              "bowler": "TS Sekhukhune",
              "extras": {
                "byes": 1
              },
              "non_striker": "Rachel Delaney",
              "runs": {
                "batter": 0,
                "extras": 1,
                "total": 1
              }
            },
            {
              "batter": "Rachel Delaney",
              "bowler": "TS Sekhukhune",
              "non_striker": "SM Kavanagh",
              "runs": {
                "batter": 4,
                "extras": 0,
                "total": 4
              }
            },
            {
              "batter": "Rachel Delaney",
              "bowler": "TS Sekhukhune",
              "non_striker": "SM Kavanagh",
              "runs": {
                "batter": 1,
                "extras": 0,
                "total": 1
              }
            },
            {
              "batter": "SM Kavanagh",
              "bowler": "TS Sekhukhune",
              "non_striker": "Rachel Delaney",
              "runs": {
                "batter": 2,
                "extras": 0,
                "total": 2
              }
            },
            {
              "batter": "SM Kavanagh",
              "bowler": "TS Sekhukhune",
              "non_striker": "Rachel Delaney",
              "runs": {
                "batter": 1,
                "extras": 0,
                "total": 1
              }
            },
            {
              "batter": "Rachel Delaney",
              "bowler": "TS Sekhukhune",
              "non_striker": "SM Kavanagh",
              "runs": {
                "batter": 0,
                "extras": 0,
                "total": 0
              }
            }
          ]
        },
        {
          "over": 12,
          "deliveries": [
            {
              "batter": "SM Kavanagh",
              "bowler": "N Mlaba",
              "non_striker": "Rachel Delaney",
              "runs": {
                "batter": 4,
                "extras": 0,
                "total": 4
              }
            },
            {
              "batter": "SM Kavanagh",
              "bowler": "N Mlaba",
              "non_striker": "Rachel Delaney",
              "runs": {
                "batter": 1,
                "extras": 0,
                "total": 1
              }
            },
            {
              "batter": "Rachel Delaney",
              "bowler": "N Mlaba",
              "extras": {
                "wides": 1
              },
              "non_striker": "SM Kavanagh",
              "runs": {
                "batter": 0,
                "extras": 1,
                "total": 1
              }
            },
            {
              "batter": "Rachel Delaney",
              "bowler": "N Mlaba",
              "non_striker": "SM Kavanagh",
              "runs": {
                "batter": 1,
                "extras": 0,
                "total": 1
              }
            },
            {
              "batter": "SM Kavanagh",
              "bowler": "N Mlaba",
              "non_striker": "Rachel Delaney",
              "runs": {
                "batter": 0,
                "extras": 0,
                "total": 0
              }
            },
            {
              "batter": "SM Kavanagh",
              "bowler": "N Mlaba",
              "non_striker": "Rachel Delaney",
              "runs": {
                "batter": 0,
                "extras": 0,
                "total": 0
              }
            },
            {
              "batter": "SM Kavanagh",
              "bowler": "N Mlaba",
              "non_striker": "Rachel Delaney",
              "runs": {
                "batter": 0,
                "extras": 0,
                "total": 0
              }
            }
          ]
        },
        {
          "over": 13,
          "deliveries": [
            {
              "batter": "Rachel Delaney",
              "bowler": "S Luus",
              "non_striker": "SM Kavanagh",
              "runs": {
                "batter": 0,
                "extras": 0,
                "total": 0
              }
            },
            {
              "batter": "Rachel Delaney",
              "bowler": "S Luus",
              "non_striker": "SM Kavanagh",
              "runs": {
                "batter": 1,
                "extras": 0,
                "total": 1
              }
            },
            {
              "batter": "SM Kavanagh",
              "bowler": "S Luus",
              "non_striker": "Rachel Delaney",
              "runs": {
                "batter": 1,
                "extras": 0,
                "total": 1
              }
            },
            {
              "batter": "Rachel Delaney",
              "bowler": "S Luus",
              "non_striker": "SM Kavanagh",
              "runs": {
                "batter": 1,
                "extras": 0,
                "total": 1
              }
            },
            {
              "batter": "SM Kavanagh",
              "bowler": "S Luus",
              "non_striker": "Rachel Delaney",
              "runs": {
                "batter": 1,
                "extras": 0,
                "total": 1
              }
            },
            {
              "batter": "Rachel Delaney",
              "bowler": "S Luus",
              "non_striker": "SM Kavanagh",
              "runs": {
                "batter": 0,
                "extras": 0,
                "total": 0
              }
            }
          ]
        },
        {
          "over": 14,
          "deliveries": [
            {
              "batter": "SM Kavanagh",
              "bowler": "N de Klerk",
              "non_striker": "Rachel Delaney",
              "runs": {
                "batter": 1,
                "extras": 0,
                "total": 1
              },
              "wickets": [
                {
                  "player_out": "SM Kavanagh",
                  "fielders": [
                    {
                      "name": "T Chetty"
                    },
                    {
                      "name": "TS Sekhukhune"
                    }
                  ],
                  "kind": "run out"
                }
              ]
            },
            {
              "batter": "AN Kelly",
              "bowler": "N de Klerk",
              "extras": {
                "wides": 1
              },
              "non_striker": "Rachel Delaney",
              "runs": {
                "batter": 0,
                "extras": 1,
                "total": 1
              }
            },
            {
              "batter": "AN Kelly",
              "bowler": "N de Klerk",
              "non_striker": "Rachel Delaney",
              "runs": {
                "batter": 0,
                "extras": 0,
                "total": 0
              },
              "wickets": [
                {
                  "player_out": "AN Kelly",
                  "kind": "caught and bowled"
                }
              ]
            },
            {
              "batter": "S Forbes",
              "bowler": "N de Klerk",
              "non_striker": "Rachel Delaney",
              "runs": {
                "batter": 1,
                "extras": 0,
                "total": 1
              }
            },
            {
              "batter": "Rachel Delaney",
              "bowler": "N de Klerk",
              "non_striker": "S Forbes",
              "runs": {
                "batter": 1,
                "extras": 0,
                "total": 1
              }
            },
            {
              "batter": "S Forbes",
              "bowler": "N de Klerk",
              "non_striker": "Rachel Delaney",
              "runs": {
                "batter": 0,
                "extras": 0,
                "total": 0
              }
            },
            {
              "batter": "S Forbes",
              "bowler": "N de Klerk",
              "non_striker": "Rachel Delaney",
              "runs": {
                "batter": 0,
                "extras": 0,
                "total": 0
              }
            }
          ]
        },
        {
          "over": 15,
          "deliveries": [
            {
              "batter": "Rachel Delaney",
              "bowler": "S Luus",
              "non_striker": "S Forbes",
              "runs": {
                "batter": 0,
                "extras": 0,
                "total": 0
              },
              "wickets": [
                {
                  "player_out": "Rachel Delaney",
                  "fielders": [
                    {
                      "name": "T Chetty"
                    }
                  ],
                  "kind": "stumped"
                }
              ]
            },
            {
              "batter": "G Dempsey",
              "bowler": "S Luus",
              "non_striker": "S Forbes",
              "runs": {
                "batter": 0,
                "extras": 0,
                "total": 0
              }
            },
            {
              "batter": "G Dempsey",
              "bowler": "S Luus",
              "non_striker": "S Forbes",
              "runs": {
                "batter": 1,
                "extras": 0,
                "total": 1
              }
            },
            {
              "batter": "S Forbes",
              "bowler": "S Luus",
              "non_striker": "G Dempsey",
              "runs": {
                "batter": 2,
                "extras": 0,
                "total": 2
              }
            },
            {
              "batter": "S Forbes",
              "bowler": "S Luus",
              "non_striker": "G Dempsey",
              "runs": {
                "batter": 1,
                "extras": 0,
                "total": 1
              }
            },
            {
              "batter": "G Dempsey",
              "bowler": "S Luus",
              "non_striker": "S Forbes",
              "runs": {
                "batter": 1,
                "extras": 0,
                "total": 1
              }
            }
          ]
        },
        {
          "over": 16,
          "deliveries": [
            {
              "batter": "G Dempsey",
              "bowler": "TS Sekhukhune",
              "non_striker": "S Forbes",
              "runs": {
                "batter": 0,
                "extras": 0,
                "total": 0
              }
            },
            {
              "batter": "G Dempsey",
              "bowler": "TS Sekhukhune",
              "non_striker": "S Forbes",
              "runs": {
                "batter": 1,
                "extras": 0,
                "total": 1
              }
            },
            {
              "batter": "S Forbes",
              "bowler": "TS Sekhukhune",
              "non_striker": "G Dempsey",
              "runs": {
                "batter": 0,
                "extras": 0,
                "total": 0
              }
            },
            {
              "batter": "S Forbes",
              "bowler": "TS Sekhukhune",
              "non_striker": "G Dempsey",
              "runs": {
                "batter": 0,
                "extras": 0,
                "total": 0
              },
              "wickets": [
                {
                  "player_out": "S Forbes",
                  "fielders": [
                    {
                      "name": "CL Tryon"
                    }
                  ],
                  "kind": "caught"
                }
              ]
            },
            {
              "batter": "G Dempsey",
              "bowler": "TS Sekhukhune",
              "non_striker": "C Raack",
              "runs": {
                "batter": 0,
                "extras": 0,
                "total": 0
              }
            },
            {
              "batter": "G Dempsey",
              "bowler": "TS Sekhukhune",
              "non_striker": "C Raack",
              "runs": {
                "batter": 0,
                "extras": 0,
                "total": 0
              },
              "wickets": [
                {
                  "player_out": "G Dempsey",
                  "kind": "bowled"
                }
              ]
            }
          ]
        },
        {
          "over": 17,
          "deliveries": [
            {
              "batter": "C Raack",
              "bowler": "N de Klerk",
              "extras": {
                "wides": 2
              },
              "non_striker": "J Maguire",
              "runs": {
                "batter": 0,
                "extras": 2,
                "total": 2
              }
            },
            {
              "batter": "J Maguire",
              "bowler": "N de Klerk",
              "extras": {
                "wides": 1
              },
              "non_striker": "C Raack",
              "runs": {
                "batter": 0,
                "extras": 1,
                "total": 1
              }
            },
            {
              "batter": "J Maguire",
              "bowler": "N de Klerk",
              "non_striker": "C Raack",
              "runs": {
                "batter": 0,
                "extras": 0,
                "total": 0
              }
            },
            {
              "batter": "J Maguire",
              "bowler": "N de Klerk",
              "non_striker": "C Raack",
              "runs": {
                "batter": 1,
                "extras": 0,
                "total": 1
              }
            },
            {
              "batter": "C Raack",
              "bowler": "N de Klerk",
              "non_striker": "J Maguire",
              "runs": {
                "batter": 0,
                "extras": 0,
                "total": 0
              }
            },
            {
              "batter": "C Raack",
              "bowler": "N de Klerk",
              "non_striker": "J Maguire",
              "runs": {
                "batter": 0,
                "extras": 0,
                "total": 0
              },
              "wickets": [
                {
                  "player_out": "C Raack",
                  "fielders": [
                    {
                      "name": "T Chetty"
                    }
                  ],
                  "kind": "caught"
                }
              ]
            },
            {
              "batter": "C Murray",
              "bowler": "N de Klerk",
              "non_striker": "J Maguire",
              "runs": {
                "batter": 1,
                "extras": 0,
                "total": 1
              }
            },
            {
              "batter": "J Maguire",
              "bowler": "N de Klerk",
              "extras": {
                "byes": 1
              },
              "non_striker": "C Murray",
              "runs": {
                "batter": 0,
                "extras": 1,
                "total": 1
              }
            }
          ]
        },
        {
          "over": 18,
          "deliveries": [
            {
              "batter": "J Maguire",
              "bowler": "TS Sekhukhune",
              "non_striker": "C Murray",
              "runs": {
                "batter": 0,
                "extras": 0,
                "total": 0
              }
            },
            {
              "batter": "J Maguire",
              "bowler": "TS Sekhukhune",
              "non_striker": "C Murray",
              "runs": {
                "batter": 0,
                "extras": 0,
                "total": 0
              }
            },
            {
              "batter": "J Maguire",
              "bowler": "TS Sekhukhune",
              "non_striker": "C Murray",
              "runs": {
                "batter": 0,
                "extras": 0,
                "total": 0
              },
              "wickets": [
                {
                  "player_out": "J Maguire",
                  "fielders": [
                    {
                      "name": "T Brits"
                    }
                  ],
                  "kind": "caught"
                }
              ]
            }
          ]
        }
      ],
      "powerplays": [
        {
          "from": 0.1,
          "to": 5.6,
          "type": "mandatory"
        }
      ]
    },
    {
      "team": "South Africa",
      "overs": [
        {
          "over": 0,
          "deliveries": [
            {
              "batter": "L Goodall",
              "bowler": "Rachel Delaney",
              "non_striker": "T Brits",
              "runs": {
                "batter": 0,
                "extras": 0,
                "total": 0
              }
            },
            {
              "batter": "L Goodall",
              "bowler": "Rachel Delaney",
              "non_striker": "T Brits",
              "runs": {
                "batter": 0,
                "extras": 0,
                "total": 0
              }
            },
            {
              "batter": "L Goodall",
              "bowler": "Rachel Delaney",
              "non_striker": "T Brits",
              "runs": {
                "batter": 1,
                "extras": 0,
                "total": 1
              }
            },
            {
              "batter": "T Brits",
              "bowler": "Rachel Delaney",
              "non_striker": "L Goodall",
              "runs": {
                "batter": 3,
                "extras": 0,
                "total": 3
              }
            },
            {
              "batter": "L Goodall",
              "bowler": "Rachel Delaney",
              "non_striker": "T Brits",
              "runs": {
                "batter": 0,
                "extras": 0,
                "total": 0
              }
            },
            {
              "batter": "L Goodall",
              "bowler": "Rachel Delaney",
              "non_striker": "T Brits",
              "runs": {
                "batter": 0,
                "extras": 0,
                "total": 0
              }
            }
          ]
        },
        {
          "over": 1,
          "deliveries": [
            {
              "batter": "T Brits",
              "bowler": "J Maguire",
              "non_striker": "L Goodall",
              "runs": {
                "batter": 0,
                "extras": 0,
                "total": 0
              }
            },
            {
              "batter": "T Brits",
              "bowler": "J Maguire",
              "non_striker": "L Goodall",
              "runs": {
                "batter": 0,
                "extras": 0,
                "total": 0
              },
              "wickets": [
                {
                  "player_out": "T Brits",
                  "fielders": [
                    {
                      "name": "MV Waldron"
                    }
                  ],
                  "kind": "caught"
                }
              ]
            },
            {
              "batter": "A Bosch",
              "bowler": "J Maguire",
              "non_striker": "L Goodall",
              "runs": {
                "batter": 4,
                "extras": 0,
                "total": 4
              }
            },
            {
              "batter": "A Bosch",
              "bowler": "J Maguire",
              "non_striker": "L Goodall",
              "runs": {
                "batter": 1,
                "extras": 0,
                "total": 1
              }
            },
            {
              "batter": "L Goodall",
              "bowler": "J Maguire",
              "non_striker": "A Bosch",
              "runs": {
                "batter": 0,
                "extras": 0,
                "total": 0
              }
            },
            {
              "batter": "L Goodall",
              "bowler": "J Maguire",
              "non_striker": "A Bosch",
              "runs": {
                "batter": 1,
                "extras": 0,
                "total": 1
              }
            }
          ]
        },
        {
          "over": 2,
          "deliveries": [
            {
              "batter": "L Goodall",
              "bowler": "Rachel Delaney",
              "non_striker": "A Bosch",
              "runs": {
                "batter": 0,
                "extras": 0,
                "total": 0
              }
            },
            {
              "batter": "L Goodall",
              "bowler": "Rachel Delaney",
              "non_striker": "A Bosch",
              "runs": {
                "batter": 4,
                "extras": 0,
                "total": 4
              }
            },
            {
              "batter": "L Goodall",
              "bowler": "Rachel Delaney",
              "non_striker": "A Bosch",
              "runs": {
                "batter": 4,
                "extras": 0,
                "total": 4
              }
            },
            {
              "batter": "L Goodall",
              "bowler": "Rachel Delaney",
              "non_striker": "A Bosch",
              "runs": {
                "batter": 4,
                "extras": 0,
                "total": 4
              }
            },
            {
              "batter": "L Goodall",
              "bowler": "Rachel Delaney",
              "non_striker": "A Bosch",
              "runs": {
                "batter": 1,
                "extras": 0,
                "total": 1
              }
            },
            {
              "batter": "A Bosch",
              "bowler": "Rachel Delaney",
              "non_striker": "L Goodall",
              "runs": {
                "batter": 1,
                "extras": 0,
                "total": 1
              }
            }
          ]
        },
        {
          "over": 3,
          "deliveries": [
            {
              "batter": "A Bosch",
              "bowler": "L Paul",
              "non_striker": "L Goodall",
              "runs": {
                "batter": 0,
                "extras": 0,
                "total": 0
              }
            },
            {
              "batter": "A Bosch",
              "bowler": "L Paul",
              "non_striker": "L Goodall",
              "runs": {
                "batter": 1,
                "extras": 0,
                "total": 1
              }
            },
            {
              "batter": "L Goodall",
              "bowler": "L Paul",
              "non_striker": "A Bosch",
              "runs": {
                "batter": 4,
                "extras": 0,
                "total": 4
              }
            },
            {
              "batter": "L Goodall",
              "bowler": "L Paul",
              "extras": {
                "wides": 1
              },
              "non_striker": "A Bosch",
              "runs": {
                "batter": 0,
                "extras": 1,
                "total": 1
              }
            },
            {
              "batter": "L Goodall",
              "bowler": "L Paul",
              "non_striker": "A Bosch",
              "runs": {
                "batter": 4,
                "extras": 0,
                "total": 4
              }
            },
            {
              "batter": "L Goodall",
              "bowler": "L Paul",
              "non_striker": "A Bosch",
              "runs": {
                "batter": 0,
                "extras": 0,
                "total": 0
              }
            },
            {
              "batter": "L Goodall",
              "bowler": "L Paul",
              "non_striker": "A Bosch",
              "runs": {
                "batter": 1,
                "extras": 0,
                "total": 1
              }
            }
          ]
        },
        {
          "over": 4,
          "deliveries": [
            {
              "batter": "L Goodall",
              "bowler": "AN Kelly",
              "non_striker": "A Bosch",
              "runs": {
                "batter": 0,
                "extras": 0,
                "total": 0
              }
            },
            {
              "batter": "L Goodall",
              "bowler": "AN Kelly",
              "non_striker": "A Bosch",
              "runs": {
                "batter": 0,
                "extras": 0,
                "total": 0
              }
            },
            {
              "batter": "L Goodall",
              "bowler": "AN Kelly",
              "non_striker": "A Bosch",
              "runs": {
                "batter": 4,
                "extras": 0,
                "total": 4
              }
            },
            {
              "batter": "L Goodall",
              "bowler": "AN Kelly",
              "non_striker": "A Bosch",
              "runs": {
                "batter": 4,
                "extras": 0,
                "total": 4
              }
            },
            {
              "batter": "L Goodall",
              "bowler": "AN Kelly",
              "non_striker": "A Bosch",
              "runs": {
                "batter": 1,
                "extras": 0,
                "total": 1
              }
            },
            {
              "batter": "A Bosch",
              "bowler": "AN Kelly",
              "non_striker": "L Goodall",
              "runs": {
                "batter": 0,
                "extras": 0,
                "total": 0
              }
            }
          ]
        },
        {
          "over": 5,
          "deliveries": [
            {
              "batter": "L Goodall",
              "bowler": "C Raack",
              "non_striker": "A Bosch",
              "runs": {
                "batter": 4,
                "extras": 0,
                "total": 4
              }
            },
            {
              "batter": "L Goodall",
              "bowler": "C Raack",
              "extras": {
                "byes": 1
              },
              "non_striker": "A Bosch",
              "runs": {
                "batter": 0,
                "extras": 1,
                "total": 1
              }
            },
            {
              "batter": "A Bosch",
              "bowler": "C Raack",
              "non_striker": "L Goodall",
              "runs": {
                "batter": 0,
                "extras": 0,
                "total": 0
              }
            },
            {
              "batter": "A Bosch",
              "bowler": "C Raack",
              "non_striker": "L Goodall",
              "runs": {
                "batter": 1,
                "extras": 0,
                "total": 1
              }
            },
            {
              "batter": "L Goodall",
              "bowler": "C Raack",
              "non_striker": "A Bosch",
              "runs": {
                "batter": 1,
                "extras": 0,
                "total": 1
              }
            },
            {
              "batter": "A Bosch",
              "bowler": "C Raack",
              "non_striker": "L Goodall",
              "runs": {
                "batter": 1,
                "extras": 0,
                "total": 1
              }
            }
          ]
        },
        {
          "over": 6,
          "deliveries": [
            {
              "batter": "A Bosch",
              "bowler": "C Murray",
              "non_striker": "L Goodall",
              "runs": {
                "batter": 1,
                "extras": 0,
                "total": 1
              }
            },
            {
              "batter": "L Goodall",
              "bowler": "C Murray",
              "extras": {
                "wides": 1
              },
              "non_striker": "A Bosch",
              "runs": {
                "batter": 0,
                "extras": 1,
                "total": 1
              }
            },
            {
              "batter": "L Goodall",
              "bowler": "C Murray",
              "non_striker": "A Bosch",
              "runs": {
                "batter": 0,
                "extras": 0,
                "total": 0
              }
            },
            {
              "batter": "L Goodall",
              "bowler": "C Murray",
              "non_striker": "A Bosch",
              "runs": {
                "batter": 1,
                "extras": 0,
                "total": 1
              }
            },
            {
              "batter": "A Bosch",
              "bowler": "C Murray",
              "non_striker": "L Goodall",
              "runs": {
                "batter": 1,
                "extras": 0,
                "total": 1
              }
            },
            {
              "batter": "L Goodall",
              "bowler": "C Murray",
              "non_striker": "A Bosch",
              "runs": {
                "batter": 1,
                "extras": 0,
                "total": 1
              }
            },
            {
              "batter": "A Bosch",
              "bowler": "C Murray",
              "non_striker": "L Goodall",
              "runs": {
                "batter": 0,
                "extras": 0,
                "total": 0
              }
            }
          ]
        },
        {
          "over": 7,
          "deliveries": [
            {
              "batter": "L Goodall",
              "bowler": "G Dempsey",
              "non_striker": "A Bosch",
              "runs": {
                "batter": 1,
                "extras": 0,
                "total": 1
              }
            },
            {
              "batter": "A Bosch",
              "bowler": "G Dempsey",
              "non_striker": "L Goodall",
              "runs": {
                "batter": 0,
                "extras": 0,
                "total": 0
              }
            },
            {
              "batter": "A Bosch",
              "bowler": "G Dempsey",
              "non_striker": "L Goodall",
              "runs": {
                "batter": 1,
                "extras": 0,
                "total": 1
              }
            },
            {
              "batter": "L Goodall",
              "bowler": "G Dempsey",
              "non_striker": "A Bosch",
              "runs": {
                "batter": 4,
                "extras": 0,
                "total": 4
              }
            },
            {
              "batter": "L Goodall",
              "bowler": "G Dempsey",
              "non_striker": "A Bosch",
              "runs": {
                "batter": 1,
                "extras": 0,
                "total": 1
              }
            },
            {
              "batter": "A Bosch",
              "bowler": "G Dempsey",
              "non_striker": "L Goodall",
              "runs": {
                "batter": 1,
                "extras": 0,
                "total": 1
              }
            }
          ]
        },
        {
          "over": 8,
          "deliveries": [
            {
              "batter": "A Bosch",
              "bowler": "C Murray",
              "non_striker": "L Goodall",
              "runs": {
                "batter": 6,
                "extras": 0,
                "total": 6
              }
            },
            {
              "batter": "A Bosch",
              "bowler": "C Murray",
              "non_striker": "L Goodall",
              "runs": {
                "batter": 1,
                "extras": 0,
                "total": 1
              }
            },
            {
              "batter": "L Goodall",
              "bowler": "C Murray",
              "non_striker": "A Bosch",
              "runs": {
                "batter": 1,
                "extras": 0,
                "total": 1
              }
            },
            {
              "batter": "A Bosch",
              "bowler": "C Murray",
              "non_striker": "L Goodall",
              "runs": {
                "batter": 1,
                "extras": 0,
                "total": 1
              }
            },
            {
              "batter": "L Goodall",
              "bowler": "C Murray",
              "non_striker": "A Bosch",
              "runs": {
                "batter": 1,
                "extras": 0,
                "total": 1
              }
            },
            {
              "batter": "A Bosch",
              "bowler": "C Murray",
              "non_striker": "L Goodall",
              "runs": {
                "batter": 1,
                "extras": 0,
                "total": 1
              }
            }
          ]
        },
        {
          "over": 9,
          "deliveries": [
            {
              "batter": "A Bosch",
              "bowler": "G Dempsey",
              "non_striker": "L Goodall",
              "runs": {
                "batter": 0,
                "extras": 0,
                "total": 0
              }
            },
            {
              "batter": "A Bosch",
              "bowler": "G Dempsey",
              "non_striker": "L Goodall",
              "runs": {
                "batter": 0,
                "extras": 0,
                "total": 0
              }
            },
            {
              "batter": "A Bosch",
              "bowler": "G Dempsey",
              "non_striker": "L Goodall",
              "runs": {
                "batter": 0,
                "extras": 0,
                "total": 0
              }
            },
            {
              "batter": "A Bosch",
              "bowler": "G Dempsey",
              "non_striker": "L Goodall",
              "runs": {
                "batter": 0,
                "extras": 0,
                "total": 0
              },
              "wickets": [
                {
                  "player_out": "L Goodall",
                  "fielders": [
                    {
                      "name": "GH Lewis"
                    },
                    {
                      "name": "MV Waldron"
                    }
                  ],
                  "kind": "run out"
                }
              ]
            },
            {
              "batter": "L Wolvaardt",
              "bowler": "G Dempsey",
              "non_striker": "A Bosch",
              "runs": {
                "batter": 1,
                "extras": 0,
                "total": 1
              }
            },
            {
              "batter": "A Bosch",
              "bowler": "G Dempsey",
              "non_striker": "L Wolvaardt",
              "runs": {
                "batter": 0,
                "extras": 0,
                "total": 0
              }
            }
          ]
        },
        {
          "over": 10,
          "deliveries": [
            {
              "batter": "L Wolvaardt",
              "bowler": "Rachel Delaney",
              "non_striker": "A Bosch",
              "runs": {
                "batter": 0,
                "extras": 0,
                "total": 0
              }
            },
            {
              "batter": "L Wolvaardt",
              "bowler": "Rachel Delaney",
              "non_striker": "A Bosch",
              "runs": {
                "batter": 0,
                "extras": 0,
                "total": 0
              }
            },
            {
              "batter": "L Wolvaardt",
              "bowler": "Rachel Delaney",
              "non_striker": "A Bosch",
              "runs": {
                "batter": 0,
                "extras": 0,
                "total": 0
              }
            },
            {
              "batter": "L Wolvaardt",
              "bowler": "Rachel Delaney",
              "non_striker": "A Bosch",
              "runs": {
                "batter": 1,
                "extras": 0,
                "total": 1
              }
            },
            {
              "batter": "A Bosch",
              "bowler": "Rachel Delaney",
              "non_striker": "L Wolvaardt",
              "runs": {
                "batter": 1,
                "extras": 0,
                "total": 1
              }
            },
            {
              "batter": "L Wolvaardt",
              "bowler": "Rachel Delaney",
              "non_striker": "A Bosch",
              "runs": {
                "batter": 0,
                "extras": 0,
                "total": 0
              }
            }
          ]
        },
        {
          "over": 11,
          "deliveries": [
            {
              "batter": "A Bosch",
              "bowler": "G Dempsey",
              "non_striker": "L Wolvaardt",
              "runs": {
                "batter": 1,
                "extras": 0,
                "total": 1
              }
            },
            {
              "batter": "L Wolvaardt",
              "bowler": "G Dempsey",
              "non_striker": "A Bosch",
              "runs": {
                "batter": 1,
                "extras": 0,
                "total": 1
              }
            },
            {
              "batter": "A Bosch",
              "bowler": "G Dempsey",
              "non_striker": "L Wolvaardt",
              "runs": {
                "batter": 0,
                "extras": 0,
                "total": 0
              }
            },
            {
              "batter": "A Bosch",
              "bowler": "G Dempsey",
              "non_striker": "L Wolvaardt",
              "runs": {
                "batter": 2,
                "extras": 0,
                "total": 2
              }
            },
            {
              "batter": "A Bosch",
              "bowler": "G Dempsey",
              "non_striker": "L Wolvaardt",
              "runs": {
                "batter": 1,
                "extras": 0,
                "total": 1
              }
            },
            {
              "batter": "L Wolvaardt",
              "bowler": "G Dempsey",
              "non_striker": "A Bosch",
              "runs": {
                "batter": 0,
                "extras": 0,
                "total": 0
              }
            }
          ]
        },
        {
          "over": 12,
          "deliveries": [
            {
              "batter": "A Bosch",
              "bowler": "C Murray",
              "non_striker": "L Wolvaardt",
              "runs": {
                "batter": 4,
                "extras": 0,
                "total": 4
              }
            },
            {
              "batter": "A Bosch",
              "bowler": "C Murray",
              "non_striker": "L Wolvaardt",
              "runs": {
                "batter": 0,
                "extras": 0,
                "total": 0
              }
            },
            {
              "batter": "A Bosch",
              "bowler": "C Murray",
              "non_striker": "L Wolvaardt",
              "runs": {
                "batter": 4,
                "extras": 0,
                "total": 4
              }
            },
            {
              "batter": "A Bosch",
              "bowler": "C Murray",
              "non_striker": "L Wolvaardt",
              "runs": {
                "batter": 0,
                "extras": 0,
                "total": 0
              }
            },
            {
              "batter": "A Bosch",
              "bowler": "C Murray",
              "non_striker": "L Wolvaardt",
              "runs": {
                "batter": 0,
                "extras": 0,
                "total": 0
              }
            },
            {
              "batter": "A Bosch",
              "bowler": "C Murray",
              "non_striker": "L Wolvaardt",
              "runs": {
                "batter": 4,
                "extras": 0,
                "total": 4
              }
            }
          ]
        },
        {
          "over": 13,
          "deliveries": [
            {
              "batter": "L Wolvaardt",
              "bowler": "G Dempsey",
              "non_striker": "A Bosch",
              "runs": {
                "batter": 4,
                "extras": 0,
                "total": 4
              }
            },
            {
              "batter": "L Wolvaardt",
              "bowler": "G Dempsey",
              "non_striker": "A Bosch",
              "runs": {
                "batter": 1,
                "extras": 0,
                "total": 1
              }
            },
            {
              "batter": "A Bosch",
              "bowler": "G Dempsey",
              "non_striker": "L Wolvaardt",
              "runs": {
                "batter": 1,
                "extras": 0,
                "total": 1
              }
            },
            {
              "batter": "L Wolvaardt",
              "bowler": "G Dempsey",
              "extras": {
                "wides": 1
              },
              "non_striker": "A Bosch",
              "runs": {
                "batter": 0,
                "extras": 1,
                "total": 1
              }
            },
            {
              "batter": "L Wolvaardt",
              "bowler": "G Dempsey",
              "non_striker": "A Bosch",
              "runs": {
                "batter": 1,
                "extras": 0,
                "total": 1
              }
            },
            {
              "batter": "A Bosch",
              "bowler": "G Dempsey",
              "non_striker": "L Wolvaardt",
              "runs": {
                "batter": 4,
                "extras": 0,
                "total": 4
              }
            }
          ]
        }
      ],
      "powerplays": [
        {
          "from": 0.1,
          "to": 5.6,
          "type": "mandatory"
        }
      ],
      "target": {
        "overs": 20,
        "runs": 105
      }
    }
  ]
}