{
  "meta": {
    "data_version": "1.1.0",
    "created": "2022-07-13",
    "revision": 1
  },
  "info": {
    "balls_per_over": 6,
    "city": "Kerava",
    "dates": [
      "2022-07-12"
    ],
    "event": {
      "name": "ICC Men's T20 World Cup Sub Regional Europe Qualifier",
      "match_number": 2,
      "group": "2"
    },
    "gender": "male",
    "match_type": "T20",
    "match_type_number": 1639,
    "officials": {
      "match_referees": [
        "GH Pienaar"
      ],
      "reserve_umpires": [
        "SB Ravindra"
      ],
      "umpires": [
        "S Kuchimanchi",
        "A Paleker"
      ]
    },
    "outcome": {
      "winner": "Isle of Man",
      "by": {
        "wickets": 8
      }
    },
    "overs": 20,
    "player_of_match": [
      "G Burrows"
    ],
    "players": {
      "Cyprus": [
        "Muhammad Shoaib Ahmed",
        "AUKDS Kalugala",
        "CPPM Sadun",
        "Gurpratap Singh",
        "S Austin",
        "R Mazumder",
        "NK Tiwari",
        "Tejwinder Singh",
        "SN Pathirana",
        "SRMJJ Arachchilage",
        "Riyaz Kajalwala"
      ],
      "Isle of Man": [
        "A McAuley",
        "N Knights",
        "G Burrows",
        "C Hartmann",
        "MJ Ansell",
        "EF Beard",
        "JA Burrows",
        "CJ Langford",
        "K Cawte",
        "J Butler",
        "D Jansen"
      ]
    },
    "registry": {
      "people": {
        "A McAuley": "39e599c8",
        "A Paleker": "634b11ac",
        "AUKDS Kalugala": "e2d1822f",
        "C Hartmann": "467c28f9",
        "CJ Langford": "3967b66f",
        "CPPM Sadun": "2cf2fc9e",
        "D Jansen": "c90346a0",
        "EF Beard": "68019a70",
        "G Burrows": "8bee668b",
        "GH Pienaar": "3516e46b",
        "Gurpratap Singh": "49235be5",
        "J Butler": "efcb778e",
        "JA Burrows": "dba54d8e",
        "K Cawte": "a2dd9236",
        "MJ Ansell": "6e60a792",
        "Muhammad Shoaib Ahmed": "2a13e6b1",
        "N Knights": "b0aadf4f",
        "NK Tiwari": "97f44626",
        "R Mazumder": "b23d3ec5",
        "Riyaz Kajalwala": "9bfb8edc",
        "S Austin": "40ee633c",
        "S Kuchimanchi": "b0cad015",
        "SB Ravindra": "394ba7a8",
        "SN Pathirana": "f4000a7d",
        "SRMJJ Arachchilage": "c9473a95",
        "Tejwinder Singh": "ad37baac"
      }
    },
    "season": "2022",
    "team_type": "international",
    "teams": [
      "Cyprus",
      "Isle of Man"
    ],
    "toss": {
      "decision": "field",
      "winner": "Isle of Man"
    },
    "venue": "Kerava National Cricket Ground"
  },
  "innings": [
    {
      "team": "Cyprus",
      "overs": [
        {
          "over": 0,
          "deliveries": [
            {
              "batter": "Muhammad Shoaib Ahmed",
              "bowler": "CJ Langford",
              "non_striker": "AUKDS Kalugala",
              "runs": {
                "batter": 0,
                "extras": 0,
                "total": 0
              }
            },
            {
              "batter": "Muhammad Shoaib Ahmed",
              "bowler": "CJ Langford",
              "non_striker": "AUKDS Kalugala",
              "runs": {
                "batter": 0,
                "extras": 0,
                "total": 0
              }
            },
            {
              "batter": "Muhammad Shoaib Ahmed",
              "bowler": "CJ Langford",
              "non_striker": "AUKDS Kalugala",
              "runs": {
                "batter": 4,
                "extras": 0,
                "total": 4
              }
            },
            {
              "batter": "Muhammad Shoaib Ahmed",
              "bowler": "CJ Langford",
              "non_striker": "AUKDS Kalugala",
              "runs": {
                "batter": 1,
                "extras": 0,
                "total": 1
              }
            },
            {
              "batter": "AUKDS Kalugala",
              "bowler": "CJ Langford",
              "non_striker": "Muhammad Shoaib Ahmed",
              "runs": {
                "batter": 0,
                "extras": 0,
                "total": 0
              }
            },
            {
              "batter": "AUKDS Kalugala",
              "bowler": "CJ Langford",
              "non_striker": "Muhammad Shoaib Ahmed",
              "runs": {
                "batter": 0,
                "extras": 0,
                "total": 0
              }
            }
          ]
        },
        {
          "over": 1,
          "deliveries": [
            {
              "batter": "Muhammad Shoaib Ahmed",
              "bowler": "MJ Ansell",
              "non_striker": "AUKDS Kalugala",
              "runs": {
                "batter": 0,
                "extras": 0,
                "total": 0
              }
            },
            {
              "batter": "Muhammad Shoaib Ahmed",
              "bowler": "MJ Ansell",
              "non_striker": "AUKDS Kalugala",
              "runs": {
                "batter": 0,
                "extras": 0,
                "total": 0
              }
            },
            {
              "batter": "Muhammad Shoaib Ahmed",
              "bowler": "MJ Ansell",
              "non_striker": "AUKDS Kalugala",
              "runs": {
                "batter": 0,
                "extras": 0,
                "total": 0
              }
            },
            {
              "batter": "Muhammad Shoaib Ahmed",
              "bowler": "MJ Ansell",
              "non_striker": "AUKDS Kalugala",
              "runs": {
                "batter": 4,
                "extras": 0,
                "total": 4
              }
            },
            {
              "batter": "Muhammad Shoaib Ahmed",
              "bowler": "MJ Ansell",
              "extras": {
                "wides": 1
              },
              "non_striker": "AUKDS Kalugala",
              "runs": {
                "batter": 0,
                "extras": 1,
                "total": 1
              }
            },
            {
              "batter": "Muhammad Shoaib Ahmed",
              "bowler": "MJ Ansell",
              "non_striker": "AUKDS Kalugala",
              "runs": {
                "batter": 0,
                "extras": 0,
                "total": 0
              }
            },
            {
              "batter": "Muhammad Shoaib Ahmed",
              "bowler": "MJ Ansell",
              "non_striker": "AUKDS Kalugala",
              "runs": {
                "batter": 0,
                "extras": 0,
                "total": 0
              }
            }
          ]
        },
        {
          "over": 2,
          "deliveries": [
            {
              "batter": "AUKDS Kalugala",
              "bowler": "CJ Langford",
              "extras": {
                "wides": 1
              },
              "non_striker": "Muhammad Shoaib Ahmed",
              "runs": {
                "batter": 0,
                "extras": 1,
                "total": 1
              }
            },
            {
              "batter": "AUKDS Kalugala",
              "bowler": "CJ Langford",
              "non_striker": "Muhammad Shoaib Ahmed",
              "runs": {
                "batter": 6,
                "extras": 0,
                "total": 6
              }
            },
            {
              "batter": "AUKDS Kalugala",
              "bowler": "CJ Langford",
              "non_striker": "Muhammad Shoaib Ahmed",
              "runs": {
                "batter": 0,
                "extras": 0,
                "total": 0
              }
            },
            {
              "batter": "AUKDS Kalugala",
              "bowler": "CJ Langford",
              "extras": {
                "wides": 1
              },
              "non_striker": "Muhammad Shoaib Ahmed",
              "runs": {
                "batter": 0,
                "extras": 1,
                "total": 1
              }
            },
            {
              "batter": "AUKDS Kalugala",
              "bowler": "CJ Langford",
              "non_striker": "Muhammad Shoaib Ahmed",
              "runs": {
                "batter": 0,
                "extras": 0,
                "total": 0
              },
              "wickets": [
                {
                  "player_out": "AUKDS Kalugala",
                  "fielders": [
                    {
                      "name": "JA Burrows"
                    }
                  ],
                  "kind": "caught"
                }
              ]
            },
            {
              "batter": "CPPM Sadun",
              "bowler": "CJ Langford",
              "non_striker": "Muhammad Shoaib Ahmed",
              "runs": {
                "batter": 0,
                "extras": 0,
                "total": 0
              }
            },
            {
              "batter": "CPPM Sadun",
              "bowler": "CJ Langford",
              "non_striker": "Muhammad Shoaib Ahmed",
              "runs": {
                "batter": 0,
                "extras": 0,
                "total": 0
              }
            },
            {
              "batter": "CPPM Sadun",
              "bowler": "CJ Langford",
              "non_striker": "Muhammad Shoaib Ahmed",
              "runs": {
                "batter": 0,
                "extras": 0,
                "total": 0
              }
            }
          ]
        },
        {
          "over": 3,
          "deliveries": [
            {
              "batter": "Muhammad Shoaib Ahmed",
              "bowler": "MJ Ansell",
              "non_striker": "CPPM Sadun",
              "runs": {
                "batter": 4,
                "extras": 0,
                "total": 4
              }
            },
            {
              "batter": "Muhammad Shoaib Ahmed",
              "bowler": "MJ Ansell",
              "non_striker": "CPPM Sadun",
              "runs": {
                "batter": 0,
                "extras": 0,
                "total": 0
              }
            },
            {
              "batter": "Muhammad Shoaib Ahmed",
              "bowler": "MJ Ansell",
              "non_striker": "CPPM Sadun",
              "runs": {
                "batter": 4,
                "extras": 0,
                "total": 4
              }
            },
            {
              "batter": "Muhammad Shoaib Ahmed",
              "bowler": "MJ Ansell",
              "non_striker": "CPPM Sadun",
              "runs": {
                "batter": 1,
                "extras": 0,
                "total": 1
              }
            },
            {
              "batter": "CPPM Sadun",
              "bowler": "MJ Ansell",
              "non_striker": "Muhammad Shoaib Ahmed",
              "runs": {
                "batter": 1,
                "extras": 0,
                "total": 1
              }
            },
            {
              "batter": "Muhammad Shoaib Ahmed",
              "bowler": "MJ Ansell",
              "non_striker": "CPPM Sadun",
              "runs": {
                "batter": 2,
                "extras": 0,
                "total": 2
              }
            }
          ]
        },
        {
          "over": 4,
          "deliveries": [
            {
              "batter": "CPPM Sadun",
              "bowler": "CJ Langford",
              "non_striker": "Muhammad Shoaib Ahmed",
              "runs": {
                "batter": 0,
                "extras": 0,
                "total": 0
              }
            },
            {
              "batter": "CPPM Sadun",
              "bowler": "CJ Langford",
              "non_striker": "Muhammad Shoaib Ahmed",
              "runs": {
                "batter": 0,
                "extras": 0,
                "total": 0
              }
            },
            {
              "batter": "CPPM Sadun",
              "bowler": "CJ Langford",
              "non_striker": "Muhammad Shoaib Ahmed",
              "runs": {
                "batter": 0,
                "extras": 0,
                "total": 0
              }
            },
            {
              "batter": "CPPM Sadun",
              "bowler": "CJ Langford",
              "non_striker": "Muhammad Shoaib Ahmed",
              "runs": {
                "batter": 4,
                "extras": 0,
                "total": 4
              }
            },
            {
              "batter": "CPPM Sadun",
              "bowler": "CJ Langford",
              "non_striker": "Muhammad Shoaib Ahmed",
              "runs": {
                "batter": 0,
                "extras": 0,
                "total": 0
              }
            },
            {
              "batter": "CPPM Sadun",
              "bowler": "CJ Langford",
              "non_striker": "Muhammad Shoaib Ahmed",
              "runs": {
                "batter": 1,
                "extras": 0,
                "total": 1
              }
            }
          ]
        },
        {
          "over": 5,
          "deliveries": [
            {
              "batter": "CPPM Sadun",
              "bowler": "J Butler",
              "non_striker": "Muhammad Shoaib Ahmed",
              "runs": {
                "batter": 4,
                "extras": 0,
                "total": 4
              }
            },
            {
              "batter": "CPPM Sadun",
              "bowler": "J Butler",
              "non_striker": "Muhammad Shoaib Ahmed",
              "runs": {
                "batter": 4,
                "extras": 0,
                "total": 4
              }
            },
            {
              "batter": "CPPM Sadun",
              "bowler": "J Butler",
              "extras": {
                "wides": 1
              },
              "non_striker": "Muhammad Shoaib Ahmed",
              "runs": {
                "batter": 0,
                "extras": 1,
                "total": 1
              }
            },
            {
              "batter": "CPPM Sadun",
              "bowler": "J Butler",
              "non_striker": "Muhammad Shoaib Ahmed",
              "runs": {
                "batter": 2,
                "extras": 0,
                "total": 2
              }
            },
            {
              "batter": "CPPM Sadun",
              "bowler": "J Butler",
              "non_striker": "Muhammad Shoaib Ahmed",
              "runs": {
                "batter": 0,
                "extras": 0,
                "total": 0
              }
            },
            {
              "batter": "CPPM Sadun",
              "bowler": "J Butler",
              "non_striker": "Muhammad Shoaib Ahmed",
              "runs": {
                "batter": 0,
                "extras": 0,
                "total": 0
              }
            },
            {
              "batter": "CPPM Sadun",
              "bowler": "J Butler",
              "non_striker": "Muhammad Shoaib Ahmed",
              "runs": {
                "batter": 6,
                "extras": 0,
                "total": 6
              }
            }
          ]
        },
        {
          "over": 6,
          "deliveries": [
            {
              "batter": "Muhammad Shoaib Ahmed",
              "bowler": "JA Burrows",
              "non_striker": "CPPM Sadun",
              "runs": {
                "batter": 1,
                "extras": 0,
                "total": 1
              }
            },
            {
              "batter": "CPPM Sadun",
              "bowler": "JA Burrows",
              "non_striker": "Muhammad Shoaib Ahmed",
              "runs": {
                "batter": 0,
                "extras": 0,
                "total": 0
              },
              "wickets": [
                {
                  "player_out": "CPPM Sadun",
                  "fielders": [
                    {
                      "name": "N Knights"
                    }
                  ],
                  "kind": "caught"
                }
              ]
            },
            {
              "batter": "Gurpratap Singh",
              "bowler": "JA Burrows",
              "non_striker": "Muhammad Shoaib Ahmed",
              "runs": {
                "batter": 0,
                "extras": 0,
                "total": 0
              }
            },
            {
              "batter": "Gurpratap Singh",
              "bowler": "JA Burrows",
              "non_striker": "Muhammad Shoaib Ahmed",
              "runs": {
                "batter": 0,
                "extras": 0,
                "total": 0
              }
            },
            {
              "batter": "Gurpratap Singh",
              "bowler": "JA Burrows",
              "non_striker": "Muhammad Shoaib Ahmed",
              "runs": {
                "batter": 0,
                "extras": 0,
                "total": 0
              }
            },
            {
              "batter": "Gurpratap Singh",
              "bowler": "JA Burrows",
              "non_striker": "Muhammad Shoaib Ahmed",
              "runs": {
                "batter": 1,
                "extras": 0,
                "total": 1
              }
            }
          ]
        },
        {
          "over": 7,
          "deliveries": [
            {
              "batter": "Gurpratap Singh",
              "bowler": "D Jansen",
              "non_striker": "Muhammad Shoaib Ahmed",
              "runs": {
                "batter": 0,
                "extras": 0,
                "total": 0
              }
            },
            {
              "batter": "Gurpratap Singh",
              "bowler": "D Jansen",
              "non_striker": "Muhammad Shoaib Ahmed",
              "runs": {
                "batter": 1,
                "extras": 0,
                "total": 1
              }
            },
            {
              "batter": "Muhammad Shoaib Ahmed",
              "bowler": "D Jansen",
              "non_striker": "Gurpratap Singh",
              "runs": {
                "batter": 1,
                "extras": 0,
                "total": 1
              }
            },
            {
              "batter": "Gurpratap Singh",
              "bowler": "D Jansen",
              "non_striker": "Muhammad Shoaib Ahmed",
              "runs": {
                "batter": 0,
                "extras": 0,
                "total": 0
              }
            },
            {
              "batter": "Gurpratap Singh",
              "bowler": "D Jansen",
              "non_striker": "Muhammad Shoaib Ahmed",
              "runs": {
                "batter": 0,
                "extras": 0,
                "total": 0
              }
            },
            {
              "batter": "Gurpratap Singh",
              "bowler": "D Jansen",
              "non_striker": "Muhammad Shoaib Ahmed",
              "runs": {
                "batter": 1,
                "extras": 0,
                "total": 1
              }
            }
          ]
        },
        {
          "over": 8,
          "deliveries": [
            {
              "batter": "Gurpratap Singh",
              "bowler": "JA Burrows",
              "non_striker": "Muhammad Shoaib Ahmed",
              "runs": {
                "batter": 0,
                "extras": 0,
                "total": 0
              }
            },
            {
              "batter": "Gurpratap Singh",
              "bowler": "JA Burrows",
              "non_striker": "Muhammad Shoaib Ahmed",
              "runs": {
                "batter": 1,
                "extras": 0,
                "total": 1
              }
            },
            {
              "batter": "Muhammad Shoaib Ahmed",
              "bowler": "JA Burrows",
              "non_striker": "Gurpratap Singh",
              "runs": {
                "batter": 1,
                "extras": 0,
                "total": 1
              }
            },
            {
              "batter": "Gurpratap Singh",
              "bowler": "JA Burrows",
              "non_striker": "Muhammad Shoaib Ahmed",
              "runs": {
                "batter": 6,
                "extras": 0,
                "total": 6
              }
            },
            {
              "batter": "Gurpratap Singh",
              "bowler": "JA Burrows",
              "non_striker": "Muhammad Shoaib Ahmed",
              "runs": {
                "batter": 0,
                "extras": 0,
                "total": 0
              },
              "wickets": [
                {
                  "player_out": "Gurpratap Singh",
                  "kind": "bowled"
                }
              ]
            },
            {
              "batter": "S Austin",
              "bowler": "JA Burrows",
              "non_striker": "Muhammad Shoaib Ahmed",
              "runs": {
                "batter": 1,
                "extras": 0,
                "total": 1
              }
            }
          ]
        },
        {
          "over": 9,
          "deliveries": [
            {
              "batter": "S Austin",
              "bowler": "D Jansen",
              "non_striker": "Muhammad Shoaib Ahmed",
              "runs": {
                "batter": 1,
                "extras": 0,
                "total": 1
              }
            },
            {
              "batter": "Muhammad Shoaib Ahmed",
              "bowler": "D Jansen",
              "non_striker": "S Austin",
              "runs": {
                "batter": 1,
                "extras": 0,
                "total": 1
              }
            },
            {
              "batter": "S Austin",
              "bowler": "D Jansen",
              "non_striker": "Muhammad Shoaib Ahmed",
              "runs": {
                "batter": 0,
                "extras": 0,
                "total": 0
              }
            },
            {
              "batter": "S Austin",
              "bowler": "D Jansen",
              "non_striker": "Muhammad Shoaib Ahmed",
              "runs": {
                "batter": 2,
                "extras": 0,
                "total": 2
              }
            },
            {
              "batter": "S Austin",
              "bowler": "D Jansen",
              "extras": {
                "wides": 3
              },
              "non_striker": "Muhammad Shoaib Ahmed",
              "runs": {
                "batter": 0,
                "extras": 3,
                "total": 3
              }
            },
            {
              "batter": "S Austin",
              "bowler": "D Jansen",
              "non_striker": "Muhammad Shoaib Ahmed",
              "runs": {
                "batter": 0,
                "extras": 0,
                "total": 0
              },
              "wickets": [
                {
                  "player_out": "S Austin",
                  "fielders": [
                    {
                      "name": "JA Burrows"
                    }
                  ],
                  "kind": "caught"
                }
              ]
            },
            {
              "batter": "Muhammad Shoaib Ahmed",
              "bowler": "D Jansen",
              "non_striker": "R Mazumder",
              "runs": {
                "batter": 1,
                "extras": 0,
                "total": 1
              }
            }
          ]
        },
        {
          "over": 10,
          "deliveries": [
            {
              "batter": "Muhammad Shoaib Ahmed",
              "bowler": "J Butler",
              "non_striker": "R Mazumder",
              "runs": {
                "batter": 0,
                "extras": 0,
                "total": 0
              }
            },
            {
              "batter": "Muhammad Shoaib Ahmed",
              "bowler": "J Butler",
              "non_striker": "R Mazumder",
              "runs": {
                "batter": 0,
                "extras": 0,
                "total": 0
              }
            },
            {
              "batter": "Muhammad Shoaib Ahmed",
              "bowler": "J Butler",
              "non_striker": "R Mazumder",
              "runs": {
                "batter": 0,
                "extras": 0,
                "total": 0
              },
              "wickets": [
                {
                  "player_out": "Muhammad Shoaib Ahmed",
                  "fielders": [
                    {
                      "name": "EF Beard"
                    }
                  ],
                  "kind": "caught"
                }
              ]
            },
            {
              "batter": "R Mazumder",
              "bowler": "J Butler",
              "extras": {
                "wides": 1
              },
              "non_striker": "NK Tiwari",
              "runs": {
                "batter": 0,
                "extras": 1,
                "total": 1
              }
            },
            {
              "batter": "R Mazumder",
              "bowler": "J Butler",
              "non_striker": "NK Tiwari",
              "runs": {
                "batter": 0,
                "extras": 0,
                "total": 0
              }
            },
            {
              "batter": "R Mazumder",
              "bowler": "J Butler",
              "non_striker": "NK Tiwari",
              "runs": {
                "batter": 1,
                "extras": 0,
                "total": 1
              }
            },
            {
              "batter": "NK Tiwari",
              "bowler": "J Butler",
              "non_striker": "R Mazumder",
              "runs": {
                "batter": 0,
                "extras": 0,
                "total": 0
              }
            }
          ]
        },
        {
          "over": 11,
          "deliveries": [
            {
              "batter": "R Mazumder",
              "bowler": "D Jansen",
              "non_striker": "NK Tiwari",
              "runs": {
                "batter": 4,
                "extras": 0,
                "total": 4
              }
            },
            {
              "batter": "R Mazumder",
              "bowler": "D Jansen",
              "non_striker": "NK Tiwari",
              "runs": {
                "batter": 1,
                "extras": 0,
                "total": 1
              }
            },
            {
              "batter": "NK Tiwari",
              "bowler": "D Jansen",
              "non_striker": "R Mazumder",
              "runs": {
                "batter": 0,
                "extras": 0,
                "total": 0
              }
            },
            {
              "batter": "NK Tiwari",
              "bowler": "D Jansen",
              "non_striker": "R Mazumder",
              "runs": {
                "batter": 0,
                "extras": 0,
                "total": 0
              }
            },
            {
              "batter": "NK Tiwari",
              "bowler": "D Jansen",
              "extras": {
                "wides": 1
              },
              "non_striker": "R Mazumder",
              "runs": {
                "batter": 0,
                "extras": 1,
                "total": 1
              }
            },
            {
              "batter": "NK Tiwari",
              "bowler": "D Jansen",
              "non_striker": "R Mazumder",
              "runs": {
                "batter": 0,
                "extras": 0,
                "total": 0
              }
            },
            {
              "batter": "NK Tiwari",
              "bowler": "D Jansen",
              "non_striker": "R Mazumder",
              "runs": {
                "batter": 1,
                "extras": 0,
                "total": 1
              }
            }
          ]
        },
        {
          "over": 12,
          "deliveries": [
            {
              "batter": "NK Tiwari",
              "bowler": "J Butler",
              "non_striker": "R Mazumder",
              "runs": {
                "batter": 2,
                "extras": 0,
                "total": 2
              }
            },
            {
              "batter": "NK Tiwari",
              "bowler": "J Butler",
              "extras": {
                "legbyes": 1
              },
              "non_striker": "R Mazumder",
              "runs": {
                "batter": 0,
                "extras": 1,
                "total": 1
              }
            },
            {
              "batter": "R Mazumder",
              "bowler": "J Butler",
              "extras": {
                "wides": 1
              },
              "non_striker": "NK Tiwari",
              "runs": {
                "batter": 0,
                "extras": 1,
                "total": 1
              }
            },
            {
              "batter": "R Mazumder",
              "bowler": "J Butler",
              "non_striker": "NK Tiwari",
              "runs": {
                "batter": 1,
                "extras": 0,
                "total": 1
              }
            },
            {
              "batter": "NK Tiwari",
              "bowler": "J Butler",
              "non_striker": "R Mazumder",
              "runs": {
                "batter": 0,
                "extras": 0,
                "total": 0
              }
            },
            {
              "batter": "NK Tiwari",
              "bowler": "J Butler",
              "non_striker": "R Mazumder",
              "runs": {
                "batter": 4,
                "extras": 0,
                "total": 4
              }
            },
            {
              "batter": "NK Tiwari",
              "bowler": "J Butler",
              "non_striker": "R Mazumder",
              "runs": {
                "batter": 0,
                "extras": 0,
                "total": 0
              }
            }
          ]
        },
        {
          "over": 13,
          "deliveries": [
            {
              "batter": "R Mazumder",
              "bowler": "D Jansen",
              "extras": {
                "legbyes": 1
              },
              "non_striker": "NK Tiwari",
              "runs": {
                "batter": 0,
                "extras": 1,
                "total": 1
              }
            },
            {
              "batter": "NK Tiwari",
              "bowler": "D Jansen",
              "non_striker": "R Mazumder",
              "runs": {
                "batter": 0,
                "extras": 0,
                "total": 0
              }
            },
            {
              "batter": "NK Tiwari",
              "bowler": "D Jansen",
              "non_striker": "R Mazumder",
              "runs": {
                "batter": 0,
                "extras": 0,
                "total": 0
              }
            },
            {
              "batter": "NK Tiwari",
              "bowler": "D Jansen",
              "non_striker": "R Mazumder",
              "runs": {
                "batter": 1,
                "extras": 0,
                "total": 1
              }
            },
            {
              "batter": "R Mazumder",
              "bowler": "D Jansen",
              "non_striker": "NK Tiwari",
              "runs": {
                "batter": 1,
                "extras": 0,
                "total": 1
              }
            },
            {
              "batter": "NK Tiwari",
              "bowler": "D Jansen",
              "non_striker": "R Mazumder",
              "runs": {
                "batter": 1,
                "extras": 0,
                "total": 1
              }
            }
          ]
        },
        {
          "over": 14,
          "deliveries": [
            {
              "batter": "NK Tiwari",
              "bowler": "CJ Langford",
              "non_striker": "R Mazumder",
              "runs": {
                "batter": 0,
                "extras": 0,
                "total": 0
              }
            },
            {
              "batter": "NK Tiwari",
              "bowler": "CJ Langford",
              "non_striker": "R Mazumder",
              "runs": {
                "batter": 1,
                "extras": 0,
                "total": 1
              }
            },
            {
              "batter": "R Mazumder",
              "bowler": "CJ Langford",
              "non_striker": "NK Tiwari",
              "runs": {
                "batter": 1,
                "extras": 0,
                "total": 1
              }
            },
            {
              "batter": "NK Tiwari",
              "bowler": "CJ Langford",
              "non_striker": "R Mazumder",
              "runs": {
                "batter": 6,
                "extras": 0,
                "total": 6
              }
            },
            {
              "batter": "NK Tiwari",
              "bowler": "CJ Langford",
              "non_striker": "R Mazumder",
              "runs": {
                "batter": 1,
                "extras": 0,
                "total": 1
              }
            },
            {
              "batter": "R Mazumder",
              "bowler": "CJ Langford",
              "non_striker": "NK Tiwari",
              "runs": {
                "batter": 0,
                "extras": 0,
                "total": 0
              },
              "wickets": [
                {
                  "player_out": "R Mazumder",
                  "kind": "bowled"
                }
              ]
            }
          ]
        },
        {
          "over": 15,
          "deliveries": [
            {
              "batter": "NK Tiwari",
              "bowler": "K Cawte",
              "non_striker": "Tejwinder Singh",
              "runs": {
                "batter": 0,
                "extras": 0,
                "total": 0
              }
            },
            {
              "batter": "NK Tiwari",
              "bowler": "K Cawte",
              "non_striker": "Tejwinder Singh",
              "runs": {
                "batter": 0,
                "extras": 0,
                "total": 0
              }
            },
            {
              "batter": "NK Tiwari",
              "bowler": "K Cawte",
              "extras": {
                "wides": 1
              },
              "non_striker": "Tejwinder Singh",
              "runs": {
                "batter": 0,
                "extras": 1,
                "total": 1
              }
            },
            {
              "batter": "NK Tiwari",
              "bowler": "K Cawte",
              "non_striker": "Tejwinder Singh",
              "runs": {
                "batter": 0,
                "extras": 0,
                "total": 0
              }
            },
            {
              "batter": "NK Tiwari",
              "bowler": "K Cawte",
              "non_striker": "Tejwinder Singh",
              "runs": {
                "batter": 0,
                "extras": 0,
                "total": 0
              }
            },
            {
              "batter": "NK Tiwari",
              "bowler": "K Cawte",
              "non_striker": "Tejwinder Singh",
              "runs": {
                "batter": 1,
                "extras": 0,
                "total": 1
              }
            },
            {
              "batter": "Tejwinder Singh",
              "bowler": "K Cawte",
              "non_striker": "NK Tiwari",
              "runs": {
                "batter": 0,
                "extras": 0,
                "total": 0
              },
              "wickets": [
                {
                  "player_out": "Tejwinder Singh",
                  "kind": "bowled"
                }
              ]
            }
          ]
        },
        {
          "over": 16,
          "deliveries": [
            {
              "batter": "NK Tiwari",
              "bowler": "JA Burrows",
              "non_striker": "SN Pathirana",
              "runs": {
                "batter": 0,
                "extras": 0,
                "total": 0
              },
              "wickets": [
                {
                  "player_out": "NK Tiwari",
                  "fielders": [
                    {
                      "name": "G Burrows"
                    }
                  ],
                  "kind": "caught"
                }
              ]
            },
            {
              "batter": "SN Pathirana",
              "bowler": "JA Burrows",
              "non_striker": "SRMJJ Arachchilage",
              "runs": {
                "batter": 1,
                "extras": 0,
                "total": 1
              }
            },
            {
              "batter": "SRMJJ Arachchilage",
              "bowler": "JA Burrows",
              "non_striker": "SN Pathirana",
              "runs": {
                "batter": 0,
                "extras": 0,
                "total": 0
              }
            },
            {
              "batter": "SRMJJ Arachchilage",
              "bowler": "JA Burrows",
              "non_striker": "SN Pathirana",
              "runs": {
                "batter": 0,
                "extras": 0,
                "total": 0
              }
            },
            {
              "batter": "SRMJJ Arachchilage",
              "bowler": "JA Burrows",
              "non_striker": "SN Pathirana",
              "runs": {
                "batter": 0,
                "extras": 0,
                "total": 0
              }
            },
            {
              "batter": "SRMJJ Arachchilage",
              "bowler": "JA Burrows",
              "non_striker": "SN Pathirana",
              "runs": {
                "batter": 1,
                "extras": 0,
                "total": 1
              }
            }
          ]
        },
        {
          "over": 17,
          "deliveries": [
            {
              "batter": "SRMJJ Arachchilage",
              "bowler": "K Cawte",
              "non_striker": "SN Pathirana",
              "runs": {
                "batter": 1,
                "extras": 0,
                "total": 1
              }
            },
            {
              "batter": "SN Pathirana",
              "bowler": "K Cawte",
              "non_striker": "SRMJJ Arachchilage",
              "runs": {
                "batter": 1,
                "extras": 0,
                "total": 1
              }
            },
            {
              "batter": "SRMJJ Arachchilage",
              "bowler": "K Cawte",
              "non_striker": "SN Pathirana",
              "runs": {
                "batter": 0,
                "extras": 0,
                "total": 0
              }
            },
            {
              "batter": "SRMJJ Arachchilage",
              "bowler": "K Cawte",
              "non_striker": "SN Pathirana",
              "runs": {
                "batter": 1,
                "extras": 0,
                "total": 1
              }
            },
            {
              "batter": "SN Pathirana",
              "bowler": "K Cawte",
              "non_striker": "SRMJJ Arachchilage",
              "runs": {
                "batter": 1,
                "extras": 0,
                "total": 1
              }
            },
            {
              "batter": "SRMJJ Arachchilage",
              "bowler": "K Cawte",
              "non_striker": "SN Pathirana",
              "runs": {
                "batter": 1,
                "extras": 0,
                "total": 1
              }
            }
          ]
        },
        {
          "over": 18,
          "deliveries": [
            {
              "batter": "SRMJJ Arachchilage",
              "bowler": "JA Burrows",
              "non_striker": "SN Pathirana",
              "runs": {
                "batter": 2,
                "extras": 0,
                "total": 2
              }
            },
            {
              "batter": "SRMJJ Arachchilage",
              "bowler": "JA Burrows",
              "non_striker": "SN Pathirana",
              "runs": {
                "batter": 0,
                "extras": 0,
                "total": 0
              },
              "wickets": [
                {
                  "player_out": "SRMJJ Arachchilage",
                  "fielders": [
                    {
                      "name": "J Butler"
                    }
                  ],
                  "kind": "caught"
                }
              ]
            },
            {
              "batter": "SN Pathirana",
              "bowler": "JA Burrows",
              "non_striker": "Riyaz Kajalwala",
              "runs": {
                "batter": 1,
                "extras": 0,
                "total": 1
              }
            },
            {
              "batter": "Riyaz Kajalwala",
              "bowler": "JA Burrows",
              "non_striker": "SN Pathirana",
              "runs": {
                "batter": 0,
                "extras": 0,
                "total": 0
              }
            },
            {
              "batter": "Riyaz Kajalwala",
              "bowler": "JA Burrows",
              "non_striker": "SN Pathirana",
              "runs": {
                "batter": 0,
                "extras": 0,
                "total": 0
              }
            },
            {
              "batter": "Riyaz Kajalwala",
              "bowler": "JA Burrows",
              "non_striker": "SN Pathirana",
              "runs": {
                "batter": 0,
                "extras": 0,
                "total": 0
              }
            }
          ]
        },
        {
          "over": 19,
          "deliveries": [
            {
              "batter": "SN Pathirana",
              "bowler": "MJ Ansell",
              "non_striker": "Riyaz Kajalwala",
              "runs": {
                "batter": 2,
                "extras": 0,
                "total": 2
              }
            },
            {
              "batter": "SN Pathirana",
              "bowler": "MJ Ansell",
              "non_striker": "Riyaz Kajalwala",
              "runs": {
                "batter": 1,
                "extras": 0,
                "total": 1
              },
              "wickets": [
                {
                  "player_out": "SN Pathirana",
                  "fielders": [
                    {
                      "name": "A McAuley"
                    },
                    {
                      "name": "C Hartmann"
                    }
                  ],
                  "kind": "run out"
                }
              ]
            }
          ]
        }
      ],
      "powerplays": [
        {
          "from": 0.1,
          "to": 5.7,
          "type": "mandatory"
        }
      ]
    },
    {
      "team": "Isle of Man",
      "overs": [
        {
          "over": 0,
          "deliveries": [
            {
              "batter": "A McAuley",
              "bowler": "Tejwinder Singh",
              "non_striker": "N Knights",
              "runs": {
                "batter": 1,
                "extras": 0,
                "total": 1
              }
            },
            {
              "batter": "N Knights",
              "bowler": "Tejwinder Singh",
              "non_striker": "A McAuley",
              "runs": {
                "batter": 0,
                "extras": 0,
                "total": 0
              },
              "wickets": [
                {
                  "player_out": "N Knights",
                  "kind": "caught and bowled"
                }
              ]
            },
            {
              "batter": "A McAuley",
              "bowler": "Tejwinder Singh",
              "extras": {
                "wides": 1
              },
              "non_striker": "G Burrows",
              "runs": {
                "batter": 0,
                "extras": 1,
                "total": 1
              }
            },
            {
              "batter": "A McAuley",
              "bowler": "Tejwinder Singh",
              "extras": {
                "noballs": 1
              },
              "non_striker": "G Burrows",
              "runs": {
                "batter": 0,
                "extras": 1,
                "total": 1
              }
            },
            {
              "batter": "A McAuley",
              "bowler": "Tejwinder Singh",
              "non_striker": "G Burrows",
              "runs": {
                "batter": 0,
                "extras": 0,
                "total": 0
              }
            },
            {
              "batter": "A McAuley",
              "bowler": "Tejwinder Singh",
              "non_striker": "G Burrows",
              "runs": {
                "batter": 6,
                "extras": 0,
                "total": 6
              }
            },
            {
              "batter": "A McAuley",
              "bowler": "Tejwinder Singh",
              "extras": {
                "wides": 1
              },
              "non_striker": "G Burrows",
              "runs": {
                "batter": 0,
                "extras": 1,
                "total": 1
              }
            },
            {
              "batter": "A McAuley",
              "bowler": "Tejwinder Singh",
              "non_striker": "G Burrows",
              "runs": {
                "batter": 2,
                "extras": 0,
                "total": 2
              }
            },
            {
              "batter": "A McAuley",
              "bowler": "Tejwinder Singh",
              "non_striker": "G Burrows",
              "runs": {
                "batter": 0,
                "extras": 0,
                "total": 0
              }
            }
          ]
        },
        {
          "over": 1,
          "deliveries": [
            {
              "batter": "G Burrows",
              "bowler": "Muhammad Shoaib Ahmed",
              "non_striker": "A McAuley",
              "runs": {
                "batter": 0,
                "extras": 0,
                "total": 0
              }
            },
            {
              "batter": "G Burrows",
              "bowler": "Muhammad Shoaib Ahmed",
              "non_striker": "A McAuley",
              "runs": {
                "batter": 1,
                "extras": 0,
                "total": 1
              }
            },
            {
              "batter": "A McAuley",
              "bowler": "Muhammad Shoaib Ahmed",
              "non_striker": "G Burrows",
              "runs": {
                "batter": 0,
                "extras": 0,
                "total": 0
              }
            },
            {
              "batter": "A McAuley",
              "bowler": "Muhammad Shoaib Ahmed",
              "non_striker": "G Burrows",
              "runs": {
                "batter": 0,
                "extras": 0,
                "total": 0
              }
            },
            {
              "batter": "A McAuley",
              "bowler": "Muhammad Shoaib Ahmed",
              "extras": {
                "wides": 1
              },
              "non_striker": "G Burrows",
              "runs": {
                "batter": 0,
                "extras": 1,
                "total": 1
              }
            },
            {
              "batter": "A McAuley",
              "bowler": "Muhammad Shoaib Ahmed",
              "non_striker": "G Burrows",
              "runs": {
                "batter": 0,
                "extras": 0,
                "total": 0
              }
            },
            {
              "batter": "A McAuley",
              "bowler": "Muhammad Shoaib Ahmed",
              "non_striker": "G Burrows",
              "runs": {
                "batter": 1,
                "extras": 0,
                "total": 1
              }
            }
          ]
        },
        {
          "over": 2,
          "deliveries": [
            {
              "batter": "A McAuley",
              "bowler": "Tejwinder Singh",
              "non_striker": "G Burrows",
              "runs": {
                "batter": 0,
                "extras": 0,
                "total": 0
              }
            },
            {
              "batter": "A McAuley",
              "bowler": "Tejwinder Singh",
              "non_striker": "G Burrows",
              "runs": {
                "batter": 2,
                "extras": 0,
                "total": 2
              }
            },
            {
              "batter": "A McAuley",
              "bowler": "Tejwinder Singh",
              "non_striker": "G Burrows",
              "runs": {
                "batter": 0,
                "extras": 0,
                "total": 0
              }
            },
            {
              "batter": "A McAuley",
              "bowler": "Tejwinder Singh",
              "non_striker": "G Burrows",
              "runs": {
                "batter": 1,
                "extras": 0,
                "total": 1
              }
            },
            {
              "batter": "G Burrows",
              "bowler": "Tejwinder Singh",
              "non_striker": "A McAuley",
              "runs": {
                "batter": 0,
                "extras": 0,
                "total": 0
              }
            },
            {
              "batter": "G Burrows",
              "bowler": "Tejwinder Singh",
              "non_striker": "A McAuley",
              "runs": {
                "batter": 1,
                "extras": 0,
                "total": 1
              }
            }
          ]
        },
        {
          "over": 3,
          "deliveries": [
            {
              "batter": "G Burrows",
              "bowler": "Muhammad Shoaib Ahmed",
              "non_striker": "A McAuley",
              "runs": {
                "batter": 1,
                "extras": 0,
                "total": 1
              }
            },
            {
              "batter": "A McAuley",
              "bowler": "Muhammad Shoaib Ahmed",
              "non_striker": "G Burrows",
              "runs": {
                "batter": 1,
                "extras": 0,
                "total": 1
              }
            },
            {
              "batter": "G Burrows",
              "bowler": "Muhammad Shoaib Ahmed",
              "non_striker": "A McAuley",
              "runs": {
                "batter": 2,
                "extras": 0,
                "total": 2
              }
            },
            {
              "batter": "G Burrows",
              "bowler": "Muhammad Shoaib Ahmed",
              "non_striker": "A McAuley",
              "runs": {
                "batter": 2,
                "extras": 0,
                "total": 2
              }
            },
            {
              "batter": "G Burrows",
              "bowler": "Muhammad Shoaib Ahmed",
              "non_striker": "A McAuley",
              "runs": {
                "batter": 0,
                "extras": 0,
                "total": 0
              }
            },
            {
              "batter": "G Burrows",
              "bowler": "Muhammad Shoaib Ahmed",
              "non_striker": "A McAuley",
              "runs": {
                "batter": 1,
                "extras": 0,
                "total": 1
              }
            }
          ]
        },
        {
          "over": 4,
          "deliveries": [
            {
              "batter": "G Burrows",
              "bowler": "Gurpratap Singh",
              "non_striker": "A McAuley",
              "runs": {
                "batter": 1,
                "extras": 0,
                "total": 1
              }
            },
            {
              "batter": "A McAuley",
              "bowler": "Gurpratap Singh",
              "non_striker": "G Burrows",
              "runs": {
                "batter": 2,
                "extras": 0,
                "total": 2
              }
            },
            {
              "batter": "A McAuley",
              "bowler": "Gurpratap Singh",
              "non_striker": "G Burrows",
              "runs": {
                "batter": 0,
                "extras": 0,
                "total": 0
              }
            },
            {
              "batter": "A McAuley",
              "bowler": "Gurpratap Singh",
              "non_striker": "G Burrows",
              "runs": {
                "batter": 0,
                "extras": 0,
                "total": 0
              }
            },
            {
              "batter": "A McAuley",
              "bowler": "Gurpratap Singh",
              "extras": {
                "noballs": 1
              },
              "non_striker": "G Burrows",
              "runs": {
                "batter": 1,
                "extras": 1,
                "total": 2
              }
            },
            {
              "batter": "G Burrows",
              "bowler": "Gurpratap Singh",
              "non_striker": "A McAuley",
              "runs": {
                "batter": 0,
                "extras": 0,
                "total": 0
              }
            },
            {
              "batter": "G Burrows",
              "bowler": "Gurpratap Singh",
              "non_striker": "A McAuley",
              "runs": {
                "batter": 4,
                "extras": 0,
                "total": 4
              }
            }
          ]
        },
        {
          "over": 5,
          "deliveries": [
            {
              "batter": "A McAuley",
              "bowler": "Muhammad Shoaib Ahmed",
              "non_striker": "G Burrows",
              "runs": {
                "batter": 1,
                "extras": 0,
                "total": 1
              }
            },
            {
              "batter": "G Burrows",
              "bowler": "Muhammad Shoaib Ahmed",
              "non_striker": "A McAuley",
              "runs": {
                "batter": 4,
                "extras": 0,
                "total": 4
              }
            },
            {
              "batter": "G Burrows",
              "bowler": "Muhammad Shoaib Ahmed",
              "non_striker": "A McAuley",
              "runs": {
                "batter": 1,
                "extras": 0,
                "total": 1
              }
            },
            {
              "batter": "A McAuley",
              "bowler": "Muhammad Shoaib Ahmed",
              "non_striker": "G Burrows",
              "runs": {
                "batter": 1,
                "extras": 0,
                "total": 1
              }
            },
            {
              "batter": "G Burrows",
              "bowler": "Muhammad Shoaib Ahmed",
              "non_striker": "A McAuley",
              "runs": {
                "batter": 2,
                "extras": 0,
                "total": 2
              }
            },
            {
              "batter": "G Burrows",
              "bowler": "Muhammad Shoaib Ahmed",
              "extras": {
                "wides": 2
              },
              "non_striker": "A McAuley",
              "runs": {
                "batter": 0,
                "extras": 2,
                "total": 2
              }
            },
            {
              "batter": "A McAuley",
              "bowler": "Muhammad Shoaib Ahmed",
              "non_striker": "G Burrows",
              "runs": {
                "batter": 0,
                "extras": 0,
                "total": 0
              }
            }
          ]
        },
        {
          "over": 6,
          "deliveries": [
            {
              "batter": "G Burrows",
              "bowler": "Gurpratap Singh",
              "extras": {
                "noballs": 1
              },
              "non_striker": "A McAuley",
              "runs": {
                "batter": 1,
                "extras": 1,
                "total": 2
              }
            },
            {
              "batter": "A McAuley",
              "bowler": "Gurpratap Singh",
              "non_striker": "G Burrows",
              "runs": {
                "batter": 2,
                "extras": 0,
                "total": 2
              }
            },
            {
              "batter": "A McAuley",
              "bowler": "Gurpratap Singh",
              "non_striker": "G Burrows",
              "runs": {
                "batter": 1,
                "extras": 0,
                "total": 1
              }
            },
            {
              "batter": "G Burrows",
              "bowler": "Gurpratap Singh",
              "extras": {
                "wides": 1
              },
              "non_striker": "A McAuley",
              "runs": {
                "batter": 0,
                "extras": 1,
                "total": 1
              }
            },
            {
              "batter": "G Burrows",
              "bowler": "Gurpratap Singh",
              "non_striker": "A McAuley",
              "runs": {
                "batter": 1,
                "extras": 0,
                "total": 1
              }
            },
            {
              "batter": "A McAuley",
              "bowler": "Gurpratap Singh",
              "non_striker": "G Burrows",
              "runs": {
                "batter": 1,
                "extras": 0,
                "total": 1
              }
            },
            {
              "batter": "G Burrows",
              "bowler": "Gurpratap Singh",
              "non_striker": "A McAuley",
              "runs": {
                "batter": 0,
                "extras": 0,
                "total": 0
              }
            },
            {
              "batter": "G Burrows",
              "bowler": "Gurpratap Singh",
              "non_striker": "A McAuley",
              "runs": {
                "batter": 6,
                "extras": 0,
                "total": 6
              }
            }
          ]
        },
        {
          "over": 7,
          "deliveries": [
            {
              "batter": "A McAuley",
              "bowler": "NK Tiwari",
              "non_striker": "G Burrows",
              "runs": {
                "batter": 1,
                "extras": 0,
                "total": 1
              }
            },
            {
              "batter": "G Burrows",
              "bowler": "NK Tiwari",
              "non_striker": "A McAuley",
              "runs": {
                "batter": 0,
                "extras": 0,
                "total": 0
              }
            },
            {
              "batter": "G Burrows",
              "bowler": "NK Tiwari",
              "non_striker": "A McAuley",
              "runs": {
                "batter": 1,
                "extras": 0,
                "total": 1
              }
            },
            {
              "batter": "A McAuley",
              "bowler": "NK Tiwari",
              "non_striker": "G Burrows",
              "runs": {
                "batter": 2,
                "extras": 0,
                "total": 2
              }
            },
            {
              "batter": "A McAuley",
              "bowler": "NK Tiwari",
              "non_striker": "G Burrows",
              "runs": {
                "batter": 1,
                "extras": 0,
                "total": 1
              }
            },
            {
              "batter": "G Burrows",
              "bowler": "NK Tiwari",
              "non_striker": "A McAuley",
              "runs": {
                "batter": 2,
                "extras": 0,
                "total": 2
              }
            }
          ]
        },
        {
          "over": 8,
          "deliveries": [
            {
              "batter": "A McAuley",
              "bowler": "CPPM Sadun",
              "non_striker": "G Burrows",
              "runs": {
                "batter": 1,
                "extras": 0,
                "total": 1
              }
            },
            {
              "batter": "G Burrows",
              "bowler": "CPPM Sadun",
              "non_striker": "A McAuley",
              "runs": {
                "batter": 2,
                "extras": 0,
                "total": 2
              }
            },
            {
              "batter": "G Burrows",
              "bowler": "CPPM Sadun",
              "non_striker": "A McAuley",
              "runs": {
                "batter": 1,
                "extras": 0,
                "total": 1
              }
            },
            {
              "batter": "A McAuley",
              "bowler": "CPPM Sadun",
              "non_striker": "G Burrows",
              "runs": {
                "batter": 0,
                "extras": 0,
                "total": 0
              }
            },
            {
              "batter": "A McAuley",
              "bowler": "CPPM Sadun",
              "non_striker": "G Burrows",
              "runs": {
                "batter": 0,
                "extras": 0,
                "total": 0
              },
              "wickets": [
                {
                  "player_out": "A McAuley",
                  "fielders": [
                    {
                      "name": "S Austin"
                    }
                  ],
                  "kind": "caught"
                }
              ]
            },
            {
              "batter": "G Burrows",
              "bowler": "CPPM Sadun",
              "non_striker": "C Hartmann",
              "runs": {
                "batter": 1,
                "extras": 0,
                "total": 1
              }
            }
          ]
        },
        {
          "over": 9,
          "deliveries": [
            {
              "batter": "G Burrows",
              "bowler": "NK Tiwari",
              "non_striker": "C Hartmann",
              "runs": {
                "batter": 0,
                "extras": 0,
                "total": 0
              }
            },
            {
              "batter": "G Burrows",
              "bowler": "NK Tiwari",
              "non_striker": "C Hartmann",
              "runs": {
                "batter": 2,
                "extras": 0,
                "total": 2
              }
            },
            {
              "batter": "G Burrows",
              "bowler": "NK Tiwari",
              "non_striker": "C Hartmann",
              "runs": {
                "batter": 1,
                "extras": 0,
                "total": 1
              }
            },
            {
              "batter": "C Hartmann",
              "bowler": "NK Tiwari",
              "non_striker": "G Burrows",
              "runs": {
                "batter": 1,
                "extras": 0,
                "total": 1
              }
            },
            {
              "batter": "G Burrows",
              "bowler": "NK Tiwari",
              "non_striker": "C Hartmann",
              "runs": {
                "batter": 2,
                "extras": 0,
                "total": 2
              }
            },
            {
              "batter": "G Burrows",
              "bowler": "NK Tiwari",
              "non_striker": "C Hartmann",
              "runs": {
                "batter": 3,
                "extras": 0,
                "total": 3
              }
            }
          ]
        },
        {
          "over": 10,
          "deliveries": [
            {
              "batter": "G Burrows",
              "bowler": "CPPM Sadun",
              "non_striker": "C Hartmann",
              "runs": {
                "batter": 6,
                "extras": 0,
                "total": 6
              }
            },
            {
              "batter": "G Burrows",
              "bowler": "CPPM Sadun",
              "non_striker": "C Hartmann",
              "runs": {
                "batter": 0,
                "extras": 0,
                "total": 0
              }
            },
            {
              "batter": "G Burrows",
              "bowler": "CPPM Sadun",
              "non_striker": "C Hartmann",
              "runs": {
                "batter": 0,
                "extras": 0,
                "total": 0
              }
            },
            {
              "batter": "G Burrows",
              "bowler": "CPPM Sadun",
              "non_striker": "C Hartmann",
              "runs": {
                "batter": 0,
                "extras": 0,
                "total": 0
              }
            },
            {
              "batter": "G Burrows",
              "bowler": "CPPM Sadun",
              "non_striker": "C Hartmann",
              "runs": {
                "batter": 0,
                "extras": 0,
                "total": 0
              }
            },
            {
              "batter": "G Burrows",
              "bowler": "CPPM Sadun",
              "non_striker": "C Hartmann",
              "runs": {
                "batter": 1,
                "extras": 0,
                "total": 1
              }
            }
          ]
        },
        {
          "over": 11,
          "deliveries": [
            {
              "batter": "G Burrows",
              "bowler": "SRMJJ Arachchilage",
              "extras": {
                "wides": 1
              },
              "non_striker": "C Hartmann",
              "runs": {
                "batter": 0,
                "extras": 1,
                "total": 1
              }
            },
            {
              "batter": "G Burrows",
              "bowler": "SRMJJ Arachchilage",
              "non_striker": "C Hartmann",
              "runs": {
                "batter": 0,
                "extras": 0,
                "total": 0
              }
            },
            {
              "batter": "G Burrows",
              "bowler": "SRMJJ Arachchilage",
              "non_striker": "C Hartmann",
              "runs": {
                "batter": 1,
                "extras": 0,
                "total": 1
              }
            },
            {
              "batter": "C Hartmann",
              "bowler": "SRMJJ Arachchilage",
              "non_striker": "G Burrows",
              "runs": {
                "batter": 0,
                "extras": 0,
                "total": 0
              }
            },
            {
              "batter": "C Hartmann",
              "bowler": "SRMJJ Arachchilage",
              "non_striker": "G Burrows",
              "runs": {
                "batter": 0,
                "extras": 0,
                "total": 0
              }
            },
            {
              "batter": "C Hartmann",
              "bowler": "SRMJJ Arachchilage",
              "non_striker": "G Burrows",
              "runs": {
                "batter": 1,
                "extras": 0,
                "total": 1
              }
            },
            {
              "batter": "G Burrows",
              "bowler": "SRMJJ Arachchilage",
              "non_striker": "C Hartmann",
              "runs": {
                "batter": 0,
                "extras": 0,
                "total": 0
              }
            }
          ]
        },
        {
          "over": 12,
          "deliveries": [
            {
              "batter": "C Hartmann",
              "bowler": "Tejwinder Singh",
              "non_striker": "G Burrows",
              "runs": {
                "batter": 2,
                "extras": 0,
                "total": 2
              }
            },
            {
              "batter": "C Hartmann",
              "bowler": "Tejwinder Singh",
              "non_striker": "G Burrows",
              "runs": {
                "batter": 0,
                "extras": 0,
                "total": 0
              }
            },
            {
              "batter": "C Hartmann",
              "bowler": "Tejwinder Singh",
              "non_striker": "G Burrows",
              "runs": {
                "batter": 1,
                "extras": 0,
                "total": 1
              }
            },
            {
              "batter": "G Burrows",
              "bowler": "Tejwinder Singh",
              "non_striker": "C Hartmann",
              "runs": {
                "batter": 1,
                "extras": 0,
                "total": 1
              }
            },
            {
              "batter": "C Hartmann",
              "bowler": "Tejwinder Singh",
              "non_striker": "G Burrows",
              "runs": {
                "batter": 2,
                "extras": 0,
                "total": 2
              }
            },
            {
              "batter": "C Hartmann",
              "bowler": "Tejwinder Singh",
              "non_striker": "G Burrows",
              "runs": {
                "batter": 1,
                "extras": 0,
                "total": 1
              }
            }
          ]
        },
        {
          "over": 13,
          "deliveries": [
            {
              "batter": "C Hartmann",
              "bowler": "SRMJJ Arachchilage",
              "extras": {
                "noballs": 1
              },
              "non_striker": "G Burrows",
              "runs": {
                "batter": 4,
                "extras": 1,
                "total": 5
              }
            },
            {
              "batter": "C Hartmann",
              "bowler": "SRMJJ Arachchilage",
              "non_striker": "G Burrows",
              "runs": {
                "batter": 0,
                "extras": 0,
                "total": 0
              }
            },
            {
              "batter": "C Hartmann",
              "bowler": "SRMJJ Arachchilage",
              "non_striker": "G Burrows",
              "runs": {
                "batter": 0,
                "extras": 0,
                "total": 0
              }
            },
            {
              "batter": "C Hartmann",
              "bowler": "SRMJJ Arachchilage",
              "non_striker": "G Burrows",
              "runs": {
                "batter": 1,
                "extras": 0,
                "total": 1
              }
            },
            {
              "batter": "G Burrows",
              "bowler": "SRMJJ Arachchilage",
              "non_striker": "C Hartmann",
              "runs": {
                "batter": 2,
                "extras": 0,
                "total": 2
              }
            },
            {
              "batter": "G Burrows",
              "bowler": "SRMJJ Arachchilage",
              "extras": {
                "wides": 1
              },
              "non_striker": "C Hartmann",
              "runs": {
                "batter": 0,
                "extras": 1,
                "total": 1
              }
            },
            {
              "batter": "G Burrows",
              "bowler": "SRMJJ Arachchilage",
              "non_striker": "C Hartmann",
              "runs": {
                "batter": 1,
                "extras": 0,
                "total": 1
              }
            },
            {
              "batter": "C Hartmann",
              "bowler": "SRMJJ Arachchilage",
              "non_striker": "G Burrows",
              "runs": {
                "batter": 0,
                "extras": 0,
                "total": 0
              }
            }
          ]
        },
        {
          "over": 14,
          "deliveries": [
            {
              "batter": "G Burrows",
              "bowler": "Riyaz Kajalwala",
              "non_striker": "C Hartmann",
              "runs": {
                "batter": 4,
                "extras": 0,
                "total": 4
              }
            },
            {
              "batter": "G Burrows",
              "bowler": "Riyaz Kajalwala",
              "non_striker": "C Hartmann",
              "runs": {
                "batter": 6,
                "extras": 0,
                "total": 6
              }
            },
            {
              "batter": "G Burrows",
              "bowler": "Riyaz Kajalwala",
              "non_striker": "C Hartmann",
              "runs": {
                "batter": 4,
                "extras": 0,
                "total": 4
              }
            }
          ]
        }
      ],
      "powerplays": [
        {
          "from": 0.1,
          "to": 5.7,
          "type": "mandatory"
        }
      ],
      "target": {
        "overs": 20,
        "runs": 121
      }
    }
  ]
}