{
  "meta": {
    "data_version": "1.1.0",
    "created": "2023-02-19",
    "revision": 1
  },
  "info": {
    "balls_per_over": 6,
    "city": "Paarl",
    "dates": [
      "2023-02-19"
    ],
    "event": {
      "name": "ICC Women's T20 World Cup",
      "match_number": 16,
      "group": "2"
    },
    "gender": "female",
    "match_type": "T20",
    "match_type_number": 1371,
    "officials": {
      "match_referees": [
        "SA Fritz"
      ],
      "reserve_umpires": [
        "N James"
      ],
      "tv_umpires": [
        "S Redfern"
      ],
      "umpires": [
        "Lauren Agenbag",
        "VG Rathi"
      ]
    },
    "outcome": {
      "winner": "West Indies",
      "by": {
        "runs": 3
      }
    },
    "overs": 20,
    "player_of_match": [
      "HK Matthews"
    ],
    "players": {
      "West Indies": [
        "HK Matthews",
        "RS Williams",
        "SA Campbelle",
        "CA Henry",
        "S Gajnabi",
        "AA Alleyne",
        "ASS Fletcher",
        "T Holder",
        "Z James",
        "SS Connell",
        "K Ramharack"
      ],
      "Pakistan": [
        "Muneeba Ali",
        "Sidra Ameen",
        "Bismah Maroof",
        "Nida Dar",
        "Aliya Riaz",
        "Fatima Sana",
        "Umaima Sohail",
        "Aiman Anwer",
        "Tuba Hassan",
        "Nashra Sandhu",
        "Sadia Iqbal"
      ]
    },
    "registry": {
      "people": {
        "AA Alleyne": "4b0e3049",
        "ASS Fletcher": "42d9dd09",
        "Aiman Anwer": "c736a96b",
        "Aliya Riaz": "2904b4b6",
        "Bismah Maroof": "3b770527",
        "CA Henry": "75820733",
        "Fatima Sana": "ea9c54de",
        "HK Matthews": "d32cf49a",
        "K Ramharack": "321c980e",
        "Lauren Agenbag": "40849abd",
        "Muneeba Ali": "86fdf668",
        "N James": "3de4511d",
        "Nashra Sandhu": "c981d3c2",
        "Nida Dar": "ed840f44",
        "RS Williams": "406de451",
        "S Gajnabi": "c35739a1",
        "S Redfern": "5b038989",
        "SA Campbelle": "a7cd72b2",
        "SA Fritz": "d15e60c8",
        "SS Connell": "2f9a6bd1",
        "Sadia Iqbal": "53bb50f0",
        "Sidra Ameen": "72c9ad99",
        "T Holder": "41fd2907",
        "Tuba Hassan": "0d56e9a5",
        "Umaima Sohail": "821d7d46",
        "VG Rathi": "144e5b16",
        "Z James": "816af623"
      }
    },
    "season": "2022/23",
    "team_type": "international",
    "teams": [
      "West Indies",
      "Pakistan"
    ],
    "toss": {
      "decision": "bat",
      "winner": "West Indies"
    },
    "venue": "Boland Park, Paarl"
  },
  "innings": [
    {
      "team": "West Indies",
      "overs": [
        {
          "over": 0,
          "deliveries": [
            {
              "batter": "HK Matthews",
              "bowler": "Sadia Iqbal",
              "non_striker": "RS Williams",
              "runs": {
                "batter": 0,
                "extras": 0,
                "total": 0
              }
            },
            {
              "batter": "HK Matthews",
              "bowler": "Sadia Iqbal",
              "non_striker": "RS Williams",
              "runs": {
                "batter": 1,
                "extras": 0,
                "total": 1
              }
            },
            {
              "batter": "RS Williams",
              "bowler": "Sadia Iqbal",
              "non_striker": "HK Matthews",
              "runs": {
                "batter": 0,
                "extras": 0,
                "total": 0
              }
            },
            {
              "batter": "RS Williams",
              "bowler": "Sadia Iqbal",
              "non_striker": "HK Matthews",
              "runs": {
                "batter": 1,
                "extras": 0,
                "total": 1
              }
            },
            {
              "batter": "HK Matthews",
              "bowler": "Sadia Iqbal",
              "non_striker": "RS Williams",
              "runs": {
                "batter": 0,
                "extras": 0,
                "total": 0
              }
            },
            {
              "batter": "HK Matthews",
              "bowler": "Sadia Iqbal",
              "non_striker": "RS Williams",
              "runs": {
                "batter": 0,
                "extras": 0,
                "total": 0
              }
            }
          ]
        },
        {
          "over": 1,
          "deliveries": [
            {
              "batter": "RS Williams",
              "bowler": "Aiman Anwer",
              "non_striker": "HK Matthews",
              "runs": {
                "batter": 0,
                "extras": 0,
                "total": 0
              }
            },
            {
              "batter": "RS Williams",
              "bowler": "Aiman Anwer",
              "non_striker": "HK Matthews",
              "runs": {
                "batter": 1,
                "extras": 0,
                "total": 1
              }
            },
            {
              "batter": "HK Matthews",
              "bowler": "Aiman Anwer",
              "non_striker": "RS Williams",
              "runs": {
                "batter": 1,
                "extras": 0,
                "total": 1
              }
            },
            {
              "batter": "RS Williams",
              "bowler": "Aiman Anwer",
              "non_striker": "HK Matthews",
              "runs": {
                "batter": 1,
                "extras": 0,
                "total": 1
              }
            },
            {
              "batter": "HK Matthews",
              "bowler": "Aiman Anwer",
              "non_striker": "RS Williams",
              "runs": {
                "batter": 1,
                "extras": 0,
                "total": 1
              }
            },
            {
              "batter": "RS Williams",
              "bowler": "Aiman Anwer",
              "non_striker": "HK Matthews",
              "review": {
                "by": "West Indies",
                "umpire": "Lauren Agenbag",
                "batter": "RS Williams",
                "decision": "upheld"
              },
              "runs": {
                "batter": 0,
                "extras": 0,
                "total": 0
              }
            }
          ]
        },
        {
          "over": 2,
          "deliveries": [
            {
              "batter": "HK Matthews",
              "bowler": "Sadia Iqbal",
              "non_striker": "RS Williams",
              "runs": {
                "batter": 0,
                "extras": 0,
                "total": 0
              }
            },
            {
              "batter": "HK Matthews",
              "bowler": "Sadia Iqbal",
              "non_striker": "RS Williams",
              "runs": {
                "batter": 4,
                "extras": 0,
                "total": 4
              }
            },
            {
              "batter": "HK Matthews",
              "bowler": "Sadia Iqbal",
              "non_striker": "RS Williams",
              "runs": {
                "batter": 1,
                "extras": 0,
                "total": 1
              }
            },
            {
              "batter": "RS Williams",
              "bowler": "Sadia Iqbal",
              "non_striker": "HK Matthews",
              "runs": {
                "batter": 0,
                "extras": 0,
                "total": 0
              }
            },
            {
              "batter": "RS Williams",
              "bowler": "Sadia Iqbal",
              "non_striker": "HK Matthews",
              "runs": {
                "batter": 1,
                "extras": 0,
                "total": 1
              }
            },
            {
              "batter": "HK Matthews",
              "bowler": "Sadia Iqbal",
              "non_striker": "RS Williams",
              "runs": {
                "batter": 2,
                "extras": 0,
                "total": 2
              }
            }
          ]
        },
        {
          "over": 3,
          "deliveries": [
            {
              "batter": "RS Williams",
              "bowler": "Aiman Anwer",
              "non_striker": "HK Matthews",
              "runs": {
                "batter": 4,
                "extras": 0,
                "total": 4
              }
            },
            {
              "batter": "RS Williams",
              "bowler": "Aiman Anwer",
              "non_striker": "HK Matthews",
              "runs": {
                "batter": 2,
                "extras": 0,
                "total": 2
              }
            },
            {
              "batter": "RS Williams",
              "bowler": "Aiman Anwer",
              "non_striker": "HK Matthews",
              "runs": {
                "batter": 1,
                "extras": 0,
                "total": 1
              }
            },
            {
              "batter": "HK Matthews",
              "bowler": "Aiman Anwer",
              "non_striker": "RS Williams",
              "runs": {
                "batter": 0,
                "extras": 0,
                "total": 0
              }
            },
            {
              "batter": "HK Matthews",
              "bowler": "Aiman Anwer",
              "non_striker": "RS Williams",
              "runs": {
                "batter": 4,
                "extras": 0,
                "total": 4
              }
            },
            {
              "batter": "HK Matthews",
              "bowler": "Aiman Anwer",
              "non_striker": "RS Williams",
              "runs": {
                "batter": 4,
                "extras": 0,
                "total": 4
              }
            }
          ]
        },
        {
          "over": 4,
          "deliveries": [
            {
              "batter": "RS Williams",
              "bowler": "Nida Dar",
              "non_striker": "HK Matthews",
              "runs": {
                "batter": 1,
                "extras": 0,
                "total": 1
              }
            },
            {
              "batter": "HK Matthews",
              "bowler": "Nida Dar",
              "non_striker": "RS Williams",
              "runs": {
                "batter": 0,
                "extras": 0,
                "total": 0
              }
            },
            {
              "batter": "HK Matthews",
              "bowler": "Nida Dar",
              "non_striker": "RS Williams",
              "runs": {
                "batter": 0,
                "extras": 0,
                "total": 0
              }
            },
            {
              "batter": "HK Matthews",
              "bowler": "Nida Dar",
              "non_striker": "RS Williams",
              "runs": {
                "batter": 0,
                "extras": 0,
                "total": 0
              }
            },
            {
              "batter": "HK Matthews",
              "bowler": "Nida Dar",
              "non_striker": "RS Williams",
              "runs": {
                "batter": 0,
                "extras": 0,
                "total": 0
              }
            },
            {
              "batter": "HK Matthews",
              "bowler": "Nida Dar",
              "non_striker": "RS Williams",
              "runs": {
                "batter": 0,
                "extras": 0,
                "total": 0
              }
            }
          ]
        },
        {
          "over": 5,
          "deliveries": [
            {
              "batter": "RS Williams",
              "bowler": "Fatima Sana",
              "non_striker": "HK Matthews",
              "runs": {
                "batter": 1,
                "extras": 0,
                "total": 1
              }
            },
            {
              "batter": "HK Matthews",
              "bowler": "Fatima Sana",
              "non_striker": "RS Williams",
              "runs": {
                "batter": 2,
                "extras": 0,
                "total": 2
              }
            },
            {
              "batter": "HK Matthews",
              "bowler": "Fatima Sana",
              "non_striker": "RS Williams",
              "runs": {
                "batter": 0,
                "extras": 0,
                "total": 0
              }
            },
            {
              "batter": "HK Matthews",
              "bowler": "Fatima Sana",
              "non_striker": "RS Williams",
              "runs": {
                "batter": 0,
                "extras": 0,
                "total": 0
              },
              "wickets": [
                {
                  "player_out": "HK Matthews",
                  "fielders": [
                    {
                      "name": "Sidra Ameen"
                    }
                  ],
                  "kind": "caught"
                }
              ]
            },
            {
              "batter": "SA Campbelle",
              "bowler": "Fatima Sana",
              "non_striker": "RS Williams",
              "runs": {
                "batter": 0,
                "extras": 0,
                "total": 0
              }
            },
            {
              "batter": "SA Campbelle",
              "bowler": "Fatima Sana",
              "extras": {
                "legbyes": 1
              },
              "non_striker": "RS Williams",
              "runs": {
                "batter": 0,
                "extras": 1,
                "total": 1
              }
            }
          ]
        },
        {
          "over": 6,
          "deliveries": [
            {
              "batter": "SA Campbelle",
              "bowler": "Nida Dar",
              "non_striker": "RS Williams",
              "runs": {
                "batter": 0,
                "extras": 0,
                "total": 0
              }
            },
            {
              "batter": "SA Campbelle",
              "bowler": "Nida Dar",
              "non_striker": "RS Williams",
              "runs": {
                "batter": 1,
                "extras": 0,
                "total": 1
              }
            },
            {
              "batter": "RS Williams",
              "bowler": "Nida Dar",
              "non_striker": "SA Campbelle",
              "runs": {
                "batter": 1,
                "extras": 0,
                "total": 1
              }
            },
            {
              "batter": "SA Campbelle",
              "bowler": "Nida Dar",
              "non_striker": "RS Williams",
              "runs": {
                "batter": 1,
                "extras": 0,
                "total": 1
              }
            },
            {
              "batter": "RS Williams",
              "bowler": "Nida Dar",
              "extras": {
                "byes": 2
              },
              "non_striker": "SA Campbelle",
              "runs": {
                "batter": 0,
                "extras": 2,
                "total": 2
              }
            },
            {
              "batter": "RS Williams",
              "bowler": "Nida Dar",
              "non_striker": "SA Campbelle",
              "runs": {
                "batter": 1,
                "extras": 0,
                "total": 1
              }
            }
          ]
        },
        {
          "over": 7,
          "deliveries": [
            {
              "batter": "RS Williams",
              "bowler": "Fatima Sana",
              "non_striker": "SA Campbelle",
              "runs": {
                "batter": 1,
                "extras": 0,
                "total": 1
              }
            },
            {
              "batter": "SA Campbelle",
              "bowler": "Fatima Sana",
              "non_striker": "RS Williams",
              "runs": {
                "batter": 1,
                "extras": 0,
                "total": 1
              }
            },
            {
              "batter": "RS Williams",
              "bowler": "Fatima Sana",
              "non_striker": "SA Campbelle",
              "runs": {
                "batter": 1,
                "extras": 0,
                "total": 1
              }
            },
            {
              "batter": "SA Campbelle",
              "bowler": "Fatima Sana",
              "non_striker": "RS Williams",
              "runs": {
                "batter": 0,
                "extras": 0,
                "total": 0
              }
            },
            {
              "batter": "SA Campbelle",
              "bowler": "Fatima Sana",
              "non_striker": "RS Williams",
              "runs": {
                "batter": 2,
                "extras": 0,
                "total": 2
              }
            },
            {
              "batter": "SA Campbelle",
              "bowler": "Fatima Sana",
              "non_striker": "RS Williams",
              "runs": {
                "batter": 2,
                "extras": 0,
                "total": 2
              }
            }
          ]
        },
        {
          "over": 8,
          "deliveries": [
            {
              "batter": "RS Williams",
              "bowler": "Nashra Sandhu",
              "non_striker": "SA Campbelle",
              "runs": {
                "batter": 4,
                "extras": 0,
                "total": 4
              }
            },
            {
              "batter": "RS Williams",
              "bowler": "Nashra Sandhu",
              "non_striker": "SA Campbelle",
              "runs": {
                "batter": 0,
                "extras": 0,
                "total": 0
              }
            },
            {
              "batter": "RS Williams",
              "bowler": "Nashra Sandhu",
              "non_striker": "SA Campbelle",
              "runs": {
                "batter": 1,
                "extras": 0,
                "total": 1
              }
            },
            {
              "batter": "SA Campbelle",
              "bowler": "Nashra Sandhu",
              "non_striker": "RS Williams",
              "runs": {
                "batter": 4,
                "extras": 0,
                "total": 4
              }
            },
            {
              "batter": "SA Campbelle",
              "bowler": "Nashra Sandhu",
              "non_striker": "RS Williams",
              "runs": {
                "batter": 1,
                "extras": 0,
                "total": 1
              }
            },
            {
              "batter": "RS Williams",
              "bowler": "Nashra Sandhu",
              "non_striker": "SA Campbelle",
              "runs": {
                "batter": 0,
                "extras": 0,
                "total": 0
              }
            }
          ]
        },
        {
          "over": 9,
          "deliveries": [
            {
              "batter": "SA Campbelle",
              "bowler": "Tuba Hassan",
              "non_striker": "RS Williams",
              "runs": {
                "batter": 2,
                "extras": 0,
                "total": 2
              }
            },
            {
              "batter": "SA Campbelle",
              "bowler": "Tuba Hassan",
              "non_striker": "RS Williams",
              "runs": {
                "batter": 0,
                "extras": 0,
                "total": 0
              }
            },
            {
              "batter": "SA Campbelle",
              "bowler": "Tuba Hassan",
              "non_striker": "RS Williams",
              "runs": {
                "batter": 0,
                "extras": 0,
                "total": 0
              }
            },
            {
              "batter": "SA Campbelle",
              "bowler": "Tuba Hassan",
              "non_striker": "RS Williams",
              "runs": {
                "batter": 1,
                "extras": 0,
                "total": 1
              }
            },
            {
              "batter": "RS Williams",
              "bowler": "Tuba Hassan",
              "non_striker": "SA Campbelle",
              "runs": {
                "batter": 0,
                "extras": 0,
                "total": 0
              }
            },
            {
              "batter": "RS Williams",
              "bowler": "Tuba Hassan",
              "non_striker": "SA Campbelle",
              "runs": {
                "batter": 1,
                "extras": 0,
                "total": 1
              }
            }
          ]
        },
        {
          "over": 10,
          "deliveries": [
            {
              "batter": "RS Williams",
              "bowler": "Nashra Sandhu",
              "non_striker": "SA Campbelle",
              "runs": {
                "batter": 1,
                "extras": 0,
                "total": 1
              }
            },
            {
              "batter": "SA Campbelle",
              "bowler": "Nashra Sandhu",
              "non_striker": "RS Williams",
              "runs": {
                "batter": 0,
                "extras": 0,
                "total": 0
              }
            },
            {
              "batter": "SA Campbelle",
              "bowler": "Nashra Sandhu",
              "non_striker": "RS Williams",
              "runs": {
                "batter": 1,
                "extras": 0,
                "total": 1
              }
            },
            {
              "batter": "RS Williams",
              "bowler": "Nashra Sandhu",
              "non_striker": "SA Campbelle",
              "runs": {
                "batter": 2,
                "extras": 0,
                "total": 2
              }
            },
            {
              "batter": "RS Williams",
              "bowler": "Nashra Sandhu",
              "non_striker": "SA Campbelle",
              "runs": {
                "batter": 0,
                "extras": 0,
                "total": 0
              }
            },
            {
              "batter": "RS Williams",
              "bowler": "Nashra Sandhu",
              "non_striker": "SA Campbelle",
              "runs": {
                "batter": 1,
                "extras": 0,
                "total": 1
              }
            }
          ]
        },
        {
          "over": 11,
          "deliveries": [
            {
              "batter": "RS Williams",
              "bowler": "Tuba Hassan",
              "non_striker": "SA Campbelle",
              "runs": {
                "batter": 1,
                "extras": 0,
                "total": 1
              }
            },
            {
              "batter": "SA Campbelle",
              "bowler": "Tuba Hassan",
              "non_striker": "RS Williams",
              "runs": {
                "batter": 2,
                "extras": 0,
                "total": 2
              }
            },
            {
              "batter": "SA Campbelle",
              "bowler": "Tuba Hassan",
              "non_striker": "RS Williams",
              "runs": {
                "batter": 1,
                "extras": 0,
                "total": 1
              }
            },
            {
              "batter": "RS Williams",
              "bowler": "Tuba Hassan",
              "non_striker": "SA Campbelle",
              "runs": {
                "batter": 0,
                "extras": 0,
                "total": 0
              }
            },
            {
              "batter": "RS Williams",
              "bowler": "Tuba Hassan",
              "non_striker": "SA Campbelle",
              "runs": {
                "batter": 0,
                "extras": 0,
                "total": 0
              }
            },
            {
              "batter": "RS Williams",
              "bowler": "Tuba Hassan",
              "non_striker": "SA Campbelle",
              "runs": {
                "batter": 2,
                "extras": 0,
                "total": 2
              }
            }
          ]
        },
        {
          "over": 12,
          "deliveries": [
            {
              "batter": "SA Campbelle",
              "bowler": "Sadia Iqbal",
              "non_striker": "RS Williams",
              "runs": {
                "batter": 1,
                "extras": 0,
                "total": 1
              }
            },
            {
              "batter": "RS Williams",
              "bowler": "Sadia Iqbal",
              "non_striker": "SA Campbelle",
              "runs": {
                "batter": 0,
                "extras": 0,
                "total": 0
              }
            },
            {
              "batter": "RS Williams",
              "bowler": "Sadia Iqbal",
              "non_striker": "SA Campbelle",
              "runs": {
                "batter": 0,
                "extras": 0,
                "total": 0
              },
              "wickets": [
                {
                  "player_out": "RS Williams",
                  "kind": "caught and bowled"
                }
              ]
            },
            {
              "batter": "CA Henry",
              "bowler": "Sadia Iqbal",
              "non_striker": "SA Campbelle",
              "runs": {
                "batter": 1,
                "extras": 0,
                "total": 1
              }
            },
            {
              "batter": "SA Campbelle",
              "bowler": "Sadia Iqbal",
              "non_striker": "CA Henry",
              "runs": {
                "batter": 1,
                "extras": 0,
                "total": 1
              }
            },
            {
              "batter": "CA Henry",
              "bowler": "Sadia Iqbal",
              "non_striker": "SA Campbelle",
              "runs": {
                "batter": 1,
                "extras": 0,
                "total": 1
              }
            }
          ]
        },
        {
          "over": 13,
          "deliveries": [
            {
              "batter": "CA Henry",
              "bowler": "Tuba Hassan",
              "non_striker": "SA Campbelle",
              "runs": {
                "batter": 4,
                "extras": 0,
                "total": 4
              }
            },
            {
              "batter": "CA Henry",
              "bowler": "Tuba Hassan",
              "non_striker": "SA Campbelle",
              "runs": {
                "batter": 0,
                "extras": 0,
                "total": 0
              }
            },
            {
              "batter": "CA Henry",
              "bowler": "Tuba Hassan",
              "extras": {
                "wides": 1
              },
              "non_striker": "SA Campbelle",
              "runs": {
                "batter": 0,
                "extras": 1,
                "total": 1
              }
            },
            {
              "batter": "CA Henry",
              "bowler": "Tuba Hassan",
              "non_striker": "SA Campbelle",
              "runs": {
                "batter": 1,
                "extras": 0,
                "total": 1
              }
            },
            {
              "batter": "SA Campbelle",
              "bowler": "Tuba Hassan",
              "non_striker": "CA Henry",
              "runs": {
                "batter": 0,
                "extras": 0,
                "total": 0
              }
            },
            {
              "batter": "SA Campbelle",
              "bowler": "Tuba Hassan",
              "non_striker": "CA Henry",
              "runs": {
                "batter": 0,
                "extras": 0,
                "total": 0
              }
            },
            {
              "batter": "SA Campbelle",
              "bowler": "Tuba Hassan",
              "non_striker": "CA Henry",
              "runs": {
                "batter": 0,
                "extras": 0,
                "total": 0
              }
            }
          ]
        },
        {
          "over": 14,
          "deliveries": [
            {
              "batter": "CA Henry",
              "bowler": "Nida Dar",
              "non_striker": "SA Campbelle",
              "runs": {
                "batter": 0,
                "extras": 0,
                "total": 0
              }
            },
            {
              "batter": "CA Henry",
              "bowler": "Nida Dar",
              "non_striker": "SA Campbelle",
              "runs": {
                "batter": 0,
                "extras": 0,
                "total": 0
              }
            },
            {
              "batter": "CA Henry",
              "bowler": "Nida Dar",
              "non_striker": "SA Campbelle",
              "runs": {
                "batter": 0,
                "extras": 0,
                "total": 0
              }
            },
            {
              "batter": "CA Henry",
              "bowler": "Nida Dar",
              "non_striker": "SA Campbelle",
              "runs": {
                "batter": 4,
                "extras": 0,
                "total": 4
              }
            },
            {
              "batter": "CA Henry",
              "bowler": "Nida Dar",
              "non_striker": "SA Campbelle",
              "review": {
                "by": "West Indies",
                "umpire": "VG Rathi",
                "batter": "CA Henry",
                "decision": "struck down"
              },
              "runs": {
                "batter": 0,
                "extras": 0,
                "total": 0
              },
              "wickets": [
                {
                  "player_out": "CA Henry",
                  "kind": "lbw"
                }
              ]
            },
            {
              "batter": "S Gajnabi",
              "bowler": "Nida Dar",
              "non_striker": "SA Campbelle",
              "runs": {
                "batter": 0,
                "extras": 0,
                "total": 0
              }
            }
          ]
        },
        {
          "over": 15,
          "deliveries": [
            {
              "batter": "SA Campbelle",
              "bowler": "Tuba Hassan",
              "non_striker": "S Gajnabi",
              "runs": {
                "batter": 1,
                "extras": 0,
                "total": 1
              }
            },
            {
              "batter": "S Gajnabi",
              "bowler": "Tuba Hassan",
              "non_striker": "SA Campbelle",
              "runs": {
                "batter": 2,
                "extras": 0,
                "total": 2
              }
            },
            {
              "batter": "S Gajnabi",
              "bowler": "Tuba Hassan",
              "non_striker": "SA Campbelle",
              "runs": {
                "batter": 1,
                "extras": 0,
                "total": 1
              }
            },
            {
              "batter": "SA Campbelle",
              "bowler": "Tuba Hassan",
              "non_striker": "S Gajnabi",
              "runs": {
                "batter": 0,
                "extras": 0,
                "total": 0
              },
              "wickets": [
                {
                  "player_out": "SA Campbelle",
                  "fielders": [
                    {
                      "name": "Muneeba Ali"
                    }
                  ],
                  "kind": "stumped"
                }
              ]
            },
            {
              "batter": "AA Alleyne",
              "bowler": "Tuba Hassan",
              "non_striker": "S Gajnabi",
              "runs": {
                "batter": 4,
                "extras": 0,
                "total": 4
              }
            },
            {
              "batter": "AA Alleyne",
              "bowler": "Tuba Hassan",
              "non_striker": "S Gajnabi",
              "runs": {
                "batter": 1,
                "extras": 0,
                "total": 1
              }
            }
          ]
        },
        {
          "over": 16,
          "deliveries": [
            {
              "batter": "AA Alleyne",
              "bowler": "Nashra Sandhu",
              "non_striker": "S Gajnabi",
              "runs": {
                "batter": 1,
                "extras": 0,
                "total": 1
              }
            },
            {
              "batter": "S Gajnabi",
              "bowler": "Nashra Sandhu",
              "non_striker": "AA Alleyne",
              "runs": {
                "batter": 1,
                "extras": 0,
                "total": 1
              }
            },
            {
              "batter": "AA Alleyne",
              "bowler": "Nashra Sandhu",
              "non_striker": "S Gajnabi",
              "runs": {
                "batter": 1,
                "extras": 0,
                "total": 1
              }
            },
            {
              "batter": "S Gajnabi",
              "bowler": "Nashra Sandhu",
              "non_striker": "AA Alleyne",
              "runs": {
                "batter": 1,
                "extras": 0,
                "total": 1
              }
            },
            {
              "batter": "AA Alleyne",
              "bowler": "Nashra Sandhu",
              "non_striker": "S Gajnabi",
              "runs": {
                "batter": 1,
                "extras": 0,
                "total": 1
              }
            },
            {
              "batter": "S Gajnabi",
              "bowler": "Nashra Sandhu",
              "non_striker": "AA Alleyne",
              "runs": {
                "batter": 1,
                "extras": 0,
                "total": 1
              }
            }
          ]
        },
        {
          "over": 17,
          "deliveries": [
            {
              "batter": "S Gajnabi",
              "bowler": "Sadia Iqbal",
              "non_striker": "AA Alleyne",
              "runs": {
                "batter": 0,
                "extras": 0,
                "total": 0
              }
            },
            {
              "batter": "S Gajnabi",
              "bowler": "Sadia Iqbal",
              "non_striker": "AA Alleyne",
              "runs": {
                "batter": 1,
                "extras": 0,
                "total": 1
              }
            },
            {
              "batter": "AA Alleyne",
              "bowler": "Sadia Iqbal",
              "extras": {
                "byes": 1
              },
              "non_striker": "S Gajnabi",
              "runs": {
                "batter": 0,
                "extras": 1,
                "total": 1
              }
            },
            {
              "batter": "S Gajnabi",
              "bowler": "Sadia Iqbal",
              "non_striker": "AA Alleyne",
              "runs": {
                "batter": 1,
                "extras": 0,
                "total": 1
              }
            },
            {
              "batter": "AA Alleyne",
              "bowler": "Sadia Iqbal",
              "non_striker": "S Gajnabi",
              "runs": {
                "batter": 1,
                "extras": 0,
                "total": 1
              }
            },
            {
              "batter": "S Gajnabi",
              "bowler": "Sadia Iqbal",
              "non_striker": "AA Alleyne",
              "runs": {
                "batter": 1,
                "extras": 0,
                "total": 1
              }
            }
          ]
        },
        {
          "over": 18,
          "deliveries": [
            {
              "batter": "S Gajnabi",
              "bowler": "Nida Dar",
              "non_striker": "AA Alleyne",
              "runs": {
                "batter": 1,
                "extras": 0,
                "total": 1
              }
            },
            {
              "batter": "AA Alleyne",
              "bowler": "Nida Dar",
              "non_striker": "S Gajnabi",
              "runs": {
                "batter": 0,
                "extras": 0,
                "total": 0
              }
            },
            {
              "batter": "AA Alleyne",
              "bowler": "Nida Dar",
              "non_striker": "S Gajnabi",
              "runs": {
                "batter": 0,
                "extras": 0,
                "total": 0
              },
              "wickets": [
                {
                  "player_out": "AA Alleyne",
                  "kind": "bowled"
                }
              ]
            },
            {
              "batter": "ASS Fletcher",
              "bowler": "Nida Dar",
              "extras": {
                "legbyes": 1
              },
              "non_striker": "S Gajnabi",
              "review": {
                "by": "Pakistan",
                "umpire": "VG Rathi",
                "batter": "ASS Fletcher",
                "decision": "struck down"
              },
              "runs": {
                "batter": 0,
                "extras": 1,
                "total": 1
              }
            },
            {
              "batter": "S Gajnabi",
              "bowler": "Nida Dar",
              "non_striker": "ASS Fletcher",
              "runs": {
                "batter": 2,
                "extras": 0,
                "total": 2
              }
            },
            {
              "batter": "S Gajnabi",
              "bowler": "Nida Dar",
              "non_striker": "ASS Fletcher",
              "runs": {
                "batter": 1,
                "extras": 0,
                "total": 1
              }
            }
          ]
        },
        {
          "over": 19,
          "deliveries": [
            {
              "batter": "S Gajnabi",
              "bowler": "Nashra Sandhu",
              "non_striker": "ASS Fletcher",
              "runs": {
                "batter": 0,
                "extras": 0,
                "total": 0
              }
            },
            {
              "batter": "S Gajnabi",
              "bowler": "Nashra Sandhu",
              "non_striker": "ASS Fletcher",
              "runs": {
                "batter": 0,
                "extras": 0,
                "total": 0
              },
              "wickets": [
                {
                  "player_out": "S Gajnabi",
                  "fielders": [
                    {
                      "name": "Muneeba Ali"
                    }
                  ],
                  "kind": "stumped"
                }
              ]
            },
            {
              "batter": "T Holder",
              "bowler": "Nashra Sandhu",
              "non_striker": "ASS Fletcher",
              "runs": {
                "batter": 0,
                "extras": 0,
                "total": 0
              }
            },
            {
              "batter": "T Holder",
              "bowler": "Nashra Sandhu",
              "non_striker": "ASS Fletcher",
              "runs": {
                "batter": 1,
                "extras": 0,
                "total": 1
              }
            },
            {
              "batter": "ASS Fletcher",
              "bowler": "Nashra Sandhu",
              "non_striker": "T Holder",
              "runs": {
                "batter": 2,
                "extras": 0,
                "total": 2
              }
            },
            {
              "batter": "ASS Fletcher",
              "bowler": "Nashra Sandhu",
              "non_striker": "T Holder",
              "runs": {
                "batter": 2,
                "extras": 0,
                "total": 2
              }
            }
          ]
        }
      ],
      "powerplays": [
        {
          "from": 0.1,
          "to": 5.6,
          "type": "mandatory"
        }
      ]
    },
    {
      "team": "Pakistan",
      "overs": [
        {
          "over": 0,
          "deliveries": [
            {
              "batter": "Muneeba Ali",
              "bowler": "SS Connell",
              "non_striker": "Sidra Ameen",
              "runs": {
                "batter": 0,
                "extras": 0,
                "total": 0
              }
            },
            {
              "batter": "Muneeba Ali",
              "bowler": "SS Connell",
              "non_striker": "Sidra Ameen",
              "runs": {
                "batter": 1,
                "extras": 0,
                "total": 1
              }
            },
            {
              "batter": "Sidra Ameen",
              "bowler": "SS Connell",
              "non_striker": "Muneeba Ali",
              "runs": {
                "batter": 0,
                "extras": 0,
                "total": 0
              }
            },
            {
              "batter": "Sidra Ameen",
              "bowler": "SS Connell",
              "non_striker": "Muneeba Ali",
              "runs": {
                "batter": 0,
                "extras": 0,
                "total": 0
              }
            },
            {
              "batter": "Sidra Ameen",
              "bowler": "SS Connell",
              "non_striker": "Muneeba Ali",
              "runs": {
                "batter": 1,
                "extras": 0,
                "total": 1
              }
            },
            {
              "batter": "Muneeba Ali",
              "bowler": "SS Connell",
              "non_striker": "Sidra Ameen",
              "runs": {
                "batter": 0,
                "extras": 0,
                "total": 0
              }
            }
          ]
        },
        {
          "over": 1,
          "deliveries": [
            {
              "batter": "Sidra Ameen",
              "bowler": "CA Henry",
              "non_striker": "Muneeba Ali",
              "runs": {
                "batter": 1,
                "extras": 0,
                "total": 1
              }
            },
            {
              "batter": "Muneeba Ali",
              "bowler": "CA Henry",
              "non_striker": "Sidra Ameen",
              "runs": {
                "batter": 0,
                "extras": 0,
                "total": 0
              }
            },
            {
              "batter": "Muneeba Ali",
              "bowler": "CA Henry",
              "non_striker": "Sidra Ameen",
              "runs": {
                "batter": 1,
                "extras": 0,
                "total": 1
              }
            },
            {
              "batter": "Sidra Ameen",
              "bowler": "CA Henry",
              "non_striker": "Muneeba Ali",
              "runs": {
                "batter": 0,
                "extras": 0,
                "total": 0
              }
            },
            {
              "batter": "Sidra Ameen",
              "bowler": "CA Henry",
              "non_striker": "Muneeba Ali",
              "runs": {
                "batter": 1,
                "extras": 0,
                "total": 1
              }
            },
            {
              "batter": "Muneeba Ali",
              "bowler": "CA Henry",
              "non_striker": "Sidra Ameen",
              "runs": {
                "batter": 0,
                "extras": 0,
                "total": 0
              }
            }
          ]
        },
        {
          "over": 2,
          "deliveries": [
            {
              "batter": "Sidra Ameen",
              "bowler": "SS Connell",
              "extras": {
                "wides": 1
              },
              "non_striker": "Muneeba Ali",
              "runs": {
                "batter": 0,
                "extras": 1,
                "total": 1
              }
            },
            {
              "batter": "Sidra Ameen",
              "bowler": "SS Connell",
              "extras": {
                "wides": 1
              },
              "non_striker": "Muneeba Ali",
              "runs": {
                "batter": 0,
                "extras": 1,
                "total": 1
              }
            },
            {
              "batter": "Sidra Ameen",
              "bowler": "SS Connell",
              "non_striker": "Muneeba Ali",
              "runs": {
                "batter": 1,
                "extras": 0,
                "total": 1
              }
            },
            {
              "batter": "Muneeba Ali",
              "bowler": "SS Connell",
              "non_striker": "Sidra Ameen",
              "runs": {
                "batter": 0,
                "extras": 0,
                "total": 0
              }
            },
            {
              "batter": "Muneeba Ali",
              "bowler": "SS Connell",
              "non_striker": "Sidra Ameen",
              "runs": {
                "batter": 1,
                "extras": 0,
                "total": 1
              }
            },
            {
              "batter": "Sidra Ameen",
              "bowler": "SS Connell",
              "non_striker": "Muneeba Ali",
              "runs": {
                "batter": 3,
                "extras": 0,
                "total": 3
              }
            },
            {
              "batter": "Muneeba Ali",
              "bowler": "SS Connell",
              "non_striker": "Sidra Ameen",
              "runs": {
                "batter": 1,
                "extras": 0,
                "total": 1
              }
            },
            {
              "batter": "Sidra Ameen",
              "bowler": "SS Connell",
              "non_striker": "Muneeba Ali",
              "runs": {
                "batter": 0,
                "extras": 0,
                "total": 0
              }
            }
          ]
        },
        {
          "over": 3,
          "deliveries": [
            {
              "batter": "Muneeba Ali",
              "bowler": "HK Matthews",
              "non_striker": "Sidra Ameen",
              "runs": {
                "batter": 1,
                "extras": 0,
                "total": 1
              }
            },
            {
              "batter": "Sidra Ameen",
              "bowler": "HK Matthews",
              "non_striker": "Muneeba Ali",
              "runs": {
                "batter": 0,
                "extras": 0,
                "total": 0
              }
            },
            {
              "batter": "Sidra Ameen",
              "bowler": "HK Matthews",
              "non_striker": "Muneeba Ali",
              "runs": {
                "batter": 0,
                "extras": 0,
                "total": 0
              }
            },
            {
              "batter": "Sidra Ameen",
              "bowler": "HK Matthews",
              "non_striker": "Muneeba Ali",
              "runs": {
                "batter": 0,
                "extras": 0,
                "total": 0
              }
            },
            {
              "batter": "Sidra Ameen",
              "bowler": "HK Matthews",
              "non_striker": "Muneeba Ali",
              "runs": {
                "batter": 1,
                "extras": 0,
                "total": 1
              }
            },
            {
              "batter": "Muneeba Ali",
              "bowler": "HK Matthews",
              "non_striker": "Sidra Ameen",
              "runs": {
                "batter": 0,
                "extras": 0,
                "total": 0
              },
              "wickets": [
                {
                  "player_out": "Muneeba Ali",
                  "fielders": [
                    {
                      "name": "RS Williams"
                    }
                  ],
                  "kind": "caught"
                }
              ]
            }
          ]
        },
        {
          "over": 4,
          "deliveries": [
            {
              "batter": "Sidra Ameen",
              "bowler": "K Ramharack",
              "non_striker": "Bismah Maroof",
              "runs": {
                "batter": 0,
                "extras": 0,
                "total": 0
              }
            },
            {
              "batter": "Sidra Ameen",
              "bowler": "K Ramharack",
              "non_striker": "Bismah Maroof",
              "runs": {
                "batter": 0,
                "extras": 0,
                "total": 0
              },
              "wickets": [
                {
                  "player_out": "Sidra Ameen",
                  "fielders": [
                    {
                      "name": "HK Matthews"
                    }
                  ],
                  "kind": "caught"
                }
              ]
            },
            {
              "batter": "Nida Dar",
              "bowler": "K Ramharack",
              "non_striker": "Bismah Maroof",
              "runs": {
                "batter": 0,
                "extras": 0,
                "total": 0
              }
            },
            {
              "batter": "Nida Dar",
              "bowler": "K Ramharack",
              "non_striker": "Bismah Maroof",
              "runs": {
                "batter": 0,
                "extras": 0,
                "total": 0
              }
            },
            {
              "batter": "Nida Dar",
              "bowler": "K Ramharack",
              "non_striker": "Bismah Maroof",
              "runs": {
                "batter": 1,
                "extras": 0,
                "total": 1
              }
            },
            {
              "batter": "Bismah Maroof",
              "bowler": "K Ramharack",
              "non_striker": "Nida Dar",
              "runs": {
                "batter": 1,
                "extras": 0,
                "total": 1
              }
            }
          ]
        },
        {
          "over": 5,
          "deliveries": [
            {
              "batter": "Bismah Maroof",
              "bowler": "HK Matthews",
              "non_striker": "Nida Dar",
              "runs": {
                "batter": 0,
                "extras": 0,
                "total": 0
              }
            },
            {
              "batter": "Bismah Maroof",
              "bowler": "HK Matthews",
              "non_striker": "Nida Dar",
              "runs": {
                "batter": 0,
                "extras": 0,
                "total": 0
              }
            },
            {
              "batter": "Bismah Maroof",
              "bowler": "HK Matthews",
              "non_striker": "Nida Dar",
              "runs": {
                "batter": 0,
                "extras": 0,
                "total": 0
              }
            },
            {
              "batter": "Bismah Maroof",
              "bowler": "HK Matthews",
              "non_striker": "Nida Dar",
              "runs": {
                "batter": 0,
                "extras": 0,
                "total": 0
              }
            },
            {
              "batter": "Bismah Maroof",
              "bowler": "HK Matthews",
              "non_striker": "Nida Dar",
              "runs": {
                "batter": 0,
                "extras": 0,
                "total": 0
              }
            },
            {
              "batter": "Bismah Maroof",
              "bowler": "HK Matthews",
              "non_striker": "Nida Dar",
              "runs": {
                "batter": 0,
                "extras": 0,
                "total": 0
              }
            }
          ]
        },
        {
          "over": 6,
          "deliveries": [
            {
              "batter": "Nida Dar",
              "bowler": "K Ramharack",
              "non_striker": "Bismah Maroof",
              "runs": {
                "batter": 2,
                "extras": 0,
                "total": 2
              }
            },
            {
              "batter": "Nida Dar",
              "bowler": "K Ramharack",
              "non_striker": "Bismah Maroof",
              "runs": {
                "batter": 0,
                "extras": 0,
                "total": 0
              }
            },
            {
              "batter": "Nida Dar",
              "bowler": "K Ramharack",
              "non_striker": "Bismah Maroof",
              "runs": {
                "batter": 0,
                "extras": 0,
                "total": 0
              }
            },
            {
              "batter": "Nida Dar",
              "bowler": "K Ramharack",
              "non_striker": "Bismah Maroof",
              "runs": {
                "batter": 0,
                "extras": 0,
                "total": 0
              }
            },
            {
              "batter": "Nida Dar",
              "bowler": "K Ramharack",
              "non_striker": "Bismah Maroof",
              "runs": {
                "batter": 0,
                "extras": 0,
                "total": 0
              }
            },
            {
              "batter": "Nida Dar",
              "bowler": "K Ramharack",
              "non_striker": "Bismah Maroof",
              "runs": {
                "batter": 1,
                "extras": 0,
                "total": 1
              }
            }
          ]
        },
        {
          "over": 7,
          "deliveries": [
            {
              "batter": "Nida Dar",
              "bowler": "HK Matthews",
              "non_striker": "Bismah Maroof",
              "runs": {
                "batter": 1,
                "extras": 0,
                "total": 1
              }
            },
            {
              "batter": "Bismah Maroof",
              "bowler": "HK Matthews",
              "non_striker": "Nida Dar",
              "runs": {
                "batter": 0,
                "extras": 0,
                "total": 0
              }
            },
            {
              "batter": "Bismah Maroof",
              "bowler": "HK Matthews",
              "non_striker": "Nida Dar",
              "runs": {
                "batter": 4,
                "extras": 0,
                "total": 4
              }
            },
            {
              "batter": "Bismah Maroof",
              "bowler": "HK Matthews",
              "non_striker": "Nida Dar",
              "runs": {
                "batter": 1,
                "extras": 0,
                "total": 1
              }
            },
            {
              "batter": "Nida Dar",
              "bowler": "HK Matthews",
              "non_striker": "Bismah Maroof",
              "runs": {
                "batter": 1,
                "extras": 0,
                "total": 1
              }
            },
            {
              "batter": "Bismah Maroof",
              "bowler": "HK Matthews",
              "non_striker": "Nida Dar",
              "runs": {
                "batter": 0,
                "extras": 0,
                "total": 0
              }
            }
          ]
        },
        {
          "over": 8,
          "deliveries": [
            {
              "batter": "Nida Dar",
              "bowler": "ASS Fletcher",
              "non_striker": "Bismah Maroof",
              "runs": {
                "batter": 2,
                "extras": 0,
                "total": 2
              }
            },
            {
              "batter": "Nida Dar",
              "bowler": "ASS Fletcher",
              "non_striker": "Bismah Maroof",
              "runs": {
                "batter": 0,
                "extras": 0,
                "total": 0
              }
            },
            {
              "batter": "Nida Dar",
              "bowler": "ASS Fletcher",
              "non_striker": "Bismah Maroof",
              "runs": {
                "batter": 2,
                "extras": 0,
                "total": 2
              }
            },
            {
              "batter": "Nida Dar",
              "bowler": "ASS Fletcher",
              "non_striker": "Bismah Maroof",
              "runs": {
                "batter": 0,
                "extras": 0,
                "total": 0
              }
            },
            {
              "batter": "Nida Dar",
              "bowler": "ASS Fletcher",
              "non_striker": "Bismah Maroof",
              "runs": {
                "batter": 1,
                "extras": 0,
                "total": 1
              }
            },
            {
              "batter": "Bismah Maroof",
              "bowler": "ASS Fletcher",
              "non_striker": "Nida Dar",
              "runs": {
                "batter": 4,
                "extras": 0,
                "total": 4
              }
            }
          ]
        },
        {
          "over": 9,
          "deliveries": [
            {
              "batter": "Nida Dar",
              "bowler": "CA Henry",
              "extras": {
                "wides": 1
              },
              "non_striker": "Bismah Maroof",
              "runs": {
                "batter": 0,
                "extras": 1,
                "total": 1
              }
            },
            {
              "batter": "Nida Dar",
              "bowler": "CA Henry",
              "non_striker": "Bismah Maroof",
              "runs": {
                "batter": 0,
                "extras": 0,
                "total": 0
              }
            },
            {
              "batter": "Nida Dar",
              "bowler": "CA Henry",
              "non_striker": "Bismah Maroof",
              "runs": {
                "batter": 1,
                "extras": 0,
                "total": 1
              }
            },
            {
              "batter": "Bismah Maroof",
              "bowler": "CA Henry",
              "non_striker": "Nida Dar",
              "runs": {
                "batter": 0,
                "extras": 0,
                "total": 0
              }
            },
            {
              "batter": "Bismah Maroof",
              "bowler": "CA Henry",
              "extras": {
                "wides": 1
              },
              "non_striker": "Nida Dar",
              "runs": {
                "batter": 0,
                "extras": 1,
                "total": 1
              }
            },
            {
              "batter": "Bismah Maroof",
              "bowler": "CA Henry",
              "non_striker": "Nida Dar",
              "runs": {
                "batter": 0,
                "extras": 0,
                "total": 0
              }
            },
            {
              "batter": "Bismah Maroof",
              "bowler": "CA Henry",
              "non_striker": "Nida Dar",
              "runs": {
                "batter": 0,
                "extras": 0,
                "total": 0
              }
            },
            {
              "batter": "Bismah Maroof",
              "bowler": "CA Henry",
              "extras": {
                "wides": 1
              },
              "non_striker": "Nida Dar",
              "runs": {
                "batter": 0,
                "extras": 1,
                "total": 1
              }
            },
            {
              "batter": "Bismah Maroof",
              "bowler": "CA Henry",
              "non_striker": "Nida Dar",
              "runs": {
                "batter": 0,
                "extras": 0,
                "total": 0
              }
            }
          ]
        },
        {
          "over": 10,
          "deliveries": [
            {
              "batter": "Nida Dar",
              "bowler": "ASS Fletcher",
              "non_striker": "Bismah Maroof",
              "runs": {
                "batter": 1,
                "extras": 0,
                "total": 1
              }
            },
            {
              "batter": "Bismah Maroof",
              "bowler": "ASS Fletcher",
              "non_striker": "Nida Dar",
              "runs": {
                "batter": 1,
                "extras": 0,
                "total": 1
              }
            },
            {
              "batter": "Nida Dar",
              "bowler": "ASS Fletcher",
              "non_striker": "Bismah Maroof",
              "runs": {
                "batter": 1,
                "extras": 0,
                "total": 1
              }
            },
            {
              "batter": "Bismah Maroof",
              "bowler": "ASS Fletcher",
              "non_striker": "Nida Dar",
              "runs": {
                "batter": 1,
                "extras": 0,
                "total": 1
              }
            },
            {
              "batter": "Nida Dar",
              "bowler": "ASS Fletcher",
              "non_striker": "Bismah Maroof",
              "runs": {
                "batter": 0,
                "extras": 0,
                "total": 0
              }
            },
            {
              "batter": "Nida Dar",
              "bowler": "ASS Fletcher",
              "non_striker": "Bismah Maroof",
              "runs": {
                "batter": 1,
                "extras": 0,
                "total": 1
              }
            }
          ]
        },
        {
          "over": 11,
          "deliveries": [
            {
              "batter": "Nida Dar",
              "bowler": "K Ramharack",
              "non_striker": "Bismah Maroof",
              "runs": {
                "batter": 1,
                "extras": 0,
                "total": 1
              }
            },
            {
              "batter": "Bismah Maroof",
              "bowler": "K Ramharack",
              "non_striker": "Nida Dar",
              "runs": {
                "batter": 0,
                "extras": 0,
                "total": 0
              }
            },
            {
              "batter": "Bismah Maroof",
              "bowler": "K Ramharack",
              "non_striker": "Nida Dar",
              "runs": {
                "batter": 1,
                "extras": 0,
                "total": 1
              }
            },
            {
              "batter": "Nida Dar",
              "bowler": "K Ramharack",
              "non_striker": "Bismah Maroof",
              "runs": {
                "batter": 2,
                "extras": 0,
                "total": 2
              }
            },
            {
              "batter": "Nida Dar",
              "bowler": "K Ramharack",
              "non_striker": "Bismah Maroof",
              "runs": {
                "batter": 0,
                "extras": 0,
                "total": 0
              }
            },
            {
              "batter": "Nida Dar",
              "bowler": "K Ramharack",
              "non_striker": "Bismah Maroof",
              "runs": {
                "batter": 1,
                "extras": 0,
                "total": 1
              }
            }
          ]
        },
        {
          "over": 12,
          "deliveries": [
            {
              "batter": "Nida Dar",
              "bowler": "CA Henry",
              "non_striker": "Bismah Maroof",
              "runs": {
                "batter": 1,
                "extras": 0,
                "total": 1
              }
            },
            {
              "batter": "Bismah Maroof",
              "bowler": "CA Henry",
              "non_striker": "Nida Dar",
              "runs": {
                "batter": 1,
                "extras": 0,
                "total": 1
              }
            },
            {
              "batter": "Nida Dar",
              "bowler": "CA Henry",
              "non_striker": "Bismah Maroof",
              "runs": {
                "batter": 2,
                "extras": 0,
                "total": 2
              }
            },
            {
              "batter": "Nida Dar",
              "bowler": "CA Henry",
              "non_striker": "Bismah Maroof",
              "runs": {
                "batter": 4,
                "extras": 0,
                "total": 4
              }
            },
            {
              "batter": "Nida Dar",
              "bowler": "CA Henry",
              "non_striker": "Bismah Maroof",
              "runs": {
                "batter": 1,
                "extras": 0,
                "total": 1
              }
            },
            {
              "batter": "Bismah Maroof",
              "bowler": "CA Henry",
              "non_striker": "Nida Dar",
              "runs": {
                "batter": 0,
                "extras": 0,
                "total": 0
              }
            }
          ]
        },
        {
          "over": 13,
          "deliveries": [
            {
              "batter": "Nida Dar",
              "bowler": "ASS Fletcher",
              "non_striker": "Bismah Maroof",
              "runs": {
                "batter": 0,
                "extras": 0,
                "total": 0
              },
              "wickets": [
                {
                  "player_out": "Nida Dar",
                  "fielders": [
                    {
                      "name": "K Ramharack"
                    }
                  ],
                  "kind": "caught"
                }
              ]
            },
            {
              "batter": "Aliya Riaz",
              "bowler": "ASS Fletcher",
              "non_striker": "Bismah Maroof",
              "runs": {
                "batter": 2,
                "extras": 0,
                "total": 2
              }
            },
            {
              "batter": "Aliya Riaz",
              "bowler": "ASS Fletcher",
              "non_striker": "Bismah Maroof",
              "runs": {
                "batter": 0,
                "extras": 0,
                "total": 0
              }
            },
            {
              "batter": "Aliya Riaz",
              "bowler": "ASS Fletcher",
              "non_striker": "Bismah Maroof",
              "runs": {
                "batter": 1,
                "extras": 0,
                "total": 1
              }
            },
            {
              "batter": "Bismah Maroof",
              "bowler": "ASS Fletcher",
              "non_striker": "Aliya Riaz",
              "runs": {
                "batter": 2,
                "extras": 0,
                "total": 2
              }
            },
            {
              "batter": "Bismah Maroof",
              "bowler": "ASS Fletcher",
              "non_striker": "Aliya Riaz",
              "runs": {
                "batter": 1,
                "extras": 0,
                "total": 1
              }
            }
          ]
        },
        {
          "over": 14,
          "deliveries": [
            {
              "batter": "Bismah Maroof",
              "bowler": "SS Connell",
              "non_striker": "Aliya Riaz",
              "runs": {
                "batter": 2,
                "extras": 0,
                "total": 2
              }
            },
            {
              "batter": "Bismah Maroof",
              "bowler": "SS Connell",
              "non_striker": "Aliya Riaz",
              "runs": {
                "batter": 1,
                "extras": 0,
                "total": 1
              }
            },
            {
              "batter": "Aliya Riaz",
              "bowler": "SS Connell",
              "non_striker": "Bismah Maroof",
              "runs": {
                "batter": 0,
                "extras": 0,
                "total": 0
              }
            },
            {
              "batter": "Aliya Riaz",
              "bowler": "SS Connell",
              "non_striker": "Bismah Maroof",
              "runs": {
                "batter": 4,
                "extras": 0,
                "total": 4
              }
            },
            {
              "batter": "Aliya Riaz",
              "bowler": "SS Connell",
              "non_striker": "Bismah Maroof",
              "runs": {
                "batter": 1,
                "extras": 0,
                "total": 1
              }
            },
            {
              "batter": "Bismah Maroof",
              "bowler": "SS Connell",
              "non_striker": "Aliya Riaz",
              "runs": {
                "batter": 0,
                "extras": 0,
                "total": 0
              }
            }
          ]
        },
        {
          "over": 15,
          "deliveries": [
            {
              "batter": "Aliya Riaz",
              "bowler": "ASS Fletcher",
              "extras": {
                "wides": 1
              },
              "non_striker": "Bismah Maroof",
              "runs": {
                "batter": 0,
                "extras": 1,
                "total": 1
              }
            },
            {
              "batter": "Aliya Riaz",
              "bowler": "ASS Fletcher",
              "non_striker": "Bismah Maroof",
              "runs": {
                "batter": 0,
                "extras": 0,
                "total": 0
              }
            },
            {
              "batter": "Aliya Riaz",
              "bowler": "ASS Fletcher",
              "non_striker": "Bismah Maroof",
              "runs": {
                "batter": 0,
                "extras": 0,
                "total": 0
              }
            },
            {
              "batter": "Aliya Riaz",
              "bowler": "ASS Fletcher",
              "non_striker": "Bismah Maroof",
              "runs": {
                "batter": 1,
                "extras": 0,
                "total": 1
              }
            },
            {
              "batter": "Bismah Maroof",
              "bowler": "ASS Fletcher",
              "non_striker": "Aliya Riaz",
              "runs": {
                "batter": 2,
                "extras": 0,
                "total": 2
              }
            },
            {
              "batter": "Bismah Maroof",
              "bowler": "ASS Fletcher",
              "non_striker": "Aliya Riaz",
              "runs": {
                "batter": 1,
                "extras": 0,
                "total": 1
              }
            },
            {
              "batter": "Aliya Riaz",
              "bowler": "ASS Fletcher",
              "non_striker": "Bismah Maroof",
              "runs": {
                "batter": 1,
                "extras": 0,
                "total": 1
              }
            }
          ]
        },
        {
          "over": 16,
          "deliveries": [
            {
              "batter": "Aliya Riaz",
              "bowler": "K Ramharack",
              "non_striker": "Bismah Maroof",
              "runs": {
                "batter": 1,
                "extras": 0,
                "total": 1
              }
            },
            {
              "batter": "Bismah Maroof",
              "bowler": "K Ramharack",
              "non_striker": "Aliya Riaz",
              "runs": {
                "batter": 1,
                "extras": 0,
                "total": 1
              }
            },
            {
              "batter": "Aliya Riaz",
              "bowler": "K Ramharack",
              "non_striker": "Bismah Maroof",
              "runs": {
                "batter": 4,
                "extras": 0,
                "total": 4
              }
            },
            {
              "batter": "Aliya Riaz",
              "bowler": "K Ramharack",
              "non_striker": "Bismah Maroof",
              "runs": {
                "batter": 0,
                "extras": 0,
                "total": 0
              }
            },
            {
              "batter": "Aliya Riaz",
              "bowler": "K Ramharack",
              "non_striker": "Bismah Maroof",
              "runs": {
                "batter": 1,
                "extras": 0,
                "total": 1
              }
            },
            {
              "batter": "Bismah Maroof",
              "bowler": "K Ramharack",
              "non_striker": "Aliya Riaz",
              "runs": {
                "batter": 1,
                "extras": 0,
                "total": 1
              }
            }
          ]
        },
        {
          "over": 17,
          "deliveries": [
            {
              "batter": "Bismah Maroof",
              "bowler": "HK Matthews",
              "non_striker": "Aliya Riaz",
              "runs": {
                "batter": 1,
                "extras": 0,
                "total": 1
              }
            },
            {
              "batter": "Aliya Riaz",
              "bowler": "HK Matthews",
              "non_striker": "Bismah Maroof",
              "runs": {
                "batter": 1,
                "extras": 0,
                "total": 1
              }
            },
            {
              "batter": "Bismah Maroof",
              "bowler": "HK Matthews",
              "non_striker": "Aliya Riaz",
              "review": {
                "by": "West Indies",
                "umpire": "VG Rathi",
                "batter": "Bismah Maroof",
                "decision": "upheld"
              },
              "runs": {
                "batter": 0,
                "extras": 0,
                "total": 0
              },
              "wickets": [
                {
                  "player_out": "Bismah Maroof",
                  "kind": "lbw"
                }
              ]
            },
            {
              "batter": "Fatima Sana",
              "bowler": "HK Matthews",
              "non_striker": "Aliya Riaz",
              "runs": {
                "batter": 1,
                "extras": 0,
                "total": 1
              }
            },
            {
              "batter": "Aliya Riaz",
              "bowler": "HK Matthews",
              "non_striker": "Fatima Sana",
              "runs": {
                "batter": 1,
                "extras": 0,
                "total": 1
              }
            },
            {
              "batter": "Fatima Sana",
              "bowler": "HK Matthews",
              "non_striker": "Aliya Riaz",
              "runs": {
                "batter": 1,
                "extras": 0,
                "total": 1
              }
            }
          ]
        },
        {
          "over": 18,
          "deliveries": [
            {
              "batter": "Fatima Sana",
              "bowler": "CA Henry",
              "extras": {
                "wides": 1
              },
              "non_striker": "Aliya Riaz",
              "runs": {
                "batter": 0,
                "extras": 1,
                "total": 1
              }
            },
            {
              "batter": "Fatima Sana",
              "bowler": "CA Henry",
              "extras": {
                "wides": 1
              },
              "non_striker": "Aliya Riaz",
              "runs": {
                "batter": 0,
                "extras": 1,
                "total": 1
              }
            },
            {
              "batter": "Fatima Sana",
              "bowler": "CA Henry",
              "non_striker": "Aliya Riaz",
              "runs": {
                "batter": 1,
                "extras": 0,
                "total": 1
              }
            },
            {
              "batter": "Aliya Riaz",
              "bowler": "CA Henry",
              "non_striker": "Fatima Sana",
              "runs": {
                "batter": 2,
                "extras": 0,
                "total": 2
              }
            },
            {
              "batter": "Aliya Riaz",
              "bowler": "CA Henry",
              "non_striker": "Fatima Sana",
              "runs": {
                "batter": 0,
                "extras": 0,
                "total": 0
              }
            },
            {
              "batter": "Aliya Riaz",
              "bowler": "CA Henry",
              "non_striker": "Fatima Sana",
              "runs": {
                "batter": 1,
                "extras": 0,
                "total": 1
              }
            },
            {
              "batter": "Fatima Sana",
              "bowler": "CA Henry",
              "non_striker": "Aliya Riaz",
              "runs": {
                "batter": 1,
                "extras": 0,
                "total": 1
              }
            },
            {
              "batter": "Aliya Riaz",
              "bowler": "CA Henry",
              "non_striker": "Fatima Sana",
              "runs": {
                "batter": 0,
                "extras": 0,
                "total": 0
              }
            }
          ]
        },
        {
          "over": 19,
          "deliveries": [
            {
              "batter": "Fatima Sana",
              "bowler": "SS Connell",
              "non_striker": "Aliya Riaz",
              "runs": {
                "batter": 4,
                "extras": 0,
                "total": 4
              }
            },
            {
              "batter": "Fatima Sana",
              "bowler": "SS Connell",
              "non_striker": "Aliya Riaz",
              "runs": {
                "batter": 1,
                "extras": 0,
                "total": 1
              }
            },
            {
              "batter": "Aliya Riaz",
              "bowler": "SS Connell",
              "non_striker": "Fatima Sana",
              "runs": {
                "batter": 4,
                "extras": 0,
                "total": 4
              }
            },
            {
              "batter": "Aliya Riaz",
              "bowler": "SS Connell",
              "non_striker": "Fatima Sana",
              "runs": {
                "batter": 4,
                "extras": 0,
                "total": 4
              }
            },
            {
              "batter": "Aliya Riaz",
              "bowler": "SS Connell",
              "non_striker": "Fatima Sana",
              "runs": {
                "batter": 0,
                "extras": 0,
                "total": 0
              },
              "wickets": [
                {
                  "player_out": "Aliya Riaz",
                  "kind": "bowled"
                }
              ]
            },
            {
              "batter": "Umaima Sohail",
              "bowler": "SS Connell",
              "extras": {
                "legbyes": 1
              },
              "non_striker": "Fatima Sana",
              "runs": {
                "batter": 0,
                "extras": 1,
                "total": 1
              }
            }
          ]
        }
      ],
      "powerplays": [
        {
          "from": 0.1,
          "to": 5.6,
          "type": "mandatory"
        }
      ],
      "target": {
        "overs": 20,
        "runs": 117
      }
    }
  ]
}