{
  "meta": {
    "data_version": "1.1.0",
    "created": "2022-11-25",
    "revision": 1
  },
  "info": {
    "balls_per_over": 6,
    "city": "Kigali City",
    "dates": [
      "2022-11-24"
    ],
    "event": {
      "name": "ICC Men's T20 World Cup Sub Regional Africa Qualifier",
      "match_number": 22
    },
    "gender": "male",
    "match_type": "T20",
    "match_type_number": 1917,
    "officials": {
      "match_referees": [
        "S Wadvalla"
      ],
      "reserve_umpires": [
        "R D'Mello"
      ],
      "umpires": [
        "D Odhiambo",
        "IO Oyieko"
      ]
    },
    "outcome": {
      "winner": "Rwanda",
      "by": {
        "runs": 75
      }
    },
    "overs": 20,
    "player_of_match": [
      "E Dusingizimana"
    ],
    "players": {
      "Rwanda": [
        "O Tuyisenge",
        "E Dusingizimana",
        "W Niyitanga",
        "C Rububagumya",
        "M Akayezu",
        "E Niyomugabo",
        "K Irakoze",
        "Z Bimenyimana",
        "D Ndikubwimana",
        "E Sebareme",
        "V Mitari"
      ],
      "Seychelles": [
        "Mazharul Islam",
        "TKP Rajapaksha",
        "STRA de Silva",
        "SKDT Madusanka",
        "D Kalvin",
        "P Abhijit",
        "N Krishna",
        "SR Rocket",
        "HL Harji",
        "T Shanmugam",
        "S Rukmal"
      ]
    },
    "registry": {
      "people": {
        "C Rububagumya": "8088632c",
        "D Kalvin": "895ae8b6",
        "D Ndikubwimana": "3cbedf51",
        "D Odhiambo": "45994517",
        "E Dusingizimana": "c15e7ba4",
        "E Niyomugabo": "2dcac6ff",
        "E Sebareme": "f99a219a",
        "HL Harji": "29663fda",
        "IO Oyieko": "de4828fa",
        "K Irakoze": "9ccb6e52",
        "M Akayezu": "1f3b9f8d",
        "Mazharul Islam": "30564b3e",
        "N Krishna": "c62a0327",
        "O Tuyisenge": "e6a6888f",
        "P Abhijit": "bc0083f7",
        "R D'Mello": "f3c22863",
        "S Rukmal": "f5be7b08",
        "S Wadvalla": "c1a1acf3",
        "SKDT Madusanka": "95c2d309",
        "SR Rocket": "ee3bfb9b",
        "STRA de Silva": "21fe743b",
        "T Shanmugam": "60fc2c8c",
        "TKP Rajapaksha": "b5dcec37",
        "V Mitari": "3a82673c",
        "W Niyitanga": "e7631adc",
        "Z Bimenyimana": "ba57fb08"
      }
    },
    "season": "2022/23",
    "team_type": "international",
    "teams": [
      "Rwanda",
      "Seychelles"
    ],
    "toss": {
      "decision": "bat",
      "winner": "Rwanda"
    },
    "venue": "Integrated Polytechnic Regional Centre"
  },
  "innings": [
    {
      "team": "Rwanda",
      "overs": [
        {
          "over": 0,
          "deliveries": [
            {
              "batter": "O Tuyisenge",
              "bowler": "SR Rocket",
              "non_striker": "E Dusingizimana",
              "runs": {
                "batter": 0,
                "extras": 0,
                "total": 0
              },
              "wickets": [
                {
                  "player_out": "O Tuyisenge",
                  "kind": "lbw"
                }
              ]
            },
            {
              "batter": "W Niyitanga",
              "bowler": "SR Rocket",
              "non_striker": "E Dusingizimana",
              "runs": {
                "batter": 1,
                "extras": 0,
                "total": 1
              }
            },
            {
              "batter": "E Dusingizimana",
              "bowler": "SR Rocket",
              "non_striker": "W Niyitanga",
              "runs": {
                "batter": 4,
                "extras": 0,
                "total": 4
              }
            },
            {
              "batter": "E Dusingizimana",
              "bowler": "SR Rocket",
              "non_striker": "W Niyitanga",
              "runs": {
                "batter": 1,
                "extras": 0,
                "total": 1
              }
            },
            {
              "batter": "W Niyitanga",
              "bowler": "SR Rocket",
              "non_striker": "E Dusingizimana",
              "runs": {
                "batter": 1,
                "extras": 0,
                "total": 1
              }
            },
            {
              "batter": "E Dusingizimana",
              "bowler": "SR Rocket",
              "non_striker": "W Niyitanga",
              "runs": {
                "batter": 1,
                "extras": 0,
                "total": 1
              }
            }
          ]
        },
        {
          "over": 1,
          "deliveries": [
            {
              "batter": "E Dusingizimana",
              "bowler": "T Shanmugam",
              "non_striker": "W Niyitanga",
              "runs": {
                "batter": 2,
                "extras": 0,
                "total": 2
              }
            },
            {
              "batter": "E Dusingizimana",
              "bowler": "T Shanmugam",
              "non_striker": "W Niyitanga",
              "runs": {
                "batter": 4,
                "extras": 0,
                "total": 4
              }
            },
            {
              "batter": "E Dusingizimana",
              "bowler": "T Shanmugam",
              "non_striker": "W Niyitanga",
              "runs": {
                "batter": 1,
                "extras": 0,
                "total": 1
              }
            },
            {
              "batter": "W Niyitanga",
              "bowler": "T Shanmugam",
              "non_striker": "E Dusingizimana",
              "runs": {
                "batter": 1,
                "extras": 0,
                "total": 1
              }
            },
            {
              "batter": "E Dusingizimana",
              "bowler": "T Shanmugam",
              "non_striker": "W Niyitanga",
              "runs": {
                "batter": 0,
                "extras": 0,
                "total": 0
              }
            },
            {
              "batter": "E Dusingizimana",
              "bowler": "T Shanmugam",
              "non_striker": "W Niyitanga",
              "runs": {
                "batter": 0,
                "extras": 0,
                "total": 0
              }
            }
          ]
        },
        {
          "over": 2,
          "deliveries": [
            {
              "batter": "W Niyitanga",
              "bowler": "SR Rocket",
              "non_striker": "E Dusingizimana",
              "runs": {
                "batter": 2,
                "extras": 0,
                "total": 2
              }
            },
            {
              "batter": "W Niyitanga",
              "bowler": "SR Rocket",
              "non_striker": "E Dusingizimana",
              "runs": {
                "batter": 1,
                "extras": 0,
                "total": 1
              }
            },
            {
              "batter": "E Dusingizimana",
              "bowler": "SR Rocket",
              "non_striker": "W Niyitanga",
              "runs": {
                "batter": 4,
                "extras": 0,
                "total": 4
              }
            },
            {
              "batter": "E Dusingizimana",
              "bowler": "SR Rocket",
              "non_striker": "W Niyitanga",
              "runs": {
                "batter": 0,
                "extras": 0,
                "total": 0
              }
            },
            {
              "batter": "E Dusingizimana",
              "bowler": "SR Rocket",
              "non_striker": "W Niyitanga",
              "runs": {
                "batter": 0,
                "extras": 0,
                "total": 0
              }
            },
            {
              "batter": "E Dusingizimana",
              "bowler": "SR Rocket",
              "non_striker": "W Niyitanga",
              "runs": {
                "batter": 2,
                "extras": 0,
                "total": 2
              }
            }
          ]
        },
        {
          "over": 3,
          "deliveries": [
            {
              "batter": "W Niyitanga",
              "bowler": "T Shanmugam",
              "non_striker": "E Dusingizimana",
              "runs": {
                "batter": 0,
                "extras": 0,
                "total": 0
              }
            },
            {
              "batter": "W Niyitanga",
              "bowler": "T Shanmugam",
              "non_striker": "E Dusingizimana",
              "runs": {
                "batter": 0,
                "extras": 0,
                "total": 0
              },
              "wickets": [
                {
                  "player_out": "W Niyitanga",
                  "fielders": [
                    {
                      "name": "STRA de Silva"
                    }
                  ],
                  "kind": "caught"
                }
              ]
            },
            {
              "batter": "C Rububagumya",
              "bowler": "T Shanmugam",
              "non_striker": "E Dusingizimana",
              "runs": {
                "batter": 1,
                "extras": 0,
                "total": 1
              }
            },
            {
              "batter": "E Dusingizimana",
              "bowler": "T Shanmugam",
              "extras": {
                "wides": 1
              },
              "non_striker": "C Rububagumya",
              "runs": {
                "batter": 0,
                "extras": 1,
                "total": 1
              }
            },
            {
              "batter": "E Dusingizimana",
              "bowler": "T Shanmugam",
              "non_striker": "C Rububagumya",
              "runs": {
                "batter": 6,
                "extras": 0,
                "total": 6
              }
            },
            {
              "batter": "E Dusingizimana",
              "bowler": "T Shanmugam",
              "non_striker": "C Rububagumya",
              "runs": {
                "batter": 6,
                "extras": 0,
                "total": 6
              }
            },
            {
              "batter": "E Dusingizimana",
              "bowler": "T Shanmugam",
              "non_striker": "C Rububagumya",
              "runs": {
                "batter": 0,
                "extras": 0,
                "total": 0
              }
            }
          ]
        },
        {
          "over": 4,
          "deliveries": [
            {
              "batter": "C Rububagumya",
              "bowler": "HL Harji",
              "non_striker": "E Dusingizimana",
              "runs": {
                "batter": 1,
                "extras": 0,
                "total": 1
              }
            },
            {
              "batter": "E Dusingizimana",
              "bowler": "HL Harji",
              "non_striker": "C Rububagumya",
              "runs": {
                "batter": 0,
                "extras": 0,
                "total": 0
              }
            },
            {
              "batter": "E Dusingizimana",
              "bowler": "HL Harji",
              "non_striker": "C Rububagumya",
              "runs": {
                "batter": 4,
                "extras": 0,
                "total": 4
              }
            },
            {
              "batter": "E Dusingizimana",
              "bowler": "HL Harji",
              "non_striker": "C Rububagumya",
              "runs": {
                "batter": 2,
                "extras": 0,
                "total": 2
              }
            },
            {
              "batter": "E Dusingizimana",
              "bowler": "HL Harji",
              "non_striker": "C Rububagumya",
              "runs": {
                "batter": 2,
                "extras": 0,
                "total": 2
              }
            },
            {
              "batter": "E Dusingizimana",
              "bowler": "HL Harji",
              "non_striker": "C Rububagumya",
              "runs": {
                "batter": 1,
                "extras": 0,
                "total": 1
              }
            }
          ]
        },
        {
          "over": 5,
          "deliveries": [
            {
              "batter": "E Dusingizimana",
              "bowler": "S Rukmal",
              "extras": {
                "wides": 1
              },
              "non_striker": "C Rububagumya",
              "runs": {
                "batter": 0,
                "extras": 1,
                "total": 1
              }
            },
            {
              "batter": "E Dusingizimana",
              "bowler": "S Rukmal",
              "non_striker": "C Rububagumya",
              "runs": {
                "batter": 0,
                "extras": 0,
                "total": 0
              }
            },
            {
              "batter": "E Dusingizimana",
              "bowler": "S Rukmal",
              "non_striker": "C Rububagumya",
              "runs": {
                "batter": 2,
                "extras": 0,
                "total": 2
              }
            },
            {
              "batter": "E Dusingizimana",
              "bowler": "S Rukmal",
              "non_striker": "C Rububagumya",
              "runs": {
                "batter": 0,
                "extras": 0,
                "total": 0
              }
            },
            {
              "batter": "E Dusingizimana",
              "bowler": "S Rukmal",
              "non_striker": "C Rububagumya",
              "runs": {
                "batter": 1,
                "extras": 0,
                "total": 1
              }
            },
            {
              "batter": "C Rububagumya",
              "bowler": "S Rukmal",
              "non_striker": "E Dusingizimana",
              "runs": {
                "batter": 1,
                "extras": 0,
                "total": 1
              }
            },
            {
              "batter": "E Dusingizimana",
              "bowler": "S Rukmal",
              "non_striker": "C Rububagumya",
              "runs": {
                "batter": 4,
                "extras": 0,
                "total": 4
              }
            }
          ]
        },
        {
          "over": 6,
          "deliveries": [
            {
              "batter": "C Rububagumya",
              "bowler": "STRA de Silva",
              "non_striker": "E Dusingizimana",
              "runs": {
                "batter": 4,
                "extras": 0,
                "total": 4
              }
            },
            {
              "batter": "C Rububagumya",
              "bowler": "STRA de Silva",
              "non_striker": "E Dusingizimana",
              "runs": {
                "batter": 0,
                "extras": 0,
                "total": 0
              }
            },
            {
              "batter": "C Rububagumya",
              "bowler": "STRA de Silva",
              "non_striker": "E Dusingizimana",
              "runs": {
                "batter": 0,
                "extras": 0,
                "total": 0
              }
            },
            {
              "batter": "C Rububagumya",
              "bowler": "STRA de Silva",
              "non_striker": "E Dusingizimana",
              "runs": {
                "batter": 1,
                "extras": 0,
                "total": 1
              }
            },
            {
              "batter": "E Dusingizimana",
              "bowler": "STRA de Silva",
              "non_striker": "C Rububagumya",
              "runs": {
                "batter": 0,
                "extras": 0,
                "total": 0
              }
            },
            {
              "batter": "E Dusingizimana",
              "bowler": "STRA de Silva",
              "non_striker": "C Rububagumya",
              "runs": {
                "batter": 4,
                "extras": 0,
                "total": 4
              }
            }
          ]
        },
        {
          "over": 7,
          "deliveries": [
            {
              "batter": "C Rububagumya",
              "bowler": "S Rukmal",
              "non_striker": "E Dusingizimana",
              "runs": {
                "batter": 0,
                "extras": 0,
                "total": 0
              }
            },
            {
              "batter": "C Rububagumya",
              "bowler": "S Rukmal",
              "non_striker": "E Dusingizimana",
              "runs": {
                "batter": 2,
                "extras": 0,
                "total": 2
              }
            },
            {
              "batter": "C Rububagumya",
              "bowler": "S Rukmal",
              "non_striker": "E Dusingizimana",
              "runs": {
                "batter": 0,
                "extras": 0,
                "total": 0
              }
            },
            {
              "batter": "C Rububagumya",
              "bowler": "S Rukmal",
              "non_striker": "E Dusingizimana",
              "runs": {
                "batter": 4,
                "extras": 0,
                "total": 4
              }
            },
            {
              "batter": "C Rububagumya",
              "bowler": "S Rukmal",
              "non_striker": "E Dusingizimana",
              "runs": {
                "batter": 2,
                "extras": 0,
                "total": 2
              }
            },
            {
              "batter": "C Rububagumya",
              "bowler": "S Rukmal",
              "non_striker": "E Dusingizimana",
              "runs": {
                "batter": 0,
                "extras": 0,
                "total": 0
              }
            }
          ]
        },
        {
          "over": 8,
          "deliveries": [
            {
              "batter": "E Dusingizimana",
              "bowler": "STRA de Silva",
              "non_striker": "C Rububagumya",
              "runs": {
                "batter": 1,
                "extras": 0,
                "total": 1
              }
            },
            {
              "batter": "C Rububagumya",
              "bowler": "STRA de Silva",
              "non_striker": "E Dusingizimana",
              "runs": {
                "batter": 4,
                "extras": 0,
                "total": 4
              }
            },
            {
              "batter": "C Rububagumya",
              "bowler": "STRA de Silva",
              "extras": {
                "legbyes": 1
              },
              "non_striker": "E Dusingizimana",
              "runs": {
                "batter": 0,
                "extras": 1,
                "total": 1
              }
            },
            {
              "batter": "E Dusingizimana",
              "bowler": "STRA de Silva",
              "non_striker": "C Rububagumya",
              "runs": {
                "batter": 0,
                "extras": 0,
                "total": 0
              }
            },
            {
              "batter": "E Dusingizimana",
              "bowler": "STRA de Silva",
              "non_striker": "C Rububagumya",
              "runs": {
                "batter": 0,
                "extras": 0,
                "total": 0
              }
            },
            {
              "batter": "E Dusingizimana",
              "bowler": "STRA de Silva",
              "non_striker": "C Rububagumya",
              "runs": {
                "batter": 4,
                "extras": 0,
                "total": 4
              }
            }
          ]
        },
        {
          "over": 9,
          "deliveries": [
            {
              "batter": "C Rububagumya",
              "bowler": "N Krishna",
              "non_striker": "E Dusingizimana",
              "runs": {
                "batter": 1,
                "extras": 0,
                "total": 1
              }
            },
            {
              "batter": "E Dusingizimana",
              "bowler": "N Krishna",
              "non_striker": "C Rububagumya",
              "runs": {
                "batter": 0,
                "extras": 0,
                "total": 0
              }
            },
            {
              "batter": "E Dusingizimana",
              "bowler": "N Krishna",
              "non_striker": "C Rububagumya",
              "runs": {
                "batter": 1,
                "extras": 0,
                "total": 1
              }
            },
            {
              "batter": "C Rububagumya",
              "bowler": "N Krishna",
              "non_striker": "E Dusingizimana",
              "runs": {
                "batter": 2,
                "extras": 0,
                "total": 2
              }
            },
            {
              "batter": "C Rububagumya",
              "bowler": "N Krishna",
              "non_striker": "E Dusingizimana",
              "runs": {
                "batter": 1,
                "extras": 0,
                "total": 1
              }
            },
            {
              "batter": "E Dusingizimana",
              "bowler": "N Krishna",
              "non_striker": "C Rububagumya",
              "runs": {
                "batter": 2,
                "extras": 0,
                "total": 2
              }
            }
          ]
        },
        {
          "over": 10,
          "deliveries": [
            {
              "batter": "C Rububagumya",
              "bowler": "SR Rocket",
              "non_striker": "E Dusingizimana",
              "runs": {
                "batter": 2,
                "extras": 0,
                "total": 2
              }
            },
            {
              "batter": "C Rububagumya",
              "bowler": "SR Rocket",
              "non_striker": "E Dusingizimana",
              "runs": {
                "batter": 2,
                "extras": 0,
                "total": 2
              }
            },
            {
              "batter": "C Rububagumya",
              "bowler": "SR Rocket",
              "non_striker": "E Dusingizimana",
              "runs": {
                "batter": 1,
                "extras": 0,
                "total": 1
              }
            },
            {
              "batter": "E Dusingizimana",
              "bowler": "SR Rocket",
              "non_striker": "C Rububagumya",
              "runs": {
                "batter": 0,
                "extras": 0,
                "total": 0
              }
            },
            {
              "batter": "E Dusingizimana",
              "bowler": "SR Rocket",
              "non_striker": "C Rububagumya",
              "runs": {
                "batter": 2,
                "extras": 0,
                "total": 2
              }
            },
            {
              "batter": "E Dusingizimana",
              "bowler": "SR Rocket",
              "non_striker": "C Rububagumya",
              "runs": {
                "batter": 0,
                "extras": 0,
                "total": 0
              }
            }
          ]
        },
        {
          "over": 11,
          "deliveries": [
            {
              "batter": "C Rububagumya",
              "bowler": "N Krishna",
              "non_striker": "E Dusingizimana",
              "runs": {
                "batter": 2,
                "extras": 0,
                "total": 2
              }
            },
            {
              "batter": "C Rububagumya",
              "bowler": "N Krishna",
              "extras": {
                "wides": 1
              },
              "non_striker": "E Dusingizimana",
              "runs": {
                "batter": 0,
                "extras": 1,
                "total": 1
              }
            },
            {
              "batter": "C Rububagumya",
              "bowler": "N Krishna",
              "non_striker": "E Dusingizimana",
              "runs": {
                "batter": 0,
                "extras": 0,
                "total": 0
              },
              "wickets": [
                {
                  "player_out": "C Rububagumya",
                  "kind": "caught and bowled"
                }
              ]
            },
            {
              "batter": "M Akayezu",
              "bowler": "N Krishna",
              "extras": {
                "wides": 1
              },
              "non_striker": "E Dusingizimana",
              "runs": {
                "batter": 0,
                "extras": 1,
                "total": 1
              }
            },
            {
              "batter": "M Akayezu",
              "bowler": "N Krishna",
              "non_striker": "E Dusingizimana",
              "runs": {
                "batter": 4,
                "extras": 0,
                "total": 4
              }
            },
            {
              "batter": "M Akayezu",
              "bowler": "N Krishna",
              "non_striker": "E Dusingizimana",
              "runs": {
                "batter": 1,
                "extras": 0,
                "total": 1
              }
            },
            {
              "batter": "E Dusingizimana",
              "bowler": "N Krishna",
              "non_striker": "M Akayezu",
              "runs": {
                "batter": 1,
                "extras": 0,
                "total": 1
              }
            },
            {
              "batter": "M Akayezu",
              "bowler": "N Krishna",
              "non_striker": "E Dusingizimana",
              "runs": {
                "batter": 0,
                "extras": 0,
                "total": 0
              },
              "wickets": [
                {
                  "player_out": "M Akayezu",
                  "fielders": [
                    {
                      "name": "S Rukmal"
                    }
                  ],
                  "kind": "caught"
                }
              ]
            }
          ]
        },
        {
          "over": 12,
          "deliveries": [
            {
              "batter": "E Dusingizimana",
              "bowler": "S Rukmal",
              "non_striker": "E Niyomugabo",
              "runs": {
                "batter": 1,
                "extras": 0,
                "total": 1
              }
            },
            {
              "batter": "E Niyomugabo",
              "bowler": "S Rukmal",
              "extras": {
                "legbyes": 1
              },
              "non_striker": "E Dusingizimana",
              "runs": {
                "batter": 0,
                "extras": 1,
                "total": 1
              }
            },
            {
              "batter": "E Dusingizimana",
              "bowler": "S Rukmal",
              "non_striker": "E Niyomugabo",
              "runs": {
                "batter": 2,
                "extras": 0,
                "total": 2
              }
            },
            {
              "batter": "E Dusingizimana",
              "bowler": "S Rukmal",
              "non_striker": "E Niyomugabo",
              "runs": {
                "batter": 1,
                "extras": 0,
                "total": 1
              }
            },
            {
              "batter": "E Niyomugabo",
              "bowler": "S Rukmal",
              "non_striker": "E Dusingizimana",
              "runs": {
                "batter": 2,
                "extras": 0,
                "total": 2
              }
            },
            {
              "batter": "E Niyomugabo",
              "bowler": "S Rukmal",
              "non_striker": "E Dusingizimana",
              "runs": {
                "batter": 6,
                "extras": 0,
                "total": 6
              }
            }
          ]
        }
      ],
      "powerplays": [
        {
          "from": 0.1,
          "to": 3.7,
          "type": "mandatory"
        }
      ]
    },
    {
      "team": "Seychelles",
      "overs": [
        {
          "over": 0,
          "deliveries": [
            {
              "batter": "Mazharul Islam",
              "bowler": "Z Bimenyimana",
              "extras": {
                "byes": 4
              },
              "non_striker": "TKP Rajapaksha",
              "runs": {
                "batter": 0,
                "extras": 4,
                "total": 4
              }
            },
            {
              "batter": "Mazharul Islam",
              "bowler": "Z Bimenyimana",
              "non_striker": "TKP Rajapaksha",
              "runs": {
                "batter": 0,
                "extras": 0,
                "total": 0
              }
            },
            {
              "batter": "Mazharul Islam",
              "bowler": "Z Bimenyimana",
              "non_striker": "TKP Rajapaksha",
              "runs": {
                "batter": 0,
                "extras": 0,
                "total": 0
              }
            },
            {
              "batter": "Mazharul Islam",
              "bowler": "Z Bimenyimana",
              "non_striker": "TKP Rajapaksha",
              "runs": {
                "batter": 4,
                "extras": 0,
                "total": 4
              }
            },
            {
              "batter": "Mazharul Islam",
              "bowler": "Z Bimenyimana",
              "non_striker": "TKP Rajapaksha",
              "runs": {
                "batter": 0,
                "extras": 0,
                "total": 0
              },
              "wickets": [
                {
                  "player_out": "Mazharul Islam",
                  "fielders": [
                    {
                      "name": "W Niyitanga"
                    }
                  ],
                  "kind": "caught"
                }
              ]
            },
            {
              "batter": "STRA de Silva",
              "bowler": "Z Bimenyimana",
              "non_striker": "TKP Rajapaksha",
              "runs": {
                "batter": 0,
                "extras": 0,
                "total": 0
              }
            }
          ]
        },
        {
          "over": 1,
          "deliveries": [
            {
              "batter": "TKP Rajapaksha",
              "bowler": "V Mitari",
              "extras": {
                "wides": 1
              },
              "non_striker": "STRA de Silva",
              "runs": {
                "batter": 0,
                "extras": 1,
                "total": 1
              }
            },
            {
              "batter": "TKP Rajapaksha",
              "bowler": "V Mitari",
              "non_striker": "STRA de Silva",
              "runs": {
                "batter": 1,
                "extras": 0,
                "total": 1
              }
            },
            {
              "batter": "STRA de Silva",
              "bowler": "V Mitari",
              "extras": {
                "byes": 1
              },
              "non_striker": "TKP Rajapaksha",
              "runs": {
                "batter": 0,
                "extras": 1,
                "total": 1
              }
            },
            {
              "batter": "TKP Rajapaksha",
              "bowler": "V Mitari",
              "non_striker": "STRA de Silva",
              "runs": {
                "batter": 0,
                "extras": 0,
                "total": 0
              },
              "wickets": [
                {
                  "player_out": "TKP Rajapaksha",
                  "fielders": [
                    {
                      "name": "C Rububagumya"
                    }
                  ],
                  "kind": "caught"
                }
              ]
            },
            {
              "batter": "SKDT Madusanka",
              "bowler": "V Mitari",
              "non_striker": "STRA de Silva",
              "runs": {
                "batter": 0,
                "extras": 0,
                "total": 0
              }
            },
            {
              "batter": "SKDT Madusanka",
              "bowler": "V Mitari",
              "non_striker": "STRA de Silva",
              "runs": {
                "batter": 0,
                "extras": 0,
                "total": 0
              }
            },
            {
              "batter": "SKDT Madusanka",
              "bowler": "V Mitari",
              "non_striker": "STRA de Silva",
              "runs": {
                "batter": 1,
                "extras": 0,
                "total": 1
              }
            }
          ]
        },
        {
          "over": 2,
          "deliveries": [
            {
              "batter": "SKDT Madusanka",
              "bowler": "Z Bimenyimana",
              "non_striker": "STRA de Silva",
              "runs": {
                "batter": 0,
                "extras": 0,
                "total": 0
              }
            },
            {
              "batter": "SKDT Madusanka",
              "bowler": "Z Bimenyimana",
              "non_striker": "STRA de Silva",
              "runs": {
                "batter": 0,
                "extras": 0,
                "total": 0
              }
            },
            {
              "batter": "SKDT Madusanka",
              "bowler": "Z Bimenyimana",
              "non_striker": "STRA de Silva",
              "runs": {
                "batter": 0,
                "extras": 0,
                "total": 0
              }
            },
            {
              "batter": "SKDT Madusanka",
              "bowler": "Z Bimenyimana",
              "non_striker": "STRA de Silva",
              "runs": {
                "batter": 0,
                "extras": 0,
                "total": 0
              }
            },
            {
              "batter": "SKDT Madusanka",
              "bowler": "Z Bimenyimana",
              "non_striker": "STRA de Silva",
              "runs": {
                "batter": 0,
                "extras": 0,
                "total": 0
              }
            },
            {
              "batter": "SKDT Madusanka",
              "bowler": "Z Bimenyimana",
              "non_striker": "STRA de Silva",
              "runs": {
                "batter": 0,
                "extras": 0,
                "total": 0
              }
            }
          ]
        },
        {
          "over": 3,
          "deliveries": [
            {
              "batter": "STRA de Silva",
              "bowler": "V Mitari",
              "non_striker": "SKDT Madusanka",
              "runs": {
                "batter": 0,
                "extras": 0,
                "total": 0
              },
              "wickets": [
                {
                  "player_out": "STRA de Silva",
                  "kind": "bowled"
                }
              ]
            },
            {
              "batter": "D Kalvin",
              "bowler": "V Mitari",
              "non_striker": "SKDT Madusanka",
              "runs": {
                "batter": 0,
                "extras": 0,
                "total": 0
              }
            },
            {
              "batter": "D Kalvin",
              "bowler": "V Mitari",
              "non_striker": "SKDT Madusanka",
              "runs": {
                "batter": 0,
                "extras": 0,
                "total": 0
              }
            },
            {
              "batter": "D Kalvin",
              "bowler": "V Mitari",
              "non_striker": "SKDT Madusanka",
              "runs": {
                "batter": 0,
                "extras": 0,
                "total": 0
              }
            },
            {
              "batter": "D Kalvin",
              "bowler": "V Mitari",
              "non_striker": "SKDT Madusanka",
              "runs": {
                "batter": 0,
                "extras": 0,
                "total": 0
              }
            },
            {
              "batter": "D Kalvin",
              "bowler": "V Mitari",
              "non_striker": "SKDT Madusanka",
              "runs": {
                "batter": 1,
                "extras": 0,
                "total": 1
              }
            }
          ]
        },
        {
          "over": 4,
          "deliveries": [
            {
              "batter": "D Kalvin",
              "bowler": "M Akayezu",
              "non_striker": "SKDT Madusanka",
              "runs": {
                "batter": 0,
                "extras": 0,
                "total": 0
              }
            },
            {
              "batter": "D Kalvin",
              "bowler": "M Akayezu",
              "extras": {
                "wides": 1
              },
              "non_striker": "SKDT Madusanka",
              "runs": {
                "batter": 0,
                "extras": 1,
                "total": 1
              }
            },
            {
              "batter": "D Kalvin",
              "bowler": "M Akayezu",
              "non_striker": "SKDT Madusanka",
              "runs": {
                "batter": 0,
                "extras": 0,
                "total": 0
              }
            },
            {
              "batter": "D Kalvin",
              "bowler": "M Akayezu",
              "non_striker": "SKDT Madusanka",
              "runs": {
                "batter": 2,
                "extras": 0,
                "total": 2
              }
            },
            {
              "batter": "D Kalvin",
              "bowler": "M Akayezu",
              "non_striker": "SKDT Madusanka",
              "runs": {
                "batter": 0,
                "extras": 0,
                "total": 0
              }
            },
            {
              "batter": "D Kalvin",
              "bowler": "M Akayezu",
              "non_striker": "SKDT Madusanka",
              "runs": {
                "batter": 0,
                "extras": 0,
                "total": 0
              }
            },
            {
              "batter": "D Kalvin",
              "bowler": "M Akayezu",
              "non_striker": "SKDT Madusanka",
              "runs": {
                "batter": 0,
                "extras": 0,
                "total": 0
              }
            }
          ]
        },
        {
          "over": 5,
          "deliveries": [
            {
              "batter": "SKDT Madusanka",
              "bowler": "V Mitari",
              "non_striker": "D Kalvin",
              "runs": {
                "batter": 1,
                "extras": 0,
                "total": 1
              }
            },
            {
              "batter": "D Kalvin",
              "bowler": "V Mitari",
              "non_striker": "SKDT Madusanka",
              "runs": {
                "batter": 0,
                "extras": 0,
                "total": 0
              }
            },
            {
              "batter": "D Kalvin",
              "bowler": "V Mitari",
              "non_striker": "SKDT Madusanka",
              "runs": {
                "batter": 0,
                "extras": 0,
                "total": 0
              }
            },
            {
              "batter": "D Kalvin",
              "bowler": "V Mitari",
              "non_striker": "SKDT Madusanka",
              "runs": {
                "batter": 0,
                "extras": 0,
                "total": 0
              }
            },
            {
              "batter": "D Kalvin",
              "bowler": "V Mitari",
              "non_striker": "SKDT Madusanka",
              "runs": {
                "batter": 0,
                "extras": 0,
                "total": 0
              }
            },
            {
              "batter": "D Kalvin",
              "bowler": "V Mitari",
              "non_striker": "SKDT Madusanka",
              "runs": {
                "batter": 0,
                "extras": 0,
                "total": 0
              }
            }
          ]
        },
        {
          "over": 6,
          "deliveries": [
            {
              "batter": "SKDT Madusanka",
              "bowler": "M Akayezu",
              "non_striker": "D Kalvin",
              "runs": {
                "batter": 1,
                "extras": 0,
                "total": 1
              }
            },
            {
              "batter": "D Kalvin",
              "bowler": "M Akayezu",
              "non_striker": "SKDT Madusanka",
              "runs": {
                "batter": 0,
                "extras": 0,
                "total": 0
              }
            },
            {
              "batter": "D Kalvin",
              "bowler": "M Akayezu",
              "non_striker": "SKDT Madusanka",
              "runs": {
                "batter": 0,
                "extras": 0,
                "total": 0
              },
              "wickets": [
                {
                  "player_out": "D Kalvin",
                  "fielders": [
                    {
                      "name": "O Tuyisenge"
                    }
                  ],
                  "kind": "caught"
                }
              ]
            },
            {
              "batter": "P Abhijit",
              "bowler": "M Akayezu",
              "non_striker": "SKDT Madusanka",
              "runs": {
                "batter": 0,
                "extras": 0,
                "total": 0
              }
            },
            {
              "batter": "P Abhijit",
              "bowler": "M Akayezu",
              "non_striker": "SKDT Madusanka",
              "runs": {
                "batter": 4,
                "extras": 0,
                "total": 4
              }
            },
            {
              "batter": "P Abhijit",
              "bowler": "M Akayezu",
              "extras": {
                "byes": 1
              },
              "non_striker": "SKDT Madusanka",
              "runs": {
                "batter": 0,
                "extras": 1,
                "total": 1
              }
            }
          ]
        },
        {
          "over": 7,
          "deliveries": [
            {
              "batter": "P Abhijit",
              "bowler": "K Irakoze",
              "non_striker": "SKDT Madusanka",
              "runs": {
                "batter": 0,
                "extras": 0,
                "total": 0
              }
            },
            {
              "batter": "P Abhijit",
              "bowler": "K Irakoze",
              "non_striker": "SKDT Madusanka",
              "runs": {
                "batter": 0,
                "extras": 0,
                "total": 0
              }
            },
            {
              "batter": "P Abhijit",
              "bowler": "K Irakoze",
              "non_striker": "SKDT Madusanka",
              "runs": {
                "batter": 1,
                "extras": 0,
                "total": 1
              }
            },
            {
              "batter": "SKDT Madusanka",
              "bowler": "K Irakoze",
              "non_striker": "P Abhijit",
              "runs": {
                "batter": 0,
                "extras": 0,
                "total": 0
              }
            },
            {
              "batter": "SKDT Madusanka",
              "bowler": "K Irakoze",
              "non_striker": "P Abhijit",
              "runs": {
                "batter": 0,
                "extras": 0,
                "total": 0
              }
            },
            {
              "batter": "SKDT Madusanka",
              "bowler": "K Irakoze",
              "non_striker": "P Abhijit",
              "runs": {
                "batter": 0,
                "extras": 0,
                "total": 0
              }
            }
          ]
        },
        {
          "over": 8,
          "deliveries": [
            {
              "batter": "P Abhijit",
              "bowler": "E Sebareme",
              "non_striker": "SKDT Madusanka",
              "runs": {
                "batter": 0,
                "extras": 0,
                "total": 0
              }
            },
            {
              "batter": "P Abhijit",
              "bowler": "E Sebareme",
              "non_striker": "SKDT Madusanka",
              "runs": {
                "batter": 0,
                "extras": 0,
                "total": 0
              },
              "wickets": [
                {
                  "player_out": "P Abhijit",
                  "kind": "bowled"
                }
              ]
            },
            {
              "batter": "N Krishna",
              "bowler": "E Sebareme",
              "non_striker": "SKDT Madusanka",
              "runs": {
                "batter": 0,
                "extras": 0,
                "total": 0
              }
            },
            {
              "batter": "N Krishna",
              "bowler": "E Sebareme",
              "non_striker": "SKDT Madusanka",
              "runs": {
                "batter": 0,
                "extras": 0,
                "total": 0
              },
              "wickets": [
                {
                  "player_out": "N Krishna",
                  "kind": "bowled"
                }
              ]
            },
            {
              "batter": "SR Rocket",
              "bowler": "E Sebareme",
              "non_striker": "SKDT Madusanka",
              "runs": {
                "batter": 0,
                "extras": 0,
                "total": 0
              }
            },
            {
              "batter": "SR Rocket",
              "bowler": "E Sebareme",
              "non_striker": "SKDT Madusanka",
              "runs": {
                "batter": 0,
                "extras": 0,
                "total": 0
              }
            }
          ]
        },
        {
          "over": 9,
          "deliveries": [
            {
              "batter": "SKDT Madusanka",
              "bowler": "K Irakoze",
              "non_striker": "SR Rocket",
              "runs": {
                "batter": 1,
                "extras": 0,
                "total": 1
              }
            },
            {
              "batter": "SR Rocket",
              "bowler": "K Irakoze",
              "non_striker": "SKDT Madusanka",
              "runs": {
                "batter": 0,
                "extras": 0,
                "total": 0
              }
            },
            {
              "batter": "SR Rocket",
              "bowler": "K Irakoze",
              "non_striker": "SKDT Madusanka",
              "runs": {
                "batter": 0,
                "extras": 0,
                "total": 0
              },
              "wickets": [
                {
                  "player_out": "SR Rocket",
                  "fielders": [
                    {
                      "name": "O Tuyisenge"
                    }
                  ],
                  "kind": "caught"
                }
              ]
            },
            {
              "batter": "HL Harji",
              "bowler": "K Irakoze",
              "non_striker": "SKDT Madusanka",
              "runs": {
                "batter": 0,
                "extras": 0,
                "total": 0
              }
            },
            {
              "batter": "HL Harji",
              "bowler": "K Irakoze",
              "non_striker": "SKDT Madusanka",
              "runs": {
                "batter": 1,
                "extras": 0,
                "total": 1
              }
            },
            {
              "batter": "SKDT Madusanka",
              "bowler": "K Irakoze",
              "non_striker": "HL Harji",
              "runs": {
                "batter": 2,
                "extras": 0,
                "total": 2
              }
            }
          ]
        },
        {
          "over": 10,
          "deliveries": [
            {
              "batter": "HL Harji",
              "bowler": "E Sebareme",
              "non_striker": "SKDT Madusanka",
              "runs": {
                "batter": 0,
                "extras": 0,
                "total": 0
              }
            },
            {
              "batter": "HL Harji",
              "bowler": "E Sebareme",
              "non_striker": "SKDT Madusanka",
              "runs": {
                "batter": 0,
                "extras": 0,
                "total": 0
              },
              "wickets": [
                {
                  "player_out": "HL Harji",
                  "fielders": [
                    {
                      "name": "O Tuyisenge"
                    }
                  ],
                  "kind": "caught"
                }
              ]
            },
            {
              "batter": "T Shanmugam",
              "bowler": "E Sebareme",
              "non_striker": "SKDT Madusanka",
              "runs": {
                "batter": 0,
                "extras": 0,
                "total": 0
              }
            },
            {
              "batter": "T Shanmugam",
              "bowler": "E Sebareme",
              "non_striker": "SKDT Madusanka",
              "runs": {
                "batter": 0,
                "extras": 0,
                "total": 0
              }
            },
            {
              "batter": "T Shanmugam",
              "bowler": "E Sebareme",
              "non_striker": "SKDT Madusanka",
              "runs": {
                "batter": 0,
                "extras": 0,
                "total": 0
              }
            },
            {
              "batter": "T Shanmugam",
              "bowler": "E Sebareme",
              "non_striker": "SKDT Madusanka",
              "runs": {
                "batter": 3,
                "extras": 0,
                "total": 3
              }
            }
          ]
        },
        {
          "over": 11,
          "deliveries": [
            {
              "batter": "T Shanmugam",
              "bowler": "K Irakoze",
              "non_striker": "SKDT Madusanka",
              "runs": {
                "batter": 1,
                "extras": 0,
                "total": 1
              }
            },
            {
              "batter": "SKDT Madusanka",
              "bowler": "K Irakoze",
              "non_striker": "T Shanmugam",
              "runs": {
                "batter": 1,
                "extras": 0,
                "total": 1
              }
            },
            {
              "batter": "T Shanmugam",
              "bowler": "K Irakoze",
              "non_striker": "SKDT Madusanka",
              "runs": {
                "batter": 0,
                "extras": 0,
                "total": 0
              }
            },
            {
              "batter": "T Shanmugam",
              "bowler": "K Irakoze",
              "non_striker": "SKDT Madusanka",
              "runs": {
                "batter": 1,
                "extras": 0,
                "total": 1
              }
            },
            {
              "batter": "SKDT Madusanka",
              "bowler": "K Irakoze",
              "non_striker": "T Shanmugam",
              "runs": {
                "batter": 0,
                "extras": 0,
                "total": 0
              }
            },
            {
              "batter": "SKDT Madusanka",
              "bowler": "K Irakoze",
              "non_striker": "T Shanmugam",
              "runs": {
                "batter": 2,
                "extras": 0,
                "total": 2
              }
            }
          ]
        },
        {
          "over": 12,
          "deliveries": [
            {
              "batter": "T Shanmugam",
              "bowler": "E Sebareme",
              "extras": {
                "legbyes": 1
              },
              "non_striker": "SKDT Madusanka",
              "runs": {
                "batter": 0,
                "extras": 1,
                "total": 1
              }
            },
            {
              "batter": "SKDT Madusanka",
              "bowler": "E Sebareme",
              "non_striker": "T Shanmugam",
              "runs": {
                "batter": 4,
                "extras": 0,
                "total": 4
              }
            },
            {
              "batter": "SKDT Madusanka",
              "bowler": "E Sebareme",
              "non_striker": "T Shanmugam",
              "runs": {
                "batter": 2,
                "extras": 0,
                "total": 2
              }
            },
            {
              "batter": "SKDT Madusanka",
              "bowler": "E Sebareme",
              "extras": {
                "legbyes": 1
              },
              "non_striker": "T Shanmugam",
              "runs": {
                "batter": 0,
                "extras": 1,
                "total": 1
              }
            },
            {
              "batter": "T Shanmugam",
              "bowler": "E Sebareme",
              "non_striker": "SKDT Madusanka",
              "runs": {
                "batter": 2,
                "extras": 0,
                "total": 2
              }
            },
            {
              "batter": "T Shanmugam",
              "bowler": "E Sebareme",
              "non_striker": "SKDT Madusanka",
              "runs": {
                "batter": 1,
                "extras": 0,
                "total": 1
              }
            }
          ]
        }
      ],
      "powerplays": [
        {
          "from": 0.1,
          "to": 3.6,
          "type": "mandatory"
        }
      ],
      "target": {
        "overs": 13,
        "runs": 123
      }
    }
  ]
}