{
  "meta": {
    "data_version": "1.1.0",
    "created": "2022-12-10",
    "revision": 2
  },
  "info": {
    "balls_per_over": 6,
    "city": "Kigali City",
    "dates": [
      "2022-12-09"
    ],
    "event": {
      "name": "ICC Men's T20 World Cup Sub Regional Africa Qualifier",
      "match_number": 27
    },
    "gender": "male",
    "match_type": "T20",
    "match_type_number": 1951,
    "officials": {
      "match_referees": [
        "SA Fritz"
      ],
      "reserve_umpires": [
        "Habib Enesi"
      ],
      "umpires": [
        "F Mutizwa",
        "Lauren Agenbag"
      ]
    },
    "outcome": {
      "winner": "Nigeria",
      "by": {
        "wickets": 6
      }
    },
    "overs": 20,
    "player_of_match": [
      "P Aho"
    ],
    "players": {
      "Ghana": [
        "JK Vifah",
        "SK Awiah",
        "OH Agbomadzie",
        "R Bakum",
        "Devender Singh",
        "DK Anefie",
        "R Baaleri",
        "P Ayoleyine",
        "TK Joseph",
        "KS Bagabena",
        "G Bakiweyem"
      ],
      "Nigeria": [
        "Sulaimon Runsewe",
        "A Shreshta",
        "AE Isesele",
        "CN Onwuzulike",
        "IO Okpe",
        "P Useni",
        "Joshua Asia",
        "SA Okpe",
        "R Abdulkareem",
        "P Aho",
        "C Udekwe"
      ]
    },
    "registry": {
      "people": {
        "A Shreshta": "4e9af8f6",
        "AE Isesele": "5249f9c4",
        "C Udekwe": "74a578d0",
        "CN Onwuzulike": "715dbf27",
        "DK Anefie": "f98c24ec",
        "Devender Singh": "68e21fb1",
        "F Mutizwa": "d3e83eef",
        "G Bakiweyem": "5fe3709e",
        "Habib Enesi": "fb35ab1f",
        "IO Okpe": "1c5c3dce",
        "JK Vifah": "a1448a10",
        "Joshua Asia": "c4ecc42c",
        "KS Bagabena": "1ce4f664",
        "Lauren Agenbag": "40849abd",
        "OH Agbomadzie": "b38a9f73",
        "P Aho": "2e392afa",
        "P Ayoleyine": "20e3030d",
        "P Useni": "71fa64d6",
        "R Abdulkareem": "b9e07e44",
        "R Baaleri": "26c9b5be",
        "R Bakum": "c74c583b",
        "SA Fritz": "d15e60c8",
        "SA Okpe": "681f522f",
        "SK Awiah": "bc3fc527",
        "Sulaimon Runsewe": "c25d26dc",
        "TK Joseph": "4fafd79a"
      }
    },
    "season": "2022/23",
    "team_type": "international",
    "teams": [
      "Ghana",
      "Nigeria"
    ],
    "toss": {
      "decision": "bat",
      "winner": "Ghana"
    },
    "venue": "Gahanga International Cricket Stadium. Rwanda"
  },
  "innings": [
    {
      "team": "Ghana",
      "overs": [
        {
          "over": 0,
          "deliveries": [
            {
              "batter": "JK Vifah",
              "bowler": "P Aho",
              "non_striker": "SK Awiah",
              "runs": {
                "batter": 1,
                "extras": 0,
                "total": 1
              }
            },
            {
              "batter": "SK Awiah",
              "bowler": "P Aho",
              "non_striker": "JK Vifah",
              "runs": {
                "batter": 0,
                "extras": 0,
                "total": 0
              }
            },
            {
              "batter": "SK Awiah",
              "bowler": "P Aho",
              "non_striker": "JK Vifah",
              "runs": {
                "batter": 0,
                "extras": 0,
                "total": 0
              }
            },
            {
              "batter": "SK Awiah",
              "bowler": "P Aho",
              "non_striker": "JK Vifah",
              "runs": {
                "batter": 0,
                "extras": 0,
                "total": 0
              }
            },
            {
              "batter": "SK Awiah",
              "bowler": "P Aho",
              "non_striker": "JK Vifah",
              "runs": {
                "batter": 0,
                "extras": 0,
                "total": 0
              },
              "wickets": [
                {
                  "player_out": "SK Awiah",
                  "fielders": [
                    {
                      "name": "Sulaimon Runsewe"
                    }
                  ],
                  "kind": "caught"
                }
              ]
            },
            {
              "batter": "OH Agbomadzie",
              "bowler": "P Aho",
              "extras": {
                "wides": 1
              },
              "non_striker": "JK Vifah",
              "runs": {
                "batter": 0,
                "extras": 1,
                "total": 1
              }
            },
            {
              "batter": "OH Agbomadzie",
              "bowler": "P Aho",
              "extras": {
                "wides": 5
              },
              "non_striker": "JK Vifah",
              "runs": {
                "batter": 0,
                "extras": 5,
                "total": 5
              }
            },
            {
              "batter": "OH Agbomadzie",
              "bowler": "P Aho",
              "non_striker": "JK Vifah",
              "runs": {
                "batter": 0,
                "extras": 0,
                "total": 0
              }
            }
          ]
        },
        {
          "over": 1,
          "deliveries": [
            {
              "batter": "JK Vifah",
              "bowler": "P Useni",
              "non_striker": "OH Agbomadzie",
              "runs": {
                "batter": 1,
                "extras": 0,
                "total": 1
              }
            },
            {
              "batter": "OH Agbomadzie",
              "bowler": "P Useni",
              "non_striker": "JK Vifah",
              "runs": {
                "batter": 0,
                "extras": 0,
                "total": 0
              }
            },
            {
              "batter": "OH Agbomadzie",
              "bowler": "P Useni",
              "non_striker": "JK Vifah",
              "runs": {
                "batter": 0,
                "extras": 0,
                "total": 0
              }
            },
            {
              "batter": "OH Agbomadzie",
              "bowler": "P Useni",
              "non_striker": "JK Vifah",
              "runs": {
                "batter": 0,
                "extras": 0,
                "total": 0
              }
            },
            {
              "batter": "OH Agbomadzie",
              "bowler": "P Useni",
              "non_striker": "JK Vifah",
              "runs": {
                "batter": 1,
                "extras": 0,
                "total": 1
              }
            },
            {
              "batter": "JK Vifah",
              "bowler": "P Useni",
              "non_striker": "OH Agbomadzie",
              "runs": {
                "batter": 0,
                "extras": 0,
                "total": 0
              }
            }
          ]
        },
        {
          "over": 2,
          "deliveries": [
            {
              "batter": "OH Agbomadzie",
              "bowler": "P Aho",
              "non_striker": "JK Vifah",
              "runs": {
                "batter": 0,
                "extras": 0,
                "total": 0
              }
            },
            {
              "batter": "OH Agbomadzie",
              "bowler": "P Aho",
              "non_striker": "JK Vifah",
              "runs": {
                "batter": 0,
                "extras": 0,
                "total": 0
              }
            },
            {
              "batter": "OH Agbomadzie",
              "bowler": "P Aho",
              "non_striker": "JK Vifah",
              "runs": {
                "batter": 0,
                "extras": 0,
                "total": 0
              }
            },
            {
              "batter": "OH Agbomadzie",
              "bowler": "P Aho",
              "non_striker": "JK Vifah",
              "runs": {
                "batter": 4,
                "extras": 0,
                "total": 4
              }
            },
            {
              "batter": "OH Agbomadzie",
              "bowler": "P Aho",
              "non_striker": "JK Vifah",
              "runs": {
                "batter": 1,
                "extras": 0,
                "total": 1
              }
            },
            {
              "batter": "JK Vifah",
              "bowler": "P Aho",
              "non_striker": "OH Agbomadzie",
              "runs": {
                "batter": 0,
                "extras": 0,
                "total": 0
              },
              "wickets": [
                {
                  "player_out": "JK Vifah",
                  "kind": "lbw"
                }
              ]
            }
          ]
        },
        {
          "over": 3,
          "deliveries": [
            {
              "batter": "OH Agbomadzie",
              "bowler": "P Useni",
              "non_striker": "R Bakum",
              "runs": {
                "batter": 1,
                "extras": 0,
                "total": 1
              }
            },
            {
              "batter": "R Bakum",
              "bowler": "P Useni",
              "non_striker": "OH Agbomadzie",
              "runs": {
                "batter": 0,
                "extras": 0,
                "total": 0
              }
            },
            {
              "batter": "R Bakum",
              "bowler": "P Useni",
              "non_striker": "OH Agbomadzie",
              "runs": {
                "batter": 0,
                "extras": 0,
                "total": 0
              }
            },
            {
              "batter": "R Bakum",
              "bowler": "P Useni",
              "non_striker": "OH Agbomadzie",
              "runs": {
                "batter": 2,
                "extras": 0,
                "total": 2
              }
            },
            {
              "batter": "R Bakum",
              "bowler": "P Useni",
              "non_striker": "OH Agbomadzie",
              "runs": {
                "batter": 0,
                "extras": 0,
                "total": 0
              }
            },
            {
              "batter": "R Bakum",
              "bowler": "P Useni",
              "non_striker": "OH Agbomadzie",
              "runs": {
                "batter": 0,
                "extras": 0,
                "total": 0
              }
            }
          ]
        },
        {
          "over": 4,
          "deliveries": [
            {
              "batter": "OH Agbomadzie",
              "bowler": "IO Okpe",
              "non_striker": "R Bakum",
              "runs": {
                "batter": 4,
                "extras": 0,
                "total": 4
              }
            },
            {
              "batter": "OH Agbomadzie",
              "bowler": "IO Okpe",
              "non_striker": "R Bakum",
              "runs": {
                "batter": 0,
                "extras": 0,
                "total": 0
              }
            },
            {
              "batter": "OH Agbomadzie",
              "bowler": "IO Okpe",
              "non_striker": "R Bakum",
              "runs": {
                "batter": 1,
                "extras": 0,
                "total": 1
              }
            },
            {
              "batter": "R Bakum",
              "bowler": "IO Okpe",
              "non_striker": "OH Agbomadzie",
              "runs": {
                "batter": 0,
                "extras": 0,
                "total": 0
              }
            },
            {
              "batter": "R Bakum",
              "bowler": "IO Okpe",
              "non_striker": "OH Agbomadzie",
              "runs": {
                "batter": 2,
                "extras": 0,
                "total": 2
              }
            },
            {
              "batter": "R Bakum",
              "bowler": "IO Okpe",
              "non_striker": "OH Agbomadzie",
              "runs": {
                "batter": 0,
                "extras": 0,
                "total": 0
              }
            }
          ]
        },
        {
          "over": 5,
          "deliveries": [
            {
              "batter": "OH Agbomadzie",
              "bowler": "C Udekwe",
              "non_striker": "R Bakum",
              "runs": {
                "batter": 0,
                "extras": 0,
                "total": 0
              }
            },
            {
              "batter": "OH Agbomadzie",
              "bowler": "C Udekwe",
              "non_striker": "R Bakum",
              "runs": {
                "batter": 0,
                "extras": 0,
                "total": 0
              }
            },
            {
              "batter": "OH Agbomadzie",
              "bowler": "C Udekwe",
              "extras": {
                "legbyes": 1
              },
              "non_striker": "R Bakum",
              "runs": {
                "batter": 0,
                "extras": 1,
                "total": 1
              }
            },
            {
              "batter": "R Bakum",
              "bowler": "C Udekwe",
              "extras": {
                "legbyes": 1
              },
              "non_striker": "OH Agbomadzie",
              "runs": {
                "batter": 0,
                "extras": 1,
                "total": 1
              }
            },
            {
              "batter": "OH Agbomadzie",
              "bowler": "C Udekwe",
              "non_striker": "R Bakum",
              "runs": {
                "batter": 0,
                "extras": 0,
                "total": 0
              }
            },
            {
              "batter": "OH Agbomadzie",
              "bowler": "C Udekwe",
              "non_striker": "R Bakum",
              "runs": {
                "batter": 0,
                "extras": 0,
                "total": 0
              }
            }
          ]
        },
        {
          "over": 6,
          "deliveries": [
            {
              "batter": "R Bakum",
              "bowler": "IO Okpe",
              "non_striker": "OH Agbomadzie",
              "runs": {
                "batter": 4,
                "extras": 0,
                "total": 4
              }
            },
            {
              "batter": "R Bakum",
              "bowler": "IO Okpe",
              "non_striker": "OH Agbomadzie",
              "runs": {
                "batter": 4,
                "extras": 0,
                "total": 4
              }
            },
            {
              "batter": "R Bakum",
              "bowler": "IO Okpe",
              "non_striker": "OH Agbomadzie",
              "runs": {
                "batter": 1,
                "extras": 0,
                "total": 1
              }
            },
            {
              "batter": "OH Agbomadzie",
              "bowler": "IO Okpe",
              "non_striker": "R Bakum",
              "runs": {
                "batter": 1,
                "extras": 0,
                "total": 1
              }
            },
            {
              "batter": "R Bakum",
              "bowler": "IO Okpe",
              "non_striker": "OH Agbomadzie",
              "runs": {
                "batter": 1,
                "extras": 0,
                "total": 1
              }
            },
            {
              "batter": "OH Agbomadzie",
              "bowler": "IO Okpe",
              "extras": {
                "legbyes": 1
              },
              "non_striker": "R Bakum",
              "runs": {
                "batter": 0,
                "extras": 1,
                "total": 1
              }
            }
          ]
        },
        {
          "over": 7,
          "deliveries": [
            {
              "batter": "OH Agbomadzie",
              "bowler": "C Udekwe",
              "non_striker": "R Bakum",
              "runs": {
                "batter": 0,
                "extras": 0,
                "total": 0
              }
            },
            {
              "batter": "OH Agbomadzie",
              "bowler": "C Udekwe",
              "extras": {
                "legbyes": 1
              },
              "non_striker": "R Bakum",
              "runs": {
                "batter": 0,
                "extras": 1,
                "total": 1
              }
            },
            {
              "batter": "R Bakum",
              "bowler": "C Udekwe",
              "non_striker": "OH Agbomadzie",
              "runs": {
                "batter": 1,
                "extras": 0,
                "total": 1
              }
            },
            {
              "batter": "OH Agbomadzie",
              "bowler": "C Udekwe",
              "extras": {
                "legbyes": 1
              },
              "non_striker": "R Bakum",
              "runs": {
                "batter": 0,
                "extras": 1,
                "total": 1
              }
            },
            {
              "batter": "R Bakum",
              "bowler": "C Udekwe",
              "non_striker": "OH Agbomadzie",
              "runs": {
                "batter": 1,
                "extras": 0,
                "total": 1
              }
            },
            {
              "batter": "OH Agbomadzie",
              "bowler": "C Udekwe",
              "non_striker": "R Bakum",
              "runs": {
                "batter": 0,
                "extras": 0,
                "total": 0
              }
            }
          ]
        },
        {
          "over": 8,
          "deliveries": [
            {
              "batter": "R Bakum",
              "bowler": "R Abdulkareem",
              "non_striker": "OH Agbomadzie",
              "runs": {
                "batter": 1,
                "extras": 0,
                "total": 1
              }
            },
            {
              "batter": "OH Agbomadzie",
              "bowler": "R Abdulkareem",
              "non_striker": "R Bakum",
              "runs": {
                "batter": 0,
                "extras": 0,
                "total": 0
              },
              "wickets": [
                {
                  "player_out": "OH Agbomadzie",
                  "fielders": [
                    {
                      "name": "CN Onwuzulike"
                    }
                  ],
                  "kind": "caught"
                }
              ]
            },
            {
              "batter": "Devender Singh",
              "bowler": "R Abdulkareem",
              "non_striker": "R Bakum",
              "runs": {
                "batter": 1,
                "extras": 0,
                "total": 1
              }
            },
            {
              "batter": "R Bakum",
              "bowler": "R Abdulkareem",
              "non_striker": "Devender Singh",
              "runs": {
                "batter": 1,
                "extras": 0,
                "total": 1
              }
            },
            {
              "batter": "Devender Singh",
              "bowler": "R Abdulkareem",
              "non_striker": "R Bakum",
              "runs": {
                "batter": 0,
                "extras": 0,
                "total": 0
              }
            },
            {
              "batter": "Devender Singh",
              "bowler": "R Abdulkareem",
              "non_striker": "R Bakum",
              "runs": {
                "batter": 1,
                "extras": 0,
                "total": 1
              }
            }
          ]
        },
        {
          "over": 9,
          "deliveries": [
            {
              "batter": "Devender Singh",
              "bowler": "SA Okpe",
              "non_striker": "R Bakum",
              "runs": {
                "batter": 0,
                "extras": 0,
                "total": 0
              }
            },
            {
              "batter": "Devender Singh",
              "bowler": "SA Okpe",
              "non_striker": "R Bakum",
              "runs": {
                "batter": 1,
                "extras": 0,
                "total": 1
              }
            },
            {
              "batter": "R Bakum",
              "bowler": "SA Okpe",
              "non_striker": "Devender Singh",
              "runs": {
                "batter": 1,
                "extras": 0,
                "total": 1
              }
            },
            {
              "batter": "Devender Singh",
              "bowler": "SA Okpe",
              "non_striker": "R Bakum",
              "runs": {
                "batter": 0,
                "extras": 0,
                "total": 0
              }
            },
            {
              "batter": "Devender Singh",
              "bowler": "SA Okpe",
              "non_striker": "R Bakum",
              "runs": {
                "batter": 0,
                "extras": 0,
                "total": 0
              }
            },
            {
              "batter": "Devender Singh",
              "bowler": "SA Okpe",
              "extras": {
                "legbyes": 1
              },
              "non_striker": "R Bakum",
              "runs": {
                "batter": 0,
                "extras": 1,
                "total": 1
              }
            }
          ]
        },
        {
          "over": 10,
          "deliveries": [
            {
              "batter": "Devender Singh",
              "bowler": "R Abdulkareem",
              "non_striker": "R Bakum",
              "runs": {
                "batter": 0,
                "extras": 0,
                "total": 0
              }
            },
            {
              "batter": "Devender Singh",
              "bowler": "R Abdulkareem",
              "non_striker": "R Bakum",
              "runs": {
                "batter": 0,
                "extras": 0,
                "total": 0
              }
            },
            {
              "batter": "Devender Singh",
              "bowler": "R Abdulkareem",
              "non_striker": "R Bakum",
              "runs": {
                "batter": 2,
                "extras": 0,
                "total": 2
              }
            },
            {
              "batter": "Devender Singh",
              "bowler": "R Abdulkareem",
              "non_striker": "R Bakum",
              "runs": {
                "batter": 1,
                "extras": 0,
                "total": 1
              }
            },
            {
              "batter": "R Bakum",
              "bowler": "R Abdulkareem",
              "extras": {
                "wides": 1
              },
              "non_striker": "Devender Singh",
              "runs": {
                "batter": 0,
                "extras": 1,
                "total": 1
              }
            },
            {
              "batter": "R Bakum",
              "bowler": "R Abdulkareem",
              "non_striker": "Devender Singh",
              "runs": {
                "batter": 1,
                "extras": 0,
                "total": 1
              }
            },
            {
              "batter": "Devender Singh",
              "bowler": "R Abdulkareem",
              "non_striker": "R Bakum",
              "runs": {
                "batter": 1,
                "extras": 0,
                "total": 1
              }
            }
          ]
        },
        {
          "over": 11,
          "deliveries": [
            {
              "batter": "Devender Singh",
              "bowler": "SA Okpe",
              "non_striker": "R Bakum",
              "runs": {
                "batter": 0,
                "extras": 0,
                "total": 0
              }
            },
            {
              "batter": "Devender Singh",
              "bowler": "SA Okpe",
              "non_striker": "R Bakum",
              "runs": {
                "batter": 0,
                "extras": 0,
                "total": 0
              }
            },
            {
              "batter": "Devender Singh",
              "bowler": "SA Okpe",
              "non_striker": "R Bakum",
              "runs": {
                "batter": 1,
                "extras": 0,
                "total": 1
              }
            },
            {
              "batter": "R Bakum",
              "bowler": "SA Okpe",
              "non_striker": "Devender Singh",
              "runs": {
                "batter": 4,
                "extras": 0,
                "total": 4
              }
            },
            {
              "batter": "R Bakum",
              "bowler": "SA Okpe",
              "non_striker": "Devender Singh",
              "runs": {
                "batter": 1,
                "extras": 0,
                "total": 1
              }
            },
            {
              "batter": "Devender Singh",
              "bowler": "SA Okpe",
              "non_striker": "R Bakum",
              "runs": {
                "batter": 1,
                "extras": 0,
                "total": 1
              }
            }
          ]
        },
        {
          "over": 12,
          "deliveries": [
            {
              "batter": "Devender Singh",
              "bowler": "R Abdulkareem",
              "non_striker": "R Bakum",
              "runs": {
                "batter": 4,
                "extras": 0,
                "total": 4
              }
            },
            {
              "batter": "Devender Singh",
              "bowler": "R Abdulkareem",
              "non_striker": "R Bakum",
              "runs": {
                "batter": 6,
                "extras": 0,
                "total": 6
              }
            },
            {
              "batter": "Devender Singh",
              "bowler": "R Abdulkareem",
              "non_striker": "R Bakum",
              "runs": {
                "batter": 1,
                "extras": 0,
                "total": 1
              }
            },
            {
              "batter": "R Bakum",
              "bowler": "R Abdulkareem",
              "non_striker": "Devender Singh",
              "runs": {
                "batter": 4,
                "extras": 0,
                "total": 4
              }
            },
            {
              "batter": "R Bakum",
              "bowler": "R Abdulkareem",
              "non_striker": "Devender Singh",
              "runs": {
                "batter": 0,
                "extras": 0,
                "total": 0
              }
            },
            {
              "batter": "R Bakum",
              "bowler": "R Abdulkareem",
              "non_striker": "Devender Singh",
              "runs": {
                "batter": 6,
                "extras": 0,
                "total": 6
              }
            }
          ]
        },
        {
          "over": 13,
          "deliveries": [
            {
              "batter": "Devender Singh",
              "bowler": "SA Okpe",
              "non_striker": "R Bakum",
              "runs": {
                "batter": 0,
                "extras": 0,
                "total": 0
              }
            },
            {
              "batter": "Devender Singh",
              "bowler": "SA Okpe",
              "non_striker": "R Bakum",
              "runs": {
                "batter": 2,
                "extras": 0,
                "total": 2
              }
            },
            {
              "batter": "Devender Singh",
              "bowler": "SA Okpe",
              "non_striker": "R Bakum",
              "runs": {
                "batter": 1,
                "extras": 0,
                "total": 1
              }
            },
            {
              "batter": "R Bakum",
              "bowler": "SA Okpe",
              "non_striker": "Devender Singh",
              "runs": {
                "batter": 6,
                "extras": 0,
                "total": 6
              }
            },
            {
              "batter": "R Bakum",
              "bowler": "SA Okpe",
              "non_striker": "Devender Singh",
              "runs": {
                "batter": 0,
                "extras": 0,
                "total": 0
              }
            },
            {
              "batter": "R Bakum",
              "bowler": "SA Okpe",
              "non_striker": "Devender Singh",
              "runs": {
                "batter": 0,
                "extras": 0,
                "total": 0
              },
              "wickets": [
                {
                  "player_out": "R Bakum",
                  "fielders": [
                    {
                      "name": "C Udekwe"
                    }
                  ],
                  "kind": "caught"
                }
              ]
            }
          ]
        },
        {
          "over": 14,
          "deliveries": [
            {
              "batter": "Devender Singh",
              "bowler": "P Aho",
              "non_striker": "DK Anefie",
              "runs": {
                "batter": 0,
                "extras": 0,
                "total": 0
              }
            },
            {
              "batter": "Devender Singh",
              "bowler": "P Aho",
              "non_striker": "DK Anefie",
              "runs": {
                "batter": 0,
                "extras": 0,
                "total": 0
              },
              "wickets": [
                {
                  "player_out": "DK Anefie",
                  "fielders": [
                    {
                      "name": "Joshua Asia"
                    },
                    {
                      "name": "SA Okpe"
                    }
                  ],
                  "kind": "run out"
                }
              ]
            },
            {
              "batter": "Devender Singh",
              "bowler": "P Aho",
              "non_striker": "R Baaleri",
              "runs": {
                "batter": 0,
                "extras": 0,
                "total": 0
              },
              "wickets": [
                {
                  "player_out": "Devender Singh",
                  "kind": "caught and bowled"
                }
              ]
            },
            {
              "batter": "P Ayoleyine",
              "bowler": "P Aho",
              "non_striker": "R Baaleri",
              "runs": {
                "batter": 0,
                "extras": 0,
                "total": 0
              },
              "wickets": [
                {
                  "player_out": "P Ayoleyine",
                  "kind": "lbw"
                }
              ]
            },
            {
              "batter": "TK Joseph",
              "bowler": "P Aho",
              "non_striker": "R Baaleri",
              "runs": {
                "batter": 0,
                "extras": 0,
                "total": 0
              }
            },
            {
              "batter": "TK Joseph",
              "bowler": "P Aho",
              "non_striker": "R Baaleri",
              "runs": {
                "batter": 1,
                "extras": 0,
                "total": 1
              }
            }
          ]
        },
        {
          "over": 15,
          "deliveries": [
            {
              "batter": "TK Joseph",
              "bowler": "P Useni",
              "non_striker": "R Baaleri",
              "runs": {
                "batter": 1,
                "extras": 0,
                "total": 1
              }
            },
            {
              "batter": "R Baaleri",
              "bowler": "P Useni",
              "non_striker": "TK Joseph",
              "runs": {
                "batter": 4,
                "extras": 0,
                "total": 4
              }
            },
            {
              "batter": "R Baaleri",
              "bowler": "P Useni",
              "non_striker": "TK Joseph",
              "runs": {
                "batter": 1,
                "extras": 0,
                "total": 1
              }
            },
            {
              "batter": "TK Joseph",
              "bowler": "P Useni",
              "non_striker": "R Baaleri",
              "runs": {
                "batter": 2,
                "extras": 0,
                "total": 2
              }
            },
            {
              "batter": "TK Joseph",
              "bowler": "P Useni",
              "non_striker": "R Baaleri",
              "runs": {
                "batter": 0,
                "extras": 0,
                "total": 0
              }
            },
            {
              "batter": "TK Joseph",
              "bowler": "P Useni",
              "non_striker": "R Baaleri",
              "runs": {
                "batter": 0,
                "extras": 0,
                "total": 0
              }
            }
          ]
        },
        {
          "over": 16,
          "deliveries": [
            {
              "batter": "R Baaleri",
              "bowler": "P Aho",
              "non_striker": "TK Joseph",
              "runs": {
                "batter": 0,
                "extras": 0,
                "total": 0
              }
            },
            {
              "batter": "R Baaleri",
              "bowler": "P Aho",
              "non_striker": "TK Joseph",
              "runs": {
                "batter": 1,
                "extras": 0,
                "total": 1
              }
            },
            {
              "batter": "TK Joseph",
              "bowler": "P Aho",
              "non_striker": "R Baaleri",
              "runs": {
                "batter": 0,
                "extras": 0,
                "total": 0
              }
            },
            {
              "batter": "TK Joseph",
              "bowler": "P Aho",
              "non_striker": "R Baaleri",
              "runs": {
                "batter": 1,
                "extras": 0,
                "total": 1
              }
            },
            {
              "batter": "R Baaleri",
              "bowler": "P Aho",
              "non_striker": "TK Joseph",
              "runs": {
                "batter": 0,
                "extras": 0,
                "total": 0
              }
            },
            {
              "batter": "R Baaleri",
              "bowler": "P Aho",
              "non_striker": "TK Joseph",
              "runs": {
                "batter": 0,
                "extras": 0,
                "total": 0
              }
            }
          ]
        },
        {
          "over": 17,
          "deliveries": [
            {
              "batter": "TK Joseph",
              "bowler": "C Udekwe",
              "non_striker": "R Baaleri",
              "runs": {
                "batter": 0,
                "extras": 0,
                "total": 0
              }
            },
            {
              "batter": "TK Joseph",
              "bowler": "C Udekwe",
              "non_striker": "R Baaleri",
              "runs": {
                "batter": 4,
                "extras": 0,
                "total": 4
              }
            },
            {
              "batter": "TK Joseph",
              "bowler": "C Udekwe",
              "non_striker": "R Baaleri",
              "runs": {
                "batter": 0,
                "extras": 0,
                "total": 0
              }
            },
            {
              "batter": "TK Joseph",
              "bowler": "C Udekwe",
              "extras": {
                "wides": 1
              },
              "non_striker": "R Baaleri",
              "runs": {
                "batter": 0,
                "extras": 1,
                "total": 1
              }
            },
            {
              "batter": "TK Joseph",
              "bowler": "C Udekwe",
              "non_striker": "R Baaleri",
              "runs": {
                "batter": 1,
                "extras": 0,
                "total": 1
              }
            },
            {
              "batter": "R Baaleri",
              "bowler": "C Udekwe",
              "non_striker": "TK Joseph",
              "runs": {
                "batter": 1,
                "extras": 0,
                "total": 1
              }
            },
            {
              "batter": "TK Joseph",
              "bowler": "C Udekwe",
              "non_striker": "R Baaleri",
              "runs": {
                "batter": 2,
                "extras": 0,
                "total": 2
              }
            }
          ]
        },
        {
          "over": 18,
          "deliveries": [
            {
              "batter": "R Baaleri",
              "bowler": "P Useni",
              "non_striker": "TK Joseph",
              "runs": {
                "batter": 1,
                "extras": 0,
                "total": 1
              }
            },
            {
              "batter": "TK Joseph",
              "bowler": "P Useni",
              "non_striker": "R Baaleri",
              "runs": {
                "batter": 2,
                "extras": 0,
                "total": 2
              }
            },
            {
              "batter": "TK Joseph",
              "bowler": "P Useni",
              "non_striker": "R Baaleri",
              "runs": {
                "batter": 4,
                "extras": 0,
                "total": 4
              }
            },
            {
              "batter": "TK Joseph",
              "bowler": "P Useni",
              "non_striker": "R Baaleri",
              "runs": {
                "batter": 1,
                "extras": 0,
                "total": 1
              }
            },
            {
              "batter": "R Baaleri",
              "bowler": "P Useni",
              "non_striker": "TK Joseph",
              "runs": {
                "batter": 1,
                "extras": 0,
                "total": 1
              }
            },
            {
              "batter": "TK Joseph",
              "bowler": "P Useni",
              "non_striker": "R Baaleri",
              "runs": {
                "batter": 1,
                "extras": 0,
                "total": 1
              }
            }
          ]
        },
        {
          "over": 19,
          "deliveries": [
            {
              "batter": "TK Joseph",
              "bowler": "IO Okpe",
              "non_striker": "R Baaleri",
              "runs": {
                "batter": 0,
                "extras": 0,
                "total": 0
              }
            },
            {
              "batter": "TK Joseph",
              "bowler": "IO Okpe",
              "non_striker": "R Baaleri",
              "runs": {
                "batter": 2,
                "extras": 0,
                "total": 2
              }
            },
            {
              "batter": "TK Joseph",
              "bowler": "IO Okpe",
              "non_striker": "R Baaleri",
              "runs": {
                "batter": 0,
                "extras": 0,
                "total": 0
              }
            },
            {
              "batter": "TK Joseph",
              "bowler": "IO Okpe",
              "extras": {
                "legbyes": 1
              },
              "non_striker": "R Baaleri",
              "runs": {
                "batter": 0,
                "extras": 1,
                "total": 1
              }
            },
            {
              "batter": "R Baaleri",
              "bowler": "IO Okpe",
              "non_striker": "TK Joseph",
              "runs": {
                "batter": 0,
                "extras": 0,
                "total": 0
              }
            },
            {
              "batter": "R Baaleri",
              "bowler": "IO Okpe",
              "non_striker": "TK Joseph",
              "runs": {
                "batter": 2,
                "extras": 0,
                "total": 2
              }
            }
          ]
        }
      ],
      "powerplays": [
        {
          "from": 0.1,
          "to": 5.6,
          "type": "mandatory"
        }
      ]
    },
    {
      "team": "Nigeria",
      "overs": [
        {
          "over": 0,
          "deliveries": [
            {
              "batter": "Sulaimon Runsewe",
              "bowler": "G Bakiweyem",
              "non_striker": "A Shreshta",
              "runs": {
                "batter": 0,
                "extras": 0,
                "total": 0
              }
            },
            {
              "batter": "Sulaimon Runsewe",
              "bowler": "G Bakiweyem",
              "non_striker": "A Shreshta",
              "runs": {
                "batter": 1,
                "extras": 0,
                "total": 1
              }
            },
            {
              "batter": "A Shreshta",
              "bowler": "G Bakiweyem",
              "extras": {
                "wides": 1
              },
              "non_striker": "Sulaimon Runsewe",
              "runs": {
                "batter": 0,
                "extras": 1,
                "total": 1
              }
            },
            {
              "batter": "A Shreshta",
              "bowler": "G Bakiweyem",
              "non_striker": "Sulaimon Runsewe",
              "runs": {
                "batter": 0,
                "extras": 0,
                "total": 0
              }
            },
            {
              "batter": "A Shreshta",
              "bowler": "G Bakiweyem",
              "non_striker": "Sulaimon Runsewe",
              "runs": {
                "batter": 1,
                "extras": 0,
                "total": 1
              }
            },
            {
              "batter": "Sulaimon Runsewe",
              "bowler": "G Bakiweyem",
              "non_striker": "A Shreshta",
              "runs": {
                "batter": 1,
                "extras": 0,
                "total": 1
              }
            },
            {
              "batter": "A Shreshta",
              "bowler": "G Bakiweyem",
              "non_striker": "Sulaimon Runsewe",
              "runs": {
                "batter": 0,
                "extras": 0,
                "total": 0
              }
            }
          ]
        },
        {
          "over": 1,
          "deliveries": [
            {
              "batter": "Sulaimon Runsewe",
              "bowler": "R Baaleri",
              "non_striker": "A Shreshta",
              "runs": {
                "batter": 1,
                "extras": 0,
                "total": 1
              }
            },
            {
              "batter": "A Shreshta",
              "bowler": "R Baaleri",
              "non_striker": "Sulaimon Runsewe",
              "runs": {
                "batter": 4,
                "extras": 0,
                "total": 4
              }
            },
            {
              "batter": "A Shreshta",
              "bowler": "R Baaleri",
              "non_striker": "Sulaimon Runsewe",
              "runs": {
                "batter": 4,
                "extras": 0,
                "total": 4
              }
            },
            {
              "batter": "A Shreshta",
              "bowler": "R Baaleri",
              "non_striker": "Sulaimon Runsewe",
              "runs": {
                "batter": 0,
                "extras": 0,
                "total": 0
              }
            },
            {
              "batter": "A Shreshta",
              "bowler": "R Baaleri",
              "non_striker": "Sulaimon Runsewe",
              "runs": {
                "batter": 0,
                "extras": 0,
                "total": 0
              }
            },
            {
              "batter": "A Shreshta",
              "bowler": "R Baaleri",
              "non_striker": "Sulaimon Runsewe",
              "runs": {
                "batter": 0,
                "extras": 0,
                "total": 0
              }
            }
          ]
        },
        {
          "over": 2,
          "deliveries": [
            {
              "batter": "Sulaimon Runsewe",
              "bowler": "G Bakiweyem",
              "non_striker": "A Shreshta",
              "runs": {
                "batter": 0,
                "extras": 0,
                "total": 0
              }
            },
            {
              "batter": "Sulaimon Runsewe",
              "bowler": "G Bakiweyem",
              "non_striker": "A Shreshta",
              "runs": {
                "batter": 0,
                "extras": 0,
                "total": 0
              }
            },
            {
              "batter": "Sulaimon Runsewe",
              "bowler": "G Bakiweyem",
              "non_striker": "A Shreshta",
              "runs": {
                "batter": 0,
                "extras": 0,
                "total": 0
              }
            },
            {
              "batter": "Sulaimon Runsewe",
              "bowler": "G Bakiweyem",
              "non_striker": "A Shreshta",
              "runs": {
                "batter": 0,
                "extras": 0,
                "total": 0
              },
              "wickets": [
                {
                  "player_out": "Sulaimon Runsewe",
                  "kind": "lbw"
                }
              ]
            },
            {
              "batter": "AE Isesele",
              "bowler": "G Bakiweyem",
              "non_striker": "A Shreshta",
              "runs": {
                "batter": 0,
                "extras": 0,
                "total": 0
              }
            },
            {
              "batter": "AE Isesele",
              "bowler": "G Bakiweyem",
              "non_striker": "A Shreshta",
              "runs": {
                "batter": 1,
                "extras": 0,
                "total": 1
              }
            }
          ]
        },
        {
          "over": 3,
          "deliveries": [
            {
              "batter": "AE Isesele",
              "bowler": "KS Bagabena",
              "non_striker": "A Shreshta",
              "runs": {
                "batter": 0,
                "extras": 0,
                "total": 0
              }
            },
            {
              "batter": "AE Isesele",
              "bowler": "KS Bagabena",
              "non_striker": "A Shreshta",
              "runs": {
                "batter": 2,
                "extras": 0,
                "total": 2
              }
            },
            {
              "batter": "AE Isesele",
              "bowler": "KS Bagabena",
              "non_striker": "A Shreshta",
              "runs": {
                "batter": 0,
                "extras": 0,
                "total": 0
              }
            },
            {
              "batter": "AE Isesele",
              "bowler": "KS Bagabena",
              "non_striker": "A Shreshta",
              "runs": {
                "batter": 0,
                "extras": 0,
                "total": 0
              }
            },
            {
              "batter": "AE Isesele",
              "bowler": "KS Bagabena",
              "non_striker": "A Shreshta",
              "runs": {
                "batter": 0,
                "extras": 0,
                "total": 0
              }
            },
            {
              "batter": "AE Isesele",
              "bowler": "KS Bagabena",
              "non_striker": "A Shreshta",
              "runs": {
                "batter": 4,
                "extras": 0,
                "total": 4
              }
            }
          ]
        },
        {
          "over": 4,
          "deliveries": [
            {
              "batter": "A Shreshta",
              "bowler": "OH Agbomadzie",
              "non_striker": "AE Isesele",
              "runs": {
                "batter": 0,
                "extras": 0,
                "total": 0
              }
            },
            {
              "batter": "A Shreshta",
              "bowler": "OH Agbomadzie",
              "non_striker": "AE Isesele",
              "runs": {
                "batter": 0,
                "extras": 0,
                "total": 0
              }
            },
            {
              "batter": "A Shreshta",
              "bowler": "OH Agbomadzie",
              "non_striker": "AE Isesele",
              "runs": {
                "batter": 4,
                "extras": 0,
                "total": 4
              }
            },
            {
              "batter": "A Shreshta",
              "bowler": "OH Agbomadzie",
              "non_striker": "AE Isesele",
              "runs": {
                "batter": 1,
                "extras": 0,
                "total": 1
              }
            },
            {
              "batter": "AE Isesele",
              "bowler": "OH Agbomadzie",
              "non_striker": "A Shreshta",
              "runs": {
                "batter": 0,
                "extras": 0,
                "total": 0
              }
            },
            {
              "batter": "AE Isesele",
              "bowler": "OH Agbomadzie",
              "non_striker": "A Shreshta",
              "runs": {
                "batter": 6,
                "extras": 0,
                "total": 6
              }
            }
          ]
        },
        {
          "over": 5,
          "deliveries": [
            {
              "batter": "A Shreshta",
              "bowler": "KS Bagabena",
              "non_striker": "AE Isesele",
              "runs": {
                "batter": 4,
                "extras": 0,
                "total": 4
              }
            },
            {
              "batter": "A Shreshta",
              "bowler": "KS Bagabena",
              "non_striker": "AE Isesele",
              "runs": {
                "batter": 1,
                "extras": 0,
                "total": 1
              }
            },
            {
              "batter": "AE Isesele",
              "bowler": "KS Bagabena",
              "non_striker": "A Shreshta",
              "runs": {
                "batter": 6,
                "extras": 0,
                "total": 6
              }
            },
            {
              "batter": "AE Isesele",
              "bowler": "KS Bagabena",
              "non_striker": "A Shreshta",
              "runs": {
                "batter": 4,
                "extras": 0,
                "total": 4
              }
            },
            {
              "batter": "AE Isesele",
              "bowler": "KS Bagabena",
              "non_striker": "A Shreshta",
              "runs": {
                "batter": 0,
                "extras": 0,
                "total": 0
              }
            },
            {
              "batter": "AE Isesele",
              "bowler": "KS Bagabena",
              "non_striker": "A Shreshta",
              "runs": {
                "batter": 4,
                "extras": 0,
                "total": 4
              }
            }
          ]
        },
        {
          "over": 6,
          "deliveries": [
            {
              "batter": "A Shreshta",
              "bowler": "R Bakum",
              "non_striker": "AE Isesele",
              "runs": {
                "batter": 1,
                "extras": 0,
                "total": 1
              }
            },
            {
              "batter": "AE Isesele",
              "bowler": "R Bakum",
              "non_striker": "A Shreshta",
              "runs": {
                "batter": 1,
                "extras": 0,
                "total": 1
              }
            },
            {
              "batter": "A Shreshta",
              "bowler": "R Bakum",
              "non_striker": "AE Isesele",
              "runs": {
                "batter": 0,
                "extras": 0,
                "total": 0
              }
            },
            {
              "batter": "A Shreshta",
              "bowler": "R Bakum",
              "non_striker": "AE Isesele",
              "runs": {
                "batter": 0,
                "extras": 0,
                "total": 0
              }
            },
            {
              "batter": "A Shreshta",
              "bowler": "R Bakum",
              "non_striker": "AE Isesele",
              "runs": {
                "batter": 0,
                "extras": 0,
                "total": 0
              }
            },
            {
              "batter": "A Shreshta",
              "bowler": "R Bakum",
              "non_striker": "AE Isesele",
              "runs": {
                "batter": 1,
                "extras": 0,
                "total": 1
              }
            }
          ]
        },
        {
          "over": 7,
          "deliveries": [
            {
              "batter": "A Shreshta",
              "bowler": "DK Anefie",
              "non_striker": "AE Isesele",
              "runs": {
                "batter": 1,
                "extras": 0,
                "total": 1
              }
            },
            {
              "batter": "AE Isesele",
              "bowler": "DK Anefie",
              "extras": {
                "wides": 1
              },
              "non_striker": "A Shreshta",
              "runs": {
                "batter": 0,
                "extras": 1,
                "total": 1
              }
            },
            {
              "batter": "AE Isesele",
              "bowler": "DK Anefie",
              "non_striker": "A Shreshta",
              "runs": {
                "batter": 6,
                "extras": 0,
                "total": 6
              }
            },
            {
              "batter": "AE Isesele",
              "bowler": "DK Anefie",
              "non_striker": "A Shreshta",
              "runs": {
                "batter": 0,
                "extras": 0,
                "total": 0
              }
            },
            {
              "batter": "AE Isesele",
              "bowler": "DK Anefie",
              "non_striker": "A Shreshta",
              "runs": {
                "batter": 1,
                "extras": 0,
                "total": 1
              }
            },
            {
              "batter": "A Shreshta",
              "bowler": "DK Anefie",
              "non_striker": "AE Isesele",
              "runs": {
                "batter": 1,
                "extras": 0,
                "total": 1
              }
            },
            {
              "batter": "AE Isesele",
              "bowler": "DK Anefie",
              "non_striker": "A Shreshta",
              "runs": {
                "batter": 0,
                "extras": 0,
                "total": 0
              }
            }
          ]
        },
        {
          "over": 8,
          "deliveries": [
            {
              "batter": "A Shreshta",
              "bowler": "R Bakum",
              "non_striker": "AE Isesele",
              "runs": {
                "batter": 1,
                "extras": 0,
                "total": 1
              }
            },
            {
              "batter": "AE Isesele",
              "bowler": "R Bakum",
              "non_striker": "A Shreshta",
              "runs": {
                "batter": 4,
                "extras": 0,
                "total": 4
              }
            },
            {
              "batter": "AE Isesele",
              "bowler": "R Bakum",
              "non_striker": "A Shreshta",
              "runs": {
                "batter": 4,
                "extras": 0,
                "total": 4
              }
            },
            {
              "batter": "AE Isesele",
              "bowler": "R Bakum",
              "non_striker": "A Shreshta",
              "runs": {
                "batter": 0,
                "extras": 0,
                "total": 0
              }
            },
            {
              "batter": "AE Isesele",
              "bowler": "R Bakum",
              "non_striker": "A Shreshta",
              "runs": {
                "batter": 0,
                "extras": 0,
                "total": 0
              }
            },
            {
              "batter": "AE Isesele",
              "bowler": "R Bakum",
              "non_striker": "A Shreshta",
              "runs": {
                "batter": 1,
                "extras": 0,
                "total": 1
              }
            }
          ]
        },
        {
          "over": 9,
          "deliveries": [
            {
              "batter": "AE Isesele",
              "bowler": "DK Anefie",
              "extras": {
                "wides": 1
              },
              "non_striker": "A Shreshta",
              "runs": {
                "batter": 0,
                "extras": 1,
                "total": 1
              }
            },
            {
              "batter": "AE Isesele",
              "bowler": "DK Anefie",
              "non_striker": "A Shreshta",
              "runs": {
                "batter": 0,
                "extras": 0,
                "total": 0
              },
              "wickets": [
                {
                  "player_out": "AE Isesele",
                  "kind": "lbw"
                }
              ]
            },
            {
              "batter": "CN Onwuzulike",
              "bowler": "DK Anefie",
              "non_striker": "A Shreshta",
              "runs": {
                "batter": 0,
                "extras": 0,
                "total": 0
              }
            },
            {
              "batter": "CN Onwuzulike",
              "bowler": "DK Anefie",
              "non_striker": "A Shreshta",
              "runs": {
                "batter": 0,
                "extras": 0,
                "total": 0
              }
            },
            {
              "batter": "CN Onwuzulike",
              "bowler": "DK Anefie",
              "non_striker": "A Shreshta",
              "runs": {
                "batter": 1,
                "extras": 0,
                "total": 1
              }
            },
            {
              "batter": "A Shreshta",
              "bowler": "DK Anefie",
              "non_striker": "CN Onwuzulike",
              "runs": {
                "batter": 4,
                "extras": 0,
                "total": 4
              }
            },
            {
              "batter": "A Shreshta",
              "bowler": "DK Anefie",
              "non_striker": "CN Onwuzulike",
              "runs": {
                "batter": 0,
                "extras": 0,
                "total": 0
              }
            }
          ]
        },
        {
          "over": 10,
          "deliveries": [
            {
              "batter": "CN Onwuzulike",
              "bowler": "G Bakiweyem",
              "extras": {
                "noballs": 1
              },
              "non_striker": "A Shreshta",
              "runs": {
                "batter": 1,
                "extras": 1,
                "total": 2
              }
            },
            {
              "batter": "A Shreshta",
              "bowler": "G Bakiweyem",
              "non_striker": "CN Onwuzulike",
              "runs": {
                "batter": 1,
                "extras": 0,
                "total": 1
              }
            },
            {
              "batter": "CN Onwuzulike",
              "bowler": "G Bakiweyem",
              "non_striker": "A Shreshta",
              "runs": {
                "batter": 2,
                "extras": 0,
                "total": 2
              }
            },
            {
              "batter": "CN Onwuzulike",
              "bowler": "G Bakiweyem",
              "non_striker": "A Shreshta",
              "runs": {
                "batter": 0,
                "extras": 0,
                "total": 0
              }
            },
            {
              "batter": "CN Onwuzulike",
              "bowler": "G Bakiweyem",
              "non_striker": "A Shreshta",
              "runs": {
                "batter": 1,
                "extras": 0,
                "total": 1
              }
            },
            {
              "batter": "A Shreshta",
              "bowler": "G Bakiweyem",
              "non_striker": "CN Onwuzulike",
              "runs": {
                "batter": 1,
                "extras": 0,
                "total": 1
              }
            },
            {
              "batter": "CN Onwuzulike",
              "bowler": "G Bakiweyem",
              "non_striker": "A Shreshta",
              "runs": {
                "batter": 1,
                "extras": 0,
                "total": 1
              }
            }
          ]
        },
        {
          "over": 11,
          "deliveries": [
            {
              "batter": "CN Onwuzulike",
              "bowler": "R Baaleri",
              "non_striker": "A Shreshta",
              "runs": {
                "batter": 0,
                "extras": 0,
                "total": 0
              },
              "wickets": [
                {
                  "player_out": "CN Onwuzulike",
                  "kind": "bowled"
                }
              ]
            },
            {
              "batter": "IO Okpe",
              "bowler": "R Baaleri",
              "non_striker": "A Shreshta",
              "runs": {
                "batter": 1,
                "extras": 0,
                "total": 1
              }
            },
            {
              "batter": "A Shreshta",
              "bowler": "R Baaleri",
              "non_striker": "IO Okpe",
              "runs": {
                "batter": 1,
                "extras": 0,
                "total": 1
              }
            },
            {
              "batter": "IO Okpe",
              "bowler": "R Baaleri",
              "non_striker": "A Shreshta",
              "runs": {
                "batter": 1,
                "extras": 0,
                "total": 1
              }
            },
            {
              "batter": "A Shreshta",
              "bowler": "R Baaleri",
              "non_striker": "IO Okpe",
              "runs": {
                "batter": 0,
                "extras": 0,
                "total": 0
              }
            },
            {
              "batter": "A Shreshta",
              "bowler": "R Baaleri",
              "non_striker": "IO Okpe",
              "runs": {
                "batter": 1,
                "extras": 0,
                "total": 1
              }
            }
          ]
        },
        {
          "over": 12,
          "deliveries": [
            {
              "batter": "A Shreshta",
              "bowler": "OH Agbomadzie",
              "non_striker": "IO Okpe",
              "runs": {
                "batter": 1,
                "extras": 0,
                "total": 1
              }
            },
            {
              "batter": "IO Okpe",
              "bowler": "OH Agbomadzie",
              "non_striker": "A Shreshta",
              "runs": {
                "batter": 2,
                "extras": 0,
                "total": 2
              }
            },
            {
              "batter": "IO Okpe",
              "bowler": "OH Agbomadzie",
              "non_striker": "A Shreshta",
              "runs": {
                "batter": 1,
                "extras": 0,
                "total": 1
              }
            },
            {
              "batter": "A Shreshta",
              "bowler": "OH Agbomadzie",
              "non_striker": "IO Okpe",
              "runs": {
                "batter": 1,
                "extras": 0,
                "total": 1
              }
            },
            {
              "batter": "IO Okpe",
              "bowler": "OH Agbomadzie",
              "non_striker": "A Shreshta",
              "runs": {
                "batter": 6,
                "extras": 0,
                "total": 6
              }
            },
            {
              "batter": "IO Okpe",
              "bowler": "OH Agbomadzie",
              "non_striker": "A Shreshta",
              "runs": {
                "batter": 1,
                "extras": 0,
                "total": 1
              }
            }
          ]
        },
        {
          "over": 13,
          "deliveries": [
            {
              "batter": "IO Okpe",
              "bowler": "SK Awiah",
              "non_striker": "A Shreshta",
              "runs": {
                "batter": 0,
                "extras": 0,
                "total": 0
              }
            },
            {
              "batter": "IO Okpe",
              "bowler": "SK Awiah",
              "non_striker": "A Shreshta",
              "runs": {
                "batter": 1,
                "extras": 0,
                "total": 1
              }
            },
            {
              "batter": "A Shreshta",
              "bowler": "SK Awiah",
              "non_striker": "IO Okpe",
              "runs": {
                "batter": 0,
                "extras": 0,
                "total": 0
              }
            },
            {
              "batter": "A Shreshta",
              "bowler": "SK Awiah",
              "non_striker": "IO Okpe",
              "runs": {
                "batter": 2,
                "extras": 0,
                "total": 2
              }
            },
            {
              "batter": "A Shreshta",
              "bowler": "SK Awiah",
              "non_striker": "IO Okpe",
              "runs": {
                "batter": 0,
                "extras": 0,
                "total": 0
              }
            },
            {
              "batter": "A Shreshta",
              "bowler": "SK Awiah",
              "non_striker": "IO Okpe",
              "runs": {
                "batter": 1,
                "extras": 0,
                "total": 1
              }
            }
          ]
        },
        {
          "over": 14,
          "deliveries": [
            {
              "batter": "A Shreshta",
              "bowler": "G Bakiweyem",
              "non_striker": "IO Okpe",
              "runs": {
                "batter": 0,
                "extras": 0,
                "total": 0
              }
            },
            {
              "batter": "A Shreshta",
              "bowler": "G Bakiweyem",
              "non_striker": "IO Okpe",
              "runs": {
                "batter": 1,
                "extras": 0,
                "total": 1
              }
            },
            {
              "batter": "IO Okpe",
              "bowler": "G Bakiweyem",
              "non_striker": "A Shreshta",
              "runs": {
                "batter": 0,
                "extras": 0,
                "total": 0
              }
            },
            {
              "batter": "IO Okpe",
              "bowler": "G Bakiweyem",
              "non_striker": "A Shreshta",
              "runs": {
                "batter": 1,
                "extras": 0,
                "total": 1
              }
            },
            {
              "batter": "A Shreshta",
              "bowler": "G Bakiweyem",
              "non_striker": "IO Okpe",
              "runs": {
                "batter": 0,
                "extras": 0,
                "total": 0
              }
            },
            {
              "batter": "A Shreshta",
              "bowler": "G Bakiweyem",
              "non_striker": "IO Okpe",
              "runs": {
                "batter": 2,
                "extras": 0,
                "total": 2
              }
            }
          ]
        },
        {
          "over": 15,
          "deliveries": [
            {
              "batter": "IO Okpe",
              "bowler": "SK Awiah",
              "non_striker": "A Shreshta",
              "runs": {
                "batter": 6,
                "extras": 0,
                "total": 6
              }
            },
            {
              "batter": "IO Okpe",
              "bowler": "SK Awiah",
              "non_striker": "A Shreshta",
              "runs": {
                "batter": 0,
                "extras": 0,
                "total": 0
              }
            },
            {
              "batter": "IO Okpe",
              "bowler": "SK Awiah",
              "non_striker": "A Shreshta",
              "runs": {
                "batter": 1,
                "extras": 0,
                "total": 1
              }
            },
            {
              "batter": "A Shreshta",
              "bowler": "SK Awiah",
              "non_striker": "IO Okpe",
              "runs": {
                "batter": 1,
                "extras": 0,
                "total": 1
              }
            },
            {
              "batter": "IO Okpe",
              "bowler": "SK Awiah",
              "non_striker": "A Shreshta",
              "runs": {
                "batter": 0,
                "extras": 0,
                "total": 0
              },
              "wickets": [
                {
                  "player_out": "IO Okpe",
                  "kind": "bowled"
                }
              ]
            },
            {
              "batter": "P Useni",
              "bowler": "SK Awiah",
              "non_striker": "A Shreshta",
              "runs": {
                "batter": 6,
                "extras": 0,
                "total": 6
              }
            }
          ]
        },
        {
          "over": 16,
          "deliveries": [
            {
              "batter": "A Shreshta",
              "bowler": "R Baaleri",
              "non_striker": "P Useni",
              "runs": {
                "batter": 0,
                "extras": 0,
                "total": 0
              }
            },
            {
              "batter": "A Shreshta",
              "bowler": "R Baaleri",
              "non_striker": "P Useni",
              "runs": {
                "batter": 2,
                "extras": 0,
                "total": 2
              }
            },
            {
              "batter": "A Shreshta",
              "bowler": "R Baaleri",
              "non_striker": "P Useni",
              "runs": {
                "batter": 0,
                "extras": 0,
                "total": 0
              }
            },
            {
              "batter": "A Shreshta",
              "bowler": "R Baaleri",
              "non_striker": "P Useni",
              "runs": {
                "batter": 4,
                "extras": 0,
                "total": 4
              }
            }
          ]
        }
      ],
      "powerplays": [
        {
          "from": 0.1,
          "to": 5.6,
          "type": "mandatory"
        }
      ],
      "target": {
        "overs": 20,
        "runs": 128
      }
    }
  ]
}