{
  "meta": {
    "data_version": "1.1.0",
    "created": "2022-11-16",
    "revision": 2
  },
  "info": {
    "balls_per_over": 6,
    "city": "Al Amarat",
    "dates": [
      "2022-11-16"
    ],
    "event": {
      "name": "Desert Cup T20I Series",
      "match_number": 5
    },
    "gender": "male",
    "match_type": "T20",
    "match_type_number": 1884,
    "officials": {
      "match_referees": [
        "Chetan Thanki"
      ],
      "tv_umpires": [
        "N Krishnan"
      ],
      "umpires": [
        "Anantha Rajamani",
        "M Surve"
      ]
    },
    "outcome": {
      "winner": "Bahrain",
      "by": {
        "runs": 53
      }
    },
    "overs": 20,
    "player_of_match": [
      "Sohail Ahmed"
    ],
    "players": {
      "Bahrain": [
        "Ahmer Bin Nisar",
        "Sarfaraz Ali",
        "Imran Anwar",
        "Sohail Ahmed",
        "Haider Butt",
        "DK Mathias",
        "S Veerapathiran",
        "Rizwan Butt",
        "Danish Jasnaik",
        "Imran Khan",
        "Sachin Kumar"
      ],
      "Saudi Arabia": [
        "Abdul Waheed",
        "Saad Khan",
        "Kashif Siddique",
        "Haseeb Ghafoor",
        "Faisal Khan",
        "Hisham Sheikh",
        "Irshad Mubbashar",
        "Usman Najeeb",
        "Atif-Ur-Rehman",
        "Imran Yousaf",
        "Muhammad Saqib"
      ]
    },
    "registry": {
      "people": {
        "Abdul Waheed": "23fa9ea9",
        "Ahmer Bin Nisar": "afbc53ba",
        "Anantha Rajamani": "6c4ca034",
        "Atif-Ur-Rehman": "d20e22f7",
        "Chetan Thanki": "5f1a3d77",
        "DK Mathias": "bec5cab9",
        "Danish Jasnaik": "d24ad3e5",
        "Faisal Khan": "a7553f15",
        "Haider Butt": "14fd10b5",
        "Haseeb Ghafoor": "454a7269",
        "Hisham Sheikh": "c4441675",
        "Imran Anwar": "a9a18e3e",
        "Imran Khan": "da3b91fd",
        "Imran Yousaf": "5e67d4e0",
        "Irshad Mubbashar": "58edb974",
        "Kashif Siddique": "2513b4fe",
        "M Surve": "f5df456a",
        "Muhammad Saqib": "9d6644a0",
        "N Krishnan": "b317852e",
        "Rizwan Butt": "e741ed8f",
        "S Veerapathiran": "1e569fb0",
        "Saad Khan": "28e0f645",
        "Sachin Kumar": "b76b2d25",
        "Sarfaraz Ali": "db95ddeb",
        "Sohail Ahmed": "4db71b2e",
        "Usman Najeeb": "615688b6"
      }
    },
    "season": "2022/23",
    "team_type": "international",
    "teams": [
      "Bahrain",
      "Saudi Arabia"
    ],
    "toss": {
      "decision": "field",
      "winner": "Saudi Arabia"
    },
    "venue": "Al Amerat Cricket Ground Oman Cricket (Ministry Turf 1)"
  },
  "innings": [
    {
      "team": "Bahrain",
      "overs": [
        {
          "over": 0,
          "deliveries": [
            {
              "batter": "Ahmer Bin Nisar",
              "bowler": "Atif-Ur-Rehman",
              "non_striker": "Sarfaraz Ali",
              "runs": {
                "batter": 0,
                "extras": 0,
                "total": 0
              }
            },
            {
              "batter": "Ahmer Bin Nisar",
              "bowler": "Atif-Ur-Rehman",
              "non_striker": "Sarfaraz Ali",
              "runs": {
                "batter": 0,
                "extras": 0,
                "total": 0
              }
            },
            {
              "batter": "Ahmer Bin Nisar",
              "bowler": "Atif-Ur-Rehman",
              "non_striker": "Sarfaraz Ali",
              "runs": {
                "batter": 0,
                "extras": 0,
                "total": 0
              }
            },
            {
              "batter": "Ahmer Bin Nisar",
              "bowler": "Atif-Ur-Rehman",
              "non_striker": "Sarfaraz Ali",
              "runs": {
                "batter": 1,
                "extras": 0,
                "total": 1
              }
            },
            {
              "batter": "Sarfaraz Ali",
              "bowler": "Atif-Ur-Rehman",
              "non_striker": "Ahmer Bin Nisar",
              "runs": {
                "batter": 0,
                "extras": 0,
                "total": 0
              }
            },
            {
              "batter": "Sarfaraz Ali",
              "bowler": "Atif-Ur-Rehman",
              "non_striker": "Ahmer Bin Nisar",
              "runs": {
                "batter": 0,
                "extras": 0,
                "total": 0
              }
            }
          ]
        },
        {
          "over": 1,
          "deliveries": [
            {
              "batter": "Ahmer Bin Nisar",
              "bowler": "Usman Najeeb",
              "extras": {
                "wides": 1
              },
              "non_striker": "Sarfaraz Ali",
              "runs": {
                "batter": 0,
                "extras": 1,
                "total": 1
              }
            },
            {
              "batter": "Ahmer Bin Nisar",
              "bowler": "Usman Najeeb",
              "non_striker": "Sarfaraz Ali",
              "runs": {
                "batter": 0,
                "extras": 0,
                "total": 0
              }
            },
            {
              "batter": "Ahmer Bin Nisar",
              "bowler": "Usman Najeeb",
              "non_striker": "Sarfaraz Ali",
              "runs": {
                "batter": 1,
                "extras": 0,
                "total": 1
              }
            },
            {
              "batter": "Sarfaraz Ali",
              "bowler": "Usman Najeeb",
              "non_striker": "Ahmer Bin Nisar",
              "runs": {
                "batter": 0,
                "extras": 0,
                "total": 0
              },
              "wickets": [
                {
                  "player_out": "Sarfaraz Ali",
                  "kind": "caught and bowled"
                }
              ]
            },
            {
              "batter": "Imran Anwar",
              "bowler": "Usman Najeeb",
              "non_striker": "Ahmer Bin Nisar",
              "runs": {
                "batter": 0,
                "extras": 0,
                "total": 0
              }
            },
            {
              "batter": "Imran Anwar",
              "bowler": "Usman Najeeb",
              "non_striker": "Ahmer Bin Nisar",
              "runs": {
                "batter": 0,
                "extras": 0,
                "total": 0
              }
            },
            {
              "batter": "Imran Anwar",
              "bowler": "Usman Najeeb",
              "non_striker": "Ahmer Bin Nisar",
              "runs": {
                "batter": 4,
                "extras": 0,
                "total": 4
              }
            }
          ]
        },
        {
          "over": 2,
          "deliveries": [
            {
              "batter": "Ahmer Bin Nisar",
              "bowler": "Atif-Ur-Rehman",
              "non_striker": "Imran Anwar",
              "runs": {
                "batter": 0,
                "extras": 0,
                "total": 0
              }
            },
            {
              "batter": "Ahmer Bin Nisar",
              "bowler": "Atif-Ur-Rehman",
              "non_striker": "Imran Anwar",
              "runs": {
                "batter": 0,
                "extras": 0,
                "total": 0
              }
            },
            {
              "batter": "Ahmer Bin Nisar",
              "bowler": "Atif-Ur-Rehman",
              "non_striker": "Imran Anwar",
              "runs": {
                "batter": 0,
                "extras": 0,
                "total": 0
              },
              "wickets": [
                {
                  "player_out": "Ahmer Bin Nisar",
                  "fielders": [
                    {
                      "name": "Saad Khan"
                    }
                  ],
                  "kind": "caught"
                }
              ]
            },
            {
              "batter": "Sohail Ahmed",
              "bowler": "Atif-Ur-Rehman",
              "non_striker": "Imran Anwar",
              "runs": {
                "batter": 0,
                "extras": 0,
                "total": 0
              }
            },
            {
              "batter": "Sohail Ahmed",
              "bowler": "Atif-Ur-Rehman",
              "non_striker": "Imran Anwar",
              "runs": {
                "batter": 0,
                "extras": 0,
                "total": 0
              }
            },
            {
              "batter": "Sohail Ahmed",
              "bowler": "Atif-Ur-Rehman",
              "non_striker": "Imran Anwar",
              "runs": {
                "batter": 0,
                "extras": 0,
                "total": 0
              }
            }
          ]
        },
        {
          "over": 3,
          "deliveries": [
            {
              "batter": "Imran Anwar",
              "bowler": "Usman Najeeb",
              "extras": {
                "legbyes": 1
              },
              "non_striker": "Sohail Ahmed",
              "runs": {
                "batter": 0,
                "extras": 1,
                "total": 1
              }
            },
            {
              "batter": "Sohail Ahmed",
              "bowler": "Usman Najeeb",
              "non_striker": "Imran Anwar",
              "runs": {
                "batter": 0,
                "extras": 0,
                "total": 0
              }
            },
            {
              "batter": "Sohail Ahmed",
              "bowler": "Usman Najeeb",
              "extras": {
                "legbyes": 1
              },
              "non_striker": "Imran Anwar",
              "runs": {
                "batter": 0,
                "extras": 1,
                "total": 1
              }
            },
            {
              "batter": "Imran Anwar",
              "bowler": "Usman Najeeb",
              "non_striker": "Sohail Ahmed",
              "runs": {
                "batter": 4,
                "extras": 0,
                "total": 4
              }
            },
            {
              "batter": "Imran Anwar",
              "bowler": "Usman Najeeb",
              "non_striker": "Sohail Ahmed",
              "runs": {
                "batter": 6,
                "extras": 0,
                "total": 6
              }
            },
            {
              "batter": "Imran Anwar",
              "bowler": "Usman Najeeb",
              "non_striker": "Sohail Ahmed",
              "runs": {
                "batter": 4,
                "extras": 0,
                "total": 4
              }
            }
          ]
        },
        {
          "over": 4,
          "deliveries": [
            {
              "batter": "Sohail Ahmed",
              "bowler": "Atif-Ur-Rehman",
              "non_striker": "Imran Anwar",
              "runs": {
                "batter": 0,
                "extras": 0,
                "total": 0
              }
            },
            {
              "batter": "Sohail Ahmed",
              "bowler": "Atif-Ur-Rehman",
              "non_striker": "Imran Anwar",
              "runs": {
                "batter": 0,
                "extras": 0,
                "total": 0
              }
            },
            {
              "batter": "Sohail Ahmed",
              "bowler": "Atif-Ur-Rehman",
              "non_striker": "Imran Anwar",
              "runs": {
                "batter": 1,
                "extras": 0,
                "total": 1
              }
            },
            {
              "batter": "Imran Anwar",
              "bowler": "Atif-Ur-Rehman",
              "non_striker": "Sohail Ahmed",
              "runs": {
                "batter": 0,
                "extras": 0,
                "total": 0
              }
            },
            {
              "batter": "Imran Anwar",
              "bowler": "Atif-Ur-Rehman",
              "non_striker": "Sohail Ahmed",
              "runs": {
                "batter": 4,
                "extras": 0,
                "total": 4
              }
            },
            {
              "batter": "Imran Anwar",
              "bowler": "Atif-Ur-Rehman",
              "non_striker": "Sohail Ahmed",
              "runs": {
                "batter": 6,
                "extras": 0,
                "total": 6
              }
            }
          ]
        },
        {
          "over": 5,
          "deliveries": [
            {
              "batter": "Sohail Ahmed",
              "bowler": "Hisham Sheikh",
              "non_striker": "Imran Anwar",
              "runs": {
                "batter": 1,
                "extras": 0,
                "total": 1
              }
            },
            {
              "batter": "Imran Anwar",
              "bowler": "Hisham Sheikh",
              "non_striker": "Sohail Ahmed",
              "runs": {
                "batter": 0,
                "extras": 0,
                "total": 0
              }
            },
            {
              "batter": "Imran Anwar",
              "bowler": "Hisham Sheikh",
              "non_striker": "Sohail Ahmed",
              "runs": {
                "batter": 4,
                "extras": 0,
                "total": 4
              }
            },
            {
              "batter": "Imran Anwar",
              "bowler": "Hisham Sheikh",
              "non_striker": "Sohail Ahmed",
              "runs": {
                "batter": 1,
                "extras": 0,
                "total": 1
              }
            },
            {
              "batter": "Sohail Ahmed",
              "bowler": "Hisham Sheikh",
              "non_striker": "Imran Anwar",
              "runs": {
                "batter": 1,
                "extras": 0,
                "total": 1
              }
            },
            {
              "batter": "Imran Anwar",
              "bowler": "Hisham Sheikh",
              "non_striker": "Sohail Ahmed",
              "runs": {
                "batter": 0,
                "extras": 0,
                "total": 0
              }
            }
          ]
        },
        {
          "over": 6,
          "deliveries": [
            {
              "batter": "Sohail Ahmed",
              "bowler": "Muhammad Saqib",
              "non_striker": "Imran Anwar",
              "runs": {
                "batter": 0,
                "extras": 0,
                "total": 0
              }
            },
            {
              "batter": "Sohail Ahmed",
              "bowler": "Muhammad Saqib",
              "non_striker": "Imran Anwar",
              "runs": {
                "batter": 1,
                "extras": 0,
                "total": 1
              }
            },
            {
              "batter": "Imran Anwar",
              "bowler": "Muhammad Saqib",
              "non_striker": "Sohail Ahmed",
              "runs": {
                "batter": 1,
                "extras": 0,
                "total": 1
              }
            },
            {
              "batter": "Sohail Ahmed",
              "bowler": "Muhammad Saqib",
              "non_striker": "Imran Anwar",
              "runs": {
                "batter": 0,
                "extras": 0,
                "total": 0
              }
            },
            {
              "batter": "Sohail Ahmed",
              "bowler": "Muhammad Saqib",
              "non_striker": "Imran Anwar",
              "runs": {
                "batter": 4,
                "extras": 0,
                "total": 4
              }
            },
            {
              "batter": "Sohail Ahmed",
              "bowler": "Muhammad Saqib",
              "non_striker": "Imran Anwar",
              "runs": {
                "batter": 1,
                "extras": 0,
                "total": 1
              }
            }
          ]
        },
        {
          "over": 7,
          "deliveries": [
            {
              "batter": "Sohail Ahmed",
              "bowler": "Hisham Sheikh",
              "extras": {
                "wides": 1
              },
              "non_striker": "Imran Anwar",
              "runs": {
                "batter": 0,
                "extras": 1,
                "total": 1
              }
            },
            {
              "batter": "Sohail Ahmed",
              "bowler": "Hisham Sheikh",
              "non_striker": "Imran Anwar",
              "runs": {
                "batter": 1,
                "extras": 0,
                "total": 1
              }
            },
            {
              "batter": "Imran Anwar",
              "bowler": "Hisham Sheikh",
              "non_striker": "Sohail Ahmed",
              "runs": {
                "batter": 2,
                "extras": 0,
                "total": 2
              }
            },
            {
              "batter": "Imran Anwar",
              "bowler": "Hisham Sheikh",
              "non_striker": "Sohail Ahmed",
              "runs": {
                "batter": 1,
                "extras": 0,
                "total": 1
              }
            },
            {
              "batter": "Sohail Ahmed",
              "bowler": "Hisham Sheikh",
              "non_striker": "Imran Anwar",
              "runs": {
                "batter": 0,
                "extras": 0,
                "total": 0
              }
            },
            {
              "batter": "Sohail Ahmed",
              "bowler": "Hisham Sheikh",
              "non_striker": "Imran Anwar",
              "runs": {
                "batter": 1,
                "extras": 0,
                "total": 1
              }
            },
            {
              "batter": "Imran Anwar",
              "bowler": "Hisham Sheikh",
              "non_striker": "Sohail Ahmed",
              "runs": {
                "batter": 0,
                "extras": 0,
                "total": 0
              }
            }
          ]
        },
        {
          "over": 8,
          "deliveries": [
            {
              "batter": "Sohail Ahmed",
              "bowler": "Muhammad Saqib",
              "non_striker": "Imran Anwar",
              "runs": {
                "batter": 0,
                "extras": 0,
                "total": 0
              }
            },
            {
              "batter": "Sohail Ahmed",
              "bowler": "Muhammad Saqib",
              "non_striker": "Imran Anwar",
              "runs": {
                "batter": 1,
                "extras": 0,
                "total": 1
              }
            },
            {
              "batter": "Imran Anwar",
              "bowler": "Muhammad Saqib",
              "non_striker": "Sohail Ahmed",
              "runs": {
                "batter": 1,
                "extras": 0,
                "total": 1
              }
            },
            {
              "batter": "Sohail Ahmed",
              "bowler": "Muhammad Saqib",
              "non_striker": "Imran Anwar",
              "runs": {
                "batter": 1,
                "extras": 0,
                "total": 1
              }
            },
            {
              "batter": "Imran Anwar",
              "bowler": "Muhammad Saqib",
              "non_striker": "Sohail Ahmed",
              "runs": {
                "batter": 1,
                "extras": 0,
                "total": 1
              }
            },
            {
              "batter": "Sohail Ahmed",
              "bowler": "Muhammad Saqib",
              "non_striker": "Imran Anwar",
              "runs": {
                "batter": 1,
                "extras": 0,
                "total": 1
              }
            }
          ]
        },
        {
          "over": 9,
          "deliveries": [
            {
              "batter": "Sohail Ahmed",
              "bowler": "Imran Yousaf",
              "non_striker": "Imran Anwar",
              "runs": {
                "batter": 0,
                "extras": 0,
                "total": 0
              }
            },
            {
              "batter": "Sohail Ahmed",
              "bowler": "Imran Yousaf",
              "non_striker": "Imran Anwar",
              "runs": {
                "batter": 6,
                "extras": 0,
                "total": 6
              }
            },
            {
              "batter": "Sohail Ahmed",
              "bowler": "Imran Yousaf",
              "non_striker": "Imran Anwar",
              "runs": {
                "batter": 1,
                "extras": 0,
                "total": 1
              }
            },
            {
              "batter": "Imran Anwar",
              "bowler": "Imran Yousaf",
              "non_striker": "Sohail Ahmed",
              "runs": {
                "batter": 6,
                "extras": 0,
                "total": 6
              }
            },
            {
              "batter": "Imran Anwar",
              "bowler": "Imran Yousaf",
              "non_striker": "Sohail Ahmed",
              "runs": {
                "batter": 0,
                "extras": 0,
                "total": 0
              }
            },
            {
              "batter": "Imran Anwar",
              "bowler": "Imran Yousaf",
              "non_striker": "Sohail Ahmed",
              "runs": {
                "batter": 0,
                "extras": 0,
                "total": 0
              }
            }
          ]
        },
        {
          "over": 10,
          "deliveries": [
            {
              "batter": "Sohail Ahmed",
              "bowler": "Hisham Sheikh",
              "non_striker": "Imran Anwar",
              "runs": {
                "batter": 1,
                "extras": 0,
                "total": 1
              }
            },
            {
              "batter": "Imran Anwar",
              "bowler": "Hisham Sheikh",
              "non_striker": "Sohail Ahmed",
              "runs": {
                "batter": 4,
                "extras": 0,
                "total": 4
              }
            },
            {
              "batter": "Imran Anwar",
              "bowler": "Hisham Sheikh",
              "non_striker": "Sohail Ahmed",
              "runs": {
                "batter": 2,
                "extras": 0,
                "total": 2
              }
            },
            {
              "batter": "Imran Anwar",
              "bowler": "Hisham Sheikh",
              "non_striker": "Sohail Ahmed",
              "runs": {
                "batter": 1,
                "extras": 0,
                "total": 1
              }
            },
            {
              "batter": "Sohail Ahmed",
              "bowler": "Hisham Sheikh",
              "non_striker": "Imran Anwar",
              "runs": {
                "batter": 1,
                "extras": 0,
                "total": 1
              }
            },
            {
              "batter": "Imran Anwar",
              "bowler": "Hisham Sheikh",
              "non_striker": "Sohail Ahmed",
              "runs": {
                "batter": 6,
                "extras": 0,
                "total": 6
              }
            }
          ]
        },
        {
          "over": 11,
          "deliveries": [
            {
              "batter": "Sohail Ahmed",
              "bowler": "Imran Yousaf",
              "non_striker": "Imran Anwar",
              "runs": {
                "batter": 1,
                "extras": 0,
                "total": 1
              }
            },
            {
              "batter": "Imran Anwar",
              "bowler": "Imran Yousaf",
              "non_striker": "Sohail Ahmed",
              "runs": {
                "batter": 4,
                "extras": 0,
                "total": 4
              }
            },
            {
              "batter": "Imran Anwar",
              "bowler": "Imran Yousaf",
              "non_striker": "Sohail Ahmed",
              "runs": {
                "batter": 4,
                "extras": 0,
                "total": 4
              }
            },
            {
              "batter": "Imran Anwar",
              "bowler": "Imran Yousaf",
              "non_striker": "Sohail Ahmed",
              "runs": {
                "batter": 0,
                "extras": 0,
                "total": 0
              },
              "wickets": [
                {
                  "player_out": "Imran Anwar",
                  "kind": "lbw"
                }
              ]
            },
            {
              "batter": "Haider Butt",
              "bowler": "Imran Yousaf",
              "non_striker": "Sohail Ahmed",
              "runs": {
                "batter": 0,
                "extras": 0,
                "total": 0
              }
            },
            {
              "batter": "Haider Butt",
              "bowler": "Imran Yousaf",
              "non_striker": "Sohail Ahmed",
              "runs": {
                "batter": 0,
                "extras": 0,
                "total": 0
              }
            }
          ]
        },
        {
          "over": 12,
          "deliveries": [
            {
              "batter": "Sohail Ahmed",
              "bowler": "Faisal Khan",
              "non_striker": "Haider Butt",
              "runs": {
                "batter": 1,
                "extras": 0,
                "total": 1
              }
            },
            {
              "batter": "Haider Butt",
              "bowler": "Faisal Khan",
              "non_striker": "Sohail Ahmed",
              "runs": {
                "batter": 1,
                "extras": 0,
                "total": 1
              }
            },
            {
              "batter": "Sohail Ahmed",
              "bowler": "Faisal Khan",
              "non_striker": "Haider Butt",
              "runs": {
                "batter": 4,
                "extras": 0,
                "total": 4
              }
            },
            {
              "batter": "Sohail Ahmed",
              "bowler": "Faisal Khan",
              "non_striker": "Haider Butt",
              "runs": {
                "batter": 0,
                "extras": 0,
                "total": 0
              }
            },
            {
              "batter": "Sohail Ahmed",
              "bowler": "Faisal Khan",
              "non_striker": "Haider Butt",
              "runs": {
                "batter": 1,
                "extras": 0,
                "total": 1
              }
            },
            {
              "batter": "Haider Butt",
              "bowler": "Faisal Khan",
              "non_striker": "Sohail Ahmed",
              "runs": {
                "batter": 4,
                "extras": 0,
                "total": 4
              }
            }
          ]
        },
        {
          "over": 13,
          "deliveries": [
            {
              "batter": "Sohail Ahmed",
              "bowler": "Imran Yousaf",
              "non_striker": "Haider Butt",
              "runs": {
                "batter": 4,
                "extras": 0,
                "total": 4
              }
            },
            {
              "batter": "Sohail Ahmed",
              "bowler": "Imran Yousaf",
              "non_striker": "Haider Butt",
              "runs": {
                "batter": 1,
                "extras": 0,
                "total": 1
              }
            },
            {
              "batter": "Haider Butt",
              "bowler": "Imran Yousaf",
              "non_striker": "Sohail Ahmed",
              "runs": {
                "batter": 1,
                "extras": 0,
                "total": 1
              }
            },
            {
              "batter": "Sohail Ahmed",
              "bowler": "Imran Yousaf",
              "non_striker": "Haider Butt",
              "runs": {
                "batter": 2,
                "extras": 0,
                "total": 2
              }
            },
            {
              "batter": "Sohail Ahmed",
              "bowler": "Imran Yousaf",
              "non_striker": "Haider Butt",
              "runs": {
                "batter": 1,
                "extras": 0,
                "total": 1
              }
            },
            {
              "batter": "Haider Butt",
              "bowler": "Imran Yousaf",
              "non_striker": "Sohail Ahmed",
              "runs": {
                "batter": 1,
                "extras": 0,
                "total": 1
              }
            }
          ]
        },
        {
          "over": 14,
          "deliveries": [
            {
              "batter": "Haider Butt",
              "bowler": "Muhammad Saqib",
              "non_striker": "Sohail Ahmed",
              "runs": {
                "batter": 1,
                "extras": 0,
                "total": 1
              }
            },
            {
              "batter": "Sohail Ahmed",
              "bowler": "Muhammad Saqib",
              "non_striker": "Haider Butt",
              "runs": {
                "batter": 1,
                "extras": 0,
                "total": 1
              }
            },
            {
              "batter": "Haider Butt",
              "bowler": "Muhammad Saqib",
              "non_striker": "Sohail Ahmed",
              "runs": {
                "batter": 1,
                "extras": 0,
                "total": 1
              }
            },
            {
              "batter": "Sohail Ahmed",
              "bowler": "Muhammad Saqib",
              "non_striker": "Haider Butt",
              "runs": {
                "batter": 0,
                "extras": 0,
                "total": 0
              }
            },
            {
              "batter": "Sohail Ahmed",
              "bowler": "Muhammad Saqib",
              "extras": {
                "legbyes": 2
              },
              "non_striker": "Haider Butt",
              "runs": {
                "batter": 0,
                "extras": 2,
                "total": 2
              }
            },
            {
              "batter": "Sohail Ahmed",
              "bowler": "Muhammad Saqib",
              "non_striker": "Haider Butt",
              "runs": {
                "batter": 1,
                "extras": 0,
                "total": 1
              }
            }
          ]
        },
        {
          "over": 15,
          "deliveries": [
            {
              "batter": "Sohail Ahmed",
              "bowler": "Imran Yousaf",
              "non_striker": "Haider Butt",
              "runs": {
                "batter": 2,
                "extras": 0,
                "total": 2
              }
            },
            {
              "batter": "Sohail Ahmed",
              "bowler": "Imran Yousaf",
              "non_striker": "Haider Butt",
              "runs": {
                "batter": 2,
                "extras": 0,
                "total": 2
              }
            },
            {
              "batter": "Sohail Ahmed",
              "bowler": "Imran Yousaf",
              "non_striker": "Haider Butt",
              "runs": {
                "batter": 4,
                "extras": 0,
                "total": 4
              }
            },
            {
              "batter": "Sohail Ahmed",
              "bowler": "Imran Yousaf",
              "non_striker": "Haider Butt",
              "runs": {
                "batter": 1,
                "extras": 0,
                "total": 1
              }
            },
            {
              "batter": "Haider Butt",
              "bowler": "Imran Yousaf",
              "non_striker": "Sohail Ahmed",
              "runs": {
                "batter": 0,
                "extras": 0,
                "total": 0
              },
              "wickets": [
                {
                  "player_out": "Haider Butt",
                  "kind": "bowled"
                }
              ]
            },
            {
              "batter": "DK Mathias",
              "bowler": "Imran Yousaf",
              "non_striker": "Sohail Ahmed",
              "runs": {
                "batter": 0,
                "extras": 0,
                "total": 0
              }
            }
          ]
        },
        {
          "over": 16,
          "deliveries": [
            {
              "batter": "Sohail Ahmed",
              "bowler": "Muhammad Saqib",
              "non_striker": "DK Mathias",
              "runs": {
                "batter": 1,
                "extras": 0,
                "total": 1
              }
            },
            {
              "batter": "DK Mathias",
              "bowler": "Muhammad Saqib",
              "non_striker": "Sohail Ahmed",
              "runs": {
                "batter": 0,
                "extras": 0,
                "total": 0
              }
            },
            {
              "batter": "DK Mathias",
              "bowler": "Muhammad Saqib",
              "extras": {
                "legbyes": 1
              },
              "non_striker": "Sohail Ahmed",
              "runs": {
                "batter": 0,
                "extras": 1,
                "total": 1
              }
            },
            {
              "batter": "Sohail Ahmed",
              "bowler": "Muhammad Saqib",
              "non_striker": "DK Mathias",
              "runs": {
                "batter": 4,
                "extras": 0,
                "total": 4
              }
            },
            {
              "batter": "Sohail Ahmed",
              "bowler": "Muhammad Saqib",
              "non_striker": "DK Mathias",
              "runs": {
                "batter": 1,
                "extras": 0,
                "total": 1
              }
            },
            {
              "batter": "DK Mathias",
              "bowler": "Muhammad Saqib",
              "non_striker": "Sohail Ahmed",
              "runs": {
                "batter": 0,
                "extras": 0,
                "total": 0
              }
            }
          ]
        },
        {
          "over": 17,
          "deliveries": [
            {
              "batter": "Sohail Ahmed",
              "bowler": "Usman Najeeb",
              "extras": {
                "wides": 1
              },
              "non_striker": "DK Mathias",
              "runs": {
                "batter": 0,
                "extras": 1,
                "total": 1
              }
            },
            {
              "batter": "Sohail Ahmed",
              "bowler": "Usman Najeeb",
              "non_striker": "DK Mathias",
              "runs": {
                "batter": 6,
                "extras": 0,
                "total": 6
              }
            },
            {
              "batter": "Sohail Ahmed",
              "bowler": "Usman Najeeb",
              "non_striker": "DK Mathias",
              "runs": {
                "batter": 1,
                "extras": 0,
                "total": 1
              }
            },
            {
              "batter": "DK Mathias",
              "bowler": "Usman Najeeb",
              "non_striker": "Sohail Ahmed",
              "runs": {
                "batter": 1,
                "extras": 0,
                "total": 1
              }
            },
            {
              "batter": "Sohail Ahmed",
              "bowler": "Usman Najeeb",
              "non_striker": "DK Mathias",
              "runs": {
                "batter": 1,
                "extras": 0,
                "total": 1
              }
            },
            {
              "batter": "DK Mathias",
              "bowler": "Usman Najeeb",
              "non_striker": "Sohail Ahmed",
              "runs": {
                "batter": 1,
                "extras": 0,
                "total": 1
              }
            },
            {
              "batter": "Sohail Ahmed",
              "bowler": "Usman Najeeb",
              "non_striker": "DK Mathias",
              "runs": {
                "batter": 6,
                "extras": 0,
                "total": 6
              }
            }
          ]
        },
        {
          "over": 18,
          "deliveries": [
            {
              "batter": "DK Mathias",
              "bowler": "Atif-Ur-Rehman",
              "non_striker": "Sohail Ahmed",
              "runs": {
                "batter": 0,
                "extras": 0,
                "total": 0
              }
            },
            {
              "batter": "DK Mathias",
              "bowler": "Atif-Ur-Rehman",
              "non_striker": "Sohail Ahmed",
              "runs": {
                "batter": 0,
                "extras": 0,
                "total": 0
              }
            },
            {
              "batter": "DK Mathias",
              "bowler": "Atif-Ur-Rehman",
              "non_striker": "Sohail Ahmed",
              "runs": {
                "batter": 1,
                "extras": 0,
                "total": 1
              }
            },
            {
              "batter": "Sohail Ahmed",
              "bowler": "Atif-Ur-Rehman",
              "non_striker": "DK Mathias",
              "runs": {
                "batter": 0,
                "extras": 0,
                "total": 0
              }
            },
            {
              "batter": "Sohail Ahmed",
              "bowler": "Atif-Ur-Rehman",
              "non_striker": "DK Mathias",
              "runs": {
                "batter": 2,
                "extras": 0,
                "total": 2
              }
            },
            {
              "batter": "Sohail Ahmed",
              "bowler": "Atif-Ur-Rehman",
              "non_striker": "DK Mathias",
              "runs": {
                "batter": 4,
                "extras": 0,
                "total": 4
              }
            }
          ]
        },
        {
          "over": 19,
          "deliveries": [
            {
              "batter": "DK Mathias",
              "bowler": "Usman Najeeb",
              "non_striker": "Sohail Ahmed",
              "runs": {
                "batter": 1,
                "extras": 0,
                "total": 1
              }
            },
            {
              "batter": "Sohail Ahmed",
              "bowler": "Usman Najeeb",
              "non_striker": "DK Mathias",
              "runs": {
                "batter": 1,
                "extras": 0,
                "total": 1
              }
            },
            {
              "batter": "DK Mathias",
              "bowler": "Usman Najeeb",
              "non_striker": "Sohail Ahmed",
              "runs": {
                "batter": 1,
                "extras": 0,
                "total": 1
              }
            },
            {
              "batter": "Sohail Ahmed",
              "bowler": "Usman Najeeb",
              "non_striker": "DK Mathias",
              "runs": {
                "batter": 2,
                "extras": 0,
                "total": 2
              }
            },
            {
              "batter": "Sohail Ahmed",
              "bowler": "Usman Najeeb",
              "extras": {
                "byes": 1
              },
              "non_striker": "DK Mathias",
              "runs": {
                "batter": 0,
                "extras": 1,
                "total": 1
              }
            },
            {
              "batter": "DK Mathias",
              "bowler": "Usman Najeeb",
              "non_striker": "Sohail Ahmed",
              "runs": {
                "batter": 1,
                "extras": 0,
                "total": 1
              }
            }
          ]
        }
      ],
      "powerplays": [
        {
          "from": 0.1,
          "to": 5.6,
          "type": "mandatory"
        }
      ]
    },
    {
      "team": "Saudi Arabia",
      "overs": [
        {
          "over": 0,
          "deliveries": [
            {
              "batter": "Abdul Waheed",
              "bowler": "Imran Khan",
              "non_striker": "Saad Khan",
              "runs": {
                "batter": 0,
                "extras": 0,
                "total": 0
              }
            },
            {
              "batter": "Abdul Waheed",
              "bowler": "Imran Khan",
              "non_striker": "Saad Khan",
              "runs": {
                "batter": 2,
                "extras": 0,
                "total": 2
              }
            },
            {
              "batter": "Abdul Waheed",
              "bowler": "Imran Khan",
              "non_striker": "Saad Khan",
              "runs": {
                "batter": 0,
                "extras": 0,
                "total": 0
              }
            },
            {
              "batter": "Abdul Waheed",
              "bowler": "Imran Khan",
              "non_striker": "Saad Khan",
              "runs": {
                "batter": 1,
                "extras": 0,
                "total": 1
              }
            },
            {
              "batter": "Saad Khan",
              "bowler": "Imran Khan",
              "non_striker": "Abdul Waheed",
              "runs": {
                "batter": 0,
                "extras": 0,
                "total": 0
              }
            },
            {
              "batter": "Saad Khan",
              "bowler": "Imran Khan",
              "non_striker": "Abdul Waheed",
              "runs": {
                "batter": 0,
                "extras": 0,
                "total": 0
              }
            }
          ]
        },
        {
          "over": 1,
          "deliveries": [
            {
              "batter": "Abdul Waheed",
              "bowler": "Rizwan Butt",
              "non_striker": "Saad Khan",
              "runs": {
                "batter": 4,
                "extras": 0,
                "total": 4
              }
            },
            {
              "batter": "Abdul Waheed",
              "bowler": "Rizwan Butt",
              "non_striker": "Saad Khan",
              "runs": {
                "batter": 0,
                "extras": 0,
                "total": 0
              }
            },
            {
              "batter": "Abdul Waheed",
              "bowler": "Rizwan Butt",
              "non_striker": "Saad Khan",
              "runs": {
                "batter": 0,
                "extras": 0,
                "total": 0
              },
              "wickets": [
                {
                  "player_out": "Abdul Waheed",
                  "fielders": [
                    {
                      "name": "Ahmer Bin Nisar"
                    }
                  ],
                  "kind": "caught"
                }
              ]
            },
            {
              "batter": "Kashif Siddique",
              "bowler": "Rizwan Butt",
              "non_striker": "Saad Khan",
              "runs": {
                "batter": 0,
                "extras": 0,
                "total": 0
              }
            },
            {
              "batter": "Kashif Siddique",
              "bowler": "Rizwan Butt",
              "non_striker": "Saad Khan",
              "runs": {
                "batter": 0,
                "extras": 0,
                "total": 0
              }
            },
            {
              "batter": "Kashif Siddique",
              "bowler": "Rizwan Butt",
              "non_striker": "Saad Khan",
              "runs": {
                "batter": 0,
                "extras": 0,
                "total": 0
              }
            }
          ]
        },
        {
          "over": 2,
          "deliveries": [
            {
              "batter": "Saad Khan",
              "bowler": "Imran Khan",
              "non_striker": "Kashif Siddique",
              "runs": {
                "batter": 4,
                "extras": 0,
                "total": 4
              }
            },
            {
              "batter": "Saad Khan",
              "bowler": "Imran Khan",
              "non_striker": "Kashif Siddique",
              "runs": {
                "batter": 2,
                "extras": 0,
                "total": 2
              },
              "wickets": [
                {
                  "player_out": "Saad Khan",
                  "fielders": [
                    {
                      "name": "Ahmer Bin Nisar"
                    },
                    {
                      "name": "Haider Butt"
                    }
                  ],
                  "kind": "run out"
                }
              ]
            },
            {
              "batter": "Kashif Siddique",
              "bowler": "Imran Khan",
              "extras": {
                "wides": 1
              },
              "non_striker": "Haseeb Ghafoor",
              "runs": {
                "batter": 0,
                "extras": 1,
                "total": 1
              }
            },
            {
              "batter": "Kashif Siddique",
              "bowler": "Imran Khan",
              "non_striker": "Haseeb Ghafoor",
              "runs": {
                "batter": 0,
                "extras": 0,
                "total": 0
              }
            },
            {
              "batter": "Kashif Siddique",
              "bowler": "Imran Khan",
              "non_striker": "Haseeb Ghafoor",
              "runs": {
                "batter": 4,
                "extras": 0,
                "total": 4
              }
            },
            {
              "batter": "Kashif Siddique",
              "bowler": "Imran Khan",
              "non_striker": "Haseeb Ghafoor",
              "runs": {
                "batter": 0,
                "extras": 0,
                "total": 0
              }
            },
            {
              "batter": "Kashif Siddique",
              "bowler": "Imran Khan",
              "extras": {
                "legbyes": 1
              },
              "non_striker": "Haseeb Ghafoor",
              "runs": {
                "batter": 0,
                "extras": 1,
                "total": 1
              }
            }
          ]
        },
        {
          "over": 3,
          "deliveries": [
            {
              "batter": "Kashif Siddique",
              "bowler": "Rizwan Butt",
              "non_striker": "Haseeb Ghafoor",
              "runs": {
                "batter": 1,
                "extras": 0,
                "total": 1
              }
            },
            {
              "batter": "Haseeb Ghafoor",
              "bowler": "Rizwan Butt",
              "non_striker": "Kashif Siddique",
              "runs": {
                "batter": 0,
                "extras": 0,
                "total": 0
              }
            },
            {
              "batter": "Haseeb Ghafoor",
              "bowler": "Rizwan Butt",
              "non_striker": "Kashif Siddique",
              "runs": {
                "batter": 0,
                "extras": 0,
                "total": 0
              }
            },
            {
              "batter": "Haseeb Ghafoor",
              "bowler": "Rizwan Butt",
              "non_striker": "Kashif Siddique",
              "runs": {
                "batter": 0,
                "extras": 0,
                "total": 0
              }
            },
            {
              "batter": "Haseeb Ghafoor",
              "bowler": "Rizwan Butt",
              "non_striker": "Kashif Siddique",
              "runs": {
                "batter": 0,
                "extras": 0,
                "total": 0
              }
            },
            {
              "batter": "Haseeb Ghafoor",
              "bowler": "Rizwan Butt",
              "non_striker": "Kashif Siddique",
              "runs": {
                "batter": 1,
                "extras": 0,
                "total": 1
              }
            }
          ]
        },
        {
          "over": 4,
          "deliveries": [
            {
              "batter": "Haseeb Ghafoor",
              "bowler": "S Veerapathiran",
              "extras": {
                "legbyes": 1
              },
              "non_striker": "Kashif Siddique",
              "runs": {
                "batter": 0,
                "extras": 1,
                "total": 1
              }
            },
            {
              "batter": "Kashif Siddique",
              "bowler": "S Veerapathiran",
              "non_striker": "Haseeb Ghafoor",
              "runs": {
                "batter": 0,
                "extras": 0,
                "total": 0
              }
            },
            {
              "batter": "Kashif Siddique",
              "bowler": "S Veerapathiran",
              "non_striker": "Haseeb Ghafoor",
              "runs": {
                "batter": 1,
                "extras": 0,
                "total": 1
              }
            },
            {
              "batter": "Haseeb Ghafoor",
              "bowler": "S Veerapathiran",
              "non_striker": "Kashif Siddique",
              "runs": {
                "batter": 0,
                "extras": 0,
                "total": 0
              }
            },
            {
              "batter": "Haseeb Ghafoor",
              "bowler": "S Veerapathiran",
              "non_striker": "Kashif Siddique",
              "runs": {
                "batter": 0,
                "extras": 0,
                "total": 0
              }
            },
            {
              "batter": "Haseeb Ghafoor",
              "bowler": "S Veerapathiran",
              "non_striker": "Kashif Siddique",
              "runs": {
                "batter": 1,
                "extras": 0,
                "total": 1
              }
            }
          ]
        },
        {
          "over": 5,
          "deliveries": [
            {
              "batter": "Haseeb Ghafoor",
              "bowler": "Imran Anwar",
              "non_striker": "Kashif Siddique",
              "runs": {
                "batter": 0,
                "extras": 0,
                "total": 0
              }
            },
            {
              "batter": "Haseeb Ghafoor",
              "bowler": "Imran Anwar",
              "non_striker": "Kashif Siddique",
              "runs": {
                "batter": 4,
                "extras": 0,
                "total": 4
              }
            },
            {
              "batter": "Haseeb Ghafoor",
              "bowler": "Imran Anwar",
              "non_striker": "Kashif Siddique",
              "runs": {
                "batter": 0,
                "extras": 0,
                "total": 0
              }
            },
            {
              "batter": "Haseeb Ghafoor",
              "bowler": "Imran Anwar",
              "non_striker": "Kashif Siddique",
              "runs": {
                "batter": 0,
                "extras": 0,
                "total": 0
              },
              "wickets": [
                {
                  "player_out": "Haseeb Ghafoor",
                  "fielders": [
                    {
                      "name": "Ahmer Bin Nisar"
                    }
                  ],
                  "kind": "caught"
                }
              ]
            },
            {
              "batter": "Faisal Khan",
              "bowler": "Imran Anwar",
              "non_striker": "Kashif Siddique",
              "runs": {
                "batter": 1,
                "extras": 0,
                "total": 1
              }
            },
            {
              "batter": "Kashif Siddique",
              "bowler": "Imran Anwar",
              "non_striker": "Faisal Khan",
              "runs": {
                "batter": 1,
                "extras": 0,
                "total": 1
              }
            }
          ]
        },
        {
          "over": 6,
          "deliveries": [
            {
              "batter": "Kashif Siddique",
              "bowler": "S Veerapathiran",
              "non_striker": "Faisal Khan",
              "runs": {
                "batter": 1,
                "extras": 0,
                "total": 1
              }
            },
            {
              "batter": "Faisal Khan",
              "bowler": "S Veerapathiran",
              "non_striker": "Kashif Siddique",
              "runs": {
                "batter": 0,
                "extras": 0,
                "total": 0
              },
              "wickets": [
                {
                  "player_out": "Faisal Khan",
                  "fielders": [
                    {
                      "name": "Imran Khan"
                    }
                  ],
                  "kind": "caught"
                }
              ]
            },
            {
              "batter": "Hisham Sheikh",
              "bowler": "S Veerapathiran",
              "non_striker": "Kashif Siddique",
              "runs": {
                "batter": 0,
                "extras": 0,
                "total": 0
              }
            },
            {
              "batter": "Hisham Sheikh",
              "bowler": "S Veerapathiran",
              "non_striker": "Kashif Siddique",
              "runs": {
                "batter": 1,
                "extras": 0,
                "total": 1
              }
            },
            {
              "batter": "Kashif Siddique",
              "bowler": "S Veerapathiran",
              "non_striker": "Hisham Sheikh",
              "runs": {
                "batter": 0,
                "extras": 0,
                "total": 0
              }
            },
            {
              "batter": "Kashif Siddique",
              "bowler": "S Veerapathiran",
              "non_striker": "Hisham Sheikh",
              "runs": {
                "batter": 1,
                "extras": 0,
                "total": 1
              }
            }
          ]
        },
        {
          "over": 7,
          "deliveries": [
            {
              "batter": "Kashif Siddique",
              "bowler": "Imran Anwar",
              "non_striker": "Hisham Sheikh",
              "runs": {
                "batter": 0,
                "extras": 0,
                "total": 0
              }
            },
            {
              "batter": "Kashif Siddique",
              "bowler": "Imran Anwar",
              "non_striker": "Hisham Sheikh",
              "runs": {
                "batter": 0,
                "extras": 0,
                "total": 0
              }
            },
            {
              "batter": "Kashif Siddique",
              "bowler": "Imran Anwar",
              "non_striker": "Hisham Sheikh",
              "runs": {
                "batter": 1,
                "extras": 0,
                "total": 1
              }
            },
            {
              "batter": "Hisham Sheikh",
              "bowler": "Imran Anwar",
              "non_striker": "Kashif Siddique",
              "runs": {
                "batter": 4,
                "extras": 0,
                "total": 4
              }
            },
            {
              "batter": "Hisham Sheikh",
              "bowler": "Imran Anwar",
              "non_striker": "Kashif Siddique",
              "runs": {
                "batter": 1,
                "extras": 0,
                "total": 1
              }
            },
            {
              "batter": "Kashif Siddique",
              "bowler": "Imran Anwar",
              "non_striker": "Hisham Sheikh",
              "runs": {
                "batter": 4,
                "extras": 0,
                "total": 4
              }
            }
          ]
        },
        {
          "over": 8,
          "deliveries": [
            {
              "batter": "Hisham Sheikh",
              "bowler": "Sachin Kumar",
              "non_striker": "Kashif Siddique",
              "runs": {
                "batter": 1,
                "extras": 0,
                "total": 1
              }
            },
            {
              "batter": "Kashif Siddique",
              "bowler": "Sachin Kumar",
              "non_striker": "Hisham Sheikh",
              "runs": {
                "batter": 1,
                "extras": 0,
                "total": 1
              }
            },
            {
              "batter": "Hisham Sheikh",
              "bowler": "Sachin Kumar",
              "non_striker": "Kashif Siddique",
              "runs": {
                "batter": 1,
                "extras": 0,
                "total": 1
              }
            },
            {
              "batter": "Kashif Siddique",
              "bowler": "Sachin Kumar",
              "non_striker": "Hisham Sheikh",
              "runs": {
                "batter": 1,
                "extras": 0,
                "total": 1
              }
            },
            {
              "batter": "Hisham Sheikh",
              "bowler": "Sachin Kumar",
              "non_striker": "Kashif Siddique",
              "runs": {
                "batter": 1,
                "extras": 0,
                "total": 1
              }
            },
            {
              "batter": "Kashif Siddique",
              "bowler": "Sachin Kumar",
              "non_striker": "Hisham Sheikh",
              "runs": {
                "batter": 1,
                "extras": 0,
                "total": 1
              }
            }
          ]
        },
        {
          "over": 9,
          "deliveries": [
            {
              "batter": "Kashif Siddique",
              "bowler": "Danish Jasnaik",
              "non_striker": "Hisham Sheikh",
              "runs": {
                "batter": 1,
                "extras": 0,
                "total": 1
              }
            },
            {
              "batter": "Kashif Siddique",
              "bowler": "Danish Jasnaik",
              "non_striker": "Hisham Sheikh",
              "runs": {
                "batter": 6,
                "extras": 0,
                "total": 6
              }
            },
            {
              "batter": "Kashif Siddique",
              "bowler": "Danish Jasnaik",
              "non_striker": "Hisham Sheikh",
              "runs": {
                "batter": 1,
                "extras": 0,
                "total": 1
              }
            },
            {
              "batter": "Hisham Sheikh",
              "bowler": "Danish Jasnaik",
              "non_striker": "Kashif Siddique",
              "runs": {
                "batter": 1,
                "extras": 0,
                "total": 1
              }
            },
            {
              "batter": "Kashif Siddique",
              "bowler": "Danish Jasnaik",
              "non_striker": "Hisham Sheikh",
              "runs": {
                "batter": 1,
                "extras": 0,
                "total": 1
              }
            },
            {
              "batter": "Hisham Sheikh",
              "bowler": "Danish Jasnaik",
              "non_striker": "Kashif Siddique",
              "runs": {
                "batter": 1,
                "extras": 0,
                "total": 1
              }
            }
          ]
        },
        {
          "over": 10,
          "deliveries": [
            {
              "batter": "Hisham Sheikh",
              "bowler": "Sachin Kumar",
              "non_striker": "Kashif Siddique",
              "runs": {
                "batter": 4,
                "extras": 0,
                "total": 4
              }
            },
            {
              "batter": "Hisham Sheikh",
              "bowler": "Sachin Kumar",
              "non_striker": "Kashif Siddique",
              "runs": {
                "batter": 0,
                "extras": 0,
                "total": 0
              }
            },
            {
              "batter": "Hisham Sheikh",
              "bowler": "Sachin Kumar",
              "non_striker": "Kashif Siddique",
              "runs": {
                "batter": 1,
                "extras": 0,
                "total": 1
              }
            },
            {
              "batter": "Kashif Siddique",
              "bowler": "Sachin Kumar",
              "non_striker": "Hisham Sheikh",
              "runs": {
                "batter": 0,
                "extras": 0,
                "total": 0
              }
            },
            {
              "batter": "Kashif Siddique",
              "bowler": "Sachin Kumar",
              "non_striker": "Hisham Sheikh",
              "runs": {
                "batter": 0,
                "extras": 0,
                "total": 0
              }
            },
            {
              "batter": "Kashif Siddique",
              "bowler": "Sachin Kumar",
              "non_striker": "Hisham Sheikh",
              "runs": {
                "batter": 0,
                "extras": 0,
                "total": 0
              }
            }
          ]
        },
        {
          "over": 11,
          "deliveries": [
            {
              "batter": "Hisham Sheikh",
              "bowler": "Danish Jasnaik",
              "non_striker": "Kashif Siddique",
              "runs": {
                "batter": 0,
                "extras": 0,
                "total": 0
              }
            },
            {
              "batter": "Hisham Sheikh",
              "bowler": "Danish Jasnaik",
              "non_striker": "Kashif Siddique",
              "runs": {
                "batter": 2,
                "extras": 0,
                "total": 2
              }
            },
            {
              "batter": "Hisham Sheikh",
              "bowler": "Danish Jasnaik",
              "non_striker": "Kashif Siddique",
              "runs": {
                "batter": 1,
                "extras": 0,
                "total": 1
              }
            },
            {
              "batter": "Kashif Siddique",
              "bowler": "Danish Jasnaik",
              "non_striker": "Hisham Sheikh",
              "runs": {
                "batter": 1,
                "extras": 0,
                "total": 1
              }
            },
            {
              "batter": "Hisham Sheikh",
              "bowler": "Danish Jasnaik",
              "non_striker": "Kashif Siddique",
              "runs": {
                "batter": 3,
                "extras": 0,
                "total": 3
              }
            },
            {
              "batter": "Kashif Siddique",
              "bowler": "Danish Jasnaik",
              "non_striker": "Hisham Sheikh",
              "runs": {
                "batter": 0,
                "extras": 0,
                "total": 0
              },
              "wickets": [
                {
                  "player_out": "Kashif Siddique",
                  "fielders": [
                    {
                      "name": "Rizwan Butt"
                    }
                  ],
                  "kind": "caught"
                }
              ]
            }
          ]
        },
        {
          "over": 12,
          "deliveries": [
            {
              "batter": "Hisham Sheikh",
              "bowler": "Sachin Kumar",
              "non_striker": "Irshad Mubbashar",
              "runs": {
                "batter": 2,
                "extras": 0,
                "total": 2
              }
            },
            {
              "batter": "Hisham Sheikh",
              "bowler": "Sachin Kumar",
              "non_striker": "Irshad Mubbashar",
              "runs": {
                "batter": 0,
                "extras": 0,
                "total": 0
              },
              "wickets": [
                {
                  "player_out": "Hisham Sheikh",
                  "kind": "caught and bowled"
                }
              ]
            },
            {
              "batter": "Usman Najeeb",
              "bowler": "Sachin Kumar",
              "non_striker": "Irshad Mubbashar",
              "runs": {
                "batter": 0,
                "extras": 0,
                "total": 0
              }
            },
            {
              "batter": "Usman Najeeb",
              "bowler": "Sachin Kumar",
              "non_striker": "Irshad Mubbashar",
              "runs": {
                "batter": 0,
                "extras": 0,
                "total": 0
              }
            },
            {
              "batter": "Usman Najeeb",
              "bowler": "Sachin Kumar",
              "extras": {
                "wides": 1
              },
              "non_striker": "Irshad Mubbashar",
              "runs": {
                "batter": 0,
                "extras": 1,
                "total": 1
              }
            },
            {
              "batter": "Usman Najeeb",
              "bowler": "Sachin Kumar",
              "non_striker": "Irshad Mubbashar",
              "runs": {
                "batter": 0,
                "extras": 0,
                "total": 0
              }
            },
            {
              "batter": "Usman Najeeb",
              "bowler": "Sachin Kumar",
              "non_striker": "Irshad Mubbashar",
              "runs": {
                "batter": 0,
                "extras": 0,
                "total": 0
              }
            }
          ]
        },
        {
          "over": 13,
          "deliveries": [
            {
              "batter": "Irshad Mubbashar",
              "bowler": "Danish Jasnaik",
              "non_striker": "Usman Najeeb",
              "runs": {
                "batter": 0,
                "extras": 0,
                "total": 0
              }
            },
            {
              "batter": "Irshad Mubbashar",
              "bowler": "Danish Jasnaik",
              "non_striker": "Usman Najeeb",
              "runs": {
                "batter": 0,
                "extras": 0,
                "total": 0
              }
            },
            {
              "batter": "Irshad Mubbashar",
              "bowler": "Danish Jasnaik",
              "non_striker": "Usman Najeeb",
              "runs": {
                "batter": 0,
                "extras": 0,
                "total": 0
              }
            },
            {
              "batter": "Irshad Mubbashar",
              "bowler": "Danish Jasnaik",
              "non_striker": "Usman Najeeb",
              "runs": {
                "batter": 1,
                "extras": 0,
                "total": 1
              }
            },
            {
              "batter": "Usman Najeeb",
              "bowler": "Danish Jasnaik",
              "non_striker": "Irshad Mubbashar",
              "runs": {
                "batter": 1,
                "extras": 0,
                "total": 1
              }
            },
            {
              "batter": "Irshad Mubbashar",
              "bowler": "Danish Jasnaik",
              "non_striker": "Usman Najeeb",
              "runs": {
                "batter": 1,
                "extras": 0,
                "total": 1
              }
            }
          ]
        },
        {
          "over": 14,
          "deliveries": [
            {
              "batter": "Irshad Mubbashar",
              "bowler": "Sachin Kumar",
              "non_striker": "Usman Najeeb",
              "runs": {
                "batter": 0,
                "extras": 0,
                "total": 0
              }
            },
            {
              "batter": "Irshad Mubbashar",
              "bowler": "Sachin Kumar",
              "non_striker": "Usman Najeeb",
              "runs": {
                "batter": 1,
                "extras": 0,
                "total": 1
              }
            },
            {
              "batter": "Usman Najeeb",
              "bowler": "Sachin Kumar",
              "non_striker": "Irshad Mubbashar",
              "runs": {
                "batter": 0,
                "extras": 0,
                "total": 0
              }
            },
            {
              "batter": "Usman Najeeb",
              "bowler": "Sachin Kumar",
              "non_striker": "Irshad Mubbashar",
              "runs": {
                "batter": 0,
                "extras": 0,
                "total": 0
              }
            },
            {
              "batter": "Usman Najeeb",
              "bowler": "Sachin Kumar",
              "non_striker": "Irshad Mubbashar",
              "runs": {
                "batter": 0,
                "extras": 0,
                "total": 0
              }
            },
            {
              "batter": "Usman Najeeb",
              "bowler": "Sachin Kumar",
              "non_striker": "Irshad Mubbashar",
              "runs": {
                "batter": 0,
                "extras": 0,
                "total": 0
              }
            }
          ]
        },
        {
          "over": 15,
          "deliveries": [
            {
              "batter": "Irshad Mubbashar",
              "bowler": "Danish Jasnaik",
              "non_striker": "Usman Najeeb",
              "runs": {
                "batter": 1,
                "extras": 0,
                "total": 1
              }
            },
            {
              "batter": "Usman Najeeb",
              "bowler": "Danish Jasnaik",
              "extras": {
                "legbyes": 1
              },
              "non_striker": "Irshad Mubbashar",
              "runs": {
                "batter": 0,
                "extras": 1,
                "total": 1
              }
            },
            {
              "batter": "Irshad Mubbashar",
              "bowler": "Danish Jasnaik",
              "non_striker": "Usman Najeeb",
              "runs": {
                "batter": 1,
                "extras": 0,
                "total": 1
              }
            },
            {
              "batter": "Usman Najeeb",
              "bowler": "Danish Jasnaik",
              "non_striker": "Irshad Mubbashar",
              "runs": {
                "batter": 6,
                "extras": 0,
                "total": 6
              }
            },
            {
              "batter": "Usman Najeeb",
              "bowler": "Danish Jasnaik",
              "non_striker": "Irshad Mubbashar",
              "runs": {
                "batter": 1,
                "extras": 0,
                "total": 1
              }
            },
            {
              "batter": "Irshad Mubbashar",
              "bowler": "Danish Jasnaik",
              "non_striker": "Usman Najeeb",
              "runs": {
                "batter": 1,
                "extras": 0,
                "total": 1
              }
            }
          ]
        },
        {
          "over": 16,
          "deliveries": [
            {
              "batter": "Irshad Mubbashar",
              "bowler": "S Veerapathiran",
              "non_striker": "Usman Najeeb",
              "runs": {
                "batter": 1,
                "extras": 0,
                "total": 1
              }
            },
            {
              "batter": "Usman Najeeb",
              "bowler": "S Veerapathiran",
              "non_striker": "Irshad Mubbashar",
              "runs": {
                "batter": 0,
                "extras": 0,
                "total": 0
              }
            },
            {
              "batter": "Usman Najeeb",
              "bowler": "S Veerapathiran",
              "non_striker": "Irshad Mubbashar",
              "runs": {
                "batter": 1,
                "extras": 0,
                "total": 1
              }
            },
            {
              "batter": "Irshad Mubbashar",
              "bowler": "S Veerapathiran",
              "non_striker": "Usman Najeeb",
              "runs": {
                "batter": 1,
                "extras": 0,
                "total": 1
              }
            },
            {
              "batter": "Usman Najeeb",
              "bowler": "S Veerapathiran",
              "non_striker": "Irshad Mubbashar",
              "runs": {
                "batter": 2,
                "extras": 0,
                "total": 2
              }
            },
            {
              "batter": "Usman Najeeb",
              "bowler": "S Veerapathiran",
              "non_striker": "Irshad Mubbashar",
              "runs": {
                "batter": 6,
                "extras": 0,
                "total": 6
              }
            }
          ]
        },
        {
          "over": 17,
          "deliveries": [
            {
              "batter": "Irshad Mubbashar",
              "bowler": "Rizwan Butt",
              "non_striker": "Usman Najeeb",
              "runs": {
                "batter": 1,
                "extras": 0,
                "total": 1
              }
            },
            {
              "batter": "Usman Najeeb",
              "bowler": "Rizwan Butt",
              "non_striker": "Irshad Mubbashar",
              "runs": {
                "batter": 0,
                "extras": 0,
                "total": 0
              },
              "wickets": [
                {
                  "player_out": "Usman Najeeb",
                  "fielders": [
                    {
                      "name": "Imran Anwar"
                    }
                  ],
                  "kind": "caught"
                }
              ]
            },
            {
              "batter": "Atif-Ur-Rehman",
              "bowler": "Rizwan Butt",
              "non_striker": "Irshad Mubbashar",
              "runs": {
                "batter": 1,
                "extras": 0,
                "total": 1
              }
            },
            {
              "batter": "Irshad Mubbashar",
              "bowler": "Rizwan Butt",
              "non_striker": "Atif-Ur-Rehman",
              "runs": {
                "batter": 1,
                "extras": 0,
                "total": 1
              }
            },
            {
              "batter": "Atif-Ur-Rehman",
              "bowler": "Rizwan Butt",
              "non_striker": "Irshad Mubbashar",
              "runs": {
                "batter": 0,
                "extras": 0,
                "total": 0
              }
            },
            {
              "batter": "Atif-Ur-Rehman",
              "bowler": "Rizwan Butt",
              "non_striker": "Irshad Mubbashar",
              "runs": {
                "batter": 0,
                "extras": 0,
                "total": 0
              }
            }
          ]
        },
        {
          "over": 18,
          "deliveries": [
            {
              "batter": "Irshad Mubbashar",
              "bowler": "Imran Khan",
              "non_striker": "Atif-Ur-Rehman",
              "runs": {
                "batter": 0,
                "extras": 0,
                "total": 0
              }
            },
            {
              "batter": "Irshad Mubbashar",
              "bowler": "Imran Khan",
              "non_striker": "Atif-Ur-Rehman",
              "runs": {
                "batter": 2,
                "extras": 0,
                "total": 2
              }
            },
            {
              "batter": "Irshad Mubbashar",
              "bowler": "Imran Khan",
              "non_striker": "Atif-Ur-Rehman",
              "runs": {
                "batter": 0,
                "extras": 0,
                "total": 0
              }
            },
            {
              "batter": "Irshad Mubbashar",
              "bowler": "Imran Khan",
              "non_striker": "Atif-Ur-Rehman",
              "runs": {
                "batter": 6,
                "extras": 0,
                "total": 6
              }
            },
            {
              "batter": "Irshad Mubbashar",
              "bowler": "Imran Khan",
              "non_striker": "Atif-Ur-Rehman",
              "runs": {
                "batter": 1,
                "extras": 0,
                "total": 1
              },
              "wickets": [
                {
                  "player_out": "Irshad Mubbashar",
                  "fielders": [
                    {
                      "name": "Ahmer Bin Nisar"
                    },
                    {
                      "name": "Haider Butt"
                    }
                  ],
                  "kind": "run out"
                }
              ]
            },
            {
              "batter": "Imran Yousaf",
              "bowler": "Imran Khan",
              "non_striker": "Atif-Ur-Rehman",
              "runs": {
                "batter": 0,
                "extras": 0,
                "total": 0
              }
            }
          ]
        },
        {
          "over": 19,
          "deliveries": [
            {
              "batter": "Atif-Ur-Rehman",
              "bowler": "Rizwan Butt",
              "non_striker": "Imran Yousaf",
              "runs": {
                "batter": 1,
                "extras": 0,
                "total": 1
              }
            },
            {
              "batter": "Imran Yousaf",
              "bowler": "Rizwan Butt",
              "non_striker": "Atif-Ur-Rehman",
              "runs": {
                "batter": 0,
                "extras": 0,
                "total": 0
              }
            },
            {
              "batter": "Imran Yousaf",
              "bowler": "Rizwan Butt",
              "non_striker": "Atif-Ur-Rehman",
              "runs": {
                "batter": 0,
                "extras": 0,
                "total": 0
              }
            },
            {
              "batter": "Imran Yousaf",
              "bowler": "Rizwan Butt",
              "non_striker": "Atif-Ur-Rehman",
              "runs": {
                "batter": 1,
                "extras": 0,
                "total": 1
              }
            },
            {
              "batter": "Atif-Ur-Rehman",
              "bowler": "Rizwan Butt",
              "non_striker": "Imran Yousaf",
              "runs": {
                "batter": 1,
                "extras": 0,
                "total": 1
              }
            },
            {
              "batter": "Imran Yousaf",
              "bowler": "Rizwan Butt",
              "non_striker": "Atif-Ur-Rehman",
              "runs": {
                "batter": 1,
                "extras": 0,
                "total": 1
              }
            }
          ]
        }
      ],
      "powerplays": [
        {
          "from": 0.1,
          "to": 5.6,
          "type": "mandatory"
        }
      ],
      "target": {
        "overs": 20,
        "runs": 171
      }
    }
  ]
}