{
  "meta": {
    "data_version": "1.1.0",
    "created": "2022-12-22",
    "revision": 1
  },
  "info": {
    "balls_per_over": 6,
    "city": "Nairobi",
    "dates": [
      "2022-12-18"
    ],
    "event": {
      "name": "Kenya Quadrangular Women's T20 Series",
      "match_number": 9
    },
    "gender": "female",
    "match_type": "T20",
    "match_type_number": 1327,
    "officials": {
      "reserve_umpires": [
        "D Odhiambo"
      ],
      "umpires": [
        "Charles Kariuki",
        "J Karuri"
      ]
    },
    "outcome": {
      "winner": "Uganda",
      "by": {
        "wickets": 6
      }
    },
    "overs": 20,
    "player_of_match": [
      "P Alako"
    ],
    "players": {
      "Kenya": [
        "M Mwangi",
        "M Ndhambi",
        "D Njoroge",
        "S Juma",
        "V Ooko",
        "V Abuga",
        "E Wachira",
        "F Odhiambo",
        "MI Khagoitsa",
        "J Abwom",
        "L Idambo"
      ],
      "Uganda": [
        "G Obukor",
        "P Alako",
        "K Awino",
        "J Mbabazi",
        "S Nampiina",
        "R Musamali",
        "I Alumo",
        "S Akiteng",
        "I Nakisuuyi",
        "E Anyipo",
        "C Aweko"
      ]
    },
    "registry": {
      "people": {
        "C Aweko": "01c1b96c",
        "Charles Kariuki": "8de34db0",
        "D Njoroge": "626fbc80",
        "D Odhiambo": "45994517",
        "E Anyipo": "d9e5ecb4",
        "E Wachira": "f5e70dd4",
        "F Odhiambo": "97eb9a07",
        "G Obukor": "1b378842",
        "I Alumo": "6edd8b10",
        "I Nakisuuyi": "2f145a4f",
        "J Abwom": "8d634767",
        "J Karuri": "5a9b694c",
        "J Mbabazi": "aaa6e84c",
        "K Awino": "c4e7749a",
        "L Idambo": "27339093",
        "M Mwangi": "72de0105",
        "M Ndhambi": "76e56ac6",
        "MI Khagoitsa": "2d772f77",
        "P Alako": "fcf37e14",
        "R Musamali": "017cadb2",
        "S Akiteng": "cf92d76b",
        "S Juma": "333830a5",
        "S Nampiina": "91d9aa26",
        "V Abuga": "1ce58052",
        "V Ooko": "2ae76bf6"
      }
    },
    "season": "2022/23",
    "team_type": "international",
    "teams": [
      "Kenya",
      "Uganda"
    ],
    "toss": {
      "decision": "field",
      "winner": "Uganda"
    },
    "venue": "Gymkhana Club Ground, Nairobi"
  },
  "innings": [
    {
      "team": "Kenya",
      "overs": [
        {
          "over": 0,
          "deliveries": [
            {
              "batter": "M Mwangi",
              "bowler": "I Alumo",
              "non_striker": "M Ndhambi",
              "runs": {
                "batter": 0,
                "extras": 0,
                "total": 0
              }
            },
            {
              "batter": "M Mwangi",
              "bowler": "I Alumo",
              "non_striker": "M Ndhambi",
              "runs": {
                "batter": 0,
                "extras": 0,
                "total": 0
              }
            },
            {
              "batter": "M Mwangi",
              "bowler": "I Alumo",
              "non_striker": "M Ndhambi",
              "runs": {
                "batter": 2,
                "extras": 0,
                "total": 2
              }
            },
            {
              "batter": "M Mwangi",
              "bowler": "I Alumo",
              "non_striker": "M Ndhambi",
              "runs": {
                "batter": 1,
                "extras": 0,
                "total": 1
              }
            },
            {
              "batter": "M Ndhambi",
              "bowler": "I Alumo",
              "non_striker": "M Mwangi",
              "runs": {
                "batter": 2,
                "extras": 0,
                "total": 2
              }
            },
            {
              "batter": "M Ndhambi",
              "bowler": "I Alumo",
              "non_striker": "M Mwangi",
              "runs": {
                "batter": 0,
                "extras": 0,
                "total": 0
              }
            }
          ]
        },
        {
          "over": 1,
          "deliveries": [
            {
              "batter": "M Mwangi",
              "bowler": "E Anyipo",
              "non_striker": "M Ndhambi",
              "runs": {
                "batter": 0,
                "extras": 0,
                "total": 0
              }
            },
            {
              "batter": "M Mwangi",
              "bowler": "E Anyipo",
              "non_striker": "M Ndhambi",
              "runs": {
                "batter": 1,
                "extras": 0,
                "total": 1
              }
            },
            {
              "batter": "M Ndhambi",
              "bowler": "E Anyipo",
              "non_striker": "M Mwangi",
              "runs": {
                "batter": 4,
                "extras": 0,
                "total": 4
              }
            },
            {
              "batter": "M Ndhambi",
              "bowler": "E Anyipo",
              "non_striker": "M Mwangi",
              "runs": {
                "batter": 0,
                "extras": 0,
                "total": 0
              }
            },
            {
              "batter": "M Ndhambi",
              "bowler": "E Anyipo",
              "extras": {
                "legbyes": 1
              },
              "non_striker": "M Mwangi",
              "runs": {
                "batter": 0,
                "extras": 1,
                "total": 1
              }
            },
            {
              "batter": "M Mwangi",
              "bowler": "E Anyipo",
              "non_striker": "M Ndhambi",
              "runs": {
                "batter": 0,
                "extras": 0,
                "total": 0
              }
            }
          ]
        },
        {
          "over": 2,
          "deliveries": [
            {
              "batter": "M Ndhambi",
              "bowler": "I Alumo",
              "non_striker": "M Mwangi",
              "runs": {
                "batter": 0,
                "extras": 0,
                "total": 0
              }
            },
            {
              "batter": "M Ndhambi",
              "bowler": "I Alumo",
              "non_striker": "M Mwangi",
              "runs": {
                "batter": 0,
                "extras": 0,
                "total": 0
              }
            },
            {
              "batter": "M Ndhambi",
              "bowler": "I Alumo",
              "non_striker": "M Mwangi",
              "runs": {
                "batter": 1,
                "extras": 0,
                "total": 1
              }
            },
            {
              "batter": "M Mwangi",
              "bowler": "I Alumo",
              "non_striker": "M Ndhambi",
              "runs": {
                "batter": 4,
                "extras": 0,
                "total": 4
              }
            },
            {
              "batter": "M Mwangi",
              "bowler": "I Alumo",
              "non_striker": "M Ndhambi",
              "runs": {
                "batter": 1,
                "extras": 0,
                "total": 1
              }
            },
            {
              "batter": "M Ndhambi",
              "bowler": "I Alumo",
              "non_striker": "M Mwangi",
              "runs": {
                "batter": 4,
                "extras": 0,
                "total": 4
              }
            }
          ]
        },
        {
          "over": 3,
          "deliveries": [
            {
              "batter": "M Mwangi",
              "bowler": "S Akiteng",
              "non_striker": "M Ndhambi",
              "runs": {
                "batter": 0,
                "extras": 0,
                "total": 0
              }
            },
            {
              "batter": "M Mwangi",
              "bowler": "S Akiteng",
              "non_striker": "M Ndhambi",
              "runs": {
                "batter": 0,
                "extras": 0,
                "total": 0
              }
            },
            {
              "batter": "M Mwangi",
              "bowler": "S Akiteng",
              "non_striker": "M Ndhambi",
              "runs": {
                "batter": 0,
                "extras": 0,
                "total": 0
              }
            },
            {
              "batter": "M Mwangi",
              "bowler": "S Akiteng",
              "extras": {
                "byes": 1
              },
              "non_striker": "M Ndhambi",
              "runs": {
                "batter": 0,
                "extras": 1,
                "total": 1
              }
            },
            {
              "batter": "M Ndhambi",
              "bowler": "S Akiteng",
              "non_striker": "M Mwangi",
              "runs": {
                "batter": 4,
                "extras": 0,
                "total": 4
              }
            },
            {
              "batter": "M Ndhambi",
              "bowler": "S Akiteng",
              "non_striker": "M Mwangi",
              "runs": {
                "batter": 0,
                "extras": 0,
                "total": 0
              }
            }
          ]
        },
        {
          "over": 4,
          "deliveries": [
            {
              "batter": "M Mwangi",
              "bowler": "C Aweko",
              "non_striker": "M Ndhambi",
              "runs": {
                "batter": 1,
                "extras": 0,
                "total": 1
              }
            },
            {
              "batter": "M Ndhambi",
              "bowler": "C Aweko",
              "non_striker": "M Mwangi",
              "runs": {
                "batter": 0,
                "extras": 0,
                "total": 0
              }
            },
            {
              "batter": "M Ndhambi",
              "bowler": "C Aweko",
              "non_striker": "M Mwangi",
              "runs": {
                "batter": 1,
                "extras": 0,
                "total": 1
              }
            },
            {
              "batter": "M Mwangi",
              "bowler": "C Aweko",
              "non_striker": "M Ndhambi",
              "runs": {
                "batter": 4,
                "extras": 0,
                "total": 4
              }
            },
            {
              "batter": "M Mwangi",
              "bowler": "C Aweko",
              "non_striker": "M Ndhambi",
              "runs": {
                "batter": 0,
                "extras": 0,
                "total": 0
              }
            },
            {
              "batter": "M Mwangi",
              "bowler": "C Aweko",
              "non_striker": "M Ndhambi",
              "runs": {
                "batter": 1,
                "extras": 0,
                "total": 1
              }
            }
          ]
        },
        {
          "over": 5,
          "deliveries": [
            {
              "batter": "M Mwangi",
              "bowler": "S Akiteng",
              "non_striker": "M Ndhambi",
              "runs": {
                "batter": 0,
                "extras": 0,
                "total": 0
              }
            },
            {
              "batter": "M Mwangi",
              "bowler": "S Akiteng",
              "non_striker": "M Ndhambi",
              "runs": {
                "batter": 1,
                "extras": 0,
                "total": 1
              }
            },
            {
              "batter": "M Ndhambi",
              "bowler": "S Akiteng",
              "non_striker": "M Mwangi",
              "runs": {
                "batter": 1,
                "extras": 0,
                "total": 1
              }
            },
            {
              "batter": "M Mwangi",
              "bowler": "S Akiteng",
              "non_striker": "M Ndhambi",
              "runs": {
                "batter": 4,
                "extras": 0,
                "total": 4
              }
            },
            {
              "batter": "M Mwangi",
              "bowler": "S Akiteng",
              "extras": {
                "wides": 1
              },
              "non_striker": "M Ndhambi",
              "runs": {
                "batter": 0,
                "extras": 1,
                "total": 1
              }
            },
            {
              "batter": "M Mwangi",
              "bowler": "S Akiteng",
              "non_striker": "M Ndhambi",
              "runs": {
                "batter": 1,
                "extras": 0,
                "total": 1
              }
            },
            {
              "batter": "M Ndhambi",
              "bowler": "S Akiteng",
              "non_striker": "M Mwangi",
              "runs": {
                "batter": 0,
                "extras": 0,
                "total": 0
              }
            }
          ]
        },
        {
          "over": 6,
          "deliveries": [
            {
              "batter": "M Mwangi",
              "bowler": "C Aweko",
              "non_striker": "M Ndhambi",
              "runs": {
                "batter": 0,
                "extras": 0,
                "total": 0
              }
            },
            {
              "batter": "M Mwangi",
              "bowler": "C Aweko",
              "non_striker": "M Ndhambi",
              "runs": {
                "batter": 0,
                "extras": 0,
                "total": 0
              },
              "wickets": [
                {
                  "player_out": "M Ndhambi",
                  "fielders": [
                    {
                      "name": "R Musamali"
                    }
                  ],
                  "kind": "run out"
                }
              ]
            },
            {
              "batter": "D Njoroge",
              "bowler": "C Aweko",
              "non_striker": "M Mwangi",
              "runs": {
                "batter": 0,
                "extras": 0,
                "total": 0
              }
            },
            {
              "batter": "D Njoroge",
              "bowler": "C Aweko",
              "non_striker": "M Mwangi",
              "runs": {
                "batter": 0,
                "extras": 0,
                "total": 0
              }
            },
            {
              "batter": "D Njoroge",
              "bowler": "C Aweko",
              "non_striker": "M Mwangi",
              "runs": {
                "batter": 2,
                "extras": 0,
                "total": 2
              }
            },
            {
              "batter": "D Njoroge",
              "bowler": "C Aweko",
              "non_striker": "M Mwangi",
              "runs": {
                "batter": 0,
                "extras": 0,
                "total": 0
              }
            }
          ]
        },
        {
          "over": 7,
          "deliveries": [
            {
              "batter": "M Mwangi",
              "bowler": "J Mbabazi",
              "non_striker": "D Njoroge",
              "runs": {
                "batter": 0,
                "extras": 0,
                "total": 0
              }
            },
            {
              "batter": "M Mwangi",
              "bowler": "J Mbabazi",
              "extras": {
                "wides": 1
              },
              "non_striker": "D Njoroge",
              "runs": {
                "batter": 0,
                "extras": 1,
                "total": 1
              }
            },
            {
              "batter": "M Mwangi",
              "bowler": "J Mbabazi",
              "non_striker": "D Njoroge",
              "runs": {
                "batter": 0,
                "extras": 0,
                "total": 0
              }
            },
            {
              "batter": "M Mwangi",
              "bowler": "J Mbabazi",
              "non_striker": "D Njoroge",
              "runs": {
                "batter": 1,
                "extras": 0,
                "total": 1
              }
            },
            {
              "batter": "D Njoroge",
              "bowler": "J Mbabazi",
              "non_striker": "M Mwangi",
              "runs": {
                "batter": 0,
                "extras": 0,
                "total": 0
              }
            },
            {
              "batter": "D Njoroge",
              "bowler": "J Mbabazi",
              "non_striker": "M Mwangi",
              "runs": {
                "batter": 0,
                "extras": 0,
                "total": 0
              }
            },
            {
              "batter": "D Njoroge",
              "bowler": "J Mbabazi",
              "non_striker": "M Mwangi",
              "runs": {
                "batter": 0,
                "extras": 0,
                "total": 0
              }
            }
          ]
        },
        {
          "over": 8,
          "deliveries": [
            {
              "batter": "M Mwangi",
              "bowler": "C Aweko",
              "non_striker": "D Njoroge",
              "runs": {
                "batter": 0,
                "extras": 0,
                "total": 0
              }
            },
            {
              "batter": "M Mwangi",
              "bowler": "C Aweko",
              "non_striker": "D Njoroge",
              "runs": {
                "batter": 1,
                "extras": 0,
                "total": 1
              }
            },
            {
              "batter": "D Njoroge",
              "bowler": "C Aweko",
              "non_striker": "M Mwangi",
              "runs": {
                "batter": 0,
                "extras": 0,
                "total": 0
              }
            },
            {
              "batter": "D Njoroge",
              "bowler": "C Aweko",
              "non_striker": "M Mwangi",
              "runs": {
                "batter": 0,
                "extras": 0,
                "total": 0
              }
            },
            {
              "batter": "D Njoroge",
              "bowler": "C Aweko",
              "non_striker": "M Mwangi",
              "runs": {
                "batter": 2,
                "extras": 0,
                "total": 2
              }
            },
            {
              "batter": "D Njoroge",
              "bowler": "C Aweko",
              "non_striker": "M Mwangi",
              "runs": {
                "batter": 0,
                "extras": 0,
                "total": 0
              },
              "wickets": [
                {
                  "player_out": "D Njoroge",
                  "kind": "bowled"
                }
              ]
            }
          ]
        },
        {
          "over": 9,
          "deliveries": [
            {
              "batter": "M Mwangi",
              "bowler": "J Mbabazi",
              "non_striker": "S Juma",
              "runs": {
                "batter": 1,
                "extras": 0,
                "total": 1
              }
            },
            {
              "batter": "S Juma",
              "bowler": "J Mbabazi",
              "non_striker": "M Mwangi",
              "runs": {
                "batter": 0,
                "extras": 0,
                "total": 0
              }
            },
            {
              "batter": "S Juma",
              "bowler": "J Mbabazi",
              "non_striker": "M Mwangi",
              "runs": {
                "batter": 0,
                "extras": 0,
                "total": 0
              }
            },
            {
              "batter": "S Juma",
              "bowler": "J Mbabazi",
              "non_striker": "M Mwangi",
              "runs": {
                "batter": 0,
                "extras": 0,
                "total": 0
              }
            },
            {
              "batter": "S Juma",
              "bowler": "J Mbabazi",
              "non_striker": "M Mwangi",
              "runs": {
                "batter": 1,
                "extras": 0,
                "total": 1
              }
            },
            {
              "batter": "M Mwangi",
              "bowler": "J Mbabazi",
              "non_striker": "S Juma",
              "runs": {
                "batter": 0,
                "extras": 0,
                "total": 0
              }
            }
          ]
        },
        {
          "over": 10,
          "deliveries": [
            {
              "batter": "S Juma",
              "bowler": "S Akiteng",
              "non_striker": "M Mwangi",
              "runs": {
                "batter": 1,
                "extras": 0,
                "total": 1
              }
            },
            {
              "batter": "M Mwangi",
              "bowler": "S Akiteng",
              "non_striker": "S Juma",
              "runs": {
                "batter": 0,
                "extras": 0,
                "total": 0
              }
            },
            {
              "batter": "M Mwangi",
              "bowler": "S Akiteng",
              "non_striker": "S Juma",
              "runs": {
                "batter": 4,
                "extras": 0,
                "total": 4
              }
            },
            {
              "batter": "M Mwangi",
              "bowler": "S Akiteng",
              "non_striker": "S Juma",
              "runs": {
                "batter": 0,
                "extras": 0,
                "total": 0
              }
            },
            {
              "batter": "M Mwangi",
              "bowler": "S Akiteng",
              "non_striker": "S Juma",
              "runs": {
                "batter": 1,
                "extras": 0,
                "total": 1
              }
            },
            {
              "batter": "S Juma",
              "bowler": "S Akiteng",
              "non_striker": "M Mwangi",
              "runs": {
                "batter": 0,
                "extras": 0,
                "total": 0
              }
            }
          ]
        },
        {
          "over": 11,
          "deliveries": [
            {
              "batter": "M Mwangi",
              "bowler": "J Mbabazi",
              "non_striker": "S Juma",
              "runs": {
                "batter": 2,
                "extras": 0,
                "total": 2
              }
            },
            {
              "batter": "M Mwangi",
              "bowler": "J Mbabazi",
              "non_striker": "S Juma",
              "runs": {
                "batter": 0,
                "extras": 0,
                "total": 0
              }
            },
            {
              "batter": "M Mwangi",
              "bowler": "J Mbabazi",
              "non_striker": "S Juma",
              "runs": {
                "batter": 0,
                "extras": 0,
                "total": 0
              }
            },
            {
              "batter": "M Mwangi",
              "bowler": "J Mbabazi",
              "non_striker": "S Juma",
              "runs": {
                "batter": 0,
                "extras": 0,
                "total": 0
              },
              "wickets": [
                {
                  "player_out": "M Mwangi",
                  "fielders": [
                    {
                      "name": "K Awino"
                    }
                  ],
                  "kind": "stumped"
                }
              ]
            },
            {
              "batter": "V Ooko",
              "bowler": "J Mbabazi",
              "non_striker": "S Juma",
              "runs": {
                "batter": 0,
                "extras": 0,
                "total": 0
              }
            },
            {
              "batter": "V Ooko",
              "bowler": "J Mbabazi",
              "non_striker": "S Juma",
              "runs": {
                "batter": 1,
                "extras": 0,
                "total": 1
              }
            }
          ]
        },
        {
          "over": 12,
          "deliveries": [
            {
              "batter": "V Ooko",
              "bowler": "E Anyipo",
              "non_striker": "S Juma",
              "runs": {
                "batter": 0,
                "extras": 0,
                "total": 0
              },
              "wickets": [
                {
                  "player_out": "V Ooko",
                  "kind": "bowled"
                }
              ]
            },
            {
              "batter": "V Abuga",
              "bowler": "E Anyipo",
              "non_striker": "S Juma",
              "runs": {
                "batter": 0,
                "extras": 0,
                "total": 0
              }
            },
            {
              "batter": "V Abuga",
              "bowler": "E Anyipo",
              "non_striker": "S Juma",
              "runs": {
                "batter": 0,
                "extras": 0,
                "total": 0
              }
            },
            {
              "batter": "V Abuga",
              "bowler": "E Anyipo",
              "non_striker": "S Juma",
              "runs": {
                "batter": 0,
                "extras": 0,
                "total": 0
              }
            },
            {
              "batter": "V Abuga",
              "bowler": "E Anyipo",
              "non_striker": "S Juma",
              "runs": {
                "batter": 0,
                "extras": 0,
                "total": 0
              }
            },
            {
              "batter": "V Abuga",
              "bowler": "E Anyipo",
              "non_striker": "S Juma",
              "runs": {
                "batter": 0,
                "extras": 0,
                "total": 0
              }
            }
          ]
        },
        {
          "over": 13,
          "deliveries": [
            {
              "batter": "S Juma",
              "bowler": "I Alumo",
              "non_striker": "V Abuga",
              "runs": {
                "batter": 1,
                "extras": 0,
                "total": 1
              }
            },
            {
              "batter": "V Abuga",
              "bowler": "I Alumo",
              "non_striker": "S Juma",
              "runs": {
                "batter": 4,
                "extras": 0,
                "total": 4
              }
            },
            {
              "batter": "V Abuga",
              "bowler": "I Alumo",
              "non_striker": "S Juma",
              "runs": {
                "batter": 0,
                "extras": 0,
                "total": 0
              }
            },
            {
              "batter": "V Abuga",
              "bowler": "I Alumo",
              "non_striker": "S Juma",
              "runs": {
                "batter": 1,
                "extras": 0,
                "total": 1
              }
            },
            {
              "batter": "S Juma",
              "bowler": "I Alumo",
              "non_striker": "V Abuga",
              "runs": {
                "batter": 0,
                "extras": 0,
                "total": 0
              }
            },
            {
              "batter": "S Juma",
              "bowler": "I Alumo",
              "extras": {
                "wides": 1
              },
              "non_striker": "V Abuga",
              "runs": {
                "batter": 0,
                "extras": 1,
                "total": 1
              }
            },
            {
              "batter": "S Juma",
              "bowler": "I Alumo",
              "extras": {
                "legbyes": 1
              },
              "non_striker": "V Abuga",
              "runs": {
                "batter": 0,
                "extras": 1,
                "total": 1
              }
            }
          ]
        },
        {
          "over": 14,
          "deliveries": [
            {
              "batter": "S Juma",
              "bowler": "E Anyipo",
              "non_striker": "V Abuga",
              "runs": {
                "batter": 0,
                "extras": 0,
                "total": 0
              }
            },
            {
              "batter": "S Juma",
              "bowler": "E Anyipo",
              "non_striker": "V Abuga",
              "runs": {
                "batter": 0,
                "extras": 0,
                "total": 0
              }
            },
            {
              "batter": "S Juma",
              "bowler": "E Anyipo",
              "non_striker": "V Abuga",
              "runs": {
                "batter": 4,
                "extras": 0,
                "total": 4
              }
            },
            {
              "batter": "S Juma",
              "bowler": "E Anyipo",
              "non_striker": "V Abuga",
              "runs": {
                "batter": 0,
                "extras": 0,
                "total": 0
              }
            },
            {
              "batter": "S Juma",
              "bowler": "E Anyipo",
              "non_striker": "V Abuga",
              "runs": {
                "batter": 1,
                "extras": 0,
                "total": 1
              }
            },
            {
              "batter": "V Abuga",
              "bowler": "E Anyipo",
              "non_striker": "S Juma",
              "runs": {
                "batter": 2,
                "extras": 0,
                "total": 2
              }
            }
          ]
        },
        {
          "over": 15,
          "deliveries": [
            {
              "batter": "S Juma",
              "bowler": "J Mbabazi",
              "non_striker": "V Abuga",
              "runs": {
                "batter": 0,
                "extras": 0,
                "total": 0
              }
            },
            {
              "batter": "S Juma",
              "bowler": "J Mbabazi",
              "non_striker": "V Abuga",
              "runs": {
                "batter": 0,
                "extras": 0,
                "total": 0
              }
            },
            {
              "batter": "S Juma",
              "bowler": "J Mbabazi",
              "extras": {
                "wides": 1
              },
              "non_striker": "V Abuga",
              "runs": {
                "batter": 0,
                "extras": 1,
                "total": 1
              }
            },
            {
              "batter": "S Juma",
              "bowler": "J Mbabazi",
              "non_striker": "V Abuga",
              "runs": {
                "batter": 0,
                "extras": 0,
                "total": 0
              }
            },
            {
              "batter": "S Juma",
              "bowler": "J Mbabazi",
              "non_striker": "V Abuga",
              "runs": {
                "batter": 0,
                "extras": 0,
                "total": 0
              }
            },
            {
              "batter": "S Juma",
              "bowler": "J Mbabazi",
              "non_striker": "V Abuga",
              "runs": {
                "batter": 1,
                "extras": 0,
                "total": 1
              }
            },
            {
              "batter": "V Abuga",
              "bowler": "J Mbabazi",
              "non_striker": "S Juma",
              "runs": {
                "batter": 1,
                "extras": 0,
                "total": 1
              }
            }
          ]
        },
        {
          "over": 16,
          "deliveries": [
            {
              "batter": "V Abuga",
              "bowler": "S Akiteng",
              "non_striker": "S Juma",
              "runs": {
                "batter": 0,
                "extras": 0,
                "total": 0
              }
            },
            {
              "batter": "V Abuga",
              "bowler": "S Akiteng",
              "non_striker": "S Juma",
              "runs": {
                "batter": 1,
                "extras": 0,
                "total": 1
              }
            },
            {
              "batter": "S Juma",
              "bowler": "S Akiteng",
              "non_striker": "V Abuga",
              "runs": {
                "batter": 0,
                "extras": 0,
                "total": 0
              }
            },
            {
              "batter": "S Juma",
              "bowler": "S Akiteng",
              "non_striker": "V Abuga",
              "runs": {
                "batter": 0,
                "extras": 0,
                "total": 0
              }
            },
            {
              "batter": "S Juma",
              "bowler": "S Akiteng",
              "non_striker": "V Abuga",
              "runs": {
                "batter": 0,
                "extras": 0,
                "total": 0
              }
            },
            {
              "batter": "S Juma",
              "bowler": "S Akiteng",
              "non_striker": "V Abuga",
              "runs": {
                "batter": 2,
                "extras": 0,
                "total": 2
              }
            }
          ]
        },
        {
          "over": 17,
          "deliveries": [
            {
              "batter": "V Abuga",
              "bowler": "C Aweko",
              "non_striker": "S Juma",
              "runs": {
                "batter": 2,
                "extras": 0,
                "total": 2
              }
            },
            {
              "batter": "V Abuga",
              "bowler": "C Aweko",
              "non_striker": "S Juma",
              "runs": {
                "batter": 1,
                "extras": 0,
                "total": 1
              }
            },
            {
              "batter": "S Juma",
              "bowler": "C Aweko",
              "non_striker": "V Abuga",
              "runs": {
                "batter": 0,
                "extras": 0,
                "total": 0
              }
            },
            {
              "batter": "S Juma",
              "bowler": "C Aweko",
              "non_striker": "V Abuga",
              "runs": {
                "batter": 1,
                "extras": 0,
                "total": 1
              }
            },
            {
              "batter": "V Abuga",
              "bowler": "C Aweko",
              "non_striker": "S Juma",
              "runs": {
                "batter": 4,
                "extras": 0,
                "total": 4
              }
            },
            {
              "batter": "V Abuga",
              "bowler": "C Aweko",
              "extras": {
                "wides": 1
              },
              "non_striker": "S Juma",
              "runs": {
                "batter": 0,
                "extras": 1,
                "total": 1
              }
            },
            {
              "batter": "V Abuga",
              "bowler": "C Aweko",
              "non_striker": "S Juma",
              "runs": {
                "batter": 0,
                "extras": 0,
                "total": 0
              }
            }
          ]
        },
        {
          "over": 18,
          "deliveries": [
            {
              "batter": "S Juma",
              "bowler": "E Anyipo",
              "non_striker": "V Abuga",
              "runs": {
                "batter": 2,
                "extras": 0,
                "total": 2
              }
            },
            {
              "batter": "S Juma",
              "bowler": "E Anyipo",
              "non_striker": "V Abuga",
              "runs": {
                "batter": 2,
                "extras": 0,
                "total": 2
              }
            },
            {
              "batter": "S Juma",
              "bowler": "E Anyipo",
              "non_striker": "V Abuga",
              "runs": {
                "batter": 0,
                "extras": 0,
                "total": 0
              }
            },
            {
              "batter": "S Juma",
              "bowler": "E Anyipo",
              "extras": {
                "legbyes": 2
              },
              "non_striker": "V Abuga",
              "runs": {
                "batter": 0,
                "extras": 2,
                "total": 2
              }
            },
            {
              "batter": "S Juma",
              "bowler": "E Anyipo",
              "non_striker": "V Abuga",
              "runs": {
                "batter": 1,
                "extras": 0,
                "total": 1
              }
            },
            {
              "batter": "V Abuga",
              "bowler": "E Anyipo",
              "non_striker": "S Juma",
              "runs": {
                "batter": 4,
                "extras": 0,
                "total": 4
              }
            }
          ]
        },
        {
          "over": 19,
          "deliveries": [
            {
              "batter": "S Juma",
              "bowler": "I Alumo",
              "non_striker": "V Abuga",
              "runs": {
                "batter": 0,
                "extras": 0,
                "total": 0
              }
            },
            {
              "batter": "S Juma",
              "bowler": "I Alumo",
              "non_striker": "V Abuga",
              "runs": {
                "batter": 1,
                "extras": 0,
                "total": 1
              }
            },
            {
              "batter": "V Abuga",
              "bowler": "I Alumo",
              "non_striker": "S Juma",
              "runs": {
                "batter": 0,
                "extras": 0,
                "total": 0
              }
            },
            {
              "batter": "V Abuga",
              "bowler": "I Alumo",
              "non_striker": "S Juma",
              "runs": {
                "batter": 4,
                "extras": 0,
                "total": 4
              }
            },
            {
              "batter": "V Abuga",
              "bowler": "I Alumo",
              "non_striker": "S Juma",
              "runs": {
                "batter": 0,
                "extras": 0,
                "total": 0
              }
            },
            {
              "batter": "V Abuga",
              "bowler": "I Alumo",
              "non_striker": "S Juma",
              "runs": {
                "batter": 2,
                "extras": 0,
                "total": 2
              }
            }
          ]
        }
      ],
      "powerplays": [
        {
          "from": 0.1,
          "to": 5.7,
          "type": "mandatory"
        }
      ]
    },
    {
      "team": "Uganda",
      "overs": [
        {
          "over": 0,
          "deliveries": [
            {
              "batter": "G Obukor",
              "bowler": "L Idambo",
              "non_striker": "P Alako",
              "runs": {
                "batter": 1,
                "extras": 0,
                "total": 1
              }
            },
            {
              "batter": "P Alako",
              "bowler": "L Idambo",
              "non_striker": "G Obukor",
              "runs": {
                "batter": 0,
                "extras": 0,
                "total": 0
              }
            },
            {
              "batter": "P Alako",
              "bowler": "L Idambo",
              "non_striker": "G Obukor",
              "runs": {
                "batter": 0,
                "extras": 0,
                "total": 0
              }
            },
            {
              "batter": "P Alako",
              "bowler": "L Idambo",
              "non_striker": "G Obukor",
              "runs": {
                "batter": 0,
                "extras": 0,
                "total": 0
              }
            },
            {
              "batter": "P Alako",
              "bowler": "L Idambo",
              "non_striker": "G Obukor",
              "runs": {
                "batter": 1,
                "extras": 0,
                "total": 1
              }
            },
            {
              "batter": "G Obukor",
              "bowler": "L Idambo",
              "non_striker": "P Alako",
              "runs": {
                "batter": 0,
                "extras": 0,
                "total": 0
              }
            }
          ]
        },
        {
          "over": 1,
          "deliveries": [
            {
              "batter": "P Alako",
              "bowler": "MI Khagoitsa",
              "non_striker": "G Obukor",
              "runs": {
                "batter": 6,
                "extras": 0,
                "total": 6
              }
            },
            {
              "batter": "P Alako",
              "bowler": "MI Khagoitsa",
              "non_striker": "G Obukor",
              "runs": {
                "batter": 0,
                "extras": 0,
                "total": 0
              }
            },
            {
              "batter": "P Alako",
              "bowler": "MI Khagoitsa",
              "non_striker": "G Obukor",
              "runs": {
                "batter": 0,
                "extras": 0,
                "total": 0
              }
            },
            {
              "batter": "P Alako",
              "bowler": "MI Khagoitsa",
              "non_striker": "G Obukor",
              "runs": {
                "batter": 0,
                "extras": 0,
                "total": 0
              }
            },
            {
              "batter": "P Alako",
              "bowler": "MI Khagoitsa",
              "non_striker": "G Obukor",
              "runs": {
                "batter": 1,
                "extras": 0,
                "total": 1
              }
            },
            {
              "batter": "G Obukor",
              "bowler": "MI Khagoitsa",
              "non_striker": "P Alako",
              "runs": {
                "batter": 0,
                "extras": 0,
                "total": 0
              }
            }
          ]
        },
        {
          "over": 2,
          "deliveries": [
            {
              "batter": "P Alako",
              "bowler": "L Idambo",
              "non_striker": "G Obukor",
              "runs": {
                "batter": 6,
                "extras": 0,
                "total": 6
              }
            },
            {
              "batter": "P Alako",
              "bowler": "L Idambo",
              "non_striker": "G Obukor",
              "runs": {
                "batter": 1,
                "extras": 0,
                "total": 1
              }
            },
            {
              "batter": "G Obukor",
              "bowler": "L Idambo",
              "non_striker": "P Alako",
              "runs": {
                "batter": 0,
                "extras": 0,
                "total": 0
              }
            },
            {
              "batter": "G Obukor",
              "bowler": "L Idambo",
              "non_striker": "P Alako",
              "runs": {
                "batter": 0,
                "extras": 0,
                "total": 0
              },
              "wickets": [
                {
                  "player_out": "G Obukor",
                  "kind": "lbw"
                }
              ]
            },
            {
              "batter": "K Awino",
              "bowler": "L Idambo",
              "non_striker": "P Alako",
              "runs": {
                "batter": 0,
                "extras": 0,
                "total": 0
              }
            },
            {
              "batter": "K Awino",
              "bowler": "L Idambo",
              "non_striker": "P Alako",
              "runs": {
                "batter": 0,
                "extras": 0,
                "total": 0
              }
            }
          ]
        },
        {
          "over": 3,
          "deliveries": [
            {
              "batter": "P Alako",
              "bowler": "MI Khagoitsa",
              "non_striker": "K Awino",
              "runs": {
                "batter": 4,
                "extras": 0,
                "total": 4
              }
            },
            {
              "batter": "P Alako",
              "bowler": "MI Khagoitsa",
              "non_striker": "K Awino",
              "runs": {
                "batter": 0,
                "extras": 0,
                "total": 0
              }
            },
            {
              "batter": "P Alako",
              "bowler": "MI Khagoitsa",
              "non_striker": "K Awino",
              "runs": {
                "batter": 1,
                "extras": 0,
                "total": 1
              }
            },
            {
              "batter": "K Awino",
              "bowler": "MI Khagoitsa",
              "non_striker": "P Alako",
              "runs": {
                "batter": 1,
                "extras": 0,
                "total": 1
              }
            },
            {
              "batter": "P Alako",
              "bowler": "MI Khagoitsa",
              "non_striker": "K Awino",
              "runs": {
                "batter": 1,
                "extras": 0,
                "total": 1
              }
            },
            {
              "batter": "K Awino",
              "bowler": "MI Khagoitsa",
              "non_striker": "P Alako",
              "runs": {
                "batter": 4,
                "extras": 0,
                "total": 4
              }
            }
          ]
        },
        {
          "over": 4,
          "deliveries": [
            {
              "batter": "P Alako",
              "bowler": "F Odhiambo",
              "non_striker": "K Awino",
              "runs": {
                "batter": 1,
                "extras": 0,
                "total": 1
              }
            },
            {
              "batter": "K Awino",
              "bowler": "F Odhiambo",
              "non_striker": "P Alako",
              "runs": {
                "batter": 0,
                "extras": 0,
                "total": 0
              }
            },
            {
              "batter": "K Awino",
              "bowler": "F Odhiambo",
              "non_striker": "P Alako",
              "runs": {
                "batter": 0,
                "extras": 0,
                "total": 0
              }
            },
            {
              "batter": "K Awino",
              "bowler": "F Odhiambo",
              "non_striker": "P Alako",
              "runs": {
                "batter": 0,
                "extras": 0,
                "total": 0
              }
            },
            {
              "batter": "K Awino",
              "bowler": "F Odhiambo",
              "non_striker": "P Alako",
              "runs": {
                "batter": 0,
                "extras": 0,
                "total": 0
              }
            },
            {
              "batter": "K Awino",
              "bowler": "F Odhiambo",
              "non_striker": "P Alako",
              "runs": {
                "batter": 0,
                "extras": 0,
                "total": 0
              }
            }
          ]
        },
        {
          "over": 5,
          "deliveries": [
            {
              "batter": "P Alako",
              "bowler": "E Wachira",
              "non_striker": "K Awino",
              "runs": {
                "batter": 0,
                "extras": 0,
                "total": 0
              }
            },
            {
              "batter": "P Alako",
              "bowler": "E Wachira",
              "non_striker": "K Awino",
              "runs": {
                "batter": 0,
                "extras": 0,
                "total": 0
              }
            },
            {
              "batter": "P Alako",
              "bowler": "E Wachira",
              "non_striker": "K Awino",
              "runs": {
                "batter": 0,
                "extras": 0,
                "total": 0
              }
            },
            {
              "batter": "P Alako",
              "bowler": "E Wachira",
              "non_striker": "K Awino",
              "runs": {
                "batter": 0,
                "extras": 0,
                "total": 0
              }
            },
            {
              "batter": "P Alako",
              "bowler": "E Wachira",
              "non_striker": "K Awino",
              "runs": {
                "batter": 4,
                "extras": 0,
                "total": 4
              }
            },
            {
              "batter": "P Alako",
              "bowler": "E Wachira",
              "non_striker": "K Awino",
              "runs": {
                "batter": 1,
                "extras": 0,
                "total": 1
              }
            }
          ]
        },
        {
          "over": 6,
          "deliveries": [
            {
              "batter": "P Alako",
              "bowler": "F Odhiambo",
              "non_striker": "K Awino",
              "runs": {
                "batter": 4,
                "extras": 0,
                "total": 4
              }
            },
            {
              "batter": "P Alako",
              "bowler": "F Odhiambo",
              "non_striker": "K Awino",
              "runs": {
                "batter": 1,
                "extras": 0,
                "total": 1
              }
            },
            {
              "batter": "K Awino",
              "bowler": "F Odhiambo",
              "non_striker": "P Alako",
              "runs": {
                "batter": 0,
                "extras": 0,
                "total": 0
              }
            },
            {
              "batter": "K Awino",
              "bowler": "F Odhiambo",
              "non_striker": "P Alako",
              "runs": {
                "batter": 1,
                "extras": 0,
                "total": 1
              }
            },
            {
              "batter": "P Alako",
              "bowler": "F Odhiambo",
              "non_striker": "K Awino",
              "runs": {
                "batter": 0,
                "extras": 0,
                "total": 0
              }
            },
            {
              "batter": "P Alako",
              "bowler": "F Odhiambo",
              "non_striker": "K Awino",
              "runs": {
                "batter": 1,
                "extras": 0,
                "total": 1
              }
            }
          ]
        },
        {
          "over": 7,
          "deliveries": [
            {
              "batter": "P Alako",
              "bowler": "E Wachira",
              "non_striker": "K Awino",
              "runs": {
                "batter": 0,
                "extras": 0,
                "total": 0
              }
            },
            {
              "batter": "P Alako",
              "bowler": "E Wachira",
              "non_striker": "K Awino",
              "runs": {
                "batter": 0,
                "extras": 0,
                "total": 0
              }
            },
            {
              "batter": "P Alako",
              "bowler": "E Wachira",
              "non_striker": "K Awino",
              "runs": {
                "batter": 1,
                "extras": 0,
                "total": 1
              }
            },
            {
              "batter": "K Awino",
              "bowler": "E Wachira",
              "non_striker": "P Alako",
              "runs": {
                "batter": 0,
                "extras": 0,
                "total": 0
              }
            },
            {
              "batter": "K Awino",
              "bowler": "E Wachira",
              "non_striker": "P Alako",
              "runs": {
                "batter": 2,
                "extras": 0,
                "total": 2
              }
            },
            {
              "batter": "K Awino",
              "bowler": "E Wachira",
              "non_striker": "P Alako",
              "runs": {
                "batter": 1,
                "extras": 0,
                "total": 1
              }
            }
          ]
        },
        {
          "over": 8,
          "deliveries": [
            {
              "batter": "K Awino",
              "bowler": "F Odhiambo",
              "non_striker": "P Alako",
              "runs": {
                "batter": 0,
                "extras": 0,
                "total": 0
              }
            },
            {
              "batter": "K Awino",
              "bowler": "F Odhiambo",
              "non_striker": "P Alako",
              "runs": {
                "batter": 1,
                "extras": 0,
                "total": 1
              }
            },
            {
              "batter": "P Alako",
              "bowler": "F Odhiambo",
              "non_striker": "K Awino",
              "runs": {
                "batter": 4,
                "extras": 0,
                "total": 4
              }
            },
            {
              "batter": "P Alako",
              "bowler": "F Odhiambo",
              "non_striker": "K Awino",
              "runs": {
                "batter": 0,
                "extras": 0,
                "total": 0
              },
              "wickets": [
                {
                  "player_out": "P Alako",
                  "fielders": [
                    {
                      "name": "E Wachira"
                    }
                  ],
                  "kind": "caught"
                }
              ]
            },
            {
              "batter": "J Mbabazi",
              "bowler": "F Odhiambo",
              "non_striker": "K Awino",
              "runs": {
                "batter": 4,
                "extras": 0,
                "total": 4
              }
            },
            {
              "batter": "J Mbabazi",
              "bowler": "F Odhiambo",
              "non_striker": "K Awino",
              "runs": {
                "batter": 0,
                "extras": 0,
                "total": 0
              }
            }
          ]
        },
        {
          "over": 9,
          "deliveries": [
            {
              "batter": "K Awino",
              "bowler": "E Wachira",
              "non_striker": "J Mbabazi",
              "runs": {
                "batter": 0,
                "extras": 0,
                "total": 0
              }
            },
            {
              "batter": "K Awino",
              "bowler": "E Wachira",
              "non_striker": "J Mbabazi",
              "runs": {
                "batter": 2,
                "extras": 0,
                "total": 2
              }
            },
            {
              "batter": "K Awino",
              "bowler": "E Wachira",
              "non_striker": "J Mbabazi",
              "runs": {
                "batter": 1,
                "extras": 0,
                "total": 1
              }
            },
            {
              "batter": "J Mbabazi",
              "bowler": "E Wachira",
              "non_striker": "K Awino",
              "runs": {
                "batter": 1,
                "extras": 0,
                "total": 1
              }
            },
            {
              "batter": "K Awino",
              "bowler": "E Wachira",
              "non_striker": "J Mbabazi",
              "runs": {
                "batter": 1,
                "extras": 0,
                "total": 1
              }
            },
            {
              "batter": "J Mbabazi",
              "bowler": "E Wachira",
              "non_striker": "K Awino",
              "runs": {
                "batter": 1,
                "extras": 0,
                "total": 1
              }
            }
          ]
        },
        {
          "over": 10,
          "deliveries": [
            {
              "batter": "J Mbabazi",
              "bowler": "F Odhiambo",
              "non_striker": "K Awino",
              "runs": {
                "batter": 2,
                "extras": 0,
                "total": 2
              }
            },
            {
              "batter": "J Mbabazi",
              "bowler": "F Odhiambo",
              "non_striker": "K Awino",
              "runs": {
                "batter": 0,
                "extras": 0,
                "total": 0
              },
              "wickets": [
                {
                  "player_out": "J Mbabazi",
                  "fielders": [
                    {
                      "name": "M Mwangi"
                    }
                  ],
                  "kind": "stumped"
                }
              ]
            },
            {
              "batter": "S Nampiina",
              "bowler": "F Odhiambo",
              "non_striker": "K Awino",
              "runs": {
                "batter": 0,
                "extras": 0,
                "total": 0
              }
            },
            {
              "batter": "S Nampiina",
              "bowler": "F Odhiambo",
              "non_striker": "K Awino",
              "runs": {
                "batter": 1,
                "extras": 0,
                "total": 1
              }
            },
            {
              "batter": "K Awino",
              "bowler": "F Odhiambo",
              "non_striker": "S Nampiina",
              "runs": {
                "batter": 0,
                "extras": 0,
                "total": 0
              },
              "wickets": [
                {
                  "player_out": "K Awino",
                  "fielders": [
                    {
                      "name": "D Njoroge"
                    }
                  ],
                  "kind": "caught"
                }
              ]
            },
            {
              "batter": "R Musamali",
              "bowler": "F Odhiambo",
              "non_striker": "S Nampiina",
              "runs": {
                "batter": 0,
                "extras": 0,
                "total": 0
              }
            }
          ]
        },
        {
          "over": 11,
          "deliveries": [
            {
              "batter": "S Nampiina",
              "bowler": "D Njoroge",
              "non_striker": "R Musamali",
              "runs": {
                "batter": 2,
                "extras": 0,
                "total": 2
              }
            },
            {
              "batter": "S Nampiina",
              "bowler": "D Njoroge",
              "non_striker": "R Musamali",
              "runs": {
                "batter": 0,
                "extras": 0,
                "total": 0
              }
            },
            {
              "batter": "S Nampiina",
              "bowler": "D Njoroge",
              "non_striker": "R Musamali",
              "runs": {
                "batter": 1,
                "extras": 0,
                "total": 1
              }
            },
            {
              "batter": "R Musamali",
              "bowler": "D Njoroge",
              "non_striker": "S Nampiina",
              "runs": {
                "batter": 0,
                "extras": 0,
                "total": 0
              }
            },
            {
              "batter": "R Musamali",
              "bowler": "D Njoroge",
              "non_striker": "S Nampiina",
              "runs": {
                "batter": 0,
                "extras": 0,
                "total": 0
              }
            },
            {
              "batter": "R Musamali",
              "bowler": "D Njoroge",
              "non_striker": "S Nampiina",
              "runs": {
                "batter": 1,
                "extras": 0,
                "total": 1
              }
            }
          ]
        },
        {
          "over": 12,
          "deliveries": [
            {
              "batter": "R Musamali",
              "bowler": "MI Khagoitsa",
              "non_striker": "S Nampiina",
              "runs": {
                "batter": 0,
                "extras": 0,
                "total": 0
              }
            },
            {
              "batter": "R Musamali",
              "bowler": "MI Khagoitsa",
              "non_striker": "S Nampiina",
              "runs": {
                "batter": 2,
                "extras": 0,
                "total": 2
              }
            },
            {
              "batter": "R Musamali",
              "bowler": "MI Khagoitsa",
              "non_striker": "S Nampiina",
              "runs": {
                "batter": 0,
                "extras": 0,
                "total": 0
              }
            },
            {
              "batter": "R Musamali",
              "bowler": "MI Khagoitsa",
              "non_striker": "S Nampiina",
              "runs": {
                "batter": 0,
                "extras": 0,
                "total": 0
              }
            },
            {
              "batter": "R Musamali",
              "bowler": "MI Khagoitsa",
              "non_striker": "S Nampiina",
              "runs": {
                "batter": 1,
                "extras": 0,
                "total": 1
              }
            },
            {
              "batter": "S Nampiina",
              "bowler": "MI Khagoitsa",
              "non_striker": "R Musamali",
              "runs": {
                "batter": 1,
                "extras": 0,
                "total": 1
              }
            }
          ]
        },
        {
          "over": 13,
          "deliveries": [
            {
              "batter": "S Nampiina",
              "bowler": "D Njoroge",
              "non_striker": "R Musamali",
              "runs": {
                "batter": 1,
                "extras": 0,
                "total": 1
              }
            },
            {
              "batter": "R Musamali",
              "bowler": "D Njoroge",
              "non_striker": "S Nampiina",
              "runs": {
                "batter": 1,
                "extras": 0,
                "total": 1
              }
            },
            {
              "batter": "S Nampiina",
              "bowler": "D Njoroge",
              "non_striker": "R Musamali",
              "runs": {
                "batter": 0,
                "extras": 0,
                "total": 0
              }
            },
            {
              "batter": "S Nampiina",
              "bowler": "D Njoroge",
              "extras": {
                "wides": 1
              },
              "non_striker": "R Musamali",
              "runs": {
                "batter": 0,
                "extras": 1,
                "total": 1
              }
            },
            {
              "batter": "S Nampiina",
              "bowler": "D Njoroge",
              "non_striker": "R Musamali",
              "runs": {
                "batter": 1,
                "extras": 0,
                "total": 1
              }
            },
            {
              "batter": "R Musamali",
              "bowler": "D Njoroge",
              "non_striker": "S Nampiina",
              "runs": {
                "batter": 1,
                "extras": 0,
                "total": 1
              }
            },
            {
              "batter": "S Nampiina",
              "bowler": "D Njoroge",
              "non_striker": "R Musamali",
              "runs": {
                "batter": 1,
                "extras": 0,
                "total": 1
              }
            }
          ]
        },
        {
          "over": 14,
          "deliveries": [
            {
              "batter": "S Nampiina",
              "bowler": "MI Khagoitsa",
              "non_striker": "R Musamali",
              "runs": {
                "batter": 4,
                "extras": 0,
                "total": 4
              }
            },
            {
              "batter": "S Nampiina",
              "bowler": "MI Khagoitsa",
              "non_striker": "R Musamali",
              "runs": {
                "batter": 2,
                "extras": 0,
                "total": 2
              }
            },
            {
              "batter": "S Nampiina",
              "bowler": "MI Khagoitsa",
              "non_striker": "R Musamali",
              "runs": {
                "batter": 1,
                "extras": 0,
                "total": 1
              }
            },
            {
              "batter": "R Musamali",
              "bowler": "MI Khagoitsa",
              "non_striker": "S Nampiina",
              "runs": {
                "batter": 4,
                "extras": 0,
                "total": 4
              }
            },
            {
              "batter": "R Musamali",
              "bowler": "MI Khagoitsa",
              "non_striker": "S Nampiina",
              "runs": {
                "batter": 0,
                "extras": 0,
                "total": 0
              }
            },
            {
              "batter": "R Musamali",
              "bowler": "MI Khagoitsa",
              "non_striker": "S Nampiina",
              "runs": {
                "batter": 1,
                "extras": 0,
                "total": 1
              }
            }
          ]
        },
        {
          "over": 15,
          "deliveries": [
            {
              "batter": "R Musamali",
              "bowler": "D Njoroge",
              "non_striker": "S Nampiina",
              "runs": {
                "batter": 1,
                "extras": 0,
                "total": 1
              }
            },
            {
              "batter": "S Nampiina",
              "bowler": "D Njoroge",
              "non_striker": "R Musamali",
              "runs": {
                "batter": 2,
                "extras": 0,
                "total": 2
              }
            },
            {
              "batter": "S Nampiina",
              "bowler": "D Njoroge",
              "non_striker": "R Musamali",
              "runs": {
                "batter": 1,
                "extras": 0,
                "total": 1
              }
            },
            {
              "batter": "R Musamali",
              "bowler": "D Njoroge",
              "non_striker": "S Nampiina",
              "runs": {
                "batter": 4,
                "extras": 0,
                "total": 4
              }
            },
            {
              "batter": "R Musamali",
              "bowler": "D Njoroge",
              "non_striker": "S Nampiina",
              "runs": {
                "batter": 0,
                "extras": 0,
                "total": 0
              }
            },
            {
              "batter": "R Musamali",
              "bowler": "D Njoroge",
              "non_striker": "S Nampiina",
              "runs": {
                "batter": 4,
                "extras": 0,
                "total": 4
              }
            }
          ]
        },
        {
          "over": 16,
          "deliveries": [
            {
              "batter": "S Nampiina",
              "bowler": "L Idambo",
              "non_striker": "R Musamali",
              "runs": {
                "batter": 6,
                "extras": 0,
                "total": 6
              }
            },
            {
              "batter": "S Nampiina",
              "bowler": "L Idambo",
              "non_striker": "R Musamali",
              "runs": {
                "batter": 6,
                "extras": 0,
                "total": 6
              }
            }
          ]
        }
      ],
      "powerplays": [
        {
          "from": 0.1,
          "to": 5.6,
          "type": "mandatory"
        }
      ],
      "target": {
        "overs": 20,
        "runs": 108
      }
    }
  ]
}