{
  "meta": {
    "data_version": "1.1.0",
    "created": "2023-02-14",
    "revision": 1
  },
  "info": {
    "balls_per_over": 6,
    "city": "Phnom Penh",
    "dates": [
      "2023-02-11"
    ],
    "event": {
      "name": "Singapore Women tour of Cambodia",
      "match_number": 4
    },
    "gender": "female",
    "match_type": "T20",
    "match_type_number": 1355,
    "officials": {
      "umpires": [
        "PK Singh",
        "Prasad Anish"
      ]
    },
    "outcome": {
      "winner": "Singapore",
      "by": {
        "wickets": 9
      }
    },
    "overs": 20,
    "player_of_match": [
      "H Dhavina"
    ],
    "players": {
      "Cambodia": [
        "Hor Siv na",
        "Dok Da Nit",
        "Pen Samon",
        "LY Loch Srey",
        "Pech Pisa",
        "Sean Chan Boromey",
        "Ly Saomakara",
        "Ouen Sophy",
        "Phoup Srey Pheak",
        "Heal Theara",
        "Sok Srey Maov"
      ],
      "Singapore": [
        "DA Galia",
        "Vathana Sreemurugavel",
        "Shafina Mahesh",
        "H Dhavina",
        "GK Diviya",
        "JS Pooranakaran",
        "JT Pooranakaran",
        "NL Jacinta Si Ping",
        "Vinu Kumar",
        "Riyaa Bhasin",
        "Damini Ramesh"
      ]
    },
    "registry": {
      "people": {
        "DA Galia": "ae0b5b95",
        "Damini Ramesh": "c4480b25",
        "Dok Da Nit": "d6ca2714",
        "GK Diviya": "992979fa",
        "H Dhavina": "cd12f384",
        "Heal Theara": "aae7b7f0",
        "Hor Siv na": "05d1964e",
        "JS Pooranakaran": "417bde96",
        "JT Pooranakaran": "3a743619",
        "LY Loch Srey": "a994e18f",
        "Ly Saomakara": "a9668b5f",
        "NL Jacinta Si Ping": "68c9a36f",
        "Ouen Sophy": "4477b556",
        "PK Singh": "4bf8dd40",
        "Pech Pisa": "c7eb3b9c",
        "Pen Samon": "caa4444c",
        "Phoup Srey Pheak": "8c73dff5",
        "Prasad Anish": "a21d62c9",
        "Riyaa Bhasin": "3ff26cea",
        "Sean Chan Boromey": "4c84d883",
        "Shafina Mahesh": "0c40b02d",
        "Sok Srey Maov": "c5e3fe3c",
        "Vathana Sreemurugavel": "eb2d1983",
        "Vinu Kumar": "3775b9f9"
      }
    },
    "season": "2022/23",
    "team_type": "international",
    "teams": [
      "Cambodia",
      "Singapore"
    ],
    "toss": {
      "decision": "field",
      "winner": "Singapore"
    },
    "venue": "Morodok Techo National Stadium"
  },
  "innings": [
    {
      "team": "Cambodia",
      "overs": [
        {
          "over": 0,
          "deliveries": [
            {
              "batter": "Hor Siv na",
              "bowler": "GK Diviya",
              "non_striker": "Dok Da Nit",
              "runs": {
                "batter": 0,
                "extras": 0,
                "total": 0
              }
            },
            {
              "batter": "Hor Siv na",
              "bowler": "GK Diviya",
              "extras": {
                "wides": 1
              },
              "non_striker": "Dok Da Nit",
              "runs": {
                "batter": 0,
                "extras": 1,
                "total": 1
              }
            },
            {
              "batter": "Hor Siv na",
              "bowler": "GK Diviya",
              "non_striker": "Dok Da Nit",
              "runs": {
                "batter": 1,
                "extras": 0,
                "total": 1
              }
            },
            {
              "batter": "Dok Da Nit",
              "bowler": "GK Diviya",
              "extras": {
                "wides": 1
              },
              "non_striker": "Hor Siv na",
              "runs": {
                "batter": 0,
                "extras": 1,
                "total": 1
              }
            },
            {
              "batter": "Dok Da Nit",
              "bowler": "GK Diviya",
              "non_striker": "Hor Siv na",
              "runs": {
                "batter": 0,
                "extras": 0,
                "total": 0
              }
            },
            {
              "batter": "Dok Da Nit",
              "bowler": "GK Diviya",
              "non_striker": "Hor Siv na",
              "runs": {
                "batter": 1,
                "extras": 0,
                "total": 1
              }
            },
            {
              "batter": "Hor Siv na",
              "bowler": "GK Diviya",
              "non_striker": "Dok Da Nit",
              "runs": {
                "batter": 0,
                "extras": 0,
                "total": 0
              },
              "wickets": [
                {
                  "player_out": "Hor Siv na",
                  "kind": "bowled"
                }
              ]
            },
            {
              "batter": "Pen Samon",
              "bowler": "GK Diviya",
              "non_striker": "Dok Da Nit",
              "runs": {
                "batter": 0,
                "extras": 0,
                "total": 0
              }
            }
          ]
        },
        {
          "over": 1,
          "deliveries": [
            {
              "batter": "Dok Da Nit",
              "bowler": "Shafina Mahesh",
              "non_striker": "Pen Samon",
              "runs": {
                "batter": 0,
                "extras": 0,
                "total": 0
              }
            },
            {
              "batter": "Dok Da Nit",
              "bowler": "Shafina Mahesh",
              "non_striker": "Pen Samon",
              "runs": {
                "batter": 0,
                "extras": 0,
                "total": 0
              }
            },
            {
              "batter": "Dok Da Nit",
              "bowler": "Shafina Mahesh",
              "non_striker": "Pen Samon",
              "runs": {
                "batter": 0,
                "extras": 0,
                "total": 0
              }
            },
            {
              "batter": "Dok Da Nit",
              "bowler": "Shafina Mahesh",
              "non_striker": "Pen Samon",
              "runs": {
                "batter": 0,
                "extras": 0,
                "total": 0
              }
            },
            {
              "batter": "Dok Da Nit",
              "bowler": "Shafina Mahesh",
              "extras": {
                "wides": 1
              },
              "non_striker": "Pen Samon",
              "runs": {
                "batter": 0,
                "extras": 1,
                "total": 1
              }
            },
            {
              "batter": "Dok Da Nit",
              "bowler": "Shafina Mahesh",
              "non_striker": "Pen Samon",
              "runs": {
                "batter": 0,
                "extras": 0,
                "total": 0
              }
            },
            {
              "batter": "Dok Da Nit",
              "bowler": "Shafina Mahesh",
              "non_striker": "Pen Samon",
              "runs": {
                "batter": 0,
                "extras": 0,
                "total": 0
              }
            }
          ]
        },
        {
          "over": 2,
          "deliveries": [
            {
              "batter": "Pen Samon",
              "bowler": "GK Diviya",
              "non_striker": "Dok Da Nit",
              "runs": {
                "batter": 0,
                "extras": 0,
                "total": 0
              }
            },
            {
              "batter": "Pen Samon",
              "bowler": "GK Diviya",
              "non_striker": "Dok Da Nit",
              "runs": {
                "batter": 0,
                "extras": 0,
                "total": 0
              }
            },
            {
              "batter": "Pen Samon",
              "bowler": "GK Diviya",
              "non_striker": "Dok Da Nit",
              "runs": {
                "batter": 0,
                "extras": 0,
                "total": 0
              },
              "wickets": [
                {
                  "player_out": "Pen Samon",
                  "kind": "bowled"
                }
              ]
            },
            {
              "batter": "LY Loch Srey",
              "bowler": "GK Diviya",
              "non_striker": "Dok Da Nit",
              "runs": {
                "batter": 0,
                "extras": 0,
                "total": 0
              }
            },
            {
              "batter": "LY Loch Srey",
              "bowler": "GK Diviya",
              "non_striker": "Dok Da Nit",
              "runs": {
                "batter": 1,
                "extras": 0,
                "total": 1
              }
            },
            {
              "batter": "Dok Da Nit",
              "bowler": "GK Diviya",
              "non_striker": "LY Loch Srey",
              "runs": {
                "batter": 0,
                "extras": 0,
                "total": 0
              }
            }
          ]
        },
        {
          "over": 3,
          "deliveries": [
            {
              "batter": "LY Loch Srey",
              "bowler": "Shafina Mahesh",
              "non_striker": "Dok Da Nit",
              "runs": {
                "batter": 1,
                "extras": 0,
                "total": 1
              }
            },
            {
              "batter": "Dok Da Nit",
              "bowler": "Shafina Mahesh",
              "non_striker": "LY Loch Srey",
              "runs": {
                "batter": 0,
                "extras": 0,
                "total": 0
              },
              "wickets": [
                {
                  "player_out": "Dok Da Nit",
                  "kind": "bowled"
                }
              ]
            },
            {
              "batter": "Pech Pisa",
              "bowler": "Shafina Mahesh",
              "non_striker": "LY Loch Srey",
              "runs": {
                "batter": 0,
                "extras": 0,
                "total": 0
              }
            },
            {
              "batter": "Pech Pisa",
              "bowler": "Shafina Mahesh",
              "non_striker": "LY Loch Srey",
              "runs": {
                "batter": 0,
                "extras": 0,
                "total": 0
              }
            },
            {
              "batter": "Pech Pisa",
              "bowler": "Shafina Mahesh",
              "non_striker": "LY Loch Srey",
              "runs": {
                "batter": 0,
                "extras": 0,
                "total": 0
              },
              "wickets": [
                {
                  "player_out": "Pech Pisa",
                  "fielders": [
                    {
                      "name": "JS Pooranakaran"
                    }
                  ],
                  "kind": "caught"
                }
              ]
            },
            {
              "batter": "Sean Chan Boromey",
              "bowler": "Shafina Mahesh",
              "non_striker": "LY Loch Srey",
              "runs": {
                "batter": 0,
                "extras": 0,
                "total": 0
              }
            }
          ]
        },
        {
          "over": 4,
          "deliveries": [
            {
              "batter": "LY Loch Srey",
              "bowler": "Vinu Kumar",
              "non_striker": "Sean Chan Boromey",
              "runs": {
                "batter": 0,
                "extras": 0,
                "total": 0
              }
            },
            {
              "batter": "LY Loch Srey",
              "bowler": "Vinu Kumar",
              "non_striker": "Sean Chan Boromey",
              "runs": {
                "batter": 0,
                "extras": 0,
                "total": 0
              }
            },
            {
              "batter": "LY Loch Srey",
              "bowler": "Vinu Kumar",
              "non_striker": "Sean Chan Boromey",
              "runs": {
                "batter": 0,
                "extras": 0,
                "total": 0
              }
            },
            {
              "batter": "LY Loch Srey",
              "bowler": "Vinu Kumar",
              "non_striker": "Sean Chan Boromey",
              "runs": {
                "batter": 0,
                "extras": 0,
                "total": 0
              }
            },
            {
              "batter": "LY Loch Srey",
              "bowler": "Vinu Kumar",
              "non_striker": "Sean Chan Boromey",
              "runs": {
                "batter": 0,
                "extras": 0,
                "total": 0
              }
            },
            {
              "batter": "LY Loch Srey",
              "bowler": "Vinu Kumar",
              "non_striker": "Sean Chan Boromey",
              "runs": {
                "batter": 0,
                "extras": 0,
                "total": 0
              }
            }
          ]
        },
        {
          "over": 5,
          "deliveries": [
            {
              "batter": "Sean Chan Boromey",
              "bowler": "Riyaa Bhasin",
              "non_striker": "LY Loch Srey",
              "runs": {
                "batter": 0,
                "extras": 0,
                "total": 0
              },
              "wickets": [
                {
                  "player_out": "Sean Chan Boromey",
                  "kind": "bowled"
                }
              ]
            },
            {
              "batter": "Ly Saomakara",
              "bowler": "Riyaa Bhasin",
              "non_striker": "LY Loch Srey",
              "runs": {
                "batter": 0,
                "extras": 0,
                "total": 0
              }
            },
            {
              "batter": "Ly Saomakara",
              "bowler": "Riyaa Bhasin",
              "non_striker": "LY Loch Srey",
              "runs": {
                "batter": 0,
                "extras": 0,
                "total": 0
              },
              "wickets": [
                {
                  "player_out": "Ly Saomakara",
                  "kind": "bowled"
                }
              ]
            },
            {
              "batter": "Ouen Sophy",
              "bowler": "Riyaa Bhasin",
              "non_striker": "LY Loch Srey",
              "runs": {
                "batter": 0,
                "extras": 0,
                "total": 0
              }
            },
            {
              "batter": "Ouen Sophy",
              "bowler": "Riyaa Bhasin",
              "non_striker": "LY Loch Srey",
              "runs": {
                "batter": 0,
                "extras": 0,
                "total": 0
              }
            },
            {
              "batter": "Ouen Sophy",
              "bowler": "Riyaa Bhasin",
              "non_striker": "LY Loch Srey",
              "runs": {
                "batter": 0,
                "extras": 0,
                "total": 0
              }
            }
          ]
        },
        {
          "over": 6,
          "deliveries": [
            {
              "batter": "LY Loch Srey",
              "bowler": "H Dhavina",
              "non_striker": "Ouen Sophy",
              "runs": {
                "batter": 0,
                "extras": 0,
                "total": 0
              },
              "wickets": [
                {
                  "player_out": "LY Loch Srey",
                  "fielders": [
                    {
                      "name": "JS Pooranakaran"
                    }
                  ],
                  "kind": "caught"
                }
              ]
            },
            {
              "batter": "Phoup Srey Pheak",
              "bowler": "H Dhavina",
              "non_striker": "Ouen Sophy",
              "runs": {
                "batter": 0,
                "extras": 0,
                "total": 0
              }
            },
            {
              "batter": "Phoup Srey Pheak",
              "bowler": "H Dhavina",
              "non_striker": "Ouen Sophy",
              "runs": {
                "batter": 0,
                "extras": 0,
                "total": 0
              }
            },
            {
              "batter": "Phoup Srey Pheak",
              "bowler": "H Dhavina",
              "non_striker": "Ouen Sophy",
              "runs": {
                "batter": 0,
                "extras": 0,
                "total": 0
              }
            },
            {
              "batter": "Phoup Srey Pheak",
              "bowler": "H Dhavina",
              "non_striker": "Ouen Sophy",
              "runs": {
                "batter": 0,
                "extras": 0,
                "total": 0
              }
            },
            {
              "batter": "Phoup Srey Pheak",
              "bowler": "H Dhavina",
              "non_striker": "Ouen Sophy",
              "runs": {
                "batter": 0,
                "extras": 0,
                "total": 0
              }
            }
          ]
        },
        {
          "over": 7,
          "deliveries": [
            {
              "batter": "Ouen Sophy",
              "bowler": "JS Pooranakaran",
              "non_striker": "Phoup Srey Pheak",
              "runs": {
                "batter": 1,
                "extras": 0,
                "total": 1
              }
            },
            {
              "batter": "Phoup Srey Pheak",
              "bowler": "JS Pooranakaran",
              "non_striker": "Ouen Sophy",
              "runs": {
                "batter": 0,
                "extras": 0,
                "total": 0
              }
            },
            {
              "batter": "Phoup Srey Pheak",
              "bowler": "JS Pooranakaran",
              "extras": {
                "noballs": 1
              },
              "non_striker": "Ouen Sophy",
              "runs": {
                "batter": 0,
                "extras": 1,
                "total": 1
              }
            },
            {
              "batter": "Phoup Srey Pheak",
              "bowler": "JS Pooranakaran",
              "non_striker": "Ouen Sophy",
              "runs": {
                "batter": 1,
                "extras": 0,
                "total": 1
              }
            },
            {
              "batter": "Ouen Sophy",
              "bowler": "JS Pooranakaran",
              "extras": {
                "noballs": 1
              },
              "non_striker": "Phoup Srey Pheak",
              "runs": {
                "batter": 1,
                "extras": 1,
                "total": 2
              }
            },
            {
              "batter": "Phoup Srey Pheak",
              "bowler": "JS Pooranakaran",
              "non_striker": "Ouen Sophy",
              "runs": {
                "batter": 0,
                "extras": 0,
                "total": 0
              }
            },
            {
              "batter": "Phoup Srey Pheak",
              "bowler": "JS Pooranakaran",
              "extras": {
                "wides": 1
              },
              "non_striker": "Ouen Sophy",
              "runs": {
                "batter": 0,
                "extras": 1,
                "total": 1
              }
            },
            {
              "batter": "Phoup Srey Pheak",
              "bowler": "JS Pooranakaran",
              "extras": {
                "wides": 1
              },
              "non_striker": "Ouen Sophy",
              "runs": {
                "batter": 0,
                "extras": 1,
                "total": 1
              }
            },
            {
              "batter": "Phoup Srey Pheak",
              "bowler": "JS Pooranakaran",
              "extras": {
                "wides": 1
              },
              "non_striker": "Ouen Sophy",
              "runs": {
                "batter": 0,
                "extras": 1,
                "total": 1
              }
            },
            {
              "batter": "Phoup Srey Pheak",
              "bowler": "JS Pooranakaran",
              "non_striker": "Ouen Sophy",
              "runs": {
                "batter": 0,
                "extras": 0,
                "total": 0
              },
              "wickets": [
                {
                  "player_out": "Phoup Srey Pheak",
                  "kind": "bowled"
                }
              ]
            },
            {
              "batter": "Heal Theara",
              "bowler": "JS Pooranakaran",
              "non_striker": "Ouen Sophy",
              "runs": {
                "batter": 0,
                "extras": 0,
                "total": 0
              }
            }
          ]
        },
        {
          "over": 8,
          "deliveries": [
            {
              "batter": "Ouen Sophy",
              "bowler": "H Dhavina",
              "non_striker": "Heal Theara",
              "runs": {
                "batter": 0,
                "extras": 0,
                "total": 0
              }
            },
            {
              "batter": "Ouen Sophy",
              "bowler": "H Dhavina",
              "non_striker": "Heal Theara",
              "runs": {
                "batter": 4,
                "extras": 0,
                "total": 4
              }
            },
            {
              "batter": "Ouen Sophy",
              "bowler": "H Dhavina",
              "non_striker": "Heal Theara",
              "runs": {
                "batter": 0,
                "extras": 0,
                "total": 0
              }
            },
            {
              "batter": "Ouen Sophy",
              "bowler": "H Dhavina",
              "non_striker": "Heal Theara",
              "runs": {
                "batter": 1,
                "extras": 0,
                "total": 1
              }
            },
            {
              "batter": "Heal Theara",
              "bowler": "H Dhavina",
              "non_striker": "Ouen Sophy",
              "runs": {
                "batter": 0,
                "extras": 0,
                "total": 0
              }
            },
            {
              "batter": "Heal Theara",
              "bowler": "H Dhavina",
              "non_striker": "Ouen Sophy",
              "runs": {
                "batter": 0,
                "extras": 0,
                "total": 0
              }
            }
          ]
        },
        {
          "over": 9,
          "deliveries": [
            {
              "batter": "Ouen Sophy",
              "bowler": "JS Pooranakaran",
              "extras": {
                "wides": 1
              },
              "non_striker": "Heal Theara",
              "runs": {
                "batter": 0,
                "extras": 1,
                "total": 1
              }
            },
            {
              "batter": "Ouen Sophy",
              "bowler": "JS Pooranakaran",
              "non_striker": "Heal Theara",
              "runs": {
                "batter": 0,
                "extras": 0,
                "total": 0
              }
            },
            {
              "batter": "Ouen Sophy",
              "bowler": "JS Pooranakaran",
              "non_striker": "Heal Theara",
              "runs": {
                "batter": 0,
                "extras": 0,
                "total": 0
              }
            },
            {
              "batter": "Ouen Sophy",
              "bowler": "JS Pooranakaran",
              "non_striker": "Heal Theara",
              "runs": {
                "batter": 0,
                "extras": 0,
                "total": 0
              },
              "wickets": [
                {
                  "player_out": "Ouen Sophy",
                  "kind": "bowled"
                }
              ]
            },
            {
              "batter": "Sok Srey Maov",
              "bowler": "JS Pooranakaran",
              "non_striker": "Heal Theara",
              "runs": {
                "batter": 0,
                "extras": 0,
                "total": 0
              }
            },
            {
              "batter": "Sok Srey Maov",
              "bowler": "JS Pooranakaran",
              "extras": {
                "wides": 1
              },
              "non_striker": "Heal Theara",
              "runs": {
                "batter": 0,
                "extras": 1,
                "total": 1
              }
            },
            {
              "batter": "Sok Srey Maov",
              "bowler": "JS Pooranakaran",
              "non_striker": "Heal Theara",
              "runs": {
                "batter": 0,
                "extras": 0,
                "total": 0
              }
            },
            {
              "batter": "Sok Srey Maov",
              "bowler": "JS Pooranakaran",
              "non_striker": "Heal Theara",
              "runs": {
                "batter": 0,
                "extras": 0,
                "total": 0
              }
            }
          ]
        },
        {
          "over": 10,
          "deliveries": [
            {
              "batter": "Heal Theara",
              "bowler": "Damini Ramesh",
              "extras": {
                "wides": 1
              },
              "non_striker": "Sok Srey Maov",
              "runs": {
                "batter": 0,
                "extras": 1,
                "total": 1
              }
            },
            {
              "batter": "Heal Theara",
              "bowler": "Damini Ramesh",
              "non_striker": "Sok Srey Maov",
              "runs": {
                "batter": 0,
                "extras": 0,
                "total": 0
              }
            },
            {
              "batter": "Heal Theara",
              "bowler": "Damini Ramesh",
              "non_striker": "Sok Srey Maov",
              "runs": {
                "batter": 0,
                "extras": 0,
                "total": 0
              }
            },
            {
              "batter": "Heal Theara",
              "bowler": "Damini Ramesh",
              "non_striker": "Sok Srey Maov",
              "runs": {
                "batter": 0,
                "extras": 0,
                "total": 0
              }
            },
            {
              "batter": "Heal Theara",
              "bowler": "Damini Ramesh",
              "extras": {
                "noballs": 1
              },
              "non_striker": "Sok Srey Maov",
              "runs": {
                "batter": 0,
                "extras": 1,
                "total": 1
              }
            },
            {
              "batter": "Heal Theara",
              "bowler": "Damini Ramesh",
              "non_striker": "Sok Srey Maov",
              "runs": {
                "batter": 0,
                "extras": 0,
                "total": 0
              }
            },
            {
              "batter": "Heal Theara",
              "bowler": "Damini Ramesh",
              "non_striker": "Sok Srey Maov",
              "runs": {
                "batter": 1,
                "extras": 0,
                "total": 1
              }
            },
            {
              "batter": "Sok Srey Maov",
              "bowler": "Damini Ramesh",
              "extras": {
                "wides": 1
              },
              "non_striker": "Heal Theara",
              "runs": {
                "batter": 0,
                "extras": 1,
                "total": 1
              }
            },
            {
              "batter": "Sok Srey Maov",
              "bowler": "Damini Ramesh",
              "non_striker": "Heal Theara",
              "runs": {
                "batter": 0,
                "extras": 0,
                "total": 0
              }
            }
          ]
        },
        {
          "over": 11,
          "deliveries": [
            {
              "batter": "Heal Theara",
              "bowler": "H Dhavina",
              "non_striker": "Sok Srey Maov",
              "runs": {
                "batter": 0,
                "extras": 0,
                "total": 0
              }
            },
            {
              "batter": "Heal Theara",
              "bowler": "H Dhavina",
              "non_striker": "Sok Srey Maov",
              "runs": {
                "batter": 0,
                "extras": 0,
                "total": 0
              },
              "wickets": [
                {
                  "player_out": "Heal Theara",
                  "kind": "bowled"
                }
              ]
            }
          ]
        }
      ],
      "powerplays": [
        {
          "from": 0.1,
          "to": 5.6,
          "type": "mandatory"
        }
      ]
    },
    {
      "team": "Singapore",
      "overs": [
        {
          "over": 0,
          "deliveries": [
            {
              "batter": "DA Galia",
              "bowler": "LY Loch Srey",
              "non_striker": "Vathana Sreemurugavel",
              "runs": {
                "batter": 0,
                "extras": 0,
                "total": 0
              }
            },
            {
              "batter": "DA Galia",
              "bowler": "LY Loch Srey",
              "extras": {
                "wides": 1
              },
              "non_striker": "Vathana Sreemurugavel",
              "runs": {
                "batter": 0,
                "extras": 1,
                "total": 1
              }
            },
            {
              "batter": "DA Galia",
              "bowler": "LY Loch Srey",
              "extras": {
                "wides": 1
              },
              "non_striker": "Vathana Sreemurugavel",
              "runs": {
                "batter": 0,
                "extras": 1,
                "total": 1
              }
            },
            {
              "batter": "DA Galia",
              "bowler": "LY Loch Srey",
              "extras": {
                "wides": 1
              },
              "non_striker": "Vathana Sreemurugavel",
              "runs": {
                "batter": 0,
                "extras": 1,
                "total": 1
              }
            },
            {
              "batter": "DA Galia",
              "bowler": "LY Loch Srey",
              "non_striker": "Vathana Sreemurugavel",
              "runs": {
                "batter": 0,
                "extras": 0,
                "total": 0
              }
            },
            {
              "batter": "DA Galia",
              "bowler": "LY Loch Srey",
              "extras": {
                "wides": 1
              },
              "non_striker": "Vathana Sreemurugavel",
              "runs": {
                "batter": 0,
                "extras": 1,
                "total": 1
              }
            },
            {
              "batter": "DA Galia",
              "bowler": "LY Loch Srey",
              "extras": {
                "wides": 1
              },
              "non_striker": "Vathana Sreemurugavel",
              "runs": {
                "batter": 0,
                "extras": 1,
                "total": 1
              }
            },
            {
              "batter": "DA Galia",
              "bowler": "LY Loch Srey",
              "extras": {
                "wides": 1
              },
              "non_striker": "Vathana Sreemurugavel",
              "runs": {
                "batter": 0,
                "extras": 1,
                "total": 1
              }
            },
            {
              "batter": "DA Galia",
              "bowler": "LY Loch Srey",
              "non_striker": "Vathana Sreemurugavel",
              "runs": {
                "batter": 1,
                "extras": 0,
                "total": 1
              }
            },
            {
              "batter": "Vathana Sreemurugavel",
              "bowler": "LY Loch Srey",
              "non_striker": "DA Galia",
              "runs": {
                "batter": 0,
                "extras": 0,
                "total": 0
              }
            },
            {
              "batter": "Vathana Sreemurugavel",
              "bowler": "LY Loch Srey",
              "non_striker": "DA Galia",
              "runs": {
                "batter": 0,
                "extras": 0,
                "total": 0
              }
            },
            {
              "batter": "Vathana Sreemurugavel",
              "bowler": "LY Loch Srey",
              "extras": {
                "wides": 1
              },
              "non_striker": "DA Galia",
              "runs": {
                "batter": 0,
                "extras": 1,
                "total": 1
              }
            },
            {
              "batter": "Vathana Sreemurugavel",
              "bowler": "LY Loch Srey",
              "non_striker": "DA Galia",
              "runs": {
                "batter": 0,
                "extras": 0,
                "total": 0
              }
            }
          ]
        },
        {
          "over": 1,
          "deliveries": [
            {
              "batter": "DA Galia",
              "bowler": "Phoup Srey Pheak",
              "extras": {
                "wides": 1
              },
              "non_striker": "Vathana Sreemurugavel",
              "runs": {
                "batter": 0,
                "extras": 1,
                "total": 1
              }
            },
            {
              "batter": "DA Galia",
              "bowler": "Phoup Srey Pheak",
              "non_striker": "Vathana Sreemurugavel",
              "runs": {
                "batter": 0,
                "extras": 0,
                "total": 0
              }
            },
            {
              "batter": "DA Galia",
              "bowler": "Phoup Srey Pheak",
              "non_striker": "Vathana Sreemurugavel",
              "runs": {
                "batter": 0,
                "extras": 0,
                "total": 0
              }
            },
            {
              "batter": "DA Galia",
              "bowler": "Phoup Srey Pheak",
              "non_striker": "Vathana Sreemurugavel",
              "runs": {
                "batter": 1,
                "extras": 0,
                "total": 1
              }
            },
            {
              "batter": "Vathana Sreemurugavel",
              "bowler": "Phoup Srey Pheak",
              "extras": {
                "wides": 1
              },
              "non_striker": "DA Galia",
              "runs": {
                "batter": 0,
                "extras": 1,
                "total": 1
              }
            },
            {
              "batter": "Vathana Sreemurugavel",
              "bowler": "Phoup Srey Pheak",
              "non_striker": "DA Galia",
              "runs": {
                "batter": 1,
                "extras": 0,
                "total": 1
              }
            },
            {
              "batter": "DA Galia",
              "bowler": "Phoup Srey Pheak",
              "extras": {
                "wides": 1
              },
              "non_striker": "Vathana Sreemurugavel",
              "runs": {
                "batter": 0,
                "extras": 1,
                "total": 1
              }
            },
            {
              "batter": "DA Galia",
              "bowler": "Phoup Srey Pheak",
              "non_striker": "Vathana Sreemurugavel",
              "runs": {
                "batter": 0,
                "extras": 0,
                "total": 0
              }
            },
            {
              "batter": "DA Galia",
              "bowler": "Phoup Srey Pheak",
              "extras": {
                "legbyes": 1
              },
              "non_striker": "Vathana Sreemurugavel",
              "runs": {
                "batter": 0,
                "extras": 1,
                "total": 1
              }
            }
          ]
        },
        {
          "over": 2,
          "deliveries": [
            {
              "batter": "DA Galia",
              "bowler": "LY Loch Srey",
              "non_striker": "Vathana Sreemurugavel",
              "runs": {
                "batter": 0,
                "extras": 0,
                "total": 0
              }
            },
            {
              "batter": "DA Galia",
              "bowler": "LY Loch Srey",
              "non_striker": "Vathana Sreemurugavel",
              "runs": {
                "batter": 1,
                "extras": 0,
                "total": 1
              }
            },
            {
              "batter": "Vathana Sreemurugavel",
              "bowler": "LY Loch Srey",
              "non_striker": "DA Galia",
              "runs": {
                "batter": 0,
                "extras": 0,
                "total": 0
              }
            },
            {
              "batter": "Vathana Sreemurugavel",
              "bowler": "LY Loch Srey",
              "non_striker": "DA Galia",
              "runs": {
                "batter": 4,
                "extras": 0,
                "total": 4
              }
            },
            {
              "batter": "Vathana Sreemurugavel",
              "bowler": "LY Loch Srey",
              "non_striker": "DA Galia",
              "runs": {
                "batter": 0,
                "extras": 0,
                "total": 0
              }
            },
            {
              "batter": "Vathana Sreemurugavel",
              "bowler": "LY Loch Srey",
              "non_striker": "DA Galia",
              "runs": {
                "batter": 0,
                "extras": 0,
                "total": 0
              }
            }
          ]
        },
        {
          "over": 3,
          "deliveries": [
            {
              "batter": "DA Galia",
              "bowler": "Sok Srey Maov",
              "extras": {
                "wides": 1
              },
              "non_striker": "Vathana Sreemurugavel",
              "runs": {
                "batter": 0,
                "extras": 1,
                "total": 1
              }
            },
            {
              "batter": "DA Galia",
              "bowler": "Sok Srey Maov",
              "extras": {
                "wides": 1
              },
              "non_striker": "Vathana Sreemurugavel",
              "runs": {
                "batter": 0,
                "extras": 1,
                "total": 1
              }
            },
            {
              "batter": "DA Galia",
              "bowler": "Sok Srey Maov",
              "non_striker": "Vathana Sreemurugavel",
              "runs": {
                "batter": 0,
                "extras": 0,
                "total": 0
              }
            },
            {
              "batter": "DA Galia",
              "bowler": "Sok Srey Maov",
              "non_striker": "Vathana Sreemurugavel",
              "runs": {
                "batter": 0,
                "extras": 0,
                "total": 0
              }
            },
            {
              "batter": "DA Galia",
              "bowler": "Sok Srey Maov",
              "non_striker": "Vathana Sreemurugavel",
              "runs": {
                "batter": 0,
                "extras": 0,
                "total": 0
              }
            },
            {
              "batter": "DA Galia",
              "bowler": "Sok Srey Maov",
              "extras": {
                "byes": 1
              },
              "non_striker": "Vathana Sreemurugavel",
              "runs": {
                "batter": 0,
                "extras": 1,
                "total": 1
              }
            },
            {
              "batter": "Vathana Sreemurugavel",
              "bowler": "Sok Srey Maov",
              "non_striker": "DA Galia",
              "runs": {
                "batter": 0,
                "extras": 0,
                "total": 0
              }
            },
            {
              "batter": "Vathana Sreemurugavel",
              "bowler": "Sok Srey Maov",
              "non_striker": "DA Galia",
              "runs": {
                "batter": 0,
                "extras": 0,
                "total": 0
              }
            }
          ]
        },
        {
          "over": 4,
          "deliveries": [
            {
              "batter": "DA Galia",
              "bowler": "Phoup Srey Pheak",
              "non_striker": "Vathana Sreemurugavel",
              "runs": {
                "batter": 0,
                "extras": 0,
                "total": 0
              }
            },
            {
              "batter": "DA Galia",
              "bowler": "Phoup Srey Pheak",
              "non_striker": "Vathana Sreemurugavel",
              "runs": {
                "batter": 0,
                "extras": 0,
                "total": 0
              }
            },
            {
              "batter": "DA Galia",
              "bowler": "Phoup Srey Pheak",
              "non_striker": "Vathana Sreemurugavel",
              "runs": {
                "batter": 0,
                "extras": 0,
                "total": 0
              }
            },
            {
              "batter": "DA Galia",
              "bowler": "Phoup Srey Pheak",
              "non_striker": "Vathana Sreemurugavel",
              "runs": {
                "batter": 0,
                "extras": 0,
                "total": 0
              }
            },
            {
              "batter": "DA Galia",
              "bowler": "Phoup Srey Pheak",
              "non_striker": "Vathana Sreemurugavel",
              "runs": {
                "batter": 0,
                "extras": 0,
                "total": 0
              },
              "wickets": [
                {
                  "player_out": "DA Galia",
                  "kind": "caught and bowled"
                }
              ]
            },
            {
              "batter": "Shafina Mahesh",
              "bowler": "Phoup Srey Pheak",
              "non_striker": "Vathana Sreemurugavel",
              "runs": {
                "batter": 0,
                "extras": 0,
                "total": 0
              }
            }
          ]
        },
        {
          "over": 5,
          "deliveries": [
            {
              "batter": "Vathana Sreemurugavel",
              "bowler": "Sok Srey Maov",
              "non_striker": "Shafina Mahesh",
              "runs": {
                "batter": 0,
                "extras": 0,
                "total": 0
              }
            },
            {
              "batter": "Vathana Sreemurugavel",
              "bowler": "Sok Srey Maov",
              "non_striker": "Shafina Mahesh",
              "runs": {
                "batter": 0,
                "extras": 0,
                "total": 0
              }
            },
            {
              "batter": "Vathana Sreemurugavel",
              "bowler": "Sok Srey Maov",
              "non_striker": "Shafina Mahesh",
              "runs": {
                "batter": 0,
                "extras": 0,
                "total": 0
              }
            },
            {
              "batter": "Vathana Sreemurugavel",
              "bowler": "Sok Srey Maov",
              "non_striker": "Shafina Mahesh",
              "runs": {
                "batter": 0,
                "extras": 0,
                "total": 0
              }
            },
            {
              "batter": "Vathana Sreemurugavel",
              "bowler": "Sok Srey Maov",
              "non_striker": "Shafina Mahesh",
              "runs": {
                "batter": 0,
                "extras": 0,
                "total": 0
              }
            },
            {
              "batter": "Vathana Sreemurugavel",
              "bowler": "Sok Srey Maov",
              "non_striker": "Shafina Mahesh",
              "runs": {
                "batter": 0,
                "extras": 0,
                "total": 0
              }
            }
          ]
        },
        {
          "over": 6,
          "deliveries": [
            {
              "batter": "Shafina Mahesh",
              "bowler": "Phoup Srey Pheak",
              "non_striker": "Vathana Sreemurugavel",
              "runs": {
                "batter": 6,
                "extras": 0,
                "total": 6
              }
            }
          ]
        }
      ],
      "powerplays": [
        {
          "from": 0.1,
          "to": 5.6,
          "type": "mandatory"
        }
      ],
      "target": {
        "overs": 20,
        "runs": 27
      }
    }
  ]
}