{
  "meta": {
    "data_version": "1.1.0",
    "created": "2023-03-11",
    "revision": 2
  },
  "info": {
    "balls_per_over": 6,
    "city": "Mong Kok",
    "dates": [
      "2023-03-11"
    ],
    "event": {
      "name": "Quadrangular Twenty20 Series (Hong Kong)",
      "match_number": 6
    },
    "gender": "male",
    "match_type": "T20",
    "match_type_number": 2020,
    "officials": {
      "match_referees": [
        "N Hemlani"
      ],
      "reserve_umpires": [
        "G Sankaranarayanan"
      ],
      "umpires": [
        "John Prakash",
        "Tabarak Dar"
      ]
    },
    "outcome": {
      "winner": "Hong Kong",
      "by": {
        "wickets": 4
      }
    },
    "overs": 20,
    "player_of_match": [
      "Aizaz Khan"
    ],
    "players": {
      "Malaysia": [
        "Zubaidi Zulkifle",
        "Virandeep Singh",
        "Muhammad Amir",
        "Syed Aziz",
        "Ahmed Faiz",
        "S Vijay Unni",
        "S Muniandy",
        "Fitri Sham",
        "Muhammad Wafiq",
        "Syazrul Idrus",
        "Rizwan Haider"
      ],
      "Hong Kong": [
        "Nizakat Khan",
        "Yasim Murtaza",
        "Babar Hayat",
        "KD Shah",
        "Aizaz Khan",
        "A Gorawara",
        "Shahid Wasif",
        "Haroon Arshad",
        "Raag Kapur",
        "Nasrulla Rana",
        "Ehsan Khan"
      ]
    },
    "registry": {
      "people": {
        "A Gorawara": "c6b11959",
        "Ahmed Faiz": "f6b4f746",
        "Aizaz Khan": "f6c2659d",
        "Babar Hayat": "fbb657bb",
        "Ehsan Khan": "d3851cd8",
        "Fitri Sham": "d2ec068c",
        "G Sankaranarayanan": "a4a348f9",
        "Haroon Arshad": "be0f9ce9",
        "John Prakash": "b5f3d429",
        "KD Shah": "d5ae21a2",
        "Mohamed Arief": "1087dd78",
        "Muhammad Amir": "60bec5c3",
        "Muhammad Wafiq": "f104c434",
        "N Hemlani": "bcc5904a",
        "Nasrulla Rana": "9ffb7550",
        "Nizakat Khan": "e3eb9e46",
        "Raag Kapur": "296358c9",
        "Rizwan Haider": "dc60abdc",
        "S Muniandy": "57fcfd3b",
        "S Vijay Unni": "f737ab44",
        "Shahid Wasif": "2cc08c3c",
        "Syazrul Idrus": "6dba59e0",
        "Syed Aziz": "6667067e",
        "Tabarak Dar": "2259c12d",
        "Virandeep Singh": "415d30b6",
        "Yasim Murtaza": "c9d05f1a",
        "Zubaidi Zulkifle": "dca8273d"
      }
    },
    "season": "2022/23",
    "team_type": "international",
    "teams": [
      "Malaysia",
      "Hong Kong"
    ],
    "toss": {
      "decision": "field",
      "winner": "Hong Kong"
    },
    "venue": "Mission Road Ground, Mong Kok, Hong Kong"
  },
  "innings": [
    {
      "team": "Malaysia",
      "overs": [
        {
          "over": 0,
          "deliveries": [
            {
              "batter": "Zubaidi Zulkifle",
              "bowler": "Haroon Arshad",
              "non_striker": "Virandeep Singh",
              "runs": {
                "batter": 0,
                "extras": 0,
                "total": 0
              }
            },
            {
              "batter": "Zubaidi Zulkifle",
              "bowler": "Haroon Arshad",
              "extras": {
                "wides": 1
              },
              "non_striker": "Virandeep Singh",
              "runs": {
                "batter": 0,
                "extras": 1,
                "total": 1
              }
            },
            {
              "batter": "Zubaidi Zulkifle",
              "bowler": "Haroon Arshad",
              "non_striker": "Virandeep Singh",
              "runs": {
                "batter": 0,
                "extras": 0,
                "total": 0
              }
            },
            {
              "batter": "Zubaidi Zulkifle",
              "bowler": "Haroon Arshad",
              "non_striker": "Virandeep Singh",
              "runs": {
                "batter": 0,
                "extras": 0,
                "total": 0
              }
            },
            {
              "batter": "Zubaidi Zulkifle",
              "bowler": "Haroon Arshad",
              "extras": {
                "wides": 1
              },
              "non_striker": "Virandeep Singh",
              "runs": {
                "batter": 0,
                "extras": 1,
                "total": 1
              }
            },
            {
              "batter": "Zubaidi Zulkifle",
              "bowler": "Haroon Arshad",
              "non_striker": "Virandeep Singh",
              "runs": {
                "batter": 0,
                "extras": 0,
                "total": 0
              }
            },
            {
              "batter": "Zubaidi Zulkifle",
              "bowler": "Haroon Arshad",
              "non_striker": "Virandeep Singh",
              "runs": {
                "batter": 0,
                "extras": 0,
                "total": 0
              }
            },
            {
              "batter": "Zubaidi Zulkifle",
              "bowler": "Haroon Arshad",
              "non_striker": "Virandeep Singh",
              "runs": {
                "batter": 0,
                "extras": 0,
                "total": 0
              },
              "wickets": [
                {
                  "player_out": "Zubaidi Zulkifle",
                  "fielders": [
                    {
                      "name": "Babar Hayat"
                    }
                  ],
                  "kind": "caught"
                }
              ]
            }
          ]
        },
        {
          "over": 1,
          "deliveries": [
            {
              "batter": "Virandeep Singh",
              "bowler": "Ehsan Khan",
              "non_striker": "Muhammad Amir",
              "runs": {
                "batter": 0,
                "extras": 0,
                "total": 0
              }
            },
            {
              "batter": "Virandeep Singh",
              "bowler": "Ehsan Khan",
              "non_striker": "Muhammad Amir",
              "runs": {
                "batter": 0,
                "extras": 0,
                "total": 0
              }
            },
            {
              "batter": "Virandeep Singh",
              "bowler": "Ehsan Khan",
              "non_striker": "Muhammad Amir",
              "runs": {
                "batter": 1,
                "extras": 0,
                "total": 1
              }
            },
            {
              "batter": "Muhammad Amir",
              "bowler": "Ehsan Khan",
              "non_striker": "Virandeep Singh",
              "runs": {
                "batter": 0,
                "extras": 0,
                "total": 0
              }
            },
            {
              "batter": "Muhammad Amir",
              "bowler": "Ehsan Khan",
              "extras": {
                "legbyes": 1
              },
              "non_striker": "Virandeep Singh",
              "runs": {
                "batter": 0,
                "extras": 1,
                "total": 1
              }
            },
            {
              "batter": "Virandeep Singh",
              "bowler": "Ehsan Khan",
              "non_striker": "Muhammad Amir",
              "runs": {
                "batter": 0,
                "extras": 0,
                "total": 0
              }
            }
          ]
        },
        {
          "over": 2,
          "deliveries": [
            {
              "batter": "Muhammad Amir",
              "bowler": "Aizaz Khan",
              "non_striker": "Virandeep Singh",
              "runs": {
                "batter": 1,
                "extras": 0,
                "total": 1
              }
            },
            {
              "batter": "Virandeep Singh",
              "bowler": "Aizaz Khan",
              "non_striker": "Muhammad Amir",
              "runs": {
                "batter": 1,
                "extras": 0,
                "total": 1
              }
            },
            {
              "batter": "Muhammad Amir",
              "bowler": "Aizaz Khan",
              "non_striker": "Virandeep Singh",
              "runs": {
                "batter": 4,
                "extras": 0,
                "total": 4
              }
            },
            {
              "batter": "Muhammad Amir",
              "bowler": "Aizaz Khan",
              "extras": {
                "wides": 1
              },
              "non_striker": "Virandeep Singh",
              "runs": {
                "batter": 0,
                "extras": 1,
                "total": 1
              }
            },
            {
              "batter": "Muhammad Amir",
              "bowler": "Aizaz Khan",
              "non_striker": "Virandeep Singh",
              "runs": {
                "batter": 1,
                "extras": 0,
                "total": 1
              }
            },
            {
              "batter": "Virandeep Singh",
              "bowler": "Aizaz Khan",
              "non_striker": "Muhammad Amir",
              "runs": {
                "batter": 0,
                "extras": 0,
                "total": 0
              }
            },
            {
              "batter": "Virandeep Singh",
              "bowler": "Aizaz Khan",
              "non_striker": "Muhammad Amir",
              "runs": {
                "batter": 1,
                "extras": 0,
                "total": 1
              }
            }
          ]
        },
        {
          "over": 3,
          "deliveries": [
            {
              "batter": "Virandeep Singh",
              "bowler": "Ehsan Khan",
              "non_striker": "Muhammad Amir",
              "runs": {
                "batter": 0,
                "extras": 0,
                "total": 0
              },
              "wickets": [
                {
                  "player_out": "Virandeep Singh",
                  "kind": "bowled"
                }
              ]
            },
            {
              "batter": "Syed Aziz",
              "bowler": "Ehsan Khan",
              "non_striker": "Muhammad Amir",
              "runs": {
                "batter": 0,
                "extras": 0,
                "total": 0
              }
            },
            {
              "batter": "Syed Aziz",
              "bowler": "Ehsan Khan",
              "non_striker": "Muhammad Amir",
              "runs": {
                "batter": 0,
                "extras": 0,
                "total": 0
              },
              "wickets": [
                {
                  "player_out": "Muhammad Amir",
                  "fielders": [
                    {
                      "name": "Haroon Arshad"
                    },
                    {
                      "name": "Ehsan Khan"
                    }
                  ],
                  "kind": "run out"
                }
              ]
            },
            {
              "batter": "Syed Aziz",
              "bowler": "Ehsan Khan",
              "non_striker": "Ahmed Faiz",
              "runs": {
                "batter": 1,
                "extras": 0,
                "total": 1
              }
            },
            {
              "batter": "Ahmed Faiz",
              "bowler": "Ehsan Khan",
              "non_striker": "Syed Aziz",
              "runs": {
                "batter": 0,
                "extras": 0,
                "total": 0
              }
            },
            {
              "batter": "Ahmed Faiz",
              "bowler": "Ehsan Khan",
              "non_striker": "Syed Aziz",
              "runs": {
                "batter": 4,
                "extras": 0,
                "total": 4
              }
            }
          ]
        },
        {
          "over": 4,
          "deliveries": [
            {
              "batter": "Syed Aziz",
              "bowler": "Haroon Arshad",
              "non_striker": "Ahmed Faiz",
              "runs": {
                "batter": 0,
                "extras": 0,
                "total": 0
              }
            },
            {
              "batter": "Syed Aziz",
              "bowler": "Haroon Arshad",
              "non_striker": "Ahmed Faiz",
              "runs": {
                "batter": 0,
                "extras": 0,
                "total": 0
              }
            },
            {
              "batter": "Syed Aziz",
              "bowler": "Haroon Arshad",
              "non_striker": "Ahmed Faiz",
              "runs": {
                "batter": 2,
                "extras": 0,
                "total": 2
              }
            },
            {
              "batter": "Syed Aziz",
              "bowler": "Haroon Arshad",
              "non_striker": "Ahmed Faiz",
              "runs": {
                "batter": 1,
                "extras": 0,
                "total": 1
              }
            },
            {
              "batter": "Ahmed Faiz",
              "bowler": "Haroon Arshad",
              "non_striker": "Syed Aziz",
              "runs": {
                "batter": 0,
                "extras": 0,
                "total": 0
              },
              "wickets": [
                {
                  "player_out": "Ahmed Faiz",
                  "fielders": [
                    {
                      "name": "Shahid Wasif"
                    }
                  ],
                  "kind": "caught"
                }
              ]
            },
            {
              "batter": "S Vijay Unni",
              "bowler": "Haroon Arshad",
              "non_striker": "Syed Aziz",
              "runs": {
                "batter": 1,
                "extras": 0,
                "total": 1
              }
            }
          ]
        },
        {
          "over": 5,
          "deliveries": [
            {
              "batter": "S Vijay Unni",
              "bowler": "KD Shah",
              "non_striker": "Syed Aziz",
              "runs": {
                "batter": 0,
                "extras": 0,
                "total": 0
              }
            },
            {
              "batter": "S Vijay Unni",
              "bowler": "KD Shah",
              "non_striker": "Syed Aziz",
              "runs": {
                "batter": 1,
                "extras": 0,
                "total": 1
              }
            },
            {
              "batter": "Syed Aziz",
              "bowler": "KD Shah",
              "non_striker": "S Vijay Unni",
              "runs": {
                "batter": 0,
                "extras": 0,
                "total": 0
              }
            },
            {
              "batter": "Syed Aziz",
              "bowler": "KD Shah",
              "non_striker": "S Vijay Unni",
              "runs": {
                "batter": 1,
                "extras": 0,
                "total": 1
              }
            },
            {
              "batter": "S Vijay Unni",
              "bowler": "KD Shah",
              "non_striker": "Syed Aziz",
              "runs": {
                "batter": 1,
                "extras": 0,
                "total": 1
              }
            },
            {
              "batter": "Syed Aziz",
              "bowler": "KD Shah",
              "non_striker": "S Vijay Unni",
              "runs": {
                "batter": 0,
                "extras": 0,
                "total": 0
              }
            }
          ]
        },
        {
          "over": 6,
          "deliveries": [
            {
              "batter": "S Vijay Unni",
              "bowler": "Nasrulla Rana",
              "non_striker": "Syed Aziz",
              "runs": {
                "batter": 1,
                "extras": 0,
                "total": 1
              }
            },
            {
              "batter": "Syed Aziz",
              "bowler": "Nasrulla Rana",
              "non_striker": "S Vijay Unni",
              "runs": {
                "batter": 0,
                "extras": 0,
                "total": 0
              },
              "wickets": [
                {
                  "player_out": "Syed Aziz",
                  "kind": "caught and bowled"
                }
              ]
            },
            {
              "batter": "S Muniandy",
              "bowler": "Nasrulla Rana",
              "non_striker": "S Vijay Unni",
              "runs": {
                "batter": 1,
                "extras": 0,
                "total": 1
              }
            },
            {
              "batter": "S Vijay Unni",
              "bowler": "Nasrulla Rana",
              "extras": {
                "wides": 1
              },
              "non_striker": "S Muniandy",
              "runs": {
                "batter": 0,
                "extras": 1,
                "total": 1
              }
            },
            {
              "batter": "S Vijay Unni",
              "bowler": "Nasrulla Rana",
              "non_striker": "S Muniandy",
              "runs": {
                "batter": 0,
                "extras": 0,
                "total": 0
              }
            },
            {
              "batter": "S Vijay Unni",
              "bowler": "Nasrulla Rana",
              "non_striker": "S Muniandy",
              "runs": {
                "batter": 1,
                "extras": 0,
                "total": 1
              }
            },
            {
              "batter": "S Muniandy",
              "bowler": "Nasrulla Rana",
              "non_striker": "S Vijay Unni",
              "runs": {
                "batter": 1,
                "extras": 0,
                "total": 1
              }
            }
          ]
        },
        {
          "over": 7,
          "deliveries": [
            {
              "batter": "S Muniandy",
              "bowler": "KD Shah",
              "non_striker": "S Vijay Unni",
              "runs": {
                "batter": 1,
                "extras": 0,
                "total": 1
              }
            },
            {
              "batter": "S Vijay Unni",
              "bowler": "KD Shah",
              "non_striker": "S Muniandy",
              "runs": {
                "batter": 0,
                "extras": 0,
                "total": 0
              }
            },
            {
              "batter": "S Vijay Unni",
              "bowler": "KD Shah",
              "non_striker": "S Muniandy",
              "runs": {
                "batter": 1,
                "extras": 0,
                "total": 1
              }
            },
            {
              "batter": "S Muniandy",
              "bowler": "KD Shah",
              "non_striker": "S Vijay Unni",
              "runs": {
                "batter": 0,
                "extras": 0,
                "total": 0
              }
            },
            {
              "batter": "S Muniandy",
              "bowler": "KD Shah",
              "non_striker": "S Vijay Unni",
              "runs": {
                "batter": 1,
                "extras": 0,
                "total": 1
              }
            },
            {
              "batter": "S Vijay Unni",
              "bowler": "KD Shah",
              "non_striker": "S Muniandy",
              "runs": {
                "batter": 0,
                "extras": 0,
                "total": 0
              }
            }
          ]
        },
        {
          "over": 8,
          "deliveries": [
            {
              "batter": "S Muniandy",
              "bowler": "Nasrulla Rana",
              "non_striker": "S Vijay Unni",
              "runs": {
                "batter": 0,
                "extras": 0,
                "total": 0
              }
            },
            {
              "batter": "S Muniandy",
              "bowler": "Nasrulla Rana",
              "non_striker": "S Vijay Unni",
              "runs": {
                "batter": 1,
                "extras": 0,
                "total": 1
              }
            },
            {
              "batter": "S Vijay Unni",
              "bowler": "Nasrulla Rana",
              "non_striker": "S Muniandy",
              "runs": {
                "batter": 0,
                "extras": 0,
                "total": 0
              }
            },
            {
              "batter": "S Vijay Unni",
              "bowler": "Nasrulla Rana",
              "non_striker": "S Muniandy",
              "runs": {
                "batter": 0,
                "extras": 0,
                "total": 0
              }
            },
            {
              "batter": "S Vijay Unni",
              "bowler": "Nasrulla Rana",
              "extras": {
                "legbyes": 1
              },
              "non_striker": "S Muniandy",
              "runs": {
                "batter": 0,
                "extras": 1,
                "total": 1
              }
            },
            {
              "batter": "S Muniandy",
              "bowler": "Nasrulla Rana",
              "non_striker": "S Vijay Unni",
              "runs": {
                "batter": 0,
                "extras": 0,
                "total": 0
              }
            }
          ]
        },
        {
          "over": 9,
          "deliveries": [
            {
              "batter": "S Vijay Unni",
              "bowler": "Nizakat Khan",
              "non_striker": "S Muniandy",
              "runs": {
                "batter": 1,
                "extras": 0,
                "total": 1
              }
            },
            {
              "batter": "S Muniandy",
              "bowler": "Nizakat Khan",
              "non_striker": "S Vijay Unni",
              "runs": {
                "batter": 0,
                "extras": 0,
                "total": 0
              }
            },
            {
              "batter": "S Muniandy",
              "bowler": "Nizakat Khan",
              "extras": {
                "wides": 1
              },
              "non_striker": "S Vijay Unni",
              "runs": {
                "batter": 0,
                "extras": 1,
                "total": 1
              }
            },
            {
              "batter": "S Muniandy",
              "bowler": "Nizakat Khan",
              "non_striker": "S Vijay Unni",
              "runs": {
                "batter": 0,
                "extras": 0,
                "total": 0
              }
            },
            {
              "batter": "S Muniandy",
              "bowler": "Nizakat Khan",
              "non_striker": "S Vijay Unni",
              "runs": {
                "batter": 0,
                "extras": 0,
                "total": 0
              }
            },
            {
              "batter": "S Muniandy",
              "bowler": "Nizakat Khan",
              "non_striker": "S Vijay Unni",
              "runs": {
                "batter": 0,
                "extras": 0,
                "total": 0
              }
            },
            {
              "batter": "S Muniandy",
              "bowler": "Nizakat Khan",
              "non_striker": "S Vijay Unni",
              "runs": {
                "batter": 1,
                "extras": 0,
                "total": 1
              }
            }
          ]
        },
        {
          "over": 10,
          "deliveries": [
            {
              "batter": "S Muniandy",
              "bowler": "Raag Kapur",
              "non_striker": "S Vijay Unni",
              "runs": {
                "batter": 0,
                "extras": 0,
                "total": 0
              }
            },
            {
              "batter": "S Muniandy",
              "bowler": "Raag Kapur",
              "non_striker": "S Vijay Unni",
              "runs": {
                "batter": 1,
                "extras": 0,
                "total": 1
              }
            },
            {
              "batter": "S Vijay Unni",
              "bowler": "Raag Kapur",
              "non_striker": "S Muniandy",
              "runs": {
                "batter": 1,
                "extras": 0,
                "total": 1
              }
            },
            {
              "batter": "S Muniandy",
              "bowler": "Raag Kapur",
              "non_striker": "S Vijay Unni",
              "runs": {
                "batter": 1,
                "extras": 0,
                "total": 1
              }
            },
            {
              "batter": "S Vijay Unni",
              "bowler": "Raag Kapur",
              "non_striker": "S Muniandy",
              "runs": {
                "batter": 1,
                "extras": 0,
                "total": 1
              }
            },
            {
              "batter": "S Muniandy",
              "bowler": "Raag Kapur",
              "non_striker": "S Vijay Unni",
              "runs": {
                "batter": 1,
                "extras": 0,
                "total": 1
              }
            }
          ]
        },
        {
          "over": 11,
          "deliveries": [
            {
              "batter": "S Muniandy",
              "bowler": "Nizakat Khan",
              "non_striker": "S Vijay Unni",
              "runs": {
                "batter": 2,
                "extras": 0,
                "total": 2
              }
            },
            {
              "batter": "S Muniandy",
              "bowler": "Nizakat Khan",
              "non_striker": "S Vijay Unni",
              "runs": {
                "batter": 0,
                "extras": 0,
                "total": 0
              }
            },
            {
              "batter": "S Muniandy",
              "bowler": "Nizakat Khan",
              "non_striker": "S Vijay Unni",
              "runs": {
                "batter": 1,
                "extras": 0,
                "total": 1
              }
            },
            {
              "batter": "S Vijay Unni",
              "bowler": "Nizakat Khan",
              "non_striker": "S Muniandy",
              "runs": {
                "batter": 0,
                "extras": 0,
                "total": 0
              }
            },
            {
              "batter": "S Vijay Unni",
              "bowler": "Nizakat Khan",
              "non_striker": "S Muniandy",
              "runs": {
                "batter": 1,
                "extras": 0,
                "total": 1
              }
            },
            {
              "batter": "S Muniandy",
              "bowler": "Nizakat Khan",
              "non_striker": "S Vijay Unni",
              "runs": {
                "batter": 1,
                "extras": 0,
                "total": 1
              }
            }
          ]
        },
        {
          "over": 12,
          "deliveries": [
            {
              "batter": "S Muniandy",
              "bowler": "Raag Kapur",
              "non_striker": "S Vijay Unni",
              "runs": {
                "batter": 4,
                "extras": 0,
                "total": 4
              }
            },
            {
              "batter": "S Muniandy",
              "bowler": "Raag Kapur",
              "non_striker": "S Vijay Unni",
              "runs": {
                "batter": 1,
                "extras": 0,
                "total": 1
              }
            },
            {
              "batter": "S Vijay Unni",
              "bowler": "Raag Kapur",
              "non_striker": "S Muniandy",
              "runs": {
                "batter": 1,
                "extras": 0,
                "total": 1
              }
            },
            {
              "batter": "S Muniandy",
              "bowler": "Raag Kapur",
              "non_striker": "S Vijay Unni",
              "runs": {
                "batter": 4,
                "extras": 0,
                "total": 4
              }
            },
            {
              "batter": "S Muniandy",
              "bowler": "Raag Kapur",
              "non_striker": "S Vijay Unni",
              "runs": {
                "batter": 2,
                "extras": 0,
                "total": 2
              }
            },
            {
              "batter": "S Muniandy",
              "bowler": "Raag Kapur",
              "non_striker": "S Vijay Unni",
              "runs": {
                "batter": 1,
                "extras": 0,
                "total": 1
              }
            }
          ]
        },
        {
          "over": 13,
          "deliveries": [
            {
              "batter": "S Muniandy",
              "bowler": "Yasim Murtaza",
              "non_striker": "S Vijay Unni",
              "runs": {
                "batter": 0,
                "extras": 0,
                "total": 0
              }
            },
            {
              "batter": "S Muniandy",
              "bowler": "Yasim Murtaza",
              "non_striker": "S Vijay Unni",
              "runs": {
                "batter": 1,
                "extras": 0,
                "total": 1
              }
            },
            {
              "batter": "S Vijay Unni",
              "bowler": "Yasim Murtaza",
              "non_striker": "S Muniandy",
              "runs": {
                "batter": 1,
                "extras": 0,
                "total": 1
              }
            },
            {
              "batter": "S Muniandy",
              "bowler": "Yasim Murtaza",
              "non_striker": "S Vijay Unni",
              "runs": {
                "batter": 0,
                "extras": 0,
                "total": 0
              }
            },
            {
              "batter": "S Muniandy",
              "bowler": "Yasim Murtaza",
              "non_striker": "S Vijay Unni",
              "runs": {
                "batter": 0,
                "extras": 0,
                "total": 0
              },
              "wickets": [
                {
                  "player_out": "S Muniandy",
                  "fielders": [
                    {
                      "name": "Haroon Arshad"
                    }
                  ],
                  "kind": "caught"
                }
              ]
            },
            {
              "batter": "Fitri Sham",
              "bowler": "Yasim Murtaza",
              "non_striker": "S Vijay Unni",
              "runs": {
                "batter": 0,
                "extras": 0,
                "total": 0
              }
            }
          ]
        },
        {
          "over": 14,
          "deliveries": [
            {
              "batter": "S Vijay Unni",
              "bowler": "Aizaz Khan",
              "non_striker": "Fitri Sham",
              "runs": {
                "batter": 2,
                "extras": 0,
                "total": 2
              }
            },
            {
              "batter": "S Vijay Unni",
              "bowler": "Aizaz Khan",
              "non_striker": "Fitri Sham",
              "runs": {
                "batter": 0,
                "extras": 0,
                "total": 0
              }
            },
            {
              "batter": "S Vijay Unni",
              "bowler": "Aizaz Khan",
              "non_striker": "Fitri Sham",
              "runs": {
                "batter": 4,
                "extras": 0,
                "total": 4
              }
            },
            {
              "batter": "S Vijay Unni",
              "bowler": "Aizaz Khan",
              "non_striker": "Fitri Sham",
              "runs": {
                "batter": 1,
                "extras": 0,
                "total": 1
              }
            },
            {
              "batter": "Fitri Sham",
              "bowler": "Aizaz Khan",
              "non_striker": "S Vijay Unni",
              "runs": {
                "batter": 1,
                "extras": 0,
                "total": 1
              }
            },
            {
              "batter": "S Vijay Unni",
              "bowler": "Aizaz Khan",
              "extras": {
                "wides": 1
              },
              "non_striker": "Fitri Sham",
              "runs": {
                "batter": 0,
                "extras": 1,
                "total": 1
              }
            },
            {
              "batter": "S Vijay Unni",
              "bowler": "Aizaz Khan",
              "non_striker": "Fitri Sham",
              "runs": {
                "batter": 1,
                "extras": 0,
                "total": 1
              }
            }
          ]
        },
        {
          "over": 15,
          "deliveries": [
            {
              "batter": "S Vijay Unni",
              "bowler": "Yasim Murtaza",
              "non_striker": "Fitri Sham",
              "runs": {
                "batter": 0,
                "extras": 0,
                "total": 0
              }
            },
            {
              "batter": "S Vijay Unni",
              "bowler": "Yasim Murtaza",
              "non_striker": "Fitri Sham",
              "runs": {
                "batter": 1,
                "extras": 0,
                "total": 1
              }
            },
            {
              "batter": "Fitri Sham",
              "bowler": "Yasim Murtaza",
              "non_striker": "S Vijay Unni",
              "runs": {
                "batter": 6,
                "extras": 0,
                "total": 6
              }
            },
            {
              "batter": "Fitri Sham",
              "bowler": "Yasim Murtaza",
              "non_striker": "S Vijay Unni",
              "runs": {
                "batter": 1,
                "extras": 0,
                "total": 1
              }
            },
            {
              "batter": "S Vijay Unni",
              "bowler": "Yasim Murtaza",
              "extras": {
                "wides": 1
              },
              "non_striker": "Fitri Sham",
              "runs": {
                "batter": 0,
                "extras": 1,
                "total": 1
              }
            },
            {
              "batter": "S Vijay Unni",
              "bowler": "Yasim Murtaza",
              "non_striker": "Fitri Sham",
              "runs": {
                "batter": 1,
                "extras": 0,
                "total": 1
              }
            },
            {
              "batter": "Fitri Sham",
              "bowler": "Yasim Murtaza",
              "non_striker": "S Vijay Unni",
              "runs": {
                "batter": 1,
                "extras": 0,
                "total": 1
              }
            }
          ]
        },
        {
          "over": 16,
          "deliveries": [
            {
              "batter": "Fitri Sham",
              "bowler": "Aizaz Khan",
              "non_striker": "S Vijay Unni",
              "runs": {
                "batter": 0,
                "extras": 0,
                "total": 0
              }
            },
            {
              "batter": "Fitri Sham",
              "bowler": "Aizaz Khan",
              "non_striker": "S Vijay Unni",
              "runs": {
                "batter": 1,
                "extras": 0,
                "total": 1
              }
            },
            {
              "batter": "S Vijay Unni",
              "bowler": "Aizaz Khan",
              "non_striker": "Fitri Sham",
              "runs": {
                "batter": 1,
                "extras": 0,
                "total": 1
              }
            },
            {
              "batter": "Fitri Sham",
              "bowler": "Aizaz Khan",
              "non_striker": "S Vijay Unni",
              "runs": {
                "batter": 1,
                "extras": 0,
                "total": 1
              }
            },
            {
              "batter": "S Vijay Unni",
              "bowler": "Aizaz Khan",
              "non_striker": "Fitri Sham",
              "runs": {
                "batter": 0,
                "extras": 0,
                "total": 0
              },
              "wickets": [
                {
                  "player_out": "S Vijay Unni",
                  "fielders": [
                    {
                      "name": "A Gorawara"
                    }
                  ],
                  "kind": "caught"
                }
              ]
            },
            {
              "batter": "Muhammad Wafiq",
              "bowler": "Aizaz Khan",
              "extras": {
                "wides": 1
              },
              "non_striker": "Fitri Sham",
              "runs": {
                "batter": 0,
                "extras": 1,
                "total": 1
              }
            },
            {
              "batter": "Muhammad Wafiq",
              "bowler": "Aizaz Khan",
              "non_striker": "Fitri Sham",
              "runs": {
                "batter": 0,
                "extras": 0,
                "total": 0
              }
            }
          ]
        },
        {
          "over": 17,
          "deliveries": [
            {
              "batter": "Fitri Sham",
              "bowler": "Ehsan Khan",
              "non_striker": "Muhammad Wafiq",
              "runs": {
                "batter": 1,
                "extras": 0,
                "total": 1
              }
            },
            {
              "batter": "Muhammad Wafiq",
              "bowler": "Ehsan Khan",
              "non_striker": "Fitri Sham",
              "runs": {
                "batter": 0,
                "extras": 0,
                "total": 0
              },
              "wickets": [
                {
                  "player_out": "Muhammad Wafiq",
                  "fielders": [
                    {
                      "name": "Aizaz Khan"
                    },
                    {
                      "name": "Ehsan Khan"
                    }
                  ],
                  "kind": "run out"
                }
              ]
            },
            {
              "batter": "Fitri Sham",
              "bowler": "Ehsan Khan",
              "non_striker": "Syazrul Idrus",
              "runs": {
                "batter": 1,
                "extras": 0,
                "total": 1
              }
            },
            {
              "batter": "Syazrul Idrus",
              "bowler": "Ehsan Khan",
              "non_striker": "Fitri Sham",
              "runs": {
                "batter": 0,
                "extras": 0,
                "total": 0
              },
              "wickets": [
                {
                  "player_out": "Syazrul Idrus",
                  "kind": "caught and bowled"
                }
              ]
            },
            {
              "batter": "Rizwan Haider",
              "bowler": "Ehsan Khan",
              "non_striker": "Fitri Sham",
              "runs": {
                "batter": 1,
                "extras": 0,
                "total": 1
              }
            },
            {
              "batter": "Fitri Sham",
              "bowler": "Ehsan Khan",
              "non_striker": "Rizwan Haider",
              "runs": {
                "batter": 1,
                "extras": 0,
                "total": 1
              }
            }
          ]
        },
        {
          "over": 18,
          "deliveries": [
            {
              "batter": "Fitri Sham",
              "bowler": "Aizaz Khan",
              "non_striker": "Rizwan Haider",
              "runs": {
                "batter": 0,
                "extras": 0,
                "total": 0
              }
            },
            {
              "batter": "Fitri Sham",
              "bowler": "Aizaz Khan",
              "non_striker": "Rizwan Haider",
              "runs": {
                "batter": 0,
                "extras": 0,
                "total": 0
              }
            },
            {
              "batter": "Fitri Sham",
              "bowler": "Aizaz Khan",
              "extras": {
                "noballs": 1
              },
              "non_striker": "Rizwan Haider",
              "runs": {
                "batter": 1,
                "extras": 1,
                "total": 2
              }
            },
            {
              "batter": "Rizwan Haider",
              "bowler": "Aizaz Khan",
              "non_striker": "Fitri Sham",
              "runs": {
                "batter": 1,
                "extras": 0,
                "total": 1
              }
            },
            {
              "batter": "Fitri Sham",
              "bowler": "Aizaz Khan",
              "non_striker": "Rizwan Haider",
              "runs": {
                "batter": 0,
                "extras": 0,
                "total": 0
              },
              "wickets": [
                {
                  "player_out": "Fitri Sham",
                  "fielders": [
                    {
                      "name": "Shahid Wasif"
                    }
                  ],
                  "kind": "caught"
                }
              ]
            }
          ]
        }
      ],
      "powerplays": [
        {
          "from": 0.1,
          "to": 5.6,
          "type": "mandatory"
        }
      ]
    },
    {
      "team": "Hong Kong",
      "overs": [
        {
          "over": 0,
          "deliveries": [
            {
              "batter": "Nizakat Khan",
              "bowler": "Syazrul Idrus",
              "non_striker": "Yasim Murtaza",
              "runs": {
                "batter": 0,
                "extras": 0,
                "total": 0
              }
            },
            {
              "batter": "Nizakat Khan",
              "bowler": "Syazrul Idrus",
              "non_striker": "Yasim Murtaza",
              "runs": {
                "batter": 1,
                "extras": 0,
                "total": 1
              }
            },
            {
              "batter": "Yasim Murtaza",
              "bowler": "Syazrul Idrus",
              "extras": {
                "wides": 2
              },
              "non_striker": "Nizakat Khan",
              "runs": {
                "batter": 0,
                "extras": 2,
                "total": 2
              }
            },
            {
              "batter": "Nizakat Khan",
              "bowler": "Syazrul Idrus",
              "non_striker": "Yasim Murtaza",
              "runs": {
                "batter": 0,
                "extras": 0,
                "total": 0
              },
              "wickets": [
                {
                  "player_out": "Nizakat Khan",
                  "fielders": [
                    {
                      "name": "Syed Aziz"
                    }
                  ],
                  "kind": "caught"
                }
              ]
            },
            {
              "batter": "Babar Hayat",
              "bowler": "Syazrul Idrus",
              "non_striker": "Yasim Murtaza",
              "runs": {
                "batter": 0,
                "extras": 0,
                "total": 0
              }
            },
            {
              "batter": "Babar Hayat",
              "bowler": "Syazrul Idrus",
              "non_striker": "Yasim Murtaza",
              "runs": {
                "batter": 0,
                "extras": 0,
                "total": 0
              }
            },
            {
              "batter": "Babar Hayat",
              "bowler": "Syazrul Idrus",
              "non_striker": "Yasim Murtaza",
              "runs": {
                "batter": 1,
                "extras": 0,
                "total": 1
              }
            }
          ]
        },
        {
          "over": 1,
          "deliveries": [
            {
              "batter": "Babar Hayat",
              "bowler": "Fitri Sham",
              "non_striker": "Yasim Murtaza",
              "runs": {
                "batter": 0,
                "extras": 0,
                "total": 0
              }
            },
            {
              "batter": "Babar Hayat",
              "bowler": "Fitri Sham",
              "non_striker": "Yasim Murtaza",
              "runs": {
                "batter": 0,
                "extras": 0,
                "total": 0
              }
            },
            {
              "batter": "Babar Hayat",
              "bowler": "Fitri Sham",
              "non_striker": "Yasim Murtaza",
              "runs": {
                "batter": 1,
                "extras": 0,
                "total": 1
              }
            },
            {
              "batter": "Yasim Murtaza",
              "bowler": "Fitri Sham",
              "non_striker": "Babar Hayat",
              "runs": {
                "batter": 0,
                "extras": 0,
                "total": 0
              }
            },
            {
              "batter": "Yasim Murtaza",
              "bowler": "Fitri Sham",
              "non_striker": "Babar Hayat",
              "runs": {
                "batter": 1,
                "extras": 0,
                "total": 1
              }
            },
            {
              "batter": "Babar Hayat",
              "bowler": "Fitri Sham",
              "non_striker": "Yasim Murtaza",
              "runs": {
                "batter": 1,
                "extras": 0,
                "total": 1
              }
            }
          ]
        },
        {
          "over": 2,
          "deliveries": [
            {
              "batter": "Babar Hayat",
              "bowler": "Syazrul Idrus",
              "non_striker": "Yasim Murtaza",
              "runs": {
                "batter": 0,
                "extras": 0,
                "total": 0
              }
            },
            {
              "batter": "Babar Hayat",
              "bowler": "Syazrul Idrus",
              "non_striker": "Yasim Murtaza",
              "runs": {
                "batter": 1,
                "extras": 0,
                "total": 1
              }
            },
            {
              "batter": "Yasim Murtaza",
              "bowler": "Syazrul Idrus",
              "non_striker": "Babar Hayat",
              "runs": {
                "batter": 6,
                "extras": 0,
                "total": 6
              }
            },
            {
              "batter": "Yasim Murtaza",
              "bowler": "Syazrul Idrus",
              "non_striker": "Babar Hayat",
              "runs": {
                "batter": 1,
                "extras": 0,
                "total": 1
              }
            },
            {
              "batter": "Babar Hayat",
              "bowler": "Syazrul Idrus",
              "non_striker": "Yasim Murtaza",
              "runs": {
                "batter": 1,
                "extras": 0,
                "total": 1
              }
            },
            {
              "batter": "Yasim Murtaza",
              "bowler": "Syazrul Idrus",
              "non_striker": "Babar Hayat",
              "runs": {
                "batter": 2,
                "extras": 0,
                "total": 2
              }
            }
          ]
        },
        {
          "over": 3,
          "deliveries": [
            {
              "batter": "Babar Hayat",
              "bowler": "Fitri Sham",
              "non_striker": "Yasim Murtaza",
              "runs": {
                "batter": 0,
                "extras": 0,
                "total": 0
              },
              "wickets": [
                {
                  "player_out": "Babar Hayat",
                  "fielders": [
                    {
                      "name": "Ahmed Faiz"
                    }
                  ],
                  "kind": "caught"
                }
              ]
            },
            {
              "batter": "KD Shah",
              "bowler": "Fitri Sham",
              "non_striker": "Yasim Murtaza",
              "runs": {
                "batter": 0,
                "extras": 0,
                "total": 0
              },
              "wickets": [
                {
                  "player_out": "KD Shah",
                  "kind": "lbw"
                }
              ]
            },
            {
              "batter": "Aizaz Khan",
              "bowler": "Fitri Sham",
              "non_striker": "Yasim Murtaza",
              "runs": {
                "batter": 0,
                "extras": 0,
                "total": 0
              }
            },
            {
              "batter": "Aizaz Khan",
              "bowler": "Fitri Sham",
              "non_striker": "Yasim Murtaza",
              "runs": {
                "batter": 4,
                "extras": 0,
                "total": 4
              }
            },
            {
              "batter": "Aizaz Khan",
              "bowler": "Fitri Sham",
              "non_striker": "Yasim Murtaza",
              "runs": {
                "batter": 0,
                "extras": 0,
                "total": 0
              }
            },
            {
              "batter": "Aizaz Khan",
              "bowler": "Fitri Sham",
              "non_striker": "Yasim Murtaza",
              "runs": {
                "batter": 0,
                "extras": 0,
                "total": 0
              }
            }
          ]
        },
        {
          "over": 4,
          "deliveries": [
            {
              "batter": "Yasim Murtaza",
              "bowler": "Rizwan Haider",
              "non_striker": "Aizaz Khan",
              "runs": {
                "batter": 1,
                "extras": 0,
                "total": 1
              }
            },
            {
              "batter": "Aizaz Khan",
              "bowler": "Rizwan Haider",
              "extras": {
                "wides": 1
              },
              "non_striker": "Yasim Murtaza",
              "runs": {
                "batter": 0,
                "extras": 1,
                "total": 1
              }
            },
            {
              "batter": "Aizaz Khan",
              "bowler": "Rizwan Haider",
              "non_striker": "Yasim Murtaza",
              "runs": {
                "batter": 0,
                "extras": 0,
                "total": 0
              }
            },
            {
              "batter": "Aizaz Khan",
              "bowler": "Rizwan Haider",
              "non_striker": "Yasim Murtaza",
              "runs": {
                "batter": 0,
                "extras": 0,
                "total": 0
              }
            },
            {
              "batter": "Aizaz Khan",
              "bowler": "Rizwan Haider",
              "non_striker": "Yasim Murtaza",
              "runs": {
                "batter": 0,
                "extras": 0,
                "total": 0
              }
            },
            {
              "batter": "Aizaz Khan",
              "bowler": "Rizwan Haider",
              "non_striker": "Yasim Murtaza",
              "runs": {
                "batter": 0,
                "extras": 0,
                "total": 0
              }
            },
            {
              "batter": "Aizaz Khan",
              "bowler": "Rizwan Haider",
              "non_striker": "Yasim Murtaza",
              "runs": {
                "batter": 0,
                "extras": 0,
                "total": 0
              }
            }
          ]
        },
        {
          "over": 5,
          "deliveries": [
            {
              "batter": "Yasim Murtaza",
              "bowler": "S Vijay Unni",
              "non_striker": "Aizaz Khan",
              "runs": {
                "batter": 1,
                "extras": 0,
                "total": 1
              }
            },
            {
              "batter": "Aizaz Khan",
              "bowler": "S Vijay Unni",
              "non_striker": "Yasim Murtaza",
              "runs": {
                "batter": 0,
                "extras": 0,
                "total": 0
              }
            },
            {
              "batter": "Aizaz Khan",
              "bowler": "S Vijay Unni",
              "non_striker": "Yasim Murtaza",
              "runs": {
                "batter": 0,
                "extras": 0,
                "total": 0
              }
            },
            {
              "batter": "Aizaz Khan",
              "bowler": "S Vijay Unni",
              "non_striker": "Yasim Murtaza",
              "runs": {
                "batter": 0,
                "extras": 0,
                "total": 0
              }
            },
            {
              "batter": "Aizaz Khan",
              "bowler": "S Vijay Unni",
              "non_striker": "Yasim Murtaza",
              "runs": {
                "batter": 0,
                "extras": 0,
                "total": 0
              }
            },
            {
              "batter": "Aizaz Khan",
              "bowler": "S Vijay Unni",
              "non_striker": "Yasim Murtaza",
              "runs": {
                "batter": 0,
                "extras": 0,
                "total": 0
              }
            }
          ]
        },
        {
          "over": 6,
          "deliveries": [
            {
              "batter": "Yasim Murtaza",
              "bowler": "Rizwan Haider",
              "non_striker": "Aizaz Khan",
              "runs": {
                "batter": 1,
                "extras": 0,
                "total": 1
              }
            },
            {
              "batter": "Aizaz Khan",
              "bowler": "Rizwan Haider",
              "non_striker": "Yasim Murtaza",
              "runs": {
                "batter": 0,
                "extras": 0,
                "total": 0
              }
            },
            {
              "batter": "Aizaz Khan",
              "bowler": "Rizwan Haider",
              "non_striker": "Yasim Murtaza",
              "runs": {
                "batter": 0,
                "extras": 0,
                "total": 0
              }
            },
            {
              "batter": "Aizaz Khan",
              "bowler": "Rizwan Haider",
              "non_striker": "Yasim Murtaza",
              "runs": {
                "batter": 0,
                "extras": 0,
                "total": 0
              }
            },
            {
              "batter": "Aizaz Khan",
              "bowler": "Rizwan Haider",
              "non_striker": "Yasim Murtaza",
              "runs": {
                "batter": 1,
                "extras": 0,
                "total": 1
              }
            },
            {
              "batter": "Yasim Murtaza",
              "bowler": "Rizwan Haider",
              "non_striker": "Aizaz Khan",
              "runs": {
                "batter": 0,
                "extras": 0,
                "total": 0
              },
              "wickets": [
                {
                  "player_out": "Yasim Murtaza",
                  "kind": "lbw"
                }
              ]
            }
          ]
        },
        {
          "over": 7,
          "deliveries": [
            {
              "batter": "Aizaz Khan",
              "bowler": "S Vijay Unni",
              "non_striker": "A Gorawara",
              "runs": {
                "batter": 1,
                "extras": 0,
                "total": 1
              }
            },
            {
              "batter": "A Gorawara",
              "bowler": "S Vijay Unni",
              "non_striker": "Aizaz Khan",
              "runs": {
                "batter": 0,
                "extras": 0,
                "total": 0
              }
            },
            {
              "batter": "A Gorawara",
              "bowler": "S Vijay Unni",
              "non_striker": "Aizaz Khan",
              "runs": {
                "batter": 1,
                "extras": 0,
                "total": 1
              }
            },
            {
              "batter": "Aizaz Khan",
              "bowler": "S Vijay Unni",
              "non_striker": "A Gorawara",
              "runs": {
                "batter": 1,
                "extras": 0,
                "total": 1
              }
            },
            {
              "batter": "A Gorawara",
              "bowler": "S Vijay Unni",
              "non_striker": "Aizaz Khan",
              "runs": {
                "batter": 0,
                "extras": 0,
                "total": 0
              }
            },
            {
              "batter": "A Gorawara",
              "bowler": "S Vijay Unni",
              "non_striker": "Aizaz Khan",
              "runs": {
                "batter": 0,
                "extras": 0,
                "total": 0
              },
              "wickets": [
                {
                  "player_out": "A Gorawara",
                  "fielders": [
                    {
                      "name": "Mohamed Arief",
                      "substitute": true
                    },
                    {
                      "name": "S Vijay Unni"
                    }
                  ],
                  "kind": "run out"
                }
              ]
            }
          ]
        },
        {
          "over": 8,
          "deliveries": [
            {
              "batter": "Shahid Wasif",
              "bowler": "Rizwan Haider",
              "non_striker": "Aizaz Khan",
              "runs": {
                "batter": 1,
                "extras": 0,
                "total": 1
              }
            },
            {
              "batter": "Aizaz Khan",
              "bowler": "Rizwan Haider",
              "non_striker": "Shahid Wasif",
              "runs": {
                "batter": 1,
                "extras": 0,
                "total": 1
              }
            },
            {
              "batter": "Shahid Wasif",
              "bowler": "Rizwan Haider",
              "non_striker": "Aizaz Khan",
              "runs": {
                "batter": 0,
                "extras": 0,
                "total": 0
              }
            },
            {
              "batter": "Shahid Wasif",
              "bowler": "Rizwan Haider",
              "non_striker": "Aizaz Khan",
              "runs": {
                "batter": 4,
                "extras": 0,
                "total": 4
              }
            },
            {
              "batter": "Shahid Wasif",
              "bowler": "Rizwan Haider",
              "non_striker": "Aizaz Khan",
              "runs": {
                "batter": 1,
                "extras": 0,
                "total": 1
              }
            },
            {
              "batter": "Aizaz Khan",
              "bowler": "Rizwan Haider",
              "non_striker": "Shahid Wasif",
              "runs": {
                "batter": 2,
                "extras": 0,
                "total": 2
              }
            }
          ]
        },
        {
          "over": 9,
          "deliveries": [
            {
              "batter": "Shahid Wasif",
              "bowler": "S Vijay Unni",
              "non_striker": "Aizaz Khan",
              "runs": {
                "batter": 0,
                "extras": 0,
                "total": 0
              }
            },
            {
              "batter": "Shahid Wasif",
              "bowler": "S Vijay Unni",
              "non_striker": "Aizaz Khan",
              "runs": {
                "batter": 0,
                "extras": 0,
                "total": 0
              }
            },
            {
              "batter": "Shahid Wasif",
              "bowler": "S Vijay Unni",
              "non_striker": "Aizaz Khan",
              "runs": {
                "batter": 0,
                "extras": 0,
                "total": 0
              }
            },
            {
              "batter": "Shahid Wasif",
              "bowler": "S Vijay Unni",
              "non_striker": "Aizaz Khan",
              "runs": {
                "batter": 0,
                "extras": 0,
                "total": 0
              }
            },
            {
              "batter": "Shahid Wasif",
              "bowler": "S Vijay Unni",
              "non_striker": "Aizaz Khan",
              "runs": {
                "batter": 1,
                "extras": 0,
                "total": 1
              }
            },
            {
              "batter": "Aizaz Khan",
              "bowler": "S Vijay Unni",
              "non_striker": "Shahid Wasif",
              "runs": {
                "batter": 0,
                "extras": 0,
                "total": 0
              }
            }
          ]
        },
        {
          "over": 10,
          "deliveries": [
            {
              "batter": "Shahid Wasif",
              "bowler": "Muhammad Wafiq",
              "non_striker": "Aizaz Khan",
              "runs": {
                "batter": 0,
                "extras": 0,
                "total": 0
              }
            },
            {
              "batter": "Shahid Wasif",
              "bowler": "Muhammad Wafiq",
              "non_striker": "Aizaz Khan",
              "runs": {
                "batter": 1,
                "extras": 0,
                "total": 1
              }
            },
            {
              "batter": "Aizaz Khan",
              "bowler": "Muhammad Wafiq",
              "non_striker": "Shahid Wasif",
              "runs": {
                "batter": 1,
                "extras": 0,
                "total": 1
              }
            },
            {
              "batter": "Shahid Wasif",
              "bowler": "Muhammad Wafiq",
              "non_striker": "Aizaz Khan",
              "runs": {
                "batter": 0,
                "extras": 0,
                "total": 0
              }
            },
            {
              "batter": "Shahid Wasif",
              "bowler": "Muhammad Wafiq",
              "non_striker": "Aizaz Khan",
              "runs": {
                "batter": 0,
                "extras": 0,
                "total": 0
              }
            },
            {
              "batter": "Shahid Wasif",
              "bowler": "Muhammad Wafiq",
              "non_striker": "Aizaz Khan",
              "runs": {
                "batter": 0,
                "extras": 0,
                "total": 0
              }
            }
          ]
        },
        {
          "over": 11,
          "deliveries": [
            {
              "batter": "Aizaz Khan",
              "bowler": "S Vijay Unni",
              "non_striker": "Shahid Wasif",
              "runs": {
                "batter": 0,
                "extras": 0,
                "total": 0
              }
            },
            {
              "batter": "Aizaz Khan",
              "bowler": "S Vijay Unni",
              "non_striker": "Shahid Wasif",
              "runs": {
                "batter": 0,
                "extras": 0,
                "total": 0
              }
            },
            {
              "batter": "Aizaz Khan",
              "bowler": "S Vijay Unni",
              "non_striker": "Shahid Wasif",
              "runs": {
                "batter": 1,
                "extras": 0,
                "total": 1
              }
            },
            {
              "batter": "Shahid Wasif",
              "bowler": "S Vijay Unni",
              "non_striker": "Aizaz Khan",
              "runs": {
                "batter": 6,
                "extras": 0,
                "total": 6
              }
            },
            {
              "batter": "Shahid Wasif",
              "bowler": "S Vijay Unni",
              "non_striker": "Aizaz Khan",
              "runs": {
                "batter": 0,
                "extras": 0,
                "total": 0
              }
            },
            {
              "batter": "Shahid Wasif",
              "bowler": "S Vijay Unni",
              "non_striker": "Aizaz Khan",
              "runs": {
                "batter": 0,
                "extras": 0,
                "total": 0
              }
            }
          ]
        },
        {
          "over": 12,
          "deliveries": [
            {
              "batter": "Aizaz Khan",
              "bowler": "Muhammad Wafiq",
              "non_striker": "Shahid Wasif",
              "runs": {
                "batter": 1,
                "extras": 0,
                "total": 1
              }
            },
            {
              "batter": "Shahid Wasif",
              "bowler": "Muhammad Wafiq",
              "non_striker": "Aizaz Khan",
              "runs": {
                "batter": 1,
                "extras": 0,
                "total": 1
              }
            },
            {
              "batter": "Aizaz Khan",
              "bowler": "Muhammad Wafiq",
              "non_striker": "Shahid Wasif",
              "runs": {
                "batter": 0,
                "extras": 0,
                "total": 0
              }
            },
            {
              "batter": "Aizaz Khan",
              "bowler": "Muhammad Wafiq",
              "non_striker": "Shahid Wasif",
              "runs": {
                "batter": 0,
                "extras": 0,
                "total": 0
              }
            },
            {
              "batter": "Aizaz Khan",
              "bowler": "Muhammad Wafiq",
              "non_striker": "Shahid Wasif",
              "runs": {
                "batter": 0,
                "extras": 0,
                "total": 0
              }
            },
            {
              "batter": "Aizaz Khan",
              "bowler": "Muhammad Wafiq",
              "non_striker": "Shahid Wasif",
              "runs": {
                "batter": 0,
                "extras": 0,
                "total": 0
              }
            }
          ]
        },
        {
          "over": 13,
          "deliveries": [
            {
              "batter": "Shahid Wasif",
              "bowler": "Fitri Sham",
              "non_striker": "Aizaz Khan",
              "runs": {
                "batter": 2,
                "extras": 0,
                "total": 2
              }
            },
            {
              "batter": "Shahid Wasif",
              "bowler": "Fitri Sham",
              "non_striker": "Aizaz Khan",
              "runs": {
                "batter": 0,
                "extras": 0,
                "total": 0
              }
            },
            {
              "batter": "Shahid Wasif",
              "bowler": "Fitri Sham",
              "non_striker": "Aizaz Khan",
              "runs": {
                "batter": 0,
                "extras": 0,
                "total": 0
              }
            },
            {
              "batter": "Shahid Wasif",
              "bowler": "Fitri Sham",
              "extras": {
                "wides": 1
              },
              "non_striker": "Aizaz Khan",
              "runs": {
                "batter": 0,
                "extras": 1,
                "total": 1
              }
            },
            {
              "batter": "Shahid Wasif",
              "bowler": "Fitri Sham",
              "non_striker": "Aizaz Khan",
              "runs": {
                "batter": 4,
                "extras": 0,
                "total": 4
              }
            },
            {
              "batter": "Shahid Wasif",
              "bowler": "Fitri Sham",
              "non_striker": "Aizaz Khan",
              "runs": {
                "batter": 0,
                "extras": 0,
                "total": 0
              }
            },
            {
              "batter": "Shahid Wasif",
              "bowler": "Fitri Sham",
              "non_striker": "Aizaz Khan",
              "runs": {
                "batter": 0,
                "extras": 0,
                "total": 0
              }
            }
          ]
        },
        {
          "over": 14,
          "deliveries": [
            {
              "batter": "Aizaz Khan",
              "bowler": "Muhammad Wafiq",
              "non_striker": "Shahid Wasif",
              "runs": {
                "batter": 1,
                "extras": 0,
                "total": 1
              }
            },
            {
              "batter": "Shahid Wasif",
              "bowler": "Muhammad Wafiq",
              "non_striker": "Aizaz Khan",
              "runs": {
                "batter": 0,
                "extras": 0,
                "total": 0
              }
            },
            {
              "batter": "Shahid Wasif",
              "bowler": "Muhammad Wafiq",
              "non_striker": "Aizaz Khan",
              "runs": {
                "batter": 1,
                "extras": 0,
                "total": 1
              }
            },
            {
              "batter": "Aizaz Khan",
              "bowler": "Muhammad Wafiq",
              "non_striker": "Shahid Wasif",
              "runs": {
                "batter": 1,
                "extras": 0,
                "total": 1
              }
            },
            {
              "batter": "Shahid Wasif",
              "bowler": "Muhammad Wafiq",
              "non_striker": "Aizaz Khan",
              "runs": {
                "batter": 0,
                "extras": 0,
                "total": 0
              }
            },
            {
              "batter": "Shahid Wasif",
              "bowler": "Muhammad Wafiq",
              "non_striker": "Aizaz Khan",
              "runs": {
                "batter": 0,
                "extras": 0,
                "total": 0
              }
            }
          ]
        },
        {
          "over": 15,
          "deliveries": [
            {
              "batter": "Aizaz Khan",
              "bowler": "Fitri Sham",
              "non_striker": "Shahid Wasif",
              "runs": {
                "batter": 0,
                "extras": 0,
                "total": 0
              }
            },
            {
              "batter": "Aizaz Khan",
              "bowler": "Fitri Sham",
              "non_striker": "Shahid Wasif",
              "runs": {
                "batter": 0,
                "extras": 0,
                "total": 0
              }
            },
            {
              "batter": "Aizaz Khan",
              "bowler": "Fitri Sham",
              "non_striker": "Shahid Wasif",
              "runs": {
                "batter": 1,
                "extras": 0,
                "total": 1
              }
            },
            {
              "batter": "Shahid Wasif",
              "bowler": "Fitri Sham",
              "non_striker": "Aizaz Khan",
              "runs": {
                "batter": 1,
                "extras": 0,
                "total": 1
              }
            },
            {
              "batter": "Aizaz Khan",
              "bowler": "Fitri Sham",
              "non_striker": "Shahid Wasif",
              "runs": {
                "batter": 0,
                "extras": 0,
                "total": 0
              }
            },
            {
              "batter": "Aizaz Khan",
              "bowler": "Fitri Sham",
              "non_striker": "Shahid Wasif",
              "runs": {
                "batter": 2,
                "extras": 0,
                "total": 2
              }
            }
          ]
        },
        {
          "over": 16,
          "deliveries": [
            {
              "batter": "Shahid Wasif",
              "bowler": "Muhammad Wafiq",
              "non_striker": "Aizaz Khan",
              "runs": {
                "batter": 0,
                "extras": 0,
                "total": 0
              },
              "wickets": [
                {
                  "player_out": "Shahid Wasif",
                  "fielders": [
                    {
                      "name": "Muhammad Amir"
                    }
                  ],
                  "kind": "caught"
                }
              ]
            },
            {
              "batter": "Haroon Arshad",
              "bowler": "Muhammad Wafiq",
              "non_striker": "Aizaz Khan",
              "runs": {
                "batter": 0,
                "extras": 0,
                "total": 0
              }
            },
            {
              "batter": "Haroon Arshad",
              "bowler": "Muhammad Wafiq",
              "non_striker": "Aizaz Khan",
              "runs": {
                "batter": 0,
                "extras": 0,
                "total": 0
              }
            },
            {
              "batter": "Haroon Arshad",
              "bowler": "Muhammad Wafiq",
              "non_striker": "Aizaz Khan",
              "runs": {
                "batter": 0,
                "extras": 0,
                "total": 0
              }
            },
            {
              "batter": "Haroon Arshad",
              "bowler": "Muhammad Wafiq",
              "non_striker": "Aizaz Khan",
              "runs": {
                "batter": 1,
                "extras": 0,
                "total": 1
              }
            },
            {
              "batter": "Aizaz Khan",
              "bowler": "Muhammad Wafiq",
              "non_striker": "Haroon Arshad",
              "runs": {
                "batter": 0,
                "extras": 0,
                "total": 0
              }
            }
          ]
        },
        {
          "over": 17,
          "deliveries": [
            {
              "batter": "Haroon Arshad",
              "bowler": "Syazrul Idrus",
              "non_striker": "Aizaz Khan",
              "runs": {
                "batter": 0,
                "extras": 0,
                "total": 0
              }
            },
            {
              "batter": "Haroon Arshad",
              "bowler": "Syazrul Idrus",
              "non_striker": "Aizaz Khan",
              "runs": {
                "batter": 0,
                "extras": 0,
                "total": 0
              }
            },
            {
              "batter": "Haroon Arshad",
              "bowler": "Syazrul Idrus",
              "non_striker": "Aizaz Khan",
              "runs": {
                "batter": 0,
                "extras": 0,
                "total": 0
              }
            },
            {
              "batter": "Haroon Arshad",
              "bowler": "Syazrul Idrus",
              "non_striker": "Aizaz Khan",
              "runs": {
                "batter": 1,
                "extras": 0,
                "total": 1
              }
            },
            {
              "batter": "Aizaz Khan",
              "bowler": "Syazrul Idrus",
              "non_striker": "Haroon Arshad",
              "runs": {
                "batter": 6,
                "extras": 0,
                "total": 6
              }
            },
            {
              "batter": "Aizaz Khan",
              "bowler": "Syazrul Idrus",
              "non_striker": "Haroon Arshad",
              "runs": {
                "batter": 3,
                "extras": 0,
                "total": 3
              }
            }
          ]
        },
        {
          "over": 18,
          "deliveries": [
            {
              "batter": "Aizaz Khan",
              "bowler": "Rizwan Haider",
              "non_striker": "Haroon Arshad",
              "runs": {
                "batter": 6,
                "extras": 0,
                "total": 6
              }
            },
            {
              "batter": "Aizaz Khan",
              "bowler": "Rizwan Haider",
              "non_striker": "Haroon Arshad",
              "runs": {
                "batter": 6,
                "extras": 0,
                "total": 6
              }
            },
            {
              "batter": "Aizaz Khan",
              "bowler": "Rizwan Haider",
              "non_striker": "Haroon Arshad",
              "runs": {
                "batter": 4,
                "extras": 0,
                "total": 4
              }
            },
            {
              "batter": "Aizaz Khan",
              "bowler": "Rizwan Haider",
              "non_striker": "Haroon Arshad",
              "runs": {
                "batter": 1,
                "extras": 0,
                "total": 1
              }
            },
            {
              "batter": "Haroon Arshad",
              "bowler": "Rizwan Haider",
              "non_striker": "Aizaz Khan",
              "runs": {
                "batter": 0,
                "extras": 0,
                "total": 0
              }
            },
            {
              "batter": "Haroon Arshad",
              "bowler": "Rizwan Haider",
              "non_striker": "Aizaz Khan",
              "runs": {
                "batter": 1,
                "extras": 0,
                "total": 1
              }
            }
          ]
        },
        {
          "over": 19,
          "deliveries": [
            {
              "batter": "Haroon Arshad",
              "bowler": "Virandeep Singh",
              "non_striker": "Aizaz Khan",
              "runs": {
                "batter": 4,
                "extras": 0,
                "total": 4
              }
            }
          ]
        }
      ],
      "powerplays": [
        {
          "from": 0.1,
          "to": 5.6,
          "type": "mandatory"
        }
      ],
      "target": {
        "overs": 20,
        "runs": 96
      }
    }
  ]
}