{
  "meta": {
    "data_version": "1.1.0",
    "created": "2023-05-06",
    "revision": 2
  },
  "info": {
    "balls_per_over": 6,
    "city": "Gibraltar",
    "dates": [
      "2023-05-05"
    ],
    "event": {
      "name": "Gibraltar Tri-Nation T20I Series",
      "match_number": 4
    },
    "gender": "male",
    "match_type": "T20",
    "match_type_number": 2058,
    "missing": [
      "umpires"
    ],
    "outcome": {
      "winner": "Gibraltar",
      "by": {
        "runs": 43
      }
    },
    "overs": 20,
    "player_of_match": [
      "IDM Latin"
    ],
    "players": {
      "Gibraltar": [
        "BA Pai",
        "L Bruce",
        "IDM Latin",
        "KJ Stagno",
        "JA Fitzgerald",
        "J West",
        "K Nestor",
        "A Reyes",
        "S Bodha",
        "J Horrocks",
        "K Mirpuri"
      ],
      "Malta": [
        "DR Patankar",
        "Fanyan Mughal",
        "SSM Stanislaus",
        "N Khanna",
        "VP Thamotharam",
        "Aaftab Alam Khan",
        "Jaspal Singh",
        "Amar Sharma",
        "A Bishnoi",
        "Fazil Rahman",
        "Yash Singh"
      ]
    },
    "registry": {
      "people": {
        "A Bishnoi": "376557f7",
        "A Reyes": "fd2b8c06",
        "Aaftab Alam Khan": "9dbc77b3",
        "Amar Sharma": "14e1fdab",
        "BA Pai": "716bf559",
        "DR Patankar": "e661915c",
        "Fanyan Mughal": "e85bb4b3",
        "Fazil Rahman": "d18b7f34",
        "IDM Latin": "78f719ea",
        "J Horrocks": "1c8cd1c3",
        "J West": "1d1c6410",
        "JA Fitzgerald": "4e6ff836",
        "Jaspal Singh": "adca37a2",
        "K Mirpuri": "441006af",
        "K Nestor": "b89cde87",
        "KJ Stagno": "46ad7e01",
        "L Bruce": "2a03bd2f",
        "N Khanna": "0ec6a7c3",
        "S Bodha": "00467a76",
        "SSM Stanislaus": "34dd3fd9",
        "VP Thamotharam": "eb40ed89",
        "Yash Singh": "7adc2d68"
      }
    },
    "season": "2023",
    "team_type": "international",
    "teams": [
      "Gibraltar",
      "Malta"
    ],
    "toss": {
      "decision": "bat",
      "winner": "Gibraltar"
    },
    "venue": "Europa Sports Complex"
  },
  "innings": [
    {
      "team": "Gibraltar",
      "overs": [
        {
          "over": 0,
          "deliveries": [
            {
              "batter": "BA Pai",
              "bowler": "A Bishnoi",
              "non_striker": "L Bruce",
              "runs": {
                "batter": 1,
                "extras": 0,
                "total": 1
              }
            },
            {
              "batter": "L Bruce",
              "bowler": "A Bishnoi",
              "extras": {
                "wides": 1
              },
              "non_striker": "BA Pai",
              "runs": {
                "batter": 0,
                "extras": 1,
                "total": 1
              }
            },
            {
              "batter": "L Bruce",
              "bowler": "A Bishnoi",
              "extras": {
                "wides": 1
              },
              "non_striker": "BA Pai",
              "runs": {
                "batter": 0,
                "extras": 1,
                "total": 1
              }
            },
            {
              "batter": "L Bruce",
              "bowler": "A Bishnoi",
              "non_striker": "BA Pai",
              "runs": {
                "batter": 0,
                "extras": 0,
                "total": 0
              }
            },
            {
              "batter": "L Bruce",
              "bowler": "A Bishnoi",
              "extras": {
                "wides": 1
              },
              "non_striker": "BA Pai",
              "runs": {
                "batter": 0,
                "extras": 1,
                "total": 1
              }
            },
            {
              "batter": "L Bruce",
              "bowler": "A Bishnoi",
              "non_striker": "BA Pai",
              "runs": {
                "batter": 1,
                "extras": 0,
                "total": 1
              }
            },
            {
              "batter": "BA Pai",
              "bowler": "A Bishnoi",
              "non_striker": "L Bruce",
              "runs": {
                "batter": 4,
                "extras": 0,
                "total": 4
              }
            },
            {
              "batter": "BA Pai",
              "bowler": "A Bishnoi",
              "non_striker": "L Bruce",
              "runs": {
                "batter": 0,
                "extras": 0,
                "total": 0
              }
            },
            {
              "batter": "BA Pai",
              "bowler": "A Bishnoi",
              "non_striker": "L Bruce",
              "runs": {
                "batter": 2,
                "extras": 0,
                "total": 2
              }
            }
          ]
        },
        {
          "over": 1,
          "deliveries": [
            {
              "batter": "L Bruce",
              "bowler": "Fanyan Mughal",
              "extras": {
                "wides": 1
              },
              "non_striker": "BA Pai",
              "runs": {
                "batter": 0,
                "extras": 1,
                "total": 1
              }
            },
            {
              "batter": "L Bruce",
              "bowler": "Fanyan Mughal",
              "non_striker": "BA Pai",
              "runs": {
                "batter": 0,
                "extras": 0,
                "total": 0
              }
            },
            {
              "batter": "L Bruce",
              "bowler": "Fanyan Mughal",
              "non_striker": "BA Pai",
              "runs": {
                "batter": 0,
                "extras": 0,
                "total": 0
              }
            },
            {
              "batter": "L Bruce",
              "bowler": "Fanyan Mughal",
              "non_striker": "BA Pai",
              "runs": {
                "batter": 1,
                "extras": 0,
                "total": 1
              }
            },
            {
              "batter": "BA Pai",
              "bowler": "Fanyan Mughal",
              "non_striker": "L Bruce",
              "runs": {
                "batter": 0,
                "extras": 0,
                "total": 0
              }
            },
            {
              "batter": "BA Pai",
              "bowler": "Fanyan Mughal",
              "non_striker": "L Bruce",
              "runs": {
                "batter": 1,
                "extras": 0,
                "total": 1
              }
            },
            {
              "batter": "L Bruce",
              "bowler": "Fanyan Mughal",
              "non_striker": "BA Pai",
              "runs": {
                "batter": 0,
                "extras": 0,
                "total": 0
              }
            }
          ]
        },
        {
          "over": 2,
          "deliveries": [
            {
              "batter": "BA Pai",
              "bowler": "A Bishnoi",
              "non_striker": "L Bruce",
              "runs": {
                "batter": 0,
                "extras": 0,
                "total": 0
              }
            },
            {
              "batter": "BA Pai",
              "bowler": "A Bishnoi",
              "non_striker": "L Bruce",
              "runs": {
                "batter": 6,
                "extras": 0,
                "total": 6
              }
            },
            {
              "batter": "BA Pai",
              "bowler": "A Bishnoi",
              "extras": {
                "wides": 1
              },
              "non_striker": "L Bruce",
              "runs": {
                "batter": 0,
                "extras": 1,
                "total": 1
              }
            },
            {
              "batter": "BA Pai",
              "bowler": "A Bishnoi",
              "non_striker": "L Bruce",
              "runs": {
                "batter": 1,
                "extras": 0,
                "total": 1
              }
            },
            {
              "batter": "L Bruce",
              "bowler": "A Bishnoi",
              "non_striker": "BA Pai",
              "runs": {
                "batter": 4,
                "extras": 0,
                "total": 4
              }
            },
            {
              "batter": "L Bruce",
              "bowler": "A Bishnoi",
              "non_striker": "BA Pai",
              "runs": {
                "batter": 0,
                "extras": 0,
                "total": 0
              }
            },
            {
              "batter": "L Bruce",
              "bowler": "A Bishnoi",
              "non_striker": "BA Pai",
              "runs": {
                "batter": 0,
                "extras": 0,
                "total": 0
              }
            }
          ]
        },
        {
          "over": 3,
          "deliveries": [
            {
              "batter": "BA Pai",
              "bowler": "Fanyan Mughal",
              "extras": {
                "wides": 1
              },
              "non_striker": "L Bruce",
              "runs": {
                "batter": 0,
                "extras": 1,
                "total": 1
              }
            },
            {
              "batter": "BA Pai",
              "bowler": "Fanyan Mughal",
              "non_striker": "L Bruce",
              "runs": {
                "batter": 0,
                "extras": 0,
                "total": 0
              }
            },
            {
              "batter": "BA Pai",
              "bowler": "Fanyan Mughal",
              "non_striker": "L Bruce",
              "runs": {
                "batter": 1,
                "extras": 0,
                "total": 1
              }
            },
            {
              "batter": "L Bruce",
              "bowler": "Fanyan Mughal",
              "non_striker": "BA Pai",
              "runs": {
                "batter": 0,
                "extras": 0,
                "total": 0
              }
            },
            {
              "batter": "L Bruce",
              "bowler": "Fanyan Mughal",
              "non_striker": "BA Pai",
              "runs": {
                "batter": 1,
                "extras": 0,
                "total": 1
              }
            },
            {
              "batter": "BA Pai",
              "bowler": "Fanyan Mughal",
              "non_striker": "L Bruce",
              "runs": {
                "batter": 0,
                "extras": 0,
                "total": 0
              }
            },
            {
              "batter": "BA Pai",
              "bowler": "Fanyan Mughal",
              "non_striker": "L Bruce",
              "runs": {
                "batter": 1,
                "extras": 0,
                "total": 1
              }
            }
          ]
        },
        {
          "over": 4,
          "deliveries": [
            {
              "batter": "BA Pai",
              "bowler": "VP Thamotharam",
              "non_striker": "L Bruce",
              "runs": {
                "batter": 1,
                "extras": 0,
                "total": 1
              }
            },
            {
              "batter": "L Bruce",
              "bowler": "VP Thamotharam",
              "non_striker": "BA Pai",
              "runs": {
                "batter": 4,
                "extras": 0,
                "total": 4
              }
            },
            {
              "batter": "L Bruce",
              "bowler": "VP Thamotharam",
              "non_striker": "BA Pai",
              "runs": {
                "batter": 1,
                "extras": 0,
                "total": 1
              }
            },
            {
              "batter": "BA Pai",
              "bowler": "VP Thamotharam",
              "non_striker": "L Bruce",
              "runs": {
                "batter": 0,
                "extras": 0,
                "total": 0
              }
            },
            {
              "batter": "BA Pai",
              "bowler": "VP Thamotharam",
              "extras": {
                "wides": 1
              },
              "non_striker": "L Bruce",
              "runs": {
                "batter": 0,
                "extras": 1,
                "total": 1
              }
            },
            {
              "batter": "BA Pai",
              "bowler": "VP Thamotharam",
              "non_striker": "L Bruce",
              "runs": {
                "batter": 0,
                "extras": 0,
                "total": 0
              }
            },
            {
              "batter": "BA Pai",
              "bowler": "VP Thamotharam",
              "non_striker": "L Bruce",
              "runs": {
                "batter": 1,
                "extras": 0,
                "total": 1
              }
            }
          ]
        },
        {
          "over": 5,
          "deliveries": [
            {
              "batter": "BA Pai",
              "bowler": "Fazil Rahman",
              "non_striker": "L Bruce",
              "runs": {
                "batter": 0,
                "extras": 0,
                "total": 0
              }
            },
            {
              "batter": "BA Pai",
              "bowler": "Fazil Rahman",
              "non_striker": "L Bruce",
              "runs": {
                "batter": 2,
                "extras": 0,
                "total": 2
              }
            },
            {
              "batter": "BA Pai",
              "bowler": "Fazil Rahman",
              "non_striker": "L Bruce",
              "runs": {
                "batter": 2,
                "extras": 0,
                "total": 2
              }
            },
            {
              "batter": "BA Pai",
              "bowler": "Fazil Rahman",
              "non_striker": "L Bruce",
              "runs": {
                "batter": 1,
                "extras": 0,
                "total": 1
              }
            },
            {
              "batter": "L Bruce",
              "bowler": "Fazil Rahman",
              "non_striker": "BA Pai",
              "runs": {
                "batter": 1,
                "extras": 0,
                "total": 1
              }
            },
            {
              "batter": "BA Pai",
              "bowler": "Fazil Rahman",
              "non_striker": "L Bruce",
              "runs": {
                "batter": 0,
                "extras": 0,
                "total": 0
              }
            }
          ]
        },
        {
          "over": 6,
          "deliveries": [
            {
              "batter": "L Bruce",
              "bowler": "Yash Singh",
              "non_striker": "BA Pai",
              "runs": {
                "batter": 1,
                "extras": 0,
                "total": 1
              }
            },
            {
              "batter": "BA Pai",
              "bowler": "Yash Singh",
              "non_striker": "L Bruce",
              "runs": {
                "batter": 1,
                "extras": 0,
                "total": 1
              }
            },
            {
              "batter": "L Bruce",
              "bowler": "Yash Singh",
              "extras": {
                "wides": 1
              },
              "non_striker": "BA Pai",
              "runs": {
                "batter": 0,
                "extras": 1,
                "total": 1
              }
            },
            {
              "batter": "L Bruce",
              "bowler": "Yash Singh",
              "non_striker": "BA Pai",
              "runs": {
                "batter": 0,
                "extras": 0,
                "total": 0
              }
            },
            {
              "batter": "L Bruce",
              "bowler": "Yash Singh",
              "non_striker": "BA Pai",
              "runs": {
                "batter": 1,
                "extras": 0,
                "total": 1
              }
            },
            {
              "batter": "BA Pai",
              "bowler": "Yash Singh",
              "non_striker": "L Bruce",
              "runs": {
                "batter": 1,
                "extras": 0,
                "total": 1
              }
            },
            {
              "batter": "L Bruce",
              "bowler": "Yash Singh",
              "non_striker": "BA Pai",
              "runs": {
                "batter": 0,
                "extras": 0,
                "total": 0
              },
              "wickets": [
                {
                  "player_out": "L Bruce",
                  "fielders": [
                    {
                      "name": "DR Patankar"
                    }
                  ],
                  "kind": "caught"
                }
              ]
            }
          ]
        },
        {
          "over": 7,
          "deliveries": [
            {
              "batter": "BA Pai",
              "bowler": "Amar Sharma",
              "non_striker": "IDM Latin",
              "runs": {
                "batter": 0,
                "extras": 0,
                "total": 0
              }
            },
            {
              "batter": "BA Pai",
              "bowler": "Amar Sharma",
              "non_striker": "IDM Latin",
              "runs": {
                "batter": 1,
                "extras": 0,
                "total": 1
              }
            },
            {
              "batter": "IDM Latin",
              "bowler": "Amar Sharma",
              "extras": {
                "wides": 1
              },
              "non_striker": "BA Pai",
              "runs": {
                "batter": 0,
                "extras": 1,
                "total": 1
              }
            },
            {
              "batter": "IDM Latin",
              "bowler": "Amar Sharma",
              "non_striker": "BA Pai",
              "runs": {
                "batter": 4,
                "extras": 0,
                "total": 4
              }
            },
            {
              "batter": "IDM Latin",
              "bowler": "Amar Sharma",
              "non_striker": "BA Pai",
              "runs": {
                "batter": 0,
                "extras": 0,
                "total": 0
              }
            },
            {
              "batter": "IDM Latin",
              "bowler": "Amar Sharma",
              "non_striker": "BA Pai",
              "runs": {
                "batter": 0,
                "extras": 0,
                "total": 0
              }
            },
            {
              "batter": "IDM Latin",
              "bowler": "Amar Sharma",
              "non_striker": "BA Pai",
              "runs": {
                "batter": 0,
                "extras": 0,
                "total": 0
              }
            }
          ]
        },
        {
          "over": 8,
          "deliveries": [
            {
              "batter": "BA Pai",
              "bowler": "Yash Singh",
              "non_striker": "IDM Latin",
              "runs": {
                "batter": 0,
                "extras": 0,
                "total": 0
              }
            },
            {
              "batter": "BA Pai",
              "bowler": "Yash Singh",
              "non_striker": "IDM Latin",
              "runs": {
                "batter": 1,
                "extras": 0,
                "total": 1
              }
            },
            {
              "batter": "IDM Latin",
              "bowler": "Yash Singh",
              "non_striker": "BA Pai",
              "runs": {
                "batter": 0,
                "extras": 0,
                "total": 0
              }
            },
            {
              "batter": "IDM Latin",
              "bowler": "Yash Singh",
              "non_striker": "BA Pai",
              "runs": {
                "batter": 0,
                "extras": 0,
                "total": 0
              }
            },
            {
              "batter": "IDM Latin",
              "bowler": "Yash Singh",
              "non_striker": "BA Pai",
              "runs": {
                "batter": 1,
                "extras": 0,
                "total": 1
              }
            },
            {
              "batter": "BA Pai",
              "bowler": "Yash Singh",
              "non_striker": "IDM Latin",
              "runs": {
                "batter": 1,
                "extras": 0,
                "total": 1
              }
            }
          ]
        },
        {
          "over": 9,
          "deliveries": [
            {
              "batter": "BA Pai",
              "bowler": "Amar Sharma",
              "non_striker": "IDM Latin",
              "runs": {
                "batter": 0,
                "extras": 0,
                "total": 0
              }
            },
            {
              "batter": "BA Pai",
              "bowler": "Amar Sharma",
              "non_striker": "IDM Latin",
              "runs": {
                "batter": 0,
                "extras": 0,
                "total": 0
              },
              "wickets": [
                {
                  "player_out": "BA Pai",
                  "fielders": [
                    {
                      "name": "VP Thamotharam"
                    }
                  ],
                  "kind": "caught"
                }
              ]
            },
            {
              "batter": "KJ Stagno",
              "bowler": "Amar Sharma",
              "non_striker": "IDM Latin",
              "runs": {
                "batter": 1,
                "extras": 0,
                "total": 1
              }
            },
            {
              "batter": "IDM Latin",
              "bowler": "Amar Sharma",
              "non_striker": "KJ Stagno",
              "runs": {
                "batter": 0,
                "extras": 0,
                "total": 0
              }
            },
            {
              "batter": "IDM Latin",
              "bowler": "Amar Sharma",
              "non_striker": "KJ Stagno",
              "runs": {
                "batter": 6,
                "extras": 0,
                "total": 6
              }
            },
            {
              "batter": "IDM Latin",
              "bowler": "Amar Sharma",
              "non_striker": "KJ Stagno",
              "runs": {
                "batter": 1,
                "extras": 0,
                "total": 1
              }
            }
          ]
        },
        {
          "over": 10,
          "deliveries": [
            {
              "batter": "IDM Latin",
              "bowler": "Yash Singh",
              "non_striker": "KJ Stagno",
              "runs": {
                "batter": 0,
                "extras": 0,
                "total": 0
              }
            },
            {
              "batter": "IDM Latin",
              "bowler": "Yash Singh",
              "non_striker": "KJ Stagno",
              "runs": {
                "batter": 1,
                "extras": 0,
                "total": 1
              }
            },
            {
              "batter": "KJ Stagno",
              "bowler": "Yash Singh",
              "extras": {
                "wides": 1
              },
              "non_striker": "IDM Latin",
              "runs": {
                "batter": 0,
                "extras": 1,
                "total": 1
              }
            },
            {
              "batter": "KJ Stagno",
              "bowler": "Yash Singh",
              "non_striker": "IDM Latin",
              "runs": {
                "batter": 1,
                "extras": 0,
                "total": 1
              }
            },
            {
              "batter": "IDM Latin",
              "bowler": "Yash Singh",
              "non_striker": "KJ Stagno",
              "runs": {
                "batter": 2,
                "extras": 0,
                "total": 2
              }
            },
            {
              "batter": "IDM Latin",
              "bowler": "Yash Singh",
              "non_striker": "KJ Stagno",
              "runs": {
                "batter": 1,
                "extras": 0,
                "total": 1
              }
            },
            {
              "batter": "KJ Stagno",
              "bowler": "Yash Singh",
              "non_striker": "IDM Latin",
              "runs": {
                "batter": 0,
                "extras": 0,
                "total": 0
              }
            }
          ]
        },
        {
          "over": 11,
          "deliveries": [
            {
              "batter": "IDM Latin",
              "bowler": "Amar Sharma",
              "non_striker": "KJ Stagno",
              "runs": {
                "batter": 6,
                "extras": 0,
                "total": 6
              }
            },
            {
              "batter": "IDM Latin",
              "bowler": "Amar Sharma",
              "non_striker": "KJ Stagno",
              "runs": {
                "batter": 4,
                "extras": 0,
                "total": 4
              }
            },
            {
              "batter": "IDM Latin",
              "bowler": "Amar Sharma",
              "non_striker": "KJ Stagno",
              "runs": {
                "batter": 1,
                "extras": 0,
                "total": 1
              }
            },
            {
              "batter": "KJ Stagno",
              "bowler": "Amar Sharma",
              "non_striker": "IDM Latin",
              "runs": {
                "batter": 2,
                "extras": 0,
                "total": 2
              }
            },
            {
              "batter": "KJ Stagno",
              "bowler": "Amar Sharma",
              "non_striker": "IDM Latin",
              "runs": {
                "batter": 1,
                "extras": 0,
                "total": 1
              }
            },
            {
              "batter": "IDM Latin",
              "bowler": "Amar Sharma",
              "non_striker": "KJ Stagno",
              "runs": {
                "batter": 1,
                "extras": 0,
                "total": 1
              }
            }
          ]
        },
        {
          "over": 12,
          "deliveries": [
            {
              "batter": "IDM Latin",
              "bowler": "Yash Singh",
              "non_striker": "KJ Stagno",
              "runs": {
                "batter": 1,
                "extras": 0,
                "total": 1
              }
            },
            {
              "batter": "KJ Stagno",
              "bowler": "Yash Singh",
              "non_striker": "IDM Latin",
              "runs": {
                "batter": 1,
                "extras": 0,
                "total": 1
              }
            },
            {
              "batter": "IDM Latin",
              "bowler": "Yash Singh",
              "non_striker": "KJ Stagno",
              "runs": {
                "batter": 4,
                "extras": 0,
                "total": 4
              }
            },
            {
              "batter": "IDM Latin",
              "bowler": "Yash Singh",
              "non_striker": "KJ Stagno",
              "runs": {
                "batter": 1,
                "extras": 0,
                "total": 1
              }
            },
            {
              "batter": "KJ Stagno",
              "bowler": "Yash Singh",
              "non_striker": "IDM Latin",
              "runs": {
                "batter": 1,
                "extras": 0,
                "total": 1
              }
            },
            {
              "batter": "IDM Latin",
              "bowler": "Yash Singh",
              "non_striker": "KJ Stagno",
              "runs": {
                "batter": 4,
                "extras": 0,
                "total": 4
              }
            }
          ]
        },
        {
          "over": 13,
          "deliveries": [
            {
              "batter": "KJ Stagno",
              "bowler": "VP Thamotharam",
              "non_striker": "IDM Latin",
              "runs": {
                "batter": 1,
                "extras": 0,
                "total": 1
              }
            },
            {
              "batter": "IDM Latin",
              "bowler": "VP Thamotharam",
              "non_striker": "KJ Stagno",
              "runs": {
                "batter": 1,
                "extras": 0,
                "total": 1
              }
            },
            {
              "batter": "KJ Stagno",
              "bowler": "VP Thamotharam",
              "non_striker": "IDM Latin",
              "runs": {
                "batter": 1,
                "extras": 0,
                "total": 1
              }
            },
            {
              "batter": "IDM Latin",
              "bowler": "VP Thamotharam",
              "non_striker": "KJ Stagno",
              "runs": {
                "batter": 6,
                "extras": 0,
                "total": 6
              }
            },
            {
              "batter": "IDM Latin",
              "bowler": "VP Thamotharam",
              "non_striker": "KJ Stagno",
              "runs": {
                "batter": 1,
                "extras": 0,
                "total": 1
              }
            },
            {
              "batter": "KJ Stagno",
              "bowler": "VP Thamotharam",
              "non_striker": "IDM Latin",
              "runs": {
                "batter": 4,
                "extras": 0,
                "total": 4
              }
            }
          ]
        },
        {
          "over": 14,
          "deliveries": [
            {
              "batter": "IDM Latin",
              "bowler": "Amar Sharma",
              "non_striker": "KJ Stagno",
              "runs": {
                "batter": 0,
                "extras": 0,
                "total": 0
              }
            },
            {
              "batter": "IDM Latin",
              "bowler": "Amar Sharma",
              "non_striker": "KJ Stagno",
              "runs": {
                "batter": 0,
                "extras": 0,
                "total": 0
              }
            },
            {
              "batter": "IDM Latin",
              "bowler": "Amar Sharma",
              "non_striker": "KJ Stagno",
              "runs": {
                "batter": 6,
                "extras": 0,
                "total": 6
              }
            },
            {
              "batter": "IDM Latin",
              "bowler": "Amar Sharma",
              "non_striker": "KJ Stagno",
              "runs": {
                "batter": 0,
                "extras": 0,
                "total": 0
              }
            },
            {
              "batter": "IDM Latin",
              "bowler": "Amar Sharma",
              "non_striker": "KJ Stagno",
              "runs": {
                "batter": 1,
                "extras": 0,
                "total": 1
              }
            },
            {
              "batter": "KJ Stagno",
              "bowler": "Amar Sharma",
              "non_striker": "IDM Latin",
              "runs": {
                "batter": 6,
                "extras": 0,
                "total": 6
              }
            }
          ]
        },
        {
          "over": 15,
          "deliveries": [
            {
              "batter": "IDM Latin",
              "bowler": "Fazil Rahman",
              "non_striker": "KJ Stagno",
              "runs": {
                "batter": 2,
                "extras": 0,
                "total": 2
              }
            },
            {
              "batter": "IDM Latin",
              "bowler": "Fazil Rahman",
              "non_striker": "KJ Stagno",
              "runs": {
                "batter": 3,
                "extras": 0,
                "total": 3
              }
            },
            {
              "batter": "KJ Stagno",
              "bowler": "Fazil Rahman",
              "non_striker": "IDM Latin",
              "runs": {
                "batter": 1,
                "extras": 0,
                "total": 1
              }
            },
            {
              "batter": "IDM Latin",
              "bowler": "Fazil Rahman",
              "non_striker": "KJ Stagno",
              "runs": {
                "batter": 0,
                "extras": 0,
                "total": 0
              }
            },
            {
              "batter": "IDM Latin",
              "bowler": "Fazil Rahman",
              "non_striker": "KJ Stagno",
              "runs": {
                "batter": 1,
                "extras": 0,
                "total": 1
              }
            },
            {
              "batter": "KJ Stagno",
              "bowler": "Fazil Rahman",
              "non_striker": "IDM Latin",
              "runs": {
                "batter": 4,
                "extras": 0,
                "total": 4
              }
            }
          ]
        },
        {
          "over": 16,
          "deliveries": [
            {
              "batter": "IDM Latin",
              "bowler": "A Bishnoi",
              "non_striker": "KJ Stagno",
              "runs": {
                "batter": 4,
                "extras": 0,
                "total": 4
              }
            },
            {
              "batter": "IDM Latin",
              "bowler": "A Bishnoi",
              "non_striker": "KJ Stagno",
              "runs": {
                "batter": 4,
                "extras": 0,
                "total": 4
              }
            },
            {
              "batter": "IDM Latin",
              "bowler": "A Bishnoi",
              "non_striker": "KJ Stagno",
              "runs": {
                "batter": 2,
                "extras": 0,
                "total": 2
              }
            },
            {
              "batter": "IDM Latin",
              "bowler": "A Bishnoi",
              "extras": {
                "noballs": 1
              },
              "non_striker": "KJ Stagno",
              "runs": {
                "batter": 0,
                "extras": 1,
                "total": 1
              }
            },
            {
              "batter": "IDM Latin",
              "bowler": "A Bishnoi",
              "non_striker": "KJ Stagno",
              "runs": {
                "batter": 2,
                "extras": 0,
                "total": 2
              }
            },
            {
              "batter": "IDM Latin",
              "bowler": "A Bishnoi",
              "non_striker": "KJ Stagno",
              "runs": {
                "batter": 6,
                "extras": 0,
                "total": 6
              }
            },
            {
              "batter": "IDM Latin",
              "bowler": "A Bishnoi",
              "non_striker": "KJ Stagno",
              "runs": {
                "batter": 6,
                "extras": 0,
                "total": 6
              }
            }
          ]
        },
        {
          "over": 17,
          "deliveries": [
            {
              "batter": "KJ Stagno",
              "bowler": "Fazil Rahman",
              "non_striker": "IDM Latin",
              "runs": {
                "batter": 0,
                "extras": 0,
                "total": 0
              }
            },
            {
              "batter": "KJ Stagno",
              "bowler": "Fazil Rahman",
              "extras": {
                "legbyes": 1
              },
              "non_striker": "IDM Latin",
              "runs": {
                "batter": 0,
                "extras": 1,
                "total": 1
              }
            },
            {
              "batter": "IDM Latin",
              "bowler": "Fazil Rahman",
              "non_striker": "KJ Stagno",
              "runs": {
                "batter": 1,
                "extras": 0,
                "total": 1
              }
            },
            {
              "batter": "KJ Stagno",
              "bowler": "Fazil Rahman",
              "extras": {
                "legbyes": 1
              },
              "non_striker": "IDM Latin",
              "runs": {
                "batter": 0,
                "extras": 1,
                "total": 1
              }
            },
            {
              "batter": "IDM Latin",
              "bowler": "Fazil Rahman",
              "non_striker": "KJ Stagno",
              "runs": {
                "batter": 1,
                "extras": 0,
                "total": 1
              }
            },
            {
              "batter": "KJ Stagno",
              "bowler": "Fazil Rahman",
              "non_striker": "IDM Latin",
              "runs": {
                "batter": 0,
                "extras": 0,
                "total": 0
              },
              "wickets": [
                {
                  "player_out": "KJ Stagno",
                  "fielders": [
                    {
                      "name": "DR Patankar"
                    }
                  ],
                  "kind": "run out"
                }
              ]
            }
          ]
        },
        {
          "over": 18,
          "deliveries": [
            {
              "batter": "IDM Latin",
              "bowler": "VP Thamotharam",
              "non_striker": "JA Fitzgerald",
              "runs": {
                "batter": 4,
                "extras": 0,
                "total": 4
              }
            },
            {
              "batter": "IDM Latin",
              "bowler": "VP Thamotharam",
              "non_striker": "JA Fitzgerald",
              "runs": {
                "batter": 0,
                "extras": 0,
                "total": 0
              }
            },
            {
              "batter": "IDM Latin",
              "bowler": "VP Thamotharam",
              "non_striker": "JA Fitzgerald",
              "runs": {
                "batter": 0,
                "extras": 0,
                "total": 0
              }
            },
            {
              "batter": "IDM Latin",
              "bowler": "VP Thamotharam",
              "non_striker": "JA Fitzgerald",
              "runs": {
                "batter": 0,
                "extras": 0,
                "total": 0
              },
              "wickets": [
                {
                  "player_out": "IDM Latin",
                  "fielders": [
                    {
                      "name": "Amar Sharma"
                    }
                  ],
                  "kind": "caught"
                }
              ]
            },
            {
              "batter": "J West",
              "bowler": "VP Thamotharam",
              "non_striker": "JA Fitzgerald",
              "runs": {
                "batter": 1,
                "extras": 0,
                "total": 1
              }
            },
            {
              "batter": "JA Fitzgerald",
              "bowler": "VP Thamotharam",
              "non_striker": "J West",
              "runs": {
                "batter": 1,
                "extras": 0,
                "total": 1
              }
            }
          ]
        },
        {
          "over": 19,
          "deliveries": [
            {
              "batter": "JA Fitzgerald",
              "bowler": "Fazil Rahman",
              "non_striker": "J West",
              "runs": {
                "batter": 0,
                "extras": 0,
                "total": 0
              }
            },
            {
              "batter": "JA Fitzgerald",
              "bowler": "Fazil Rahman",
              "non_striker": "J West",
              "runs": {
                "batter": 1,
                "extras": 0,
                "total": 1
              }
            },
            {
              "batter": "J West",
              "bowler": "Fazil Rahman",
              "non_striker": "JA Fitzgerald",
              "runs": {
                "batter": 0,
                "extras": 0,
                "total": 0
              }
            },
            {
              "batter": "J West",
              "bowler": "Fazil Rahman",
              "non_striker": "JA Fitzgerald",
              "runs": {
                "batter": 0,
                "extras": 0,
                "total": 0
              }
            },
            {
              "batter": "J West",
              "bowler": "Fazil Rahman",
              "non_striker": "JA Fitzgerald",
              "runs": {
                "batter": 1,
                "extras": 0,
                "total": 1
              },
              "wickets": [
                {
                  "player_out": "J West",
                  "fielders": [
                    {
                      "name": "A Bishnoi"
                    },
                    {
                      "name": "Fazil Rahman"
                    }
                  ],
                  "kind": "run out"
                }
              ]
            },
            {
              "batter": "JA Fitzgerald",
              "bowler": "Fazil Rahman",
              "non_striker": "K Nestor",
              "runs": {
                "batter": 2,
                "extras": 0,
                "total": 2
              }
            }
          ]
        }
      ],
      "powerplays": [
        {
          "from": 0.1,
          "to": 5.6,
          "type": "mandatory"
        }
      ]
    },
    {
      "team": "Malta",
      "overs": [
        {
          "over": 0,
          "deliveries": [
            {
              "batter": "DR Patankar",
              "bowler": "JA Fitzgerald",
              "extras": {
                "wides": 1
              },
              "non_striker": "Fanyan Mughal",
              "runs": {
                "batter": 0,
                "extras": 1,
                "total": 1
              }
            },
            {
              "batter": "DR Patankar",
              "bowler": "JA Fitzgerald",
              "extras": {
                "wides": 1
              },
              "non_striker": "Fanyan Mughal",
              "runs": {
                "batter": 0,
                "extras": 1,
                "total": 1
              }
            },
            {
              "batter": "DR Patankar",
              "bowler": "JA Fitzgerald",
              "non_striker": "Fanyan Mughal",
              "runs": {
                "batter": 1,
                "extras": 0,
                "total": 1
              }
            },
            {
              "batter": "Fanyan Mughal",
              "bowler": "JA Fitzgerald",
              "non_striker": "DR Patankar",
              "runs": {
                "batter": 0,
                "extras": 0,
                "total": 0
              }
            },
            {
              "batter": "Fanyan Mughal",
              "bowler": "JA Fitzgerald",
              "non_striker": "DR Patankar",
              "runs": {
                "batter": 4,
                "extras": 0,
                "total": 4
              }
            },
            {
              "batter": "Fanyan Mughal",
              "bowler": "JA Fitzgerald",
              "non_striker": "DR Patankar",
              "runs": {
                "batter": 1,
                "extras": 0,
                "total": 1
              }
            },
            {
              "batter": "DR Patankar",
              "bowler": "JA Fitzgerald",
              "extras": {
                "wides": 1
              },
              "non_striker": "Fanyan Mughal",
              "runs": {
                "batter": 0,
                "extras": 1,
                "total": 1
              }
            },
            {
              "batter": "DR Patankar",
              "bowler": "JA Fitzgerald",
              "extras": {
                "wides": 1
              },
              "non_striker": "Fanyan Mughal",
              "runs": {
                "batter": 0,
                "extras": 1,
                "total": 1
              }
            },
            {
              "batter": "DR Patankar",
              "bowler": "JA Fitzgerald",
              "non_striker": "Fanyan Mughal",
              "runs": {
                "batter": 0,
                "extras": 0,
                "total": 0
              }
            },
            {
              "batter": "DR Patankar",
              "bowler": "JA Fitzgerald",
              "non_striker": "Fanyan Mughal",
              "runs": {
                "batter": 4,
                "extras": 0,
                "total": 4
              }
            }
          ]
        },
        {
          "over": 1,
          "deliveries": [
            {
              "batter": "Fanyan Mughal",
              "bowler": "BA Pai",
              "non_striker": "DR Patankar",
              "runs": {
                "batter": 0,
                "extras": 0,
                "total": 0
              }
            },
            {
              "batter": "Fanyan Mughal",
              "bowler": "BA Pai",
              "non_striker": "DR Patankar",
              "runs": {
                "batter": 1,
                "extras": 0,
                "total": 1
              }
            },
            {
              "batter": "DR Patankar",
              "bowler": "BA Pai",
              "non_striker": "Fanyan Mughal",
              "runs": {
                "batter": 0,
                "extras": 0,
                "total": 0
              }
            },
            {
              "batter": "DR Patankar",
              "bowler": "BA Pai",
              "non_striker": "Fanyan Mughal",
              "runs": {
                "batter": 0,
                "extras": 0,
                "total": 0
              },
              "wickets": [
                {
                  "player_out": "DR Patankar",
                  "fielders": [
                    {
                      "name": "K Mirpuri"
                    }
                  ],
                  "kind": "caught"
                }
              ]
            },
            {
              "batter": "SSM Stanislaus",
              "bowler": "BA Pai",
              "non_striker": "Fanyan Mughal",
              "runs": {
                "batter": 0,
                "extras": 0,
                "total": 0
              }
            },
            {
              "batter": "SSM Stanislaus",
              "bowler": "BA Pai",
              "non_striker": "Fanyan Mughal",
              "runs": {
                "batter": 1,
                "extras": 0,
                "total": 1
              }
            }
          ]
        },
        {
          "over": 2,
          "deliveries": [
            {
              "batter": "SSM Stanislaus",
              "bowler": "J Horrocks",
              "non_striker": "Fanyan Mughal",
              "runs": {
                "batter": 1,
                "extras": 0,
                "total": 1
              }
            },
            {
              "batter": "Fanyan Mughal",
              "bowler": "J Horrocks",
              "non_striker": "SSM Stanislaus",
              "runs": {
                "batter": 6,
                "extras": 0,
                "total": 6
              }
            },
            {
              "batter": "Fanyan Mughal",
              "bowler": "J Horrocks",
              "non_striker": "SSM Stanislaus",
              "runs": {
                "batter": 1,
                "extras": 0,
                "total": 1
              }
            },
            {
              "batter": "SSM Stanislaus",
              "bowler": "J Horrocks",
              "non_striker": "Fanyan Mughal",
              "runs": {
                "batter": 1,
                "extras": 0,
                "total": 1
              }
            },
            {
              "batter": "Fanyan Mughal",
              "bowler": "J Horrocks",
              "non_striker": "SSM Stanislaus",
              "runs": {
                "batter": 0,
                "extras": 0,
                "total": 0
              }
            },
            {
              "batter": "Fanyan Mughal",
              "bowler": "J Horrocks",
              "non_striker": "SSM Stanislaus",
              "runs": {
                "batter": 4,
                "extras": 0,
                "total": 4
              }
            }
          ]
        },
        {
          "over": 3,
          "deliveries": [
            {
              "batter": "SSM Stanislaus",
              "bowler": "BA Pai",
              "non_striker": "Fanyan Mughal",
              "runs": {
                "batter": 0,
                "extras": 0,
                "total": 0
              }
            },
            {
              "batter": "SSM Stanislaus",
              "bowler": "BA Pai",
              "non_striker": "Fanyan Mughal",
              "runs": {
                "batter": 1,
                "extras": 0,
                "total": 1
              }
            },
            {
              "batter": "Fanyan Mughal",
              "bowler": "BA Pai",
              "non_striker": "SSM Stanislaus",
              "runs": {
                "batter": 0,
                "extras": 0,
                "total": 0
              }
            },
            {
              "batter": "Fanyan Mughal",
              "bowler": "BA Pai",
              "non_striker": "SSM Stanislaus",
              "runs": {
                "batter": 0,
                "extras": 0,
                "total": 0
              }
            },
            {
              "batter": "Fanyan Mughal",
              "bowler": "BA Pai",
              "non_striker": "SSM Stanislaus",
              "runs": {
                "batter": 0,
                "extras": 0,
                "total": 0
              },
              "wickets": [
                {
                  "player_out": "Fanyan Mughal",
                  "fielders": [
                    {
                      "name": "KJ Stagno"
                    }
                  ],
                  "kind": "caught"
                }
              ]
            },
            {
              "batter": "N Khanna",
              "bowler": "BA Pai",
              "non_striker": "SSM Stanislaus",
              "runs": {
                "batter": 0,
                "extras": 0,
                "total": 0
              }
            }
          ]
        },
        {
          "over": 4,
          "deliveries": [
            {
              "batter": "SSM Stanislaus",
              "bowler": "L Bruce",
              "non_striker": "N Khanna",
              "runs": {
                "batter": 1,
                "extras": 0,
                "total": 1
              }
            },
            {
              "batter": "N Khanna",
              "bowler": "L Bruce",
              "non_striker": "SSM Stanislaus",
              "runs": {
                "batter": 0,
                "extras": 0,
                "total": 0
              },
              "wickets": [
                {
                  "player_out": "N Khanna",
                  "fielders": [
                    {
                      "name": "KJ Stagno"
                    }
                  ],
                  "kind": "caught"
                }
              ]
            },
            {
              "batter": "VP Thamotharam",
              "bowler": "L Bruce",
              "non_striker": "SSM Stanislaus",
              "runs": {
                "batter": 0,
                "extras": 0,
                "total": 0
              }
            },
            {
              "batter": "VP Thamotharam",
              "bowler": "L Bruce",
              "non_striker": "SSM Stanislaus",
              "runs": {
                "batter": 0,
                "extras": 0,
                "total": 0
              }
            },
            {
              "batter": "VP Thamotharam",
              "bowler": "L Bruce",
              "non_striker": "SSM Stanislaus",
              "runs": {
                "batter": 4,
                "extras": 0,
                "total": 4
              }
            },
            {
              "batter": "VP Thamotharam",
              "bowler": "L Bruce",
              "non_striker": "SSM Stanislaus",
              "runs": {
                "batter": 1,
                "extras": 0,
                "total": 1
              }
            }
          ]
        },
        {
          "over": 5,
          "deliveries": [
            {
              "batter": "VP Thamotharam",
              "bowler": "JA Fitzgerald",
              "non_striker": "SSM Stanislaus",
              "runs": {
                "batter": 0,
                "extras": 0,
                "total": 0
              }
            },
            {
              "batter": "VP Thamotharam",
              "bowler": "JA Fitzgerald",
              "non_striker": "SSM Stanislaus",
              "runs": {
                "batter": 1,
                "extras": 0,
                "total": 1
              }
            },
            {
              "batter": "SSM Stanislaus",
              "bowler": "JA Fitzgerald",
              "extras": {
                "wides": 1
              },
              "non_striker": "VP Thamotharam",
              "runs": {
                "batter": 0,
                "extras": 1,
                "total": 1
              }
            },
            {
              "batter": "SSM Stanislaus",
              "bowler": "JA Fitzgerald",
              "non_striker": "VP Thamotharam",
              "runs": {
                "batter": 1,
                "extras": 0,
                "total": 1
              }
            },
            {
              "batter": "VP Thamotharam",
              "bowler": "JA Fitzgerald",
              "non_striker": "SSM Stanislaus",
              "runs": {
                "batter": 0,
                "extras": 0,
                "total": 0
              }
            },
            {
              "batter": "VP Thamotharam",
              "bowler": "JA Fitzgerald",
              "non_striker": "SSM Stanislaus",
              "runs": {
                "batter": 0,
                "extras": 0,
                "total": 0
              }
            },
            {
              "batter": "VP Thamotharam",
              "bowler": "JA Fitzgerald",
              "extras": {
                "wides": 1
              },
              "non_striker": "SSM Stanislaus",
              "runs": {
                "batter": 0,
                "extras": 1,
                "total": 1
              }
            },
            {
              "batter": "VP Thamotharam",
              "bowler": "JA Fitzgerald",
              "non_striker": "SSM Stanislaus",
              "runs": {
                "batter": 0,
                "extras": 0,
                "total": 0
              }
            }
          ]
        },
        {
          "over": 6,
          "deliveries": [
            {
              "batter": "SSM Stanislaus",
              "bowler": "K Mirpuri",
              "non_striker": "VP Thamotharam",
              "runs": {
                "batter": 0,
                "extras": 0,
                "total": 0
              }
            },
            {
              "batter": "SSM Stanislaus",
              "bowler": "K Mirpuri",
              "non_striker": "VP Thamotharam",
              "runs": {
                "batter": 0,
                "extras": 0,
                "total": 0
              }
            },
            {
              "batter": "SSM Stanislaus",
              "bowler": "K Mirpuri",
              "non_striker": "VP Thamotharam",
              "runs": {
                "batter": 0,
                "extras": 0,
                "total": 0
              }
            },
            {
              "batter": "SSM Stanislaus",
              "bowler": "K Mirpuri",
              "non_striker": "VP Thamotharam",
              "runs": {
                "batter": 0,
                "extras": 0,
                "total": 0
              }
            },
            {
              "batter": "SSM Stanislaus",
              "bowler": "K Mirpuri",
              "non_striker": "VP Thamotharam",
              "runs": {
                "batter": 2,
                "extras": 0,
                "total": 2
              }
            },
            {
              "batter": "SSM Stanislaus",
              "bowler": "K Mirpuri",
              "non_striker": "VP Thamotharam",
              "runs": {
                "batter": 1,
                "extras": 0,
                "total": 1
              }
            }
          ]
        },
        {
          "over": 7,
          "deliveries": [
            {
              "batter": "SSM Stanislaus",
              "bowler": "JA Fitzgerald",
              "non_striker": "VP Thamotharam",
              "runs": {
                "batter": 1,
                "extras": 0,
                "total": 1
              }
            },
            {
              "batter": "VP Thamotharam",
              "bowler": "JA Fitzgerald",
              "non_striker": "SSM Stanislaus",
              "runs": {
                "batter": 4,
                "extras": 0,
                "total": 4
              }
            },
            {
              "batter": "VP Thamotharam",
              "bowler": "JA Fitzgerald",
              "non_striker": "SSM Stanislaus",
              "runs": {
                "batter": 0,
                "extras": 0,
                "total": 0
              }
            },
            {
              "batter": "VP Thamotharam",
              "bowler": "JA Fitzgerald",
              "non_striker": "SSM Stanislaus",
              "runs": {
                "batter": 0,
                "extras": 0,
                "total": 0
              }
            },
            {
              "batter": "VP Thamotharam",
              "bowler": "JA Fitzgerald",
              "non_striker": "SSM Stanislaus",
              "runs": {
                "batter": 0,
                "extras": 0,
                "total": 0
              }
            },
            {
              "batter": "VP Thamotharam",
              "bowler": "JA Fitzgerald",
              "non_striker": "SSM Stanislaus",
              "runs": {
                "batter": 2,
                "extras": 0,
                "total": 2
              }
            }
          ]
        },
        {
          "over": 8,
          "deliveries": [
            {
              "batter": "SSM Stanislaus",
              "bowler": "K Mirpuri",
              "non_striker": "VP Thamotharam",
              "runs": {
                "batter": 1,
                "extras": 0,
                "total": 1
              }
            },
            {
              "batter": "VP Thamotharam",
              "bowler": "K Mirpuri",
              "non_striker": "SSM Stanislaus",
              "runs": {
                "batter": 0,
                "extras": 0,
                "total": 0
              }
            },
            {
              "batter": "VP Thamotharam",
              "bowler": "K Mirpuri",
              "non_striker": "SSM Stanislaus",
              "runs": {
                "batter": 0,
                "extras": 0,
                "total": 0
              }
            },
            {
              "batter": "VP Thamotharam",
              "bowler": "K Mirpuri",
              "non_striker": "SSM Stanislaus",
              "runs": {
                "batter": 1,
                "extras": 0,
                "total": 1
              }
            },
            {
              "batter": "SSM Stanislaus",
              "bowler": "K Mirpuri",
              "non_striker": "VP Thamotharam",
              "runs": {
                "batter": 0,
                "extras": 0,
                "total": 0
              }
            },
            {
              "batter": "SSM Stanislaus",
              "bowler": "K Mirpuri",
              "non_striker": "VP Thamotharam",
              "runs": {
                "batter": 0,
                "extras": 0,
                "total": 0
              }
            }
          ]
        },
        {
          "over": 9,
          "deliveries": [
            {
              "batter": "VP Thamotharam",
              "bowler": "JA Fitzgerald",
              "non_striker": "SSM Stanislaus",
              "runs": {
                "batter": 2,
                "extras": 0,
                "total": 2
              }
            },
            {
              "batter": "VP Thamotharam",
              "bowler": "JA Fitzgerald",
              "non_striker": "SSM Stanislaus",
              "runs": {
                "batter": 0,
                "extras": 0,
                "total": 0
              },
              "wickets": [
                {
                  "player_out": "VP Thamotharam",
                  "kind": "lbw"
                }
              ]
            },
            {
              "batter": "Aaftab Alam Khan",
              "bowler": "JA Fitzgerald",
              "extras": {
                "wides": 1
              },
              "non_striker": "SSM Stanislaus",
              "runs": {
                "batter": 0,
                "extras": 1,
                "total": 1
              }
            },
            {
              "batter": "Aaftab Alam Khan",
              "bowler": "JA Fitzgerald",
              "non_striker": "SSM Stanislaus",
              "runs": {
                "batter": 1,
                "extras": 0,
                "total": 1
              }
            },
            {
              "batter": "SSM Stanislaus",
              "bowler": "JA Fitzgerald",
              "non_striker": "Aaftab Alam Khan",
              "runs": {
                "batter": 4,
                "extras": 0,
                "total": 4
              }
            },
            {
              "batter": "SSM Stanislaus",
              "bowler": "JA Fitzgerald",
              "non_striker": "Aaftab Alam Khan",
              "runs": {
                "batter": 0,
                "extras": 0,
                "total": 0
              }
            },
            {
              "batter": "SSM Stanislaus",
              "bowler": "JA Fitzgerald",
              "non_striker": "Aaftab Alam Khan",
              "runs": {
                "batter": 1,
                "extras": 0,
                "total": 1
              }
            }
          ]
        },
        {
          "over": 10,
          "deliveries": [
            {
              "batter": "SSM Stanislaus",
              "bowler": "L Bruce",
              "extras": {
                "wides": 1
              },
              "non_striker": "Aaftab Alam Khan",
              "runs": {
                "batter": 0,
                "extras": 1,
                "total": 1
              }
            },
            {
              "batter": "SSM Stanislaus",
              "bowler": "L Bruce",
              "non_striker": "Aaftab Alam Khan",
              "runs": {
                "batter": 1,
                "extras": 0,
                "total": 1
              }
            },
            {
              "batter": "Aaftab Alam Khan",
              "bowler": "L Bruce",
              "non_striker": "SSM Stanislaus",
              "runs": {
                "batter": 1,
                "extras": 0,
                "total": 1
              }
            },
            {
              "batter": "SSM Stanislaus",
              "bowler": "L Bruce",
              "non_striker": "Aaftab Alam Khan",
              "runs": {
                "batter": 1,
                "extras": 0,
                "total": 1
              }
            },
            {
              "batter": "Aaftab Alam Khan",
              "bowler": "L Bruce",
              "non_striker": "SSM Stanislaus",
              "runs": {
                "batter": 1,
                "extras": 0,
                "total": 1
              }
            },
            {
              "batter": "SSM Stanislaus",
              "bowler": "L Bruce",
              "non_striker": "Aaftab Alam Khan",
              "runs": {
                "batter": 0,
                "extras": 0,
                "total": 0
              }
            },
            {
              "batter": "SSM Stanislaus",
              "bowler": "L Bruce",
              "non_striker": "Aaftab Alam Khan",
              "runs": {
                "batter": 1,
                "extras": 0,
                "total": 1
              }
            }
          ]
        },
        {
          "over": 11,
          "deliveries": [
            {
              "batter": "SSM Stanislaus",
              "bowler": "K Mirpuri",
              "non_striker": "Aaftab Alam Khan",
              "runs": {
                "batter": 1,
                "extras": 0,
                "total": 1
              }
            },
            {
              "batter": "Aaftab Alam Khan",
              "bowler": "K Mirpuri",
              "non_striker": "SSM Stanislaus",
              "runs": {
                "batter": 0,
                "extras": 0,
                "total": 0
              }
            },
            {
              "batter": "Aaftab Alam Khan",
              "bowler": "K Mirpuri",
              "non_striker": "SSM Stanislaus",
              "runs": {
                "batter": 1,
                "extras": 0,
                "total": 1
              }
            },
            {
              "batter": "SSM Stanislaus",
              "bowler": "K Mirpuri",
              "non_striker": "Aaftab Alam Khan",
              "runs": {
                "batter": 0,
                "extras": 0,
                "total": 0
              }
            },
            {
              "batter": "SSM Stanislaus",
              "bowler": "K Mirpuri",
              "non_striker": "Aaftab Alam Khan",
              "runs": {
                "batter": 6,
                "extras": 0,
                "total": 6
              }
            },
            {
              "batter": "SSM Stanislaus",
              "bowler": "K Mirpuri",
              "non_striker": "Aaftab Alam Khan",
              "runs": {
                "batter": 2,
                "extras": 0,
                "total": 2
              }
            }
          ]
        },
        {
          "over": 12,
          "deliveries": [
            {
              "batter": "Aaftab Alam Khan",
              "bowler": "S Bodha",
              "non_striker": "SSM Stanislaus",
              "runs": {
                "batter": 4,
                "extras": 0,
                "total": 4
              }
            },
            {
              "batter": "Aaftab Alam Khan",
              "bowler": "S Bodha",
              "non_striker": "SSM Stanislaus",
              "runs": {
                "batter": 0,
                "extras": 0,
                "total": 0
              }
            },
            {
              "batter": "Aaftab Alam Khan",
              "bowler": "S Bodha",
              "non_striker": "SSM Stanislaus",
              "runs": {
                "batter": 2,
                "extras": 0,
                "total": 2
              }
            },
            {
              "batter": "Aaftab Alam Khan",
              "bowler": "S Bodha",
              "non_striker": "SSM Stanislaus",
              "runs": {
                "batter": 1,
                "extras": 0,
                "total": 1
              }
            },
            {
              "batter": "SSM Stanislaus",
              "bowler": "S Bodha",
              "non_striker": "Aaftab Alam Khan",
              "runs": {
                "batter": 0,
                "extras": 0,
                "total": 0
              }
            },
            {
              "batter": "SSM Stanislaus",
              "bowler": "S Bodha",
              "non_striker": "Aaftab Alam Khan",
              "runs": {
                "batter": 2,
                "extras": 0,
                "total": 2
              }
            }
          ]
        },
        {
          "over": 13,
          "deliveries": [
            {
              "batter": "Aaftab Alam Khan",
              "bowler": "K Mirpuri",
              "extras": {
                "byes": 4
              },
              "non_striker": "SSM Stanislaus",
              "runs": {
                "batter": 0,
                "extras": 4,
                "total": 4
              }
            },
            {
              "batter": "Aaftab Alam Khan",
              "bowler": "K Mirpuri",
              "non_striker": "SSM Stanislaus",
              "runs": {
                "batter": 0,
                "extras": 0,
                "total": 0
              }
            },
            {
              "batter": "Aaftab Alam Khan",
              "bowler": "K Mirpuri",
              "non_striker": "SSM Stanislaus",
              "runs": {
                "batter": 1,
                "extras": 0,
                "total": 1
              }
            },
            {
              "batter": "SSM Stanislaus",
              "bowler": "K Mirpuri",
              "extras": {
                "byes": 1
              },
              "non_striker": "Aaftab Alam Khan",
              "runs": {
                "batter": 0,
                "extras": 1,
                "total": 1
              }
            },
            {
              "batter": "Aaftab Alam Khan",
              "bowler": "K Mirpuri",
              "non_striker": "SSM Stanislaus",
              "runs": {
                "batter": 1,
                "extras": 0,
                "total": 1
              }
            },
            {
              "batter": "SSM Stanislaus",
              "bowler": "K Mirpuri",
              "non_striker": "Aaftab Alam Khan",
              "runs": {
                "batter": 1,
                "extras": 0,
                "total": 1
              }
            }
          ]
        },
        {
          "over": 14,
          "deliveries": [
            {
              "batter": "SSM Stanislaus",
              "bowler": "S Bodha",
              "non_striker": "Aaftab Alam Khan",
              "runs": {
                "batter": 0,
                "extras": 0,
                "total": 0
              },
              "wickets": [
                {
                  "player_out": "Aaftab Alam Khan",
                  "fielders": [
                    {
                      "name": "KJ Stagno"
                    }
                  ],
                  "kind": "run out"
                }
              ]
            },
            {
              "batter": "Jaspal Singh",
              "bowler": "S Bodha",
              "non_striker": "SSM Stanislaus",
              "runs": {
                "batter": 0,
                "extras": 0,
                "total": 0
              }
            },
            {
              "batter": "Jaspal Singh",
              "bowler": "S Bodha",
              "non_striker": "SSM Stanislaus",
              "runs": {
                "batter": 6,
                "extras": 0,
                "total": 6
              }
            },
            {
              "batter": "Jaspal Singh",
              "bowler": "S Bodha",
              "non_striker": "SSM Stanislaus",
              "runs": {
                "batter": 1,
                "extras": 0,
                "total": 1
              }
            },
            {
              "batter": "SSM Stanislaus",
              "bowler": "S Bodha",
              "extras": {
                "wides": 1
              },
              "non_striker": "Jaspal Singh",
              "runs": {
                "batter": 0,
                "extras": 1,
                "total": 1
              }
            },
            {
              "batter": "SSM Stanislaus",
              "bowler": "S Bodha",
              "non_striker": "Jaspal Singh",
              "runs": {
                "batter": 0,
                "extras": 0,
                "total": 0
              }
            },
            {
              "batter": "SSM Stanislaus",
              "bowler": "S Bodha",
              "non_striker": "Jaspal Singh",
              "runs": {
                "batter": 4,
                "extras": 0,
                "total": 4
              }
            }
          ]
        },
        {
          "over": 15,
          "deliveries": [
            {
              "batter": "Jaspal Singh",
              "bowler": "BA Pai",
              "non_striker": "SSM Stanislaus",
              "runs": {
                "batter": 0,
                "extras": 0,
                "total": 0
              }
            },
            {
              "batter": "Jaspal Singh",
              "bowler": "BA Pai",
              "non_striker": "SSM Stanislaus",
              "runs": {
                "batter": 0,
                "extras": 0,
                "total": 0
              }
            },
            {
              "batter": "Jaspal Singh",
              "bowler": "BA Pai",
              "non_striker": "SSM Stanislaus",
              "runs": {
                "batter": 0,
                "extras": 0,
                "total": 0
              },
              "wickets": [
                {
                  "player_out": "Jaspal Singh",
                  "fielders": [
                    {
                      "name": "J Horrocks"
                    }
                  ],
                  "kind": "caught"
                }
              ]
            },
            {
              "batter": "Amar Sharma",
              "bowler": "BA Pai",
              "non_striker": "SSM Stanislaus",
              "runs": {
                "batter": 1,
                "extras": 0,
                "total": 1
              }
            },
            {
              "batter": "SSM Stanislaus",
              "bowler": "BA Pai",
              "non_striker": "Amar Sharma",
              "runs": {
                "batter": 0,
                "extras": 0,
                "total": 0
              }
            },
            {
              "batter": "SSM Stanislaus",
              "bowler": "BA Pai",
              "non_striker": "Amar Sharma",
              "runs": {
                "batter": 1,
                "extras": 0,
                "total": 1
              }
            }
          ]
        },
        {
          "over": 16,
          "deliveries": [
            {
              "batter": "SSM Stanislaus",
              "bowler": "L Bruce",
              "non_striker": "Amar Sharma",
              "runs": {
                "batter": 0,
                "extras": 0,
                "total": 0
              }
            },
            {
              "batter": "SSM Stanislaus",
              "bowler": "L Bruce",
              "non_striker": "Amar Sharma",
              "runs": {
                "batter": 2,
                "extras": 0,
                "total": 2
              }
            },
            {
              "batter": "SSM Stanislaus",
              "bowler": "L Bruce",
              "non_striker": "Amar Sharma",
              "runs": {
                "batter": 0,
                "extras": 0,
                "total": 0
              }
            },
            {
              "batter": "SSM Stanislaus",
              "bowler": "L Bruce",
              "non_striker": "Amar Sharma",
              "runs": {
                "batter": 1,
                "extras": 0,
                "total": 1
              }
            },
            {
              "batter": "Amar Sharma",
              "bowler": "L Bruce",
              "non_striker": "SSM Stanislaus",
              "runs": {
                "batter": 2,
                "extras": 0,
                "total": 2
              }
            },
            {
              "batter": "Amar Sharma",
              "bowler": "L Bruce",
              "non_striker": "SSM Stanislaus",
              "runs": {
                "batter": 1,
                "extras": 0,
                "total": 1
              }
            }
          ]
        },
        {
          "over": 17,
          "deliveries": [
            {
              "batter": "Amar Sharma",
              "bowler": "BA Pai",
              "non_striker": "SSM Stanislaus",
              "runs": {
                "batter": 0,
                "extras": 0,
                "total": 0
              }
            },
            {
              "batter": "Amar Sharma",
              "bowler": "BA Pai",
              "non_striker": "SSM Stanislaus",
              "runs": {
                "batter": 1,
                "extras": 0,
                "total": 1
              }
            },
            {
              "batter": "SSM Stanislaus",
              "bowler": "BA Pai",
              "non_striker": "Amar Sharma",
              "runs": {
                "batter": 2,
                "extras": 0,
                "total": 2
              }
            },
            {
              "batter": "SSM Stanislaus",
              "bowler": "BA Pai",
              "non_striker": "Amar Sharma",
              "runs": {
                "batter": 1,
                "extras": 0,
                "total": 1
              }
            },
            {
              "batter": "Amar Sharma",
              "bowler": "BA Pai",
              "non_striker": "SSM Stanislaus",
              "runs": {
                "batter": 4,
                "extras": 0,
                "total": 4
              }
            },
            {
              "batter": "Amar Sharma",
              "bowler": "BA Pai",
              "extras": {
                "legbyes": 1
              },
              "non_striker": "SSM Stanislaus",
              "runs": {
                "batter": 0,
                "extras": 1,
                "total": 1
              }
            }
          ]
        },
        {
          "over": 18,
          "deliveries": [
            {
              "batter": "Amar Sharma",
              "bowler": "L Bruce",
              "non_striker": "SSM Stanislaus",
              "runs": {
                "batter": 0,
                "extras": 0,
                "total": 0
              }
            },
            {
              "batter": "Amar Sharma",
              "bowler": "L Bruce",
              "non_striker": "SSM Stanislaus",
              "runs": {
                "batter": 1,
                "extras": 0,
                "total": 1
              }
            },
            {
              "batter": "SSM Stanislaus",
              "bowler": "L Bruce",
              "non_striker": "Amar Sharma",
              "runs": {
                "batter": 0,
                "extras": 0,
                "total": 0
              }
            },
            {
              "batter": "SSM Stanislaus",
              "bowler": "L Bruce",
              "extras": {
                "wides": 3
              },
              "non_striker": "Amar Sharma",
              "runs": {
                "batter": 0,
                "extras": 3,
                "total": 3
              }
            },
            {
              "batter": "SSM Stanislaus",
              "bowler": "L Bruce",
              "non_striker": "Amar Sharma",
              "runs": {
                "batter": 1,
                "extras": 0,
                "total": 1
              }
            },
            {
              "batter": "Amar Sharma",
              "bowler": "L Bruce",
              "non_striker": "SSM Stanislaus",
              "runs": {
                "batter": 1,
                "extras": 0,
                "total": 1
              }
            },
            {
              "batter": "SSM Stanislaus",
              "bowler": "L Bruce",
              "non_striker": "Amar Sharma",
              "runs": {
                "batter": 0,
                "extras": 0,
                "total": 0
              }
            }
          ]
        },
        {
          "over": 19,
          "deliveries": [
            {
              "batter": "Amar Sharma",
              "bowler": "A Reyes",
              "non_striker": "SSM Stanislaus",
              "runs": {
                "batter": 0,
                "extras": 0,
                "total": 0
              },
              "wickets": [
                {
                  "player_out": "Amar Sharma",
                  "fielders": [
                    {
                      "name": "JA Fitzgerald"
                    }
                  ],
                  "kind": "caught"
                }
              ]
            },
            {
              "batter": "A Bishnoi",
              "bowler": "A Reyes",
              "non_striker": "SSM Stanislaus",
              "runs": {
                "batter": 1,
                "extras": 0,
                "total": 1
              }
            },
            {
              "batter": "SSM Stanislaus",
              "bowler": "A Reyes",
              "non_striker": "A Bishnoi",
              "runs": {
                "batter": 0,
                "extras": 0,
                "total": 0
              },
              "wickets": [
                {
                  "player_out": "SSM Stanislaus",
                  "kind": "bowled"
                }
              ]
            },
            {
              "batter": "Fazil Rahman",
              "bowler": "A Reyes",
              "non_striker": "A Bishnoi",
              "runs": {
                "batter": 1,
                "extras": 0,
                "total": 1
              }
            },
            {
              "batter": "A Bishnoi",
              "bowler": "A Reyes",
              "extras": {
                "legbyes": 1
              },
              "non_striker": "Fazil Rahman",
              "runs": {
                "batter": 0,
                "extras": 1,
                "total": 1
              }
            },
            {
              "batter": "Fazil Rahman",
              "bowler": "A Reyes",
              "extras": {
                "byes": 1
              },
              "non_striker": "A Bishnoi",
              "runs": {
                "batter": 0,
                "extras": 1,
                "total": 1
              }
            }
          ]
        }
      ],
      "powerplays": [
        {
          "from": 0.1,
          "to": 5.8,
          "type": "mandatory"
        }
      ],
      "target": {
        "overs": 20,
        "runs": 177
      }
    }
  ]
}