{
  "meta": {
    "data_version": "1.1.0",
    "created": "2023-05-02",
    "revision": 2
  },
  "info": {
    "balls_per_over": 6,
    "city": "Windhoek",
    "dates": [
      "2023-05-02"
    ],
    "event": {
      "name": "Women's T20 Quadrangular Series (in Namibia)",
      "stage": "Final"
    },
    "gender": "female",
    "match_type": "T20",
    "match_type_number": 1428,
    "officials": {
      "reserve_umpires": [
        "E Haynes"
      ],
      "umpires": [
        "E Lassen",
        "S Loftie-Eaton"
      ]
    },
    "outcome": {
      "winner": "Uganda",
      "by": {
        "runs": 3
      }
    },
    "overs": 20,
    "player_of_match": [
      "S Nampiina"
    ],
    "players": {
      "Uganda": [
        "K Awino",
        "P Alako",
        "J Mbabazi",
        "S Nampiina",
        "I Nakisuuyi",
        "PE Kulume",
        "R Musamali",
        "C Aweko",
        "E Anyipo",
        "I Alumo",
        "S Akiteng"
      ],
      "Namibia": [
        "SA Wittmann",
        "Yasmeen Khan",
        "A van der Merwe",
        "JA Diergaardt",
        "W Mwatile",
        "KA Green",
        "D Foerster",
        "M Gorases",
        "I van Zyl",
        "V Hamunyela",
        "M Mwatile"
      ]
    },
    "registry": {
      "people": {
        "A van der Merwe": "02610bad",
        "C Aweko": "01c1b96c",
        "D Foerster": "5596d5bf",
        "E Anyipo": "d9e5ecb4",
        "E Haynes": "56e4f120",
        "E Lassen": "a476d6d0",
        "I Alumo": "6edd8b10",
        "I Nakisuuyi": "2f145a4f",
        "I van Zyl": "44c3cb6d",
        "J Mbabazi": "aaa6e84c",
        "JA Diergaardt": "b72a8938",
        "K Awino": "c4e7749a",
        "KA Green": "fa9fdefa",
        "M Gorases": "d034d60a",
        "M Mwatile": "92b9e9af",
        "P Alako": "fcf37e14",
        "PE Kulume": "bb1a5f8a",
        "R Musamali": "017cadb2",
        "S Akiteng": "cf92d76b",
        "S Loftie-Eaton": "71cc38ef",
        "S Nampiina": "91d9aa26",
        "SA Wittmann": "531aef3b",
        "V Hamunyela": "d758a366",
        "W Mwatile": "5728635a",
        "Yasmeen Khan": "ade5c0c0"
      }
    },
    "season": "2023",
    "team_type": "international",
    "teams": [
      "Uganda",
      "Namibia"
    ],
    "toss": {
      "decision": "bat",
      "winner": "Uganda"
    },
    "venue": "United Cricket Club Ground, Windhoek"
  },
  "innings": [
    {
      "team": "Uganda",
      "overs": [
        {
          "over": 0,
          "deliveries": [
            {
              "batter": "K Awino",
              "bowler": "W Mwatile",
              "non_striker": "P Alako",
              "runs": {
                "batter": 0,
                "extras": 0,
                "total": 0
              }
            },
            {
              "batter": "K Awino",
              "bowler": "W Mwatile",
              "non_striker": "P Alako",
              "runs": {
                "batter": 0,
                "extras": 0,
                "total": 0
              }
            },
            {
              "batter": "K Awino",
              "bowler": "W Mwatile",
              "non_striker": "P Alako",
              "runs": {
                "batter": 0,
                "extras": 0,
                "total": 0
              }
            },
            {
              "batter": "K Awino",
              "bowler": "W Mwatile",
              "non_striker": "P Alako",
              "runs": {
                "batter": 0,
                "extras": 0,
                "total": 0
              }
            },
            {
              "batter": "K Awino",
              "bowler": "W Mwatile",
              "non_striker": "P Alako",
              "runs": {
                "batter": 0,
                "extras": 0,
                "total": 0
              }
            },
            {
              "batter": "K Awino",
              "bowler": "W Mwatile",
              "non_striker": "P Alako",
              "runs": {
                "batter": 0,
                "extras": 0,
                "total": 0
              }
            }
          ]
        },
        {
          "over": 1,
          "deliveries": [
            {
              "batter": "P Alako",
              "bowler": "V Hamunyela",
              "non_striker": "K Awino",
              "runs": {
                "batter": 0,
                "extras": 0,
                "total": 0
              }
            },
            {
              "batter": "P Alako",
              "bowler": "V Hamunyela",
              "non_striker": "K Awino",
              "runs": {
                "batter": 0,
                "extras": 0,
                "total": 0
              }
            },
            {
              "batter": "P Alako",
              "bowler": "V Hamunyela",
              "non_striker": "K Awino",
              "runs": {
                "batter": 0,
                "extras": 0,
                "total": 0
              }
            },
            {
              "batter": "P Alako",
              "bowler": "V Hamunyela",
              "non_striker": "K Awino",
              "runs": {
                "batter": 0,
                "extras": 0,
                "total": 0
              }
            },
            {
              "batter": "P Alako",
              "bowler": "V Hamunyela",
              "non_striker": "K Awino",
              "runs": {
                "batter": 2,
                "extras": 0,
                "total": 2
              }
            },
            {
              "batter": "P Alako",
              "bowler": "V Hamunyela",
              "non_striker": "K Awino",
              "runs": {
                "batter": 1,
                "extras": 0,
                "total": 1
              }
            }
          ]
        },
        {
          "over": 2,
          "deliveries": [
            {
              "batter": "P Alako",
              "bowler": "W Mwatile",
              "non_striker": "K Awino",
              "runs": {
                "batter": 0,
                "extras": 0,
                "total": 0
              }
            },
            {
              "batter": "P Alako",
              "bowler": "W Mwatile",
              "non_striker": "K Awino",
              "runs": {
                "batter": 0,
                "extras": 0,
                "total": 0
              }
            },
            {
              "batter": "P Alako",
              "bowler": "W Mwatile",
              "non_striker": "K Awino",
              "runs": {
                "batter": 0,
                "extras": 0,
                "total": 0
              }
            },
            {
              "batter": "P Alako",
              "bowler": "W Mwatile",
              "non_striker": "K Awino",
              "runs": {
                "batter": 0,
                "extras": 0,
                "total": 0
              }
            },
            {
              "batter": "P Alako",
              "bowler": "W Mwatile",
              "non_striker": "K Awino",
              "runs": {
                "batter": 0,
                "extras": 0,
                "total": 0
              }
            },
            {
              "batter": "P Alako",
              "bowler": "W Mwatile",
              "non_striker": "K Awino",
              "runs": {
                "batter": 0,
                "extras": 0,
                "total": 0
              }
            }
          ]
        },
        {
          "over": 3,
          "deliveries": [
            {
              "batter": "K Awino",
              "bowler": "V Hamunyela",
              "non_striker": "P Alako",
              "runs": {
                "batter": 0,
                "extras": 0,
                "total": 0
              }
            },
            {
              "batter": "K Awino",
              "bowler": "V Hamunyela",
              "non_striker": "P Alako",
              "runs": {
                "batter": 0,
                "extras": 0,
                "total": 0
              }
            },
            {
              "batter": "K Awino",
              "bowler": "V Hamunyela",
              "non_striker": "P Alako",
              "runs": {
                "batter": 1,
                "extras": 0,
                "total": 1
              }
            },
            {
              "batter": "P Alako",
              "bowler": "V Hamunyela",
              "non_striker": "K Awino",
              "runs": {
                "batter": 0,
                "extras": 0,
                "total": 0
              }
            },
            {
              "batter": "P Alako",
              "bowler": "V Hamunyela",
              "non_striker": "K Awino",
              "runs": {
                "batter": 0,
                "extras": 0,
                "total": 0
              }
            },
            {
              "batter": "P Alako",
              "bowler": "V Hamunyela",
              "non_striker": "K Awino",
              "runs": {
                "batter": 0,
                "extras": 0,
                "total": 0
              }
            }
          ]
        },
        {
          "over": 4,
          "deliveries": [
            {
              "batter": "K Awino",
              "bowler": "W Mwatile",
              "non_striker": "P Alako",
              "runs": {
                "batter": 1,
                "extras": 0,
                "total": 1
              }
            },
            {
              "batter": "P Alako",
              "bowler": "W Mwatile",
              "non_striker": "K Awino",
              "runs": {
                "batter": 0,
                "extras": 0,
                "total": 0
              }
            },
            {
              "batter": "P Alako",
              "bowler": "W Mwatile",
              "non_striker": "K Awino",
              "runs": {
                "batter": 0,
                "extras": 0,
                "total": 0
              },
              "wickets": [
                {
                  "player_out": "K Awino",
                  "fielders": [
                    {
                      "name": "I van Zyl"
                    }
                  ],
                  "kind": "run out"
                }
              ]
            },
            {
              "batter": "P Alako",
              "bowler": "W Mwatile",
              "non_striker": "J Mbabazi",
              "runs": {
                "batter": 0,
                "extras": 0,
                "total": 0
              }
            },
            {
              "batter": "P Alako",
              "bowler": "W Mwatile",
              "non_striker": "J Mbabazi",
              "runs": {
                "batter": 0,
                "extras": 0,
                "total": 0
              }
            },
            {
              "batter": "P Alako",
              "bowler": "W Mwatile",
              "non_striker": "J Mbabazi",
              "runs": {
                "batter": 0,
                "extras": 0,
                "total": 0
              }
            }
          ]
        },
        {
          "over": 5,
          "deliveries": [
            {
              "batter": "J Mbabazi",
              "bowler": "V Hamunyela",
              "non_striker": "P Alako",
              "runs": {
                "batter": 1,
                "extras": 0,
                "total": 1
              }
            },
            {
              "batter": "P Alako",
              "bowler": "V Hamunyela",
              "non_striker": "J Mbabazi",
              "runs": {
                "batter": 1,
                "extras": 0,
                "total": 1
              }
            },
            {
              "batter": "J Mbabazi",
              "bowler": "V Hamunyela",
              "non_striker": "P Alako",
              "runs": {
                "batter": 0,
                "extras": 0,
                "total": 0
              }
            },
            {
              "batter": "J Mbabazi",
              "bowler": "V Hamunyela",
              "non_striker": "P Alako",
              "runs": {
                "batter": 0,
                "extras": 0,
                "total": 0
              }
            },
            {
              "batter": "J Mbabazi",
              "bowler": "V Hamunyela",
              "non_striker": "P Alako",
              "runs": {
                "batter": 0,
                "extras": 0,
                "total": 0
              }
            },
            {
              "batter": "J Mbabazi",
              "bowler": "V Hamunyela",
              "non_striker": "P Alako",
              "runs": {
                "batter": 0,
                "extras": 0,
                "total": 0
              }
            }
          ]
        },
        {
          "over": 6,
          "deliveries": [
            {
              "batter": "P Alako",
              "bowler": "I van Zyl",
              "non_striker": "J Mbabazi",
              "runs": {
                "batter": 2,
                "extras": 0,
                "total": 2
              }
            },
            {
              "batter": "P Alako",
              "bowler": "I van Zyl",
              "non_striker": "J Mbabazi",
              "runs": {
                "batter": 1,
                "extras": 0,
                "total": 1
              }
            },
            {
              "batter": "J Mbabazi",
              "bowler": "I van Zyl",
              "non_striker": "P Alako",
              "runs": {
                "batter": 0,
                "extras": 0,
                "total": 0
              }
            },
            {
              "batter": "J Mbabazi",
              "bowler": "I van Zyl",
              "non_striker": "P Alako",
              "runs": {
                "batter": 4,
                "extras": 0,
                "total": 4
              }
            },
            {
              "batter": "J Mbabazi",
              "bowler": "I van Zyl",
              "non_striker": "P Alako",
              "runs": {
                "batter": 0,
                "extras": 0,
                "total": 0
              }
            },
            {
              "batter": "J Mbabazi",
              "bowler": "I van Zyl",
              "non_striker": "P Alako",
              "runs": {
                "batter": 1,
                "extras": 0,
                "total": 1
              }
            }
          ]
        },
        {
          "over": 7,
          "deliveries": [
            {
              "batter": "J Mbabazi",
              "bowler": "V Hamunyela",
              "non_striker": "P Alako",
              "runs": {
                "batter": 0,
                "extras": 0,
                "total": 0
              }
            },
            {
              "batter": "J Mbabazi",
              "bowler": "V Hamunyela",
              "non_striker": "P Alako",
              "runs": {
                "batter": 1,
                "extras": 0,
                "total": 1
              }
            },
            {
              "batter": "P Alako",
              "bowler": "V Hamunyela",
              "non_striker": "J Mbabazi",
              "runs": {
                "batter": 1,
                "extras": 0,
                "total": 1
              }
            },
            {
              "batter": "J Mbabazi",
              "bowler": "V Hamunyela",
              "non_striker": "P Alako",
              "runs": {
                "batter": 0,
                "extras": 0,
                "total": 0
              }
            },
            {
              "batter": "J Mbabazi",
              "bowler": "V Hamunyela",
              "non_striker": "P Alako",
              "runs": {
                "batter": 4,
                "extras": 0,
                "total": 4
              }
            },
            {
              "batter": "J Mbabazi",
              "bowler": "V Hamunyela",
              "non_striker": "P Alako",
              "runs": {
                "batter": 0,
                "extras": 0,
                "total": 0
              }
            }
          ]
        },
        {
          "over": 8,
          "deliveries": [
            {
              "batter": "P Alako",
              "bowler": "I van Zyl",
              "non_striker": "J Mbabazi",
              "runs": {
                "batter": 1,
                "extras": 0,
                "total": 1
              }
            },
            {
              "batter": "J Mbabazi",
              "bowler": "I van Zyl",
              "non_striker": "P Alako",
              "runs": {
                "batter": 0,
                "extras": 0,
                "total": 0
              }
            },
            {
              "batter": "J Mbabazi",
              "bowler": "I van Zyl",
              "non_striker": "P Alako",
              "runs": {
                "batter": 1,
                "extras": 0,
                "total": 1
              }
            },
            {
              "batter": "P Alako",
              "bowler": "I van Zyl",
              "non_striker": "J Mbabazi",
              "runs": {
                "batter": 1,
                "extras": 0,
                "total": 1
              }
            },
            {
              "batter": "J Mbabazi",
              "bowler": "I van Zyl",
              "non_striker": "P Alako",
              "runs": {
                "batter": 4,
                "extras": 0,
                "total": 4
              }
            },
            {
              "batter": "J Mbabazi",
              "bowler": "I van Zyl",
              "non_striker": "P Alako",
              "runs": {
                "batter": 0,
                "extras": 0,
                "total": 0
              }
            }
          ]
        },
        {
          "over": 9,
          "deliveries": [
            {
              "batter": "P Alako",
              "bowler": "KA Green",
              "non_striker": "J Mbabazi",
              "runs": {
                "batter": 1,
                "extras": 0,
                "total": 1
              }
            },
            {
              "batter": "J Mbabazi",
              "bowler": "KA Green",
              "non_striker": "P Alako",
              "runs": {
                "batter": 0,
                "extras": 0,
                "total": 0
              }
            },
            {
              "batter": "J Mbabazi",
              "bowler": "KA Green",
              "non_striker": "P Alako",
              "runs": {
                "batter": 1,
                "extras": 0,
                "total": 1
              }
            },
            {
              "batter": "P Alako",
              "bowler": "KA Green",
              "non_striker": "J Mbabazi",
              "runs": {
                "batter": 1,
                "extras": 0,
                "total": 1
              }
            },
            {
              "batter": "J Mbabazi",
              "bowler": "KA Green",
              "non_striker": "P Alako",
              "runs": {
                "batter": 0,
                "extras": 0,
                "total": 0
              }
            },
            {
              "batter": "J Mbabazi",
              "bowler": "KA Green",
              "non_striker": "P Alako",
              "runs": {
                "batter": 0,
                "extras": 0,
                "total": 0
              }
            }
          ]
        },
        {
          "over": 10,
          "deliveries": [
            {
              "batter": "P Alako",
              "bowler": "JA Diergaardt",
              "non_striker": "J Mbabazi",
              "runs": {
                "batter": 1,
                "extras": 0,
                "total": 1
              }
            },
            {
              "batter": "J Mbabazi",
              "bowler": "JA Diergaardt",
              "non_striker": "P Alako",
              "runs": {
                "batter": 0,
                "extras": 0,
                "total": 0
              }
            },
            {
              "batter": "J Mbabazi",
              "bowler": "JA Diergaardt",
              "non_striker": "P Alako",
              "runs": {
                "batter": 0,
                "extras": 0,
                "total": 0
              }
            },
            {
              "batter": "J Mbabazi",
              "bowler": "JA Diergaardt",
              "non_striker": "P Alako",
              "runs": {
                "batter": 1,
                "extras": 0,
                "total": 1
              }
            },
            {
              "batter": "P Alako",
              "bowler": "JA Diergaardt",
              "non_striker": "J Mbabazi",
              "runs": {
                "batter": 0,
                "extras": 0,
                "total": 0
              }
            },
            {
              "batter": "P Alako",
              "bowler": "JA Diergaardt",
              "non_striker": "J Mbabazi",
              "runs": {
                "batter": 1,
                "extras": 0,
                "total": 1
              }
            }
          ]
        },
        {
          "over": 11,
          "deliveries": [
            {
              "batter": "P Alako",
              "bowler": "KA Green",
              "non_striker": "J Mbabazi",
              "runs": {
                "batter": 0,
                "extras": 0,
                "total": 0
              },
              "wickets": [
                {
                  "player_out": "P Alako",
                  "kind": "bowled"
                }
              ]
            },
            {
              "batter": "S Nampiina",
              "bowler": "KA Green",
              "non_striker": "J Mbabazi",
              "runs": {
                "batter": 1,
                "extras": 0,
                "total": 1
              }
            },
            {
              "batter": "J Mbabazi",
              "bowler": "KA Green",
              "non_striker": "S Nampiina",
              "runs": {
                "batter": 0,
                "extras": 0,
                "total": 0
              }
            },
            {
              "batter": "J Mbabazi",
              "bowler": "KA Green",
              "non_striker": "S Nampiina",
              "runs": {
                "batter": 0,
                "extras": 0,
                "total": 0
              },
              "wickets": [
                {
                  "player_out": "J Mbabazi",
                  "fielders": [
                    {
                      "name": "V Hamunyela"
                    }
                  ],
                  "kind": "caught"
                }
              ]
            },
            {
              "batter": "I Nakisuuyi",
              "bowler": "KA Green",
              "non_striker": "S Nampiina",
              "runs": {
                "batter": 1,
                "extras": 0,
                "total": 1
              }
            },
            {
              "batter": "S Nampiina",
              "bowler": "KA Green",
              "non_striker": "I Nakisuuyi",
              "runs": {
                "batter": 0,
                "extras": 0,
                "total": 0
              }
            }
          ]
        },
        {
          "over": 12,
          "deliveries": [
            {
              "batter": "I Nakisuuyi",
              "bowler": "JA Diergaardt",
              "non_striker": "S Nampiina",
              "runs": {
                "batter": 0,
                "extras": 0,
                "total": 0
              }
            },
            {
              "batter": "I Nakisuuyi",
              "bowler": "JA Diergaardt",
              "non_striker": "S Nampiina",
              "runs": {
                "batter": 0,
                "extras": 0,
                "total": 0
              }
            },
            {
              "batter": "I Nakisuuyi",
              "bowler": "JA Diergaardt",
              "extras": {
                "byes": 1
              },
              "non_striker": "S Nampiina",
              "runs": {
                "batter": 0,
                "extras": 1,
                "total": 1
              }
            },
            {
              "batter": "S Nampiina",
              "bowler": "JA Diergaardt",
              "non_striker": "I Nakisuuyi",
              "runs": {
                "batter": 0,
                "extras": 0,
                "total": 0
              }
            },
            {
              "batter": "S Nampiina",
              "bowler": "JA Diergaardt",
              "non_striker": "I Nakisuuyi",
              "runs": {
                "batter": 6,
                "extras": 0,
                "total": 6
              }
            },
            {
              "batter": "S Nampiina",
              "bowler": "JA Diergaardt",
              "non_striker": "I Nakisuuyi",
              "runs": {
                "batter": 2,
                "extras": 0,
                "total": 2
              }
            }
          ]
        },
        {
          "over": 13,
          "deliveries": [
            {
              "batter": "I Nakisuuyi",
              "bowler": "KA Green",
              "non_striker": "S Nampiina",
              "runs": {
                "batter": 0,
                "extras": 0,
                "total": 0
              }
            },
            {
              "batter": "I Nakisuuyi",
              "bowler": "KA Green",
              "non_striker": "S Nampiina",
              "runs": {
                "batter": 0,
                "extras": 0,
                "total": 0
              }
            },
            {
              "batter": "I Nakisuuyi",
              "bowler": "KA Green",
              "non_striker": "S Nampiina",
              "runs": {
                "batter": 1,
                "extras": 0,
                "total": 1
              }
            },
            {
              "batter": "S Nampiina",
              "bowler": "KA Green",
              "non_striker": "I Nakisuuyi",
              "runs": {
                "batter": 1,
                "extras": 0,
                "total": 1
              }
            },
            {
              "batter": "I Nakisuuyi",
              "bowler": "KA Green",
              "non_striker": "S Nampiina",
              "runs": {
                "batter": 0,
                "extras": 0,
                "total": 0
              }
            },
            {
              "batter": "I Nakisuuyi",
              "bowler": "KA Green",
              "extras": {
                "wides": 1
              },
              "non_striker": "S Nampiina",
              "runs": {
                "batter": 0,
                "extras": 1,
                "total": 1
              }
            },
            {
              "batter": "I Nakisuuyi",
              "bowler": "KA Green",
              "non_striker": "S Nampiina",
              "runs": {
                "batter": 6,
                "extras": 0,
                "total": 6
              }
            }
          ]
        },
        {
          "over": 14,
          "deliveries": [
            {
              "batter": "S Nampiina",
              "bowler": "W Mwatile",
              "non_striker": "I Nakisuuyi",
              "runs": {
                "batter": 4,
                "extras": 0,
                "total": 4
              }
            },
            {
              "batter": "S Nampiina",
              "bowler": "W Mwatile",
              "non_striker": "I Nakisuuyi",
              "runs": {
                "batter": 1,
                "extras": 0,
                "total": 1
              }
            },
            {
              "batter": "I Nakisuuyi",
              "bowler": "W Mwatile",
              "non_striker": "S Nampiina",
              "runs": {
                "batter": 0,
                "extras": 0,
                "total": 0
              }
            },
            {
              "batter": "I Nakisuuyi",
              "bowler": "W Mwatile",
              "non_striker": "S Nampiina",
              "runs": {
                "batter": 0,
                "extras": 0,
                "total": 0
              }
            },
            {
              "batter": "I Nakisuuyi",
              "bowler": "W Mwatile",
              "non_striker": "S Nampiina",
              "runs": {
                "batter": 0,
                "extras": 0,
                "total": 0
              }
            },
            {
              "batter": "I Nakisuuyi",
              "bowler": "W Mwatile",
              "non_striker": "S Nampiina",
              "runs": {
                "batter": 0,
                "extras": 0,
                "total": 0
              }
            }
          ]
        },
        {
          "over": 15,
          "deliveries": [
            {
              "batter": "S Nampiina",
              "bowler": "KA Green",
              "non_striker": "I Nakisuuyi",
              "runs": {
                "batter": 0,
                "extras": 0,
                "total": 0
              }
            },
            {
              "batter": "S Nampiina",
              "bowler": "KA Green",
              "non_striker": "I Nakisuuyi",
              "runs": {
                "batter": 6,
                "extras": 0,
                "total": 6
              }
            },
            {
              "batter": "S Nampiina",
              "bowler": "KA Green",
              "non_striker": "I Nakisuuyi",
              "runs": {
                "batter": 1,
                "extras": 0,
                "total": 1
              }
            },
            {
              "batter": "I Nakisuuyi",
              "bowler": "KA Green",
              "non_striker": "S Nampiina",
              "runs": {
                "batter": 0,
                "extras": 0,
                "total": 0
              }
            },
            {
              "batter": "I Nakisuuyi",
              "bowler": "KA Green",
              "non_striker": "S Nampiina",
              "runs": {
                "batter": 1,
                "extras": 0,
                "total": 1
              }
            },
            {
              "batter": "S Nampiina",
              "bowler": "KA Green",
              "non_striker": "I Nakisuuyi",
              "runs": {
                "batter": 0,
                "extras": 0,
                "total": 0
              },
              "wickets": [
                {
                  "player_out": "S Nampiina",
                  "fielders": [
                    {
                      "name": "JA Diergaardt"
                    }
                  ],
                  "kind": "caught"
                }
              ]
            }
          ]
        },
        {
          "over": 16,
          "deliveries": [
            {
              "batter": "I Nakisuuyi",
              "bowler": "I van Zyl",
              "non_striker": "PE Kulume",
              "runs": {
                "batter": 1,
                "extras": 0,
                "total": 1
              }
            },
            {
              "batter": "PE Kulume",
              "bowler": "I van Zyl",
              "non_striker": "I Nakisuuyi",
              "runs": {
                "batter": 0,
                "extras": 0,
                "total": 0
              }
            },
            {
              "batter": "PE Kulume",
              "bowler": "I van Zyl",
              "non_striker": "I Nakisuuyi",
              "runs": {
                "batter": 1,
                "extras": 0,
                "total": 1
              }
            },
            {
              "batter": "I Nakisuuyi",
              "bowler": "I van Zyl",
              "non_striker": "PE Kulume",
              "runs": {
                "batter": 0,
                "extras": 0,
                "total": 0
              }
            },
            {
              "batter": "I Nakisuuyi",
              "bowler": "I van Zyl",
              "non_striker": "PE Kulume",
              "runs": {
                "batter": 4,
                "extras": 0,
                "total": 4
              }
            },
            {
              "batter": "I Nakisuuyi",
              "bowler": "I van Zyl",
              "non_striker": "PE Kulume",
              "runs": {
                "batter": 2,
                "extras": 0,
                "total": 2
              }
            }
          ]
        },
        {
          "over": 17,
          "deliveries": [
            {
              "batter": "PE Kulume",
              "bowler": "D Foerster",
              "non_striker": "I Nakisuuyi",
              "runs": {
                "batter": 0,
                "extras": 0,
                "total": 0
              }
            },
            {
              "batter": "PE Kulume",
              "bowler": "D Foerster",
              "non_striker": "I Nakisuuyi",
              "runs": {
                "batter": 1,
                "extras": 0,
                "total": 1
              }
            },
            {
              "batter": "I Nakisuuyi",
              "bowler": "D Foerster",
              "non_striker": "PE Kulume",
              "runs": {
                "batter": 1,
                "extras": 0,
                "total": 1
              }
            },
            {
              "batter": "PE Kulume",
              "bowler": "D Foerster",
              "non_striker": "I Nakisuuyi",
              "runs": {
                "batter": 0,
                "extras": 0,
                "total": 0
              }
            },
            {
              "batter": "PE Kulume",
              "bowler": "D Foerster",
              "non_striker": "I Nakisuuyi",
              "runs": {
                "batter": 1,
                "extras": 0,
                "total": 1
              }
            },
            {
              "batter": "I Nakisuuyi",
              "bowler": "D Foerster",
              "non_striker": "PE Kulume",
              "runs": {
                "batter": 0,
                "extras": 0,
                "total": 0
              }
            }
          ]
        },
        {
          "over": 18,
          "deliveries": [
            {
              "batter": "PE Kulume",
              "bowler": "I van Zyl",
              "non_striker": "I Nakisuuyi",
              "runs": {
                "batter": 0,
                "extras": 0,
                "total": 0
              }
            },
            {
              "batter": "PE Kulume",
              "bowler": "I van Zyl",
              "non_striker": "I Nakisuuyi",
              "runs": {
                "batter": 0,
                "extras": 0,
                "total": 0
              },
              "wickets": [
                {
                  "player_out": "PE Kulume",
                  "fielders": [
                    {
                      "name": "Yasmeen Khan"
                    }
                  ],
                  "kind": "run out"
                }
              ]
            },
            {
              "batter": "R Musamali",
              "bowler": "I van Zyl",
              "non_striker": "I Nakisuuyi",
              "runs": {
                "batter": 1,
                "extras": 0,
                "total": 1
              }
            },
            {
              "batter": "I Nakisuuyi",
              "bowler": "I van Zyl",
              "non_striker": "R Musamali",
              "runs": {
                "batter": 0,
                "extras": 0,
                "total": 0
              }
            },
            {
              "batter": "I Nakisuuyi",
              "bowler": "I van Zyl",
              "non_striker": "R Musamali",
              "runs": {
                "batter": 0,
                "extras": 0,
                "total": 0
              }
            },
            {
              "batter": "I Nakisuuyi",
              "bowler": "I van Zyl",
              "non_striker": "R Musamali",
              "runs": {
                "batter": 4,
                "extras": 0,
                "total": 4
              }
            }
          ]
        },
        {
          "over": 19,
          "deliveries": [
            {
              "batter": "R Musamali",
              "bowler": "D Foerster",
              "non_striker": "I Nakisuuyi",
              "runs": {
                "batter": 1,
                "extras": 0,
                "total": 1
              }
            },
            {
              "batter": "I Nakisuuyi",
              "bowler": "D Foerster",
              "non_striker": "R Musamali",
              "runs": {
                "batter": 2,
                "extras": 0,
                "total": 2
              }
            },
            {
              "batter": "I Nakisuuyi",
              "bowler": "D Foerster",
              "non_striker": "R Musamali",
              "runs": {
                "batter": 0,
                "extras": 0,
                "total": 0
              }
            },
            {
              "batter": "I Nakisuuyi",
              "bowler": "D Foerster",
              "extras": {
                "wides": 2
              },
              "non_striker": "R Musamali",
              "runs": {
                "batter": 0,
                "extras": 2,
                "total": 2
              }
            },
            {
              "batter": "R Musamali",
              "bowler": "D Foerster",
              "non_striker": "I Nakisuuyi",
              "runs": {
                "batter": 1,
                "extras": 0,
                "total": 1
              }
            },
            {
              "batter": "I Nakisuuyi",
              "bowler": "D Foerster",
              "extras": {
                "wides": 1
              },
              "non_striker": "R Musamali",
              "runs": {
                "batter": 0,
                "extras": 1,
                "total": 1
              }
            },
            {
              "batter": "I Nakisuuyi",
              "bowler": "D Foerster",
              "non_striker": "R Musamali",
              "runs": {
                "batter": 2,
                "extras": 0,
                "total": 2
              }
            },
            {
              "batter": "I Nakisuuyi",
              "bowler": "D Foerster",
              "non_striker": "R Musamali",
              "runs": {
                "batter": 1,
                "extras": 0,
                "total": 1
              }
            }
          ]
        }
      ],
      "powerplays": [
        {
          "from": 0.1,
          "to": 5.6,
          "type": "mandatory"
        }
      ]
    },
    {
      "team": "Namibia",
      "overs": [
        {
          "over": 0,
          "deliveries": [
            {
              "batter": "SA Wittmann",
              "bowler": "I Alumo",
              "non_striker": "Yasmeen Khan",
              "runs": {
                "batter": 2,
                "extras": 0,
                "total": 2
              }
            },
            {
              "batter": "SA Wittmann",
              "bowler": "I Alumo",
              "non_striker": "Yasmeen Khan",
              "runs": {
                "batter": 0,
                "extras": 0,
                "total": 0
              }
            },
            {
              "batter": "SA Wittmann",
              "bowler": "I Alumo",
              "non_striker": "Yasmeen Khan",
              "runs": {
                "batter": 0,
                "extras": 0,
                "total": 0
              }
            },
            {
              "batter": "SA Wittmann",
              "bowler": "I Alumo",
              "non_striker": "Yasmeen Khan",
              "runs": {
                "batter": 0,
                "extras": 0,
                "total": 0
              }
            },
            {
              "batter": "SA Wittmann",
              "bowler": "I Alumo",
              "non_striker": "Yasmeen Khan",
              "runs": {
                "batter": 1,
                "extras": 0,
                "total": 1
              }
            },
            {
              "batter": "Yasmeen Khan",
              "bowler": "I Alumo",
              "non_striker": "SA Wittmann",
              "runs": {
                "batter": 0,
                "extras": 0,
                "total": 0
              }
            }
          ]
        },
        {
          "over": 1,
          "deliveries": [
            {
              "batter": "SA Wittmann",
              "bowler": "E Anyipo",
              "non_striker": "Yasmeen Khan",
              "runs": {
                "batter": 1,
                "extras": 0,
                "total": 1
              }
            },
            {
              "batter": "Yasmeen Khan",
              "bowler": "E Anyipo",
              "non_striker": "SA Wittmann",
              "runs": {
                "batter": 0,
                "extras": 0,
                "total": 0
              }
            },
            {
              "batter": "Yasmeen Khan",
              "bowler": "E Anyipo",
              "extras": {
                "wides": 1
              },
              "non_striker": "SA Wittmann",
              "runs": {
                "batter": 0,
                "extras": 1,
                "total": 1
              }
            },
            {
              "batter": "Yasmeen Khan",
              "bowler": "E Anyipo",
              "extras": {
                "legbyes": 1
              },
              "non_striker": "SA Wittmann",
              "runs": {
                "batter": 0,
                "extras": 1,
                "total": 1
              }
            },
            {
              "batter": "SA Wittmann",
              "bowler": "E Anyipo",
              "non_striker": "Yasmeen Khan",
              "runs": {
                "batter": 1,
                "extras": 0,
                "total": 1
              }
            },
            {
              "batter": "Yasmeen Khan",
              "bowler": "E Anyipo",
              "extras": {
                "legbyes": 1
              },
              "non_striker": "SA Wittmann",
              "runs": {
                "batter": 0,
                "extras": 1,
                "total": 1
              }
            },
            {
              "batter": "SA Wittmann",
              "bowler": "E Anyipo",
              "non_striker": "Yasmeen Khan",
              "runs": {
                "batter": 0,
                "extras": 0,
                "total": 0
              }
            }
          ]
        },
        {
          "over": 2,
          "deliveries": [
            {
              "batter": "Yasmeen Khan",
              "bowler": "I Alumo",
              "non_striker": "SA Wittmann",
              "runs": {
                "batter": 0,
                "extras": 0,
                "total": 0
              }
            },
            {
              "batter": "Yasmeen Khan",
              "bowler": "I Alumo",
              "non_striker": "SA Wittmann",
              "runs": {
                "batter": 1,
                "extras": 0,
                "total": 1
              }
            },
            {
              "batter": "SA Wittmann",
              "bowler": "I Alumo",
              "non_striker": "Yasmeen Khan",
              "runs": {
                "batter": 0,
                "extras": 0,
                "total": 0
              },
              "wickets": [
                {
                  "player_out": "SA Wittmann",
                  "fielders": [
                    {
                      "name": "K Awino"
                    }
                  ],
                  "kind": "caught"
                }
              ]
            },
            {
              "batter": "A van der Merwe",
              "bowler": "I Alumo",
              "non_striker": "Yasmeen Khan",
              "runs": {
                "batter": 0,
                "extras": 0,
                "total": 0
              }
            },
            {
              "batter": "A van der Merwe",
              "bowler": "I Alumo",
              "non_striker": "Yasmeen Khan",
              "runs": {
                "batter": 0,
                "extras": 0,
                "total": 0
              }
            },
            {
              "batter": "A van der Merwe",
              "bowler": "I Alumo",
              "non_striker": "Yasmeen Khan",
              "runs": {
                "batter": 0,
                "extras": 0,
                "total": 0
              }
            }
          ]
        },
        {
          "over": 3,
          "deliveries": [
            {
              "batter": "Yasmeen Khan",
              "bowler": "C Aweko",
              "non_striker": "A van der Merwe",
              "runs": {
                "batter": 1,
                "extras": 0,
                "total": 1
              }
            },
            {
              "batter": "A van der Merwe",
              "bowler": "C Aweko",
              "non_striker": "Yasmeen Khan",
              "runs": {
                "batter": 0,
                "extras": 0,
                "total": 0
              }
            },
            {
              "batter": "A van der Merwe",
              "bowler": "C Aweko",
              "non_striker": "Yasmeen Khan",
              "runs": {
                "batter": 0,
                "extras": 0,
                "total": 0
              }
            },
            {
              "batter": "A van der Merwe",
              "bowler": "C Aweko",
              "non_striker": "Yasmeen Khan",
              "runs": {
                "batter": 1,
                "extras": 0,
                "total": 1
              }
            },
            {
              "batter": "Yasmeen Khan",
              "bowler": "C Aweko",
              "non_striker": "A van der Merwe",
              "runs": {
                "batter": 1,
                "extras": 0,
                "total": 1
              }
            },
            {
              "batter": "A van der Merwe",
              "bowler": "C Aweko",
              "non_striker": "Yasmeen Khan",
              "runs": {
                "batter": 2,
                "extras": 0,
                "total": 2
              }
            }
          ]
        },
        {
          "over": 4,
          "deliveries": [
            {
              "batter": "Yasmeen Khan",
              "bowler": "E Anyipo",
              "non_striker": "A van der Merwe",
              "runs": {
                "batter": 1,
                "extras": 0,
                "total": 1
              }
            },
            {
              "batter": "A van der Merwe",
              "bowler": "E Anyipo",
              "non_striker": "Yasmeen Khan",
              "runs": {
                "batter": 0,
                "extras": 0,
                "total": 0
              }
            },
            {
              "batter": "A van der Merwe",
              "bowler": "E Anyipo",
              "extras": {
                "wides": 1
              },
              "non_striker": "Yasmeen Khan",
              "runs": {
                "batter": 0,
                "extras": 1,
                "total": 1
              }
            },
            {
              "batter": "A van der Merwe",
              "bowler": "E Anyipo",
              "non_striker": "Yasmeen Khan",
              "runs": {
                "batter": 3,
                "extras": 0,
                "total": 3
              }
            },
            {
              "batter": "Yasmeen Khan",
              "bowler": "E Anyipo",
              "non_striker": "A van der Merwe",
              "runs": {
                "batter": 1,
                "extras": 0,
                "total": 1
              }
            },
            {
              "batter": "A van der Merwe",
              "bowler": "E Anyipo",
              "non_striker": "Yasmeen Khan",
              "runs": {
                "batter": 2,
                "extras": 0,
                "total": 2
              }
            },
            {
              "batter": "A van der Merwe",
              "bowler": "E Anyipo",
              "non_striker": "Yasmeen Khan",
              "runs": {
                "batter": 4,
                "extras": 0,
                "total": 4
              }
            }
          ]
        },
        {
          "over": 5,
          "deliveries": [
            {
              "batter": "Yasmeen Khan",
              "bowler": "C Aweko",
              "non_striker": "A van der Merwe",
              "runs": {
                "batter": 1,
                "extras": 0,
                "total": 1
              }
            },
            {
              "batter": "A van der Merwe",
              "bowler": "C Aweko",
              "non_striker": "Yasmeen Khan",
              "runs": {
                "batter": 0,
                "extras": 0,
                "total": 0
              }
            },
            {
              "batter": "A van der Merwe",
              "bowler": "C Aweko",
              "non_striker": "Yasmeen Khan",
              "runs": {
                "batter": 0,
                "extras": 0,
                "total": 0
              }
            },
            {
              "batter": "A van der Merwe",
              "bowler": "C Aweko",
              "non_striker": "Yasmeen Khan",
              "runs": {
                "batter": 0,
                "extras": 0,
                "total": 0
              }
            },
            {
              "batter": "A van der Merwe",
              "bowler": "C Aweko",
              "non_striker": "Yasmeen Khan",
              "runs": {
                "batter": 0,
                "extras": 0,
                "total": 0
              }
            },
            {
              "batter": "A van der Merwe",
              "bowler": "C Aweko",
              "non_striker": "Yasmeen Khan",
              "runs": {
                "batter": 0,
                "extras": 0,
                "total": 0
              }
            }
          ]
        },
        {
          "over": 6,
          "deliveries": [
            {
              "batter": "Yasmeen Khan",
              "bowler": "J Mbabazi",
              "non_striker": "A van der Merwe",
              "runs": {
                "batter": 0,
                "extras": 0,
                "total": 0
              }
            },
            {
              "batter": "Yasmeen Khan",
              "bowler": "J Mbabazi",
              "non_striker": "A van der Merwe",
              "runs": {
                "batter": 0,
                "extras": 0,
                "total": 0
              }
            },
            {
              "batter": "Yasmeen Khan",
              "bowler": "J Mbabazi",
              "non_striker": "A van der Merwe",
              "runs": {
                "batter": 1,
                "extras": 0,
                "total": 1
              }
            },
            {
              "batter": "A van der Merwe",
              "bowler": "J Mbabazi",
              "non_striker": "Yasmeen Khan",
              "runs": {
                "batter": 0,
                "extras": 0,
                "total": 0
              }
            },
            {
              "batter": "A van der Merwe",
              "bowler": "J Mbabazi",
              "non_striker": "Yasmeen Khan",
              "runs": {
                "batter": 0,
                "extras": 0,
                "total": 0
              }
            },
            {
              "batter": "A van der Merwe",
              "bowler": "J Mbabazi",
              "non_striker": "Yasmeen Khan",
              "runs": {
                "batter": 0,
                "extras": 0,
                "total": 0
              },
              "wickets": [
                {
                  "player_out": "A van der Merwe",
                  "fielders": [
                    {
                      "name": "S Nampiina"
                    }
                  ],
                  "kind": "run out"
                }
              ]
            }
          ]
        },
        {
          "over": 7,
          "deliveries": [
            {
              "batter": "Yasmeen Khan",
              "bowler": "S Akiteng",
              "non_striker": "JA Diergaardt",
              "runs": {
                "batter": 1,
                "extras": 0,
                "total": 1
              }
            },
            {
              "batter": "JA Diergaardt",
              "bowler": "S Akiteng",
              "non_striker": "Yasmeen Khan",
              "runs": {
                "batter": 1,
                "extras": 0,
                "total": 1
              }
            },
            {
              "batter": "Yasmeen Khan",
              "bowler": "S Akiteng",
              "non_striker": "JA Diergaardt",
              "runs": {
                "batter": 1,
                "extras": 0,
                "total": 1
              }
            },
            {
              "batter": "JA Diergaardt",
              "bowler": "S Akiteng",
              "non_striker": "Yasmeen Khan",
              "runs": {
                "batter": 0,
                "extras": 0,
                "total": 0
              }
            },
            {
              "batter": "JA Diergaardt",
              "bowler": "S Akiteng",
              "non_striker": "Yasmeen Khan",
              "runs": {
                "batter": 1,
                "extras": 0,
                "total": 1
              }
            },
            {
              "batter": "Yasmeen Khan",
              "bowler": "S Akiteng",
              "non_striker": "JA Diergaardt",
              "runs": {
                "batter": 1,
                "extras": 0,
                "total": 1
              }
            }
          ]
        },
        {
          "over": 8,
          "deliveries": [
            {
              "batter": "Yasmeen Khan",
              "bowler": "J Mbabazi",
              "non_striker": "JA Diergaardt",
              "runs": {
                "batter": 0,
                "extras": 0,
                "total": 0
              }
            },
            {
              "batter": "Yasmeen Khan",
              "bowler": "J Mbabazi",
              "non_striker": "JA Diergaardt",
              "runs": {
                "batter": 1,
                "extras": 0,
                "total": 1
              }
            },
            {
              "batter": "JA Diergaardt",
              "bowler": "J Mbabazi",
              "non_striker": "Yasmeen Khan",
              "runs": {
                "batter": 2,
                "extras": 0,
                "total": 2
              }
            },
            {
              "batter": "JA Diergaardt",
              "bowler": "J Mbabazi",
              "non_striker": "Yasmeen Khan",
              "runs": {
                "batter": 2,
                "extras": 0,
                "total": 2
              }
            },
            {
              "batter": "JA Diergaardt",
              "bowler": "J Mbabazi",
              "extras": {
                "wides": 5
              },
              "non_striker": "Yasmeen Khan",
              "runs": {
                "batter": 0,
                "extras": 5,
                "total": 5
              }
            },
            {
              "batter": "JA Diergaardt",
              "bowler": "J Mbabazi",
              "non_striker": "Yasmeen Khan",
              "runs": {
                "batter": 0,
                "extras": 0,
                "total": 0
              }
            },
            {
              "batter": "JA Diergaardt",
              "bowler": "J Mbabazi",
              "non_striker": "Yasmeen Khan",
              "runs": {
                "batter": 0,
                "extras": 0,
                "total": 0
              }
            }
          ]
        },
        {
          "over": 9,
          "deliveries": [
            {
              "batter": "Yasmeen Khan",
              "bowler": "S Akiteng",
              "non_striker": "JA Diergaardt",
              "runs": {
                "batter": 0,
                "extras": 0,
                "total": 0
              }
            },
            {
              "batter": "Yasmeen Khan",
              "bowler": "S Akiteng",
              "non_striker": "JA Diergaardt",
              "runs": {
                "batter": 0,
                "extras": 0,
                "total": 0
              },
              "wickets": [
                {
                  "player_out": "JA Diergaardt",
                  "fielders": [
                    {
                      "name": "K Awino"
                    },
                    {
                      "name": "S Akiteng"
                    }
                  ],
                  "kind": "run out"
                }
              ]
            },
            {
              "batter": "W Mwatile",
              "bowler": "S Akiteng",
              "non_striker": "Yasmeen Khan",
              "runs": {
                "batter": 0,
                "extras": 0,
                "total": 0
              }
            },
            {
              "batter": "W Mwatile",
              "bowler": "S Akiteng",
              "non_striker": "Yasmeen Khan",
              "runs": {
                "batter": 0,
                "extras": 0,
                "total": 0
              }
            },
            {
              "batter": "W Mwatile",
              "bowler": "S Akiteng",
              "non_striker": "Yasmeen Khan",
              "runs": {
                "batter": 2,
                "extras": 0,
                "total": 2
              }
            },
            {
              "batter": "W Mwatile",
              "bowler": "S Akiteng",
              "non_striker": "Yasmeen Khan",
              "runs": {
                "batter": 1,
                "extras": 0,
                "total": 1
              }
            }
          ]
        },
        {
          "over": 10,
          "deliveries": [
            {
              "batter": "W Mwatile",
              "bowler": "I Alumo",
              "non_striker": "Yasmeen Khan",
              "runs": {
                "batter": 0,
                "extras": 0,
                "total": 0
              }
            },
            {
              "batter": "W Mwatile",
              "bowler": "I Alumo",
              "non_striker": "Yasmeen Khan",
              "runs": {
                "batter": 0,
                "extras": 0,
                "total": 0
              }
            },
            {
              "batter": "W Mwatile",
              "bowler": "I Alumo",
              "non_striker": "Yasmeen Khan",
              "runs": {
                "batter": 4,
                "extras": 0,
                "total": 4
              }
            },
            {
              "batter": "W Mwatile",
              "bowler": "I Alumo",
              "non_striker": "Yasmeen Khan",
              "runs": {
                "batter": 0,
                "extras": 0,
                "total": 0
              }
            },
            {
              "batter": "W Mwatile",
              "bowler": "I Alumo",
              "non_striker": "Yasmeen Khan",
              "runs": {
                "batter": 0,
                "extras": 0,
                "total": 0
              }
            },
            {
              "batter": "W Mwatile",
              "bowler": "I Alumo",
              "non_striker": "Yasmeen Khan",
              "runs": {
                "batter": 0,
                "extras": 0,
                "total": 0
              },
              "wickets": [
                {
                  "player_out": "W Mwatile",
                  "fielders": [
                    {
                      "name": "R Musamali"
                    }
                  ],
                  "kind": "caught"
                }
              ]
            }
          ]
        },
        {
          "over": 11,
          "deliveries": [
            {
              "batter": "Yasmeen Khan",
              "bowler": "S Akiteng",
              "non_striker": "KA Green",
              "runs": {
                "batter": 1,
                "extras": 0,
                "total": 1
              }
            },
            {
              "batter": "KA Green",
              "bowler": "S Akiteng",
              "non_striker": "Yasmeen Khan",
              "runs": {
                "batter": 0,
                "extras": 0,
                "total": 0
              }
            },
            {
              "batter": "KA Green",
              "bowler": "S Akiteng",
              "non_striker": "Yasmeen Khan",
              "runs": {
                "batter": 0,
                "extras": 0,
                "total": 0
              }
            },
            {
              "batter": "KA Green",
              "bowler": "S Akiteng",
              "non_striker": "Yasmeen Khan",
              "runs": {
                "batter": 0,
                "extras": 0,
                "total": 0
              }
            },
            {
              "batter": "KA Green",
              "bowler": "S Akiteng",
              "non_striker": "Yasmeen Khan",
              "runs": {
                "batter": 0,
                "extras": 0,
                "total": 0
              }
            },
            {
              "batter": "KA Green",
              "bowler": "S Akiteng",
              "non_striker": "Yasmeen Khan",
              "runs": {
                "batter": 0,
                "extras": 0,
                "total": 0
              }
            }
          ]
        },
        {
          "over": 12,
          "deliveries": [
            {
              "batter": "Yasmeen Khan",
              "bowler": "J Mbabazi",
              "non_striker": "KA Green",
              "runs": {
                "batter": 0,
                "extras": 0,
                "total": 0
              }
            },
            {
              "batter": "Yasmeen Khan",
              "bowler": "J Mbabazi",
              "non_striker": "KA Green",
              "runs": {
                "batter": 1,
                "extras": 0,
                "total": 1
              }
            },
            {
              "batter": "KA Green",
              "bowler": "J Mbabazi",
              "non_striker": "Yasmeen Khan",
              "runs": {
                "batter": 0,
                "extras": 0,
                "total": 0
              }
            },
            {
              "batter": "KA Green",
              "bowler": "J Mbabazi",
              "non_striker": "Yasmeen Khan",
              "runs": {
                "batter": 0,
                "extras": 0,
                "total": 0
              }
            },
            {
              "batter": "KA Green",
              "bowler": "J Mbabazi",
              "non_striker": "Yasmeen Khan",
              "runs": {
                "batter": 0,
                "extras": 0,
                "total": 0
              }
            },
            {
              "batter": "KA Green",
              "bowler": "J Mbabazi",
              "non_striker": "Yasmeen Khan",
              "runs": {
                "batter": 0,
                "extras": 0,
                "total": 0
              }
            }
          ]
        },
        {
          "over": 13,
          "deliveries": [
            {
              "batter": "Yasmeen Khan",
              "bowler": "S Akiteng",
              "non_striker": "KA Green",
              "runs": {
                "batter": 4,
                "extras": 0,
                "total": 4
              }
            },
            {
              "batter": "Yasmeen Khan",
              "bowler": "S Akiteng",
              "non_striker": "KA Green",
              "runs": {
                "batter": 0,
                "extras": 0,
                "total": 0
              }
            },
            {
              "batter": "Yasmeen Khan",
              "bowler": "S Akiteng",
              "non_striker": "KA Green",
              "runs": {
                "batter": 0,
                "extras": 0,
                "total": 0
              }
            },
            {
              "batter": "Yasmeen Khan",
              "bowler": "S Akiteng",
              "non_striker": "KA Green",
              "runs": {
                "batter": 0,
                "extras": 0,
                "total": 0
              }
            },
            {
              "batter": "Yasmeen Khan",
              "bowler": "S Akiteng",
              "non_striker": "KA Green",
              "runs": {
                "batter": 1,
                "extras": 0,
                "total": 1
              }
            },
            {
              "batter": "KA Green",
              "bowler": "S Akiteng",
              "non_striker": "Yasmeen Khan",
              "runs": {
                "batter": 0,
                "extras": 0,
                "total": 0
              }
            }
          ]
        },
        {
          "over": 14,
          "deliveries": [
            {
              "batter": "Yasmeen Khan",
              "bowler": "C Aweko",
              "non_striker": "KA Green",
              "runs": {
                "batter": 0,
                "extras": 0,
                "total": 0
              }
            },
            {
              "batter": "Yasmeen Khan",
              "bowler": "C Aweko",
              "non_striker": "KA Green",
              "runs": {
                "batter": 1,
                "extras": 0,
                "total": 1
              }
            },
            {
              "batter": "KA Green",
              "bowler": "C Aweko",
              "non_striker": "Yasmeen Khan",
              "runs": {
                "batter": 0,
                "extras": 0,
                "total": 0
              }
            },
            {
              "batter": "KA Green",
              "bowler": "C Aweko",
              "non_striker": "Yasmeen Khan",
              "runs": {
                "batter": 1,
                "extras": 0,
                "total": 1
              }
            },
            {
              "batter": "Yasmeen Khan",
              "bowler": "C Aweko",
              "non_striker": "KA Green",
              "runs": {
                "batter": 1,
                "extras": 0,
                "total": 1
              }
            },
            {
              "batter": "KA Green",
              "bowler": "C Aweko",
              "non_striker": "Yasmeen Khan",
              "runs": {
                "batter": 1,
                "extras": 0,
                "total": 1
              }
            }
          ]
        },
        {
          "over": 15,
          "deliveries": [
            {
              "batter": "KA Green",
              "bowler": "S Nampiina",
              "non_striker": "Yasmeen Khan",
              "runs": {
                "batter": 1,
                "extras": 0,
                "total": 1
              }
            },
            {
              "batter": "Yasmeen Khan",
              "bowler": "S Nampiina",
              "non_striker": "KA Green",
              "runs": {
                "batter": 0,
                "extras": 0,
                "total": 0
              }
            },
            {
              "batter": "Yasmeen Khan",
              "bowler": "S Nampiina",
              "non_striker": "KA Green",
              "runs": {
                "batter": 0,
                "extras": 0,
                "total": 0
              }
            },
            {
              "batter": "Yasmeen Khan",
              "bowler": "S Nampiina",
              "non_striker": "KA Green",
              "runs": {
                "batter": 4,
                "extras": 0,
                "total": 4
              }
            },
            {
              "batter": "Yasmeen Khan",
              "bowler": "S Nampiina",
              "non_striker": "KA Green",
              "runs": {
                "batter": 0,
                "extras": 0,
                "total": 0
              }
            },
            {
              "batter": "Yasmeen Khan",
              "bowler": "S Nampiina",
              "non_striker": "KA Green",
              "runs": {
                "batter": 0,
                "extras": 0,
                "total": 0
              }
            }
          ]
        },
        {
          "over": 16,
          "deliveries": [
            {
              "batter": "KA Green",
              "bowler": "C Aweko",
              "non_striker": "Yasmeen Khan",
              "runs": {
                "batter": 0,
                "extras": 0,
                "total": 0
              }
            },
            {
              "batter": "KA Green",
              "bowler": "C Aweko",
              "non_striker": "Yasmeen Khan",
              "runs": {
                "batter": 0,
                "extras": 0,
                "total": 0
              }
            },
            {
              "batter": "KA Green",
              "bowler": "C Aweko",
              "non_striker": "Yasmeen Khan",
              "runs": {
                "batter": 1,
                "extras": 0,
                "total": 1
              }
            },
            {
              "batter": "Yasmeen Khan",
              "bowler": "C Aweko",
              "non_striker": "KA Green",
              "runs": {
                "batter": 0,
                "extras": 0,
                "total": 0
              }
            },
            {
              "batter": "Yasmeen Khan",
              "bowler": "C Aweko",
              "non_striker": "KA Green",
              "runs": {
                "batter": 1,
                "extras": 0,
                "total": 1
              }
            },
            {
              "batter": "KA Green",
              "bowler": "C Aweko",
              "non_striker": "Yasmeen Khan",
              "runs": {
                "batter": 4,
                "extras": 0,
                "total": 4
              }
            }
          ]
        },
        {
          "over": 17,
          "deliveries": [
            {
              "batter": "Yasmeen Khan",
              "bowler": "S Nampiina",
              "non_striker": "KA Green",
              "runs": {
                "batter": 1,
                "extras": 0,
                "total": 1
              }
            },
            {
              "batter": "KA Green",
              "bowler": "S Nampiina",
              "non_striker": "Yasmeen Khan",
              "runs": {
                "batter": 1,
                "extras": 0,
                "total": 1
              }
            },
            {
              "batter": "Yasmeen Khan",
              "bowler": "S Nampiina",
              "non_striker": "KA Green",
              "runs": {
                "batter": 0,
                "extras": 0,
                "total": 0
              }
            },
            {
              "batter": "Yasmeen Khan",
              "bowler": "S Nampiina",
              "non_striker": "KA Green",
              "runs": {
                "batter": 1,
                "extras": 0,
                "total": 1
              }
            },
            {
              "batter": "KA Green",
              "bowler": "S Nampiina",
              "non_striker": "Yasmeen Khan",
              "runs": {
                "batter": 0,
                "extras": 0,
                "total": 0
              }
            },
            {
              "batter": "KA Green",
              "bowler": "S Nampiina",
              "non_striker": "Yasmeen Khan",
              "runs": {
                "batter": 0,
                "extras": 0,
                "total": 0
              }
            }
          ]
        },
        {
          "over": 18,
          "deliveries": [
            {
              "batter": "Yasmeen Khan",
              "bowler": "J Mbabazi",
              "non_striker": "KA Green",
              "runs": {
                "batter": 0,
                "extras": 0,
                "total": 0
              }
            },
            {
              "batter": "Yasmeen Khan",
              "bowler": "J Mbabazi",
              "non_striker": "KA Green",
              "runs": {
                "batter": 2,
                "extras": 0,
                "total": 2
              }
            },
            {
              "batter": "Yasmeen Khan",
              "bowler": "J Mbabazi",
              "non_striker": "KA Green",
              "runs": {
                "batter": 0,
                "extras": 0,
                "total": 0
              }
            },
            {
              "batter": "Yasmeen Khan",
              "bowler": "J Mbabazi",
              "non_striker": "KA Green",
              "runs": {
                "batter": 2,
                "extras": 0,
                "total": 2
              }
            },
            {
              "batter": "Yasmeen Khan",
              "bowler": "J Mbabazi",
              "non_striker": "KA Green",
              "runs": {
                "batter": 0,
                "extras": 0,
                "total": 0
              }
            },
            {
              "batter": "Yasmeen Khan",
              "bowler": "J Mbabazi",
              "non_striker": "KA Green",
              "runs": {
                "batter": 2,
                "extras": 0,
                "total": 2
              }
            }
          ]
        },
        {
          "over": 19,
          "deliveries": [
            {
              "batter": "KA Green",
              "bowler": "S Nampiina",
              "non_striker": "Yasmeen Khan",
              "runs": {
                "batter": 1,
                "extras": 0,
                "total": 1
              }
            },
            {
              "batter": "Yasmeen Khan",
              "bowler": "S Nampiina",
              "non_striker": "KA Green",
              "runs": {
                "batter": 4,
                "extras": 0,
                "total": 4
              }
            },
            {
              "batter": "Yasmeen Khan",
              "bowler": "S Nampiina",
              "non_striker": "KA Green",
              "runs": {
                "batter": 2,
                "extras": 0,
                "total": 2
              }
            },
            {
              "batter": "Yasmeen Khan",
              "bowler": "S Nampiina",
              "non_striker": "KA Green",
              "runs": {
                "batter": 1,
                "extras": 0,
                "total": 1
              }
            },
            {
              "batter": "KA Green",
              "bowler": "S Nampiina",
              "non_striker": "Yasmeen Khan",
              "runs": {
                "batter": 1,
                "extras": 0,
                "total": 1
              }
            },
            {
              "batter": "Yasmeen Khan",
              "bowler": "S Nampiina",
              "non_striker": "KA Green",
              "runs": {
                "batter": 0,
                "extras": 0,
                "total": 0
              }
            }
          ]
        }
      ],
      "powerplays": [
        {
          "from": 0.1,
          "to": 5.6,
          "type": "mandatory"
        }
      ],
      "target": {
        "overs": 20,
        "runs": 94
      }
    }
  ]
}