{
  "meta": {
    "data_version": "1.1.0",
    "created": "2023-04-26",
    "revision": 1
  },
  "info": {
    "balls_per_over": 6,
    "city": "Windhoek",
    "dates": [
      "2023-04-25"
    ],
    "event": {
      "name": "Women's T20 Quadrangular Series (in Namibia)",
      "match_number": 2
    },
    "gender": "female",
    "match_type": "T20",
    "match_type_number": 1411,
    "officials": {
      "reserve_umpires": [
        "S Loftie-Eaton"
      ],
      "umpires": [
        "E Lassen",
        "H Hugo"
      ]
    },
    "outcome": {
      "winner": "United Arab Emirates",
      "by": {
        "runs": 50
      }
    },
    "overs": 20,
    "player_of_match": [
      "Khushi Sharma"
    ],
    "players": {
      "United Arab Emirates": [
        "Chaya Mughal",
        "ER Oza",
        "KKN Egodage",
        "Theertha Satish",
        "L Keny",
        "Khushi Sharma",
        "Vaishnave Mahesh",
        "Archara Supriya",
        "I Nandakumar",
        "AS Patil",
        "Rishitha Rajith"
      ],
      "Uganda": [
        "K Awino",
        "P Alako",
        "J Mbabazi",
        "S Nampiina",
        "I Nakisuuyi",
        "R Musamali",
        "PE Kulume",
        "E Anyipo",
        "C Aweko",
        "I Alumo",
        "S Akiteng"
      ]
    },
    "registry": {
      "people": {
        "AS Patil": "ca707bdc",
        "Archara Supriya": "b245cd8b",
        "C Aweko": "01c1b96c",
        "Chaya Mughal": "77b26349",
        "E Anyipo": "d9e5ecb4",
        "E Lassen": "a476d6d0",
        "ER Oza": "fdc6b34d",
        "H Hugo": "48f9193f",
        "I Alumo": "6edd8b10",
        "I Nakisuuyi": "2f145a4f",
        "I Nandakumar": "9f87d0f0",
        "J Mbabazi": "aaa6e84c",
        "K Awino": "c4e7749a",
        "KKN Egodage": "5bb904d4",
        "Khushi Sharma": "a259c414",
        "L Keny": "aea89d48",
        "P Alako": "fcf37e14",
        "PE Kulume": "bb1a5f8a",
        "R Musamali": "017cadb2",
        "Rishitha Rajith": "f9e02b27",
        "S Akiteng": "cf92d76b",
        "S Loftie-Eaton": "71cc38ef",
        "S Nampiina": "91d9aa26",
        "Theertha Satish": "ee3dcb3f",
        "Vaishnave Mahesh": "31c56f40"
      }
    },
    "season": "2023",
    "team_type": "international",
    "teams": [
      "United Arab Emirates",
      "Uganda"
    ],
    "toss": {
      "decision": "field",
      "winner": "Uganda"
    },
    "venue": "United Cricket Club Ground, Windhoek"
  },
  "innings": [
    {
      "team": "United Arab Emirates",
      "overs": [
        {
          "over": 0,
          "deliveries": [
            {
              "batter": "Chaya Mughal",
              "bowler": "I Alumo",
              "extras": {
                "wides": 1
              },
              "non_striker": "ER Oza",
              "runs": {
                "batter": 0,
                "extras": 1,
                "total": 1
              }
            },
            {
              "batter": "Chaya Mughal",
              "bowler": "I Alumo",
              "non_striker": "ER Oza",
              "runs": {
                "batter": 0,
                "extras": 0,
                "total": 0
              }
            },
            {
              "batter": "Chaya Mughal",
              "bowler": "I Alumo",
              "non_striker": "ER Oza",
              "runs": {
                "batter": 0,
                "extras": 0,
                "total": 0
              }
            },
            {
              "batter": "Chaya Mughal",
              "bowler": "I Alumo",
              "non_striker": "ER Oza",
              "runs": {
                "batter": 0,
                "extras": 0,
                "total": 0
              }
            },
            {
              "batter": "Chaya Mughal",
              "bowler": "I Alumo",
              "non_striker": "ER Oza",
              "runs": {
                "batter": 1,
                "extras": 0,
                "total": 1
              }
            },
            {
              "batter": "ER Oza",
              "bowler": "I Alumo",
              "non_striker": "Chaya Mughal",
              "runs": {
                "batter": 2,
                "extras": 0,
                "total": 2
              }
            },
            {
              "batter": "ER Oza",
              "bowler": "I Alumo",
              "non_striker": "Chaya Mughal",
              "runs": {
                "batter": 1,
                "extras": 0,
                "total": 1
              }
            }
          ]
        },
        {
          "over": 1,
          "deliveries": [
            {
              "batter": "ER Oza",
              "bowler": "E Anyipo",
              "non_striker": "Chaya Mughal",
              "runs": {
                "batter": 4,
                "extras": 0,
                "total": 4
              }
            },
            {
              "batter": "ER Oza",
              "bowler": "E Anyipo",
              "extras": {
                "wides": 1
              },
              "non_striker": "Chaya Mughal",
              "runs": {
                "batter": 0,
                "extras": 1,
                "total": 1
              }
            },
            {
              "batter": "ER Oza",
              "bowler": "E Anyipo",
              "non_striker": "Chaya Mughal",
              "runs": {
                "batter": 0,
                "extras": 0,
                "total": 0
              }
            },
            {
              "batter": "ER Oza",
              "bowler": "E Anyipo",
              "non_striker": "Chaya Mughal",
              "runs": {
                "batter": 0,
                "extras": 0,
                "total": 0
              }
            },
            {
              "batter": "ER Oza",
              "bowler": "E Anyipo",
              "non_striker": "Chaya Mughal",
              "runs": {
                "batter": 0,
                "extras": 0,
                "total": 0
              }
            },
            {
              "batter": "ER Oza",
              "bowler": "E Anyipo",
              "non_striker": "Chaya Mughal",
              "runs": {
                "batter": 0,
                "extras": 0,
                "total": 0
              }
            },
            {
              "batter": "ER Oza",
              "bowler": "E Anyipo",
              "non_striker": "Chaya Mughal",
              "runs": {
                "batter": 0,
                "extras": 0,
                "total": 0
              }
            }
          ]
        },
        {
          "over": 2,
          "deliveries": [
            {
              "batter": "Chaya Mughal",
              "bowler": "I Alumo",
              "non_striker": "ER Oza",
              "runs": {
                "batter": 0,
                "extras": 0,
                "total": 0
              }
            },
            {
              "batter": "Chaya Mughal",
              "bowler": "I Alumo",
              "non_striker": "ER Oza",
              "runs": {
                "batter": 2,
                "extras": 0,
                "total": 2
              }
            },
            {
              "batter": "Chaya Mughal",
              "bowler": "I Alumo",
              "non_striker": "ER Oza",
              "runs": {
                "batter": 0,
                "extras": 0,
                "total": 0
              },
              "wickets": [
                {
                  "player_out": "Chaya Mughal",
                  "fielders": [
                    {
                      "name": "K Awino"
                    }
                  ],
                  "kind": "caught"
                }
              ]
            },
            {
              "batter": "KKN Egodage",
              "bowler": "I Alumo",
              "non_striker": "ER Oza",
              "runs": {
                "batter": 0,
                "extras": 0,
                "total": 0
              }
            },
            {
              "batter": "KKN Egodage",
              "bowler": "I Alumo",
              "non_striker": "ER Oza",
              "runs": {
                "batter": 0,
                "extras": 0,
                "total": 0
              }
            },
            {
              "batter": "KKN Egodage",
              "bowler": "I Alumo",
              "non_striker": "ER Oza",
              "runs": {
                "batter": 2,
                "extras": 0,
                "total": 2
              }
            }
          ]
        },
        {
          "over": 3,
          "deliveries": [
            {
              "batter": "ER Oza",
              "bowler": "E Anyipo",
              "non_striker": "KKN Egodage",
              "runs": {
                "batter": 0,
                "extras": 0,
                "total": 0
              },
              "wickets": [
                {
                  "player_out": "ER Oza",
                  "fielders": [
                    {
                      "name": "K Awino"
                    }
                  ],
                  "kind": "caught"
                }
              ]
            },
            {
              "batter": "Theertha Satish",
              "bowler": "E Anyipo",
              "non_striker": "KKN Egodage",
              "runs": {
                "batter": 0,
                "extras": 0,
                "total": 0
              }
            },
            {
              "batter": "Theertha Satish",
              "bowler": "E Anyipo",
              "non_striker": "KKN Egodage",
              "runs": {
                "batter": 0,
                "extras": 0,
                "total": 0
              }
            },
            {
              "batter": "Theertha Satish",
              "bowler": "E Anyipo",
              "non_striker": "KKN Egodage",
              "runs": {
                "batter": 0,
                "extras": 0,
                "total": 0
              }
            },
            {
              "batter": "Theertha Satish",
              "bowler": "E Anyipo",
              "non_striker": "KKN Egodage",
              "runs": {
                "batter": 0,
                "extras": 0,
                "total": 0
              }
            },
            {
              "batter": "Theertha Satish",
              "bowler": "E Anyipo",
              "non_striker": "KKN Egodage",
              "runs": {
                "batter": 0,
                "extras": 0,
                "total": 0
              }
            }
          ]
        },
        {
          "over": 4,
          "deliveries": [
            {
              "batter": "KKN Egodage",
              "bowler": "I Alumo",
              "non_striker": "Theertha Satish",
              "runs": {
                "batter": 0,
                "extras": 0,
                "total": 0
              }
            },
            {
              "batter": "KKN Egodage",
              "bowler": "I Alumo",
              "non_striker": "Theertha Satish",
              "runs": {
                "batter": 1,
                "extras": 0,
                "total": 1
              }
            },
            {
              "batter": "Theertha Satish",
              "bowler": "I Alumo",
              "non_striker": "KKN Egodage",
              "runs": {
                "batter": 0,
                "extras": 0,
                "total": 0
              }
            },
            {
              "batter": "Theertha Satish",
              "bowler": "I Alumo",
              "non_striker": "KKN Egodage",
              "runs": {
                "batter": 4,
                "extras": 0,
                "total": 4
              }
            },
            {
              "batter": "Theertha Satish",
              "bowler": "I Alumo",
              "non_striker": "KKN Egodage",
              "runs": {
                "batter": 0,
                "extras": 0,
                "total": 0
              }
            },
            {
              "batter": "Theertha Satish",
              "bowler": "I Alumo",
              "non_striker": "KKN Egodage",
              "runs": {
                "batter": 4,
                "extras": 0,
                "total": 4
              }
            }
          ]
        },
        {
          "over": 5,
          "deliveries": [
            {
              "batter": "KKN Egodage",
              "bowler": "E Anyipo",
              "non_striker": "Theertha Satish",
              "runs": {
                "batter": 1,
                "extras": 0,
                "total": 1
              }
            },
            {
              "batter": "Theertha Satish",
              "bowler": "E Anyipo",
              "extras": {
                "wides": 1
              },
              "non_striker": "KKN Egodage",
              "runs": {
                "batter": 0,
                "extras": 1,
                "total": 1
              }
            },
            {
              "batter": "Theertha Satish",
              "bowler": "E Anyipo",
              "non_striker": "KKN Egodage",
              "runs": {
                "batter": 0,
                "extras": 0,
                "total": 0
              }
            },
            {
              "batter": "Theertha Satish",
              "bowler": "E Anyipo",
              "non_striker": "KKN Egodage",
              "runs": {
                "batter": 4,
                "extras": 0,
                "total": 4
              }
            },
            {
              "batter": "Theertha Satish",
              "bowler": "E Anyipo",
              "non_striker": "KKN Egodage",
              "runs": {
                "batter": 1,
                "extras": 0,
                "total": 1
              }
            },
            {
              "batter": "KKN Egodage",
              "bowler": "E Anyipo",
              "non_striker": "Theertha Satish",
              "runs": {
                "batter": 4,
                "extras": 0,
                "total": 4
              }
            },
            {
              "batter": "KKN Egodage",
              "bowler": "E Anyipo",
              "non_striker": "Theertha Satish",
              "runs": {
                "batter": 1,
                "extras": 0,
                "total": 1
              }
            }
          ]
        },
        {
          "over": 6,
          "deliveries": [
            {
              "batter": "KKN Egodage",
              "bowler": "PE Kulume",
              "non_striker": "Theertha Satish",
              "runs": {
                "batter": 1,
                "extras": 0,
                "total": 1
              }
            },
            {
              "batter": "Theertha Satish",
              "bowler": "PE Kulume",
              "non_striker": "KKN Egodage",
              "runs": {
                "batter": 4,
                "extras": 0,
                "total": 4
              }
            },
            {
              "batter": "Theertha Satish",
              "bowler": "PE Kulume",
              "non_striker": "KKN Egodage",
              "runs": {
                "batter": 0,
                "extras": 0,
                "total": 0
              }
            },
            {
              "batter": "Theertha Satish",
              "bowler": "PE Kulume",
              "non_striker": "KKN Egodage",
              "runs": {
                "batter": 1,
                "extras": 0,
                "total": 1
              }
            },
            {
              "batter": "KKN Egodage",
              "bowler": "PE Kulume",
              "non_striker": "Theertha Satish",
              "runs": {
                "batter": 4,
                "extras": 0,
                "total": 4
              }
            },
            {
              "batter": "KKN Egodage",
              "bowler": "PE Kulume",
              "non_striker": "Theertha Satish",
              "runs": {
                "batter": 1,
                "extras": 0,
                "total": 1
              }
            }
          ]
        },
        {
          "over": 7,
          "deliveries": [
            {
              "batter": "KKN Egodage",
              "bowler": "C Aweko",
              "non_striker": "Theertha Satish",
              "runs": {
                "batter": 1,
                "extras": 0,
                "total": 1
              }
            },
            {
              "batter": "Theertha Satish",
              "bowler": "C Aweko",
              "non_striker": "KKN Egodage",
              "runs": {
                "batter": 0,
                "extras": 0,
                "total": 0
              }
            },
            {
              "batter": "Theertha Satish",
              "bowler": "C Aweko",
              "non_striker": "KKN Egodage",
              "runs": {
                "batter": 1,
                "extras": 0,
                "total": 1
              }
            },
            {
              "batter": "KKN Egodage",
              "bowler": "C Aweko",
              "non_striker": "Theertha Satish",
              "runs": {
                "batter": 0,
                "extras": 0,
                "total": 0
              }
            },
            {
              "batter": "KKN Egodage",
              "bowler": "C Aweko",
              "non_striker": "Theertha Satish",
              "runs": {
                "batter": 0,
                "extras": 0,
                "total": 0
              }
            },
            {
              "batter": "KKN Egodage",
              "bowler": "C Aweko",
              "non_striker": "Theertha Satish",
              "runs": {
                "batter": 4,
                "extras": 0,
                "total": 4
              }
            }
          ]
        },
        {
          "over": 8,
          "deliveries": [
            {
              "batter": "Theertha Satish",
              "bowler": "S Akiteng",
              "non_striker": "KKN Egodage",
              "runs": {
                "batter": 1,
                "extras": 0,
                "total": 1
              }
            },
            {
              "batter": "KKN Egodage",
              "bowler": "S Akiteng",
              "non_striker": "Theertha Satish",
              "runs": {
                "batter": 1,
                "extras": 0,
                "total": 1
              }
            },
            {
              "batter": "Theertha Satish",
              "bowler": "S Akiteng",
              "non_striker": "KKN Egodage",
              "runs": {
                "batter": 1,
                "extras": 0,
                "total": 1
              }
            },
            {
              "batter": "KKN Egodage",
              "bowler": "S Akiteng",
              "non_striker": "Theertha Satish",
              "runs": {
                "batter": 1,
                "extras": 0,
                "total": 1
              }
            },
            {
              "batter": "Theertha Satish",
              "bowler": "S Akiteng",
              "non_striker": "KKN Egodage",
              "runs": {
                "batter": 1,
                "extras": 0,
                "total": 1
              }
            },
            {
              "batter": "KKN Egodage",
              "bowler": "S Akiteng",
              "non_striker": "Theertha Satish",
              "runs": {
                "batter": 0,
                "extras": 0,
                "total": 0
              }
            }
          ]
        },
        {
          "over": 9,
          "deliveries": [
            {
              "batter": "Theertha Satish",
              "bowler": "C Aweko",
              "non_striker": "KKN Egodage",
              "runs": {
                "batter": 0,
                "extras": 0,
                "total": 0
              }
            },
            {
              "batter": "Theertha Satish",
              "bowler": "C Aweko",
              "non_striker": "KKN Egodage",
              "runs": {
                "batter": 1,
                "extras": 0,
                "total": 1
              }
            },
            {
              "batter": "KKN Egodage",
              "bowler": "C Aweko",
              "non_striker": "Theertha Satish",
              "runs": {
                "batter": 1,
                "extras": 0,
                "total": 1
              }
            },
            {
              "batter": "Theertha Satish",
              "bowler": "C Aweko",
              "non_striker": "KKN Egodage",
              "runs": {
                "batter": 4,
                "extras": 0,
                "total": 4
              }
            },
            {
              "batter": "Theertha Satish",
              "bowler": "C Aweko",
              "non_striker": "KKN Egodage",
              "runs": {
                "batter": 0,
                "extras": 0,
                "total": 0
              }
            },
            {
              "batter": "Theertha Satish",
              "bowler": "C Aweko",
              "non_striker": "KKN Egodage",
              "runs": {
                "batter": 1,
                "extras": 0,
                "total": 1
              }
            }
          ]
        },
        {
          "over": 10,
          "deliveries": [
            {
              "batter": "Theertha Satish",
              "bowler": "S Akiteng",
              "non_striker": "KKN Egodage",
              "runs": {
                "batter": 1,
                "extras": 0,
                "total": 1
              }
            },
            {
              "batter": "KKN Egodage",
              "bowler": "S Akiteng",
              "non_striker": "Theertha Satish",
              "runs": {
                "batter": 0,
                "extras": 0,
                "total": 0
              }
            },
            {
              "batter": "KKN Egodage",
              "bowler": "S Akiteng",
              "non_striker": "Theertha Satish",
              "runs": {
                "batter": 0,
                "extras": 0,
                "total": 0
              }
            },
            {
              "batter": "KKN Egodage",
              "bowler": "S Akiteng",
              "non_striker": "Theertha Satish",
              "runs": {
                "batter": 1,
                "extras": 0,
                "total": 1
              }
            },
            {
              "batter": "Theertha Satish",
              "bowler": "S Akiteng",
              "non_striker": "KKN Egodage",
              "runs": {
                "batter": 1,
                "extras": 0,
                "total": 1
              }
            },
            {
              "batter": "KKN Egodage",
              "bowler": "S Akiteng",
              "non_striker": "Theertha Satish",
              "runs": {
                "batter": 0,
                "extras": 0,
                "total": 0
              }
            }
          ]
        },
        {
          "over": 11,
          "deliveries": [
            {
              "batter": "Theertha Satish",
              "bowler": "J Mbabazi",
              "non_striker": "KKN Egodage",
              "runs": {
                "batter": 1,
                "extras": 0,
                "total": 1
              }
            },
            {
              "batter": "KKN Egodage",
              "bowler": "J Mbabazi",
              "non_striker": "Theertha Satish",
              "runs": {
                "batter": 1,
                "extras": 0,
                "total": 1
              }
            },
            {
              "batter": "Theertha Satish",
              "bowler": "J Mbabazi",
              "non_striker": "KKN Egodage",
              "runs": {
                "batter": 0,
                "extras": 0,
                "total": 0
              }
            },
            {
              "batter": "Theertha Satish",
              "bowler": "J Mbabazi",
              "non_striker": "KKN Egodage",
              "runs": {
                "batter": 1,
                "extras": 0,
                "total": 1
              }
            },
            {
              "batter": "KKN Egodage",
              "bowler": "J Mbabazi",
              "non_striker": "Theertha Satish",
              "runs": {
                "batter": 0,
                "extras": 0,
                "total": 0
              }
            },
            {
              "batter": "KKN Egodage",
              "bowler": "J Mbabazi",
              "non_striker": "Theertha Satish",
              "runs": {
                "batter": 0,
                "extras": 0,
                "total": 0
              }
            }
          ]
        },
        {
          "over": 12,
          "deliveries": [
            {
              "batter": "Theertha Satish",
              "bowler": "S Akiteng",
              "non_striker": "KKN Egodage",
              "runs": {
                "batter": 4,
                "extras": 0,
                "total": 4
              }
            },
            {
              "batter": "Theertha Satish",
              "bowler": "S Akiteng",
              "non_striker": "KKN Egodage",
              "runs": {
                "batter": 0,
                "extras": 0,
                "total": 0
              }
            },
            {
              "batter": "Theertha Satish",
              "bowler": "S Akiteng",
              "non_striker": "KKN Egodage",
              "runs": {
                "batter": 1,
                "extras": 0,
                "total": 1
              }
            },
            {
              "batter": "KKN Egodage",
              "bowler": "S Akiteng",
              "non_striker": "Theertha Satish",
              "runs": {
                "batter": 1,
                "extras": 0,
                "total": 1
              }
            },
            {
              "batter": "Theertha Satish",
              "bowler": "S Akiteng",
              "non_striker": "KKN Egodage",
              "runs": {
                "batter": 2,
                "extras": 0,
                "total": 2
              }
            },
            {
              "batter": "Theertha Satish",
              "bowler": "S Akiteng",
              "non_striker": "KKN Egodage",
              "runs": {
                "batter": 0,
                "extras": 0,
                "total": 0
              }
            }
          ]
        },
        {
          "over": 13,
          "deliveries": [
            {
              "batter": "KKN Egodage",
              "bowler": "J Mbabazi",
              "non_striker": "Theertha Satish",
              "runs": {
                "batter": 0,
                "extras": 0,
                "total": 0
              },
              "wickets": [
                {
                  "player_out": "Theertha Satish",
                  "fielders": [
                    {
                      "name": "J Mbabazi"
                    },
                    {
                      "name": "S Nampiina"
                    }
                  ],
                  "kind": "run out"
                }
              ]
            },
            {
              "batter": "KKN Egodage",
              "bowler": "J Mbabazi",
              "non_striker": "L Keny",
              "runs": {
                "batter": 1,
                "extras": 0,
                "total": 1
              }
            },
            {
              "batter": "L Keny",
              "bowler": "J Mbabazi",
              "non_striker": "KKN Egodage",
              "runs": {
                "batter": 1,
                "extras": 0,
                "total": 1
              }
            },
            {
              "batter": "KKN Egodage",
              "bowler": "J Mbabazi",
              "non_striker": "L Keny",
              "runs": {
                "batter": 0,
                "extras": 0,
                "total": 0
              }
            },
            {
              "batter": "KKN Egodage",
              "bowler": "J Mbabazi",
              "non_striker": "L Keny",
              "runs": {
                "batter": 0,
                "extras": 0,
                "total": 0
              }
            },
            {
              "batter": "KKN Egodage",
              "bowler": "J Mbabazi",
              "non_striker": "L Keny",
              "runs": {
                "batter": 1,
                "extras": 0,
                "total": 1
              }
            }
          ]
        },
        {
          "over": 14,
          "deliveries": [
            {
              "batter": "KKN Egodage",
              "bowler": "S Akiteng",
              "non_striker": "L Keny",
              "runs": {
                "batter": 1,
                "extras": 0,
                "total": 1
              }
            },
            {
              "batter": "L Keny",
              "bowler": "S Akiteng",
              "non_striker": "KKN Egodage",
              "runs": {
                "batter": 1,
                "extras": 0,
                "total": 1
              }
            },
            {
              "batter": "KKN Egodage",
              "bowler": "S Akiteng",
              "non_striker": "L Keny",
              "runs": {
                "batter": 0,
                "extras": 0,
                "total": 0
              }
            },
            {
              "batter": "KKN Egodage",
              "bowler": "S Akiteng",
              "extras": {
                "wides": 1
              },
              "non_striker": "L Keny",
              "runs": {
                "batter": 0,
                "extras": 1,
                "total": 1
              }
            },
            {
              "batter": "KKN Egodage",
              "bowler": "S Akiteng",
              "non_striker": "L Keny",
              "runs": {
                "batter": 1,
                "extras": 0,
                "total": 1
              }
            },
            {
              "batter": "L Keny",
              "bowler": "S Akiteng",
              "non_striker": "KKN Egodage",
              "runs": {
                "batter": 1,
                "extras": 0,
                "total": 1
              }
            },
            {
              "batter": "KKN Egodage",
              "bowler": "S Akiteng",
              "non_striker": "L Keny",
              "runs": {
                "batter": 0,
                "extras": 0,
                "total": 0
              }
            }
          ]
        },
        {
          "over": 15,
          "deliveries": [
            {
              "batter": "L Keny",
              "bowler": "J Mbabazi",
              "non_striker": "KKN Egodage",
              "runs": {
                "batter": 1,
                "extras": 0,
                "total": 1
              }
            },
            {
              "batter": "KKN Egodage",
              "bowler": "J Mbabazi",
              "non_striker": "L Keny",
              "runs": {
                "batter": 0,
                "extras": 0,
                "total": 0
              },
              "wickets": [
                {
                  "player_out": "KKN Egodage",
                  "fielders": [
                    {
                      "name": "E Anyipo"
                    }
                  ],
                  "kind": "caught"
                }
              ]
            },
            {
              "batter": "Khushi Sharma",
              "bowler": "J Mbabazi",
              "non_striker": "L Keny",
              "runs": {
                "batter": 1,
                "extras": 0,
                "total": 1
              }
            },
            {
              "batter": "L Keny",
              "bowler": "J Mbabazi",
              "non_striker": "Khushi Sharma",
              "runs": {
                "batter": 1,
                "extras": 0,
                "total": 1
              }
            },
            {
              "batter": "Khushi Sharma",
              "bowler": "J Mbabazi",
              "non_striker": "L Keny",
              "runs": {
                "batter": 2,
                "extras": 0,
                "total": 2
              }
            },
            {
              "batter": "Khushi Sharma",
              "bowler": "J Mbabazi",
              "non_striker": "L Keny",
              "runs": {
                "batter": 1,
                "extras": 0,
                "total": 1
              }
            }
          ]
        },
        {
          "over": 16,
          "deliveries": [
            {
              "batter": "Khushi Sharma",
              "bowler": "C Aweko",
              "non_striker": "L Keny",
              "runs": {
                "batter": 1,
                "extras": 0,
                "total": 1
              }
            },
            {
              "batter": "L Keny",
              "bowler": "C Aweko",
              "non_striker": "Khushi Sharma",
              "runs": {
                "batter": 0,
                "extras": 0,
                "total": 0
              }
            },
            {
              "batter": "L Keny",
              "bowler": "C Aweko",
              "non_striker": "Khushi Sharma",
              "runs": {
                "batter": 1,
                "extras": 0,
                "total": 1
              }
            },
            {
              "batter": "Khushi Sharma",
              "bowler": "C Aweko",
              "non_striker": "L Keny",
              "runs": {
                "batter": 0,
                "extras": 0,
                "total": 0
              },
              "wickets": [
                {
                  "player_out": "Khushi Sharma",
                  "kind": "bowled"
                }
              ]
            },
            {
              "batter": "Vaishnave Mahesh",
              "bowler": "C Aweko",
              "non_striker": "L Keny",
              "runs": {
                "batter": 0,
                "extras": 0,
                "total": 0
              }
            },
            {
              "batter": "Vaishnave Mahesh",
              "bowler": "C Aweko",
              "non_striker": "L Keny",
              "runs": {
                "batter": 0,
                "extras": 0,
                "total": 0
              }
            }
          ]
        },
        {
          "over": 17,
          "deliveries": [
            {
              "batter": "L Keny",
              "bowler": "J Mbabazi",
              "non_striker": "Vaishnave Mahesh",
              "runs": {
                "batter": 1,
                "extras": 0,
                "total": 1
              }
            },
            {
              "batter": "Vaishnave Mahesh",
              "bowler": "J Mbabazi",
              "non_striker": "L Keny",
              "runs": {
                "batter": 1,
                "extras": 0,
                "total": 1
              }
            },
            {
              "batter": "L Keny",
              "bowler": "J Mbabazi",
              "non_striker": "Vaishnave Mahesh",
              "runs": {
                "batter": 1,
                "extras": 0,
                "total": 1
              }
            },
            {
              "batter": "Vaishnave Mahesh",
              "bowler": "J Mbabazi",
              "non_striker": "L Keny",
              "runs": {
                "batter": 0,
                "extras": 0,
                "total": 0
              }
            },
            {
              "batter": "Vaishnave Mahesh",
              "bowler": "J Mbabazi",
              "non_striker": "L Keny",
              "runs": {
                "batter": 4,
                "extras": 0,
                "total": 4
              }
            },
            {
              "batter": "Vaishnave Mahesh",
              "bowler": "J Mbabazi",
              "non_striker": "L Keny",
              "runs": {
                "batter": 1,
                "extras": 0,
                "total": 1
              }
            }
          ]
        },
        {
          "over": 18,
          "deliveries": [
            {
              "batter": "Vaishnave Mahesh",
              "bowler": "C Aweko",
              "non_striker": "L Keny",
              "runs": {
                "batter": 0,
                "extras": 0,
                "total": 0
              }
            },
            {
              "batter": "Vaishnave Mahesh",
              "bowler": "C Aweko",
              "non_striker": "L Keny",
              "runs": {
                "batter": 1,
                "extras": 0,
                "total": 1
              }
            },
            {
              "batter": "L Keny",
              "bowler": "C Aweko",
              "non_striker": "Vaishnave Mahesh",
              "runs": {
                "batter": 1,
                "extras": 0,
                "total": 1
              }
            },
            {
              "batter": "Vaishnave Mahesh",
              "bowler": "C Aweko",
              "non_striker": "L Keny",
              "runs": {
                "batter": 1,
                "extras": 0,
                "total": 1
              }
            },
            {
              "batter": "L Keny",
              "bowler": "C Aweko",
              "non_striker": "Vaishnave Mahesh",
              "runs": {
                "batter": 2,
                "extras": 0,
                "total": 2
              }
            },
            {
              "batter": "L Keny",
              "bowler": "C Aweko",
              "non_striker": "Vaishnave Mahesh",
              "runs": {
                "batter": 2,
                "extras": 0,
                "total": 2
              }
            }
          ]
        },
        {
          "over": 19,
          "deliveries": [
            {
              "batter": "Vaishnave Mahesh",
              "bowler": "I Alumo",
              "non_striker": "L Keny",
              "runs": {
                "batter": 4,
                "extras": 0,
                "total": 4
              }
            },
            {
              "batter": "Vaishnave Mahesh",
              "bowler": "I Alumo",
              "non_striker": "L Keny",
              "runs": {
                "batter": 1,
                "extras": 0,
                "total": 1
              }
            },
            {
              "batter": "L Keny",
              "bowler": "I Alumo",
              "non_striker": "Vaishnave Mahesh",
              "runs": {
                "batter": 1,
                "extras": 0,
                "total": 1
              }
            },
            {
              "batter": "Vaishnave Mahesh",
              "bowler": "I Alumo",
              "non_striker": "L Keny",
              "runs": {
                "batter": 0,
                "extras": 0,
                "total": 0
              },
              "wickets": [
                {
                  "player_out": "Vaishnave Mahesh",
                  "kind": "bowled"
                }
              ]
            },
            {
              "batter": "Archara Supriya",
              "bowler": "I Alumo",
              "extras": {
                "wides": 1
              },
              "non_striker": "L Keny",
              "runs": {
                "batter": 0,
                "extras": 1,
                "total": 1
              }
            },
            {
              "batter": "Archara Supriya",
              "bowler": "I Alumo",
              "extras": {
                "legbyes": 1
              },
              "non_striker": "L Keny",
              "runs": {
                "batter": 0,
                "extras": 1,
                "total": 1
              }
            },
            {
              "batter": "L Keny",
              "bowler": "I Alumo",
              "non_striker": "Archara Supriya",
              "runs": {
                "batter": 3,
                "extras": 0,
                "total": 3
              }
            }
          ]
        }
      ],
      "powerplays": [
        {
          "from": 0.1,
          "to": 5.7,
          "type": "mandatory"
        }
      ]
    },
    {
      "team": "Uganda",
      "overs": [
        {
          "over": 0,
          "deliveries": [
            {
              "batter": "K Awino",
              "bowler": "I Nandakumar",
              "non_striker": "P Alako",
              "runs": {
                "batter": 0,
                "extras": 0,
                "total": 0
              }
            },
            {
              "batter": "K Awino",
              "bowler": "I Nandakumar",
              "non_striker": "P Alako",
              "runs": {
                "batter": 1,
                "extras": 0,
                "total": 1
              }
            },
            {
              "batter": "P Alako",
              "bowler": "I Nandakumar",
              "non_striker": "K Awino",
              "runs": {
                "batter": 1,
                "extras": 0,
                "total": 1
              }
            },
            {
              "batter": "K Awino",
              "bowler": "I Nandakumar",
              "non_striker": "P Alako",
              "runs": {
                "batter": 0,
                "extras": 0,
                "total": 0
              }
            },
            {
              "batter": "K Awino",
              "bowler": "I Nandakumar",
              "non_striker": "P Alako",
              "runs": {
                "batter": 2,
                "extras": 0,
                "total": 2
              }
            },
            {
              "batter": "K Awino",
              "bowler": "I Nandakumar",
              "non_striker": "P Alako",
              "runs": {
                "batter": 0,
                "extras": 0,
                "total": 0
              }
            }
          ]
        },
        {
          "over": 1,
          "deliveries": [
            {
              "batter": "P Alako",
              "bowler": "Chaya Mughal",
              "non_striker": "K Awino",
              "runs": {
                "batter": 0,
                "extras": 0,
                "total": 0
              }
            },
            {
              "batter": "P Alako",
              "bowler": "Chaya Mughal",
              "non_striker": "K Awino",
              "runs": {
                "batter": 0,
                "extras": 0,
                "total": 0
              }
            },
            {
              "batter": "P Alako",
              "bowler": "Chaya Mughal",
              "non_striker": "K Awino",
              "runs": {
                "batter": 1,
                "extras": 0,
                "total": 1
              }
            },
            {
              "batter": "K Awino",
              "bowler": "Chaya Mughal",
              "non_striker": "P Alako",
              "runs": {
                "batter": 0,
                "extras": 0,
                "total": 0
              }
            },
            {
              "batter": "K Awino",
              "bowler": "Chaya Mughal",
              "non_striker": "P Alako",
              "runs": {
                "batter": 1,
                "extras": 0,
                "total": 1
              }
            },
            {
              "batter": "P Alako",
              "bowler": "Chaya Mughal",
              "non_striker": "K Awino",
              "runs": {
                "batter": 1,
                "extras": 0,
                "total": 1
              }
            }
          ]
        },
        {
          "over": 2,
          "deliveries": [
            {
              "batter": "P Alako",
              "bowler": "I Nandakumar",
              "non_striker": "K Awino",
              "runs": {
                "batter": 0,
                "extras": 0,
                "total": 0
              }
            },
            {
              "batter": "P Alako",
              "bowler": "I Nandakumar",
              "non_striker": "K Awino",
              "runs": {
                "batter": 1,
                "extras": 0,
                "total": 1
              }
            },
            {
              "batter": "K Awino",
              "bowler": "I Nandakumar",
              "non_striker": "P Alako",
              "runs": {
                "batter": 0,
                "extras": 0,
                "total": 0
              }
            },
            {
              "batter": "K Awino",
              "bowler": "I Nandakumar",
              "non_striker": "P Alako",
              "runs": {
                "batter": 0,
                "extras": 0,
                "total": 0
              }
            },
            {
              "batter": "K Awino",
              "bowler": "I Nandakumar",
              "non_striker": "P Alako",
              "runs": {
                "batter": 1,
                "extras": 0,
                "total": 1
              }
            },
            {
              "batter": "P Alako",
              "bowler": "I Nandakumar",
              "non_striker": "K Awino",
              "runs": {
                "batter": 2,
                "extras": 0,
                "total": 2
              }
            }
          ]
        },
        {
          "over": 3,
          "deliveries": [
            {
              "batter": "K Awino",
              "bowler": "Chaya Mughal",
              "non_striker": "P Alako",
              "runs": {
                "batter": 4,
                "extras": 0,
                "total": 4
              }
            },
            {
              "batter": "K Awino",
              "bowler": "Chaya Mughal",
              "non_striker": "P Alako",
              "runs": {
                "batter": 1,
                "extras": 0,
                "total": 1
              }
            },
            {
              "batter": "P Alako",
              "bowler": "Chaya Mughal",
              "non_striker": "K Awino",
              "runs": {
                "batter": 0,
                "extras": 0,
                "total": 0
              }
            },
            {
              "batter": "P Alako",
              "bowler": "Chaya Mughal",
              "non_striker": "K Awino",
              "runs": {
                "batter": 6,
                "extras": 0,
                "total": 6
              }
            },
            {
              "batter": "P Alako",
              "bowler": "Chaya Mughal",
              "non_striker": "K Awino",
              "runs": {
                "batter": 1,
                "extras": 0,
                "total": 1
              }
            },
            {
              "batter": "K Awino",
              "bowler": "Chaya Mughal",
              "non_striker": "P Alako",
              "runs": {
                "batter": 1,
                "extras": 0,
                "total": 1
              }
            }
          ]
        },
        {
          "over": 4,
          "deliveries": [
            {
              "batter": "K Awino",
              "bowler": "I Nandakumar",
              "non_striker": "P Alako",
              "runs": {
                "batter": 1,
                "extras": 0,
                "total": 1
              }
            },
            {
              "batter": "P Alako",
              "bowler": "I Nandakumar",
              "non_striker": "K Awino",
              "runs": {
                "batter": 1,
                "extras": 0,
                "total": 1
              }
            },
            {
              "batter": "K Awino",
              "bowler": "I Nandakumar",
              "non_striker": "P Alako",
              "runs": {
                "batter": 0,
                "extras": 0,
                "total": 0
              }
            },
            {
              "batter": "K Awino",
              "bowler": "I Nandakumar",
              "non_striker": "P Alako",
              "runs": {
                "batter": 0,
                "extras": 0,
                "total": 0
              }
            },
            {
              "batter": "K Awino",
              "bowler": "I Nandakumar",
              "non_striker": "P Alako",
              "runs": {
                "batter": 0,
                "extras": 0,
                "total": 0
              },
              "wickets": [
                {
                  "player_out": "P Alako",
                  "fielders": [
                    {
                      "name": "KKN Egodage"
                    },
                    {
                      "name": "Theertha Satish"
                    }
                  ],
                  "kind": "run out"
                }
              ]
            },
            {
              "batter": "J Mbabazi",
              "bowler": "I Nandakumar",
              "non_striker": "K Awino",
              "runs": {
                "batter": 0,
                "extras": 0,
                "total": 0
              }
            }
          ]
        },
        {
          "over": 5,
          "deliveries": [
            {
              "batter": "K Awino",
              "bowler": "Vaishnave Mahesh",
              "non_striker": "J Mbabazi",
              "runs": {
                "batter": 0,
                "extras": 0,
                "total": 0
              }
            },
            {
              "batter": "K Awino",
              "bowler": "Vaishnave Mahesh",
              "non_striker": "J Mbabazi",
              "runs": {
                "batter": 0,
                "extras": 0,
                "total": 0
              }
            },
            {
              "batter": "K Awino",
              "bowler": "Vaishnave Mahesh",
              "non_striker": "J Mbabazi",
              "runs": {
                "batter": 1,
                "extras": 0,
                "total": 1
              }
            },
            {
              "batter": "J Mbabazi",
              "bowler": "Vaishnave Mahesh",
              "non_striker": "K Awino",
              "runs": {
                "batter": 1,
                "extras": 0,
                "total": 1
              }
            },
            {
              "batter": "K Awino",
              "bowler": "Vaishnave Mahesh",
              "non_striker": "J Mbabazi",
              "runs": {
                "batter": 0,
                "extras": 0,
                "total": 0
              }
            },
            {
              "batter": "K Awino",
              "bowler": "Vaishnave Mahesh",
              "non_striker": "J Mbabazi",
              "runs": {
                "batter": 0,
                "extras": 0,
                "total": 0
              }
            }
          ]
        },
        {
          "over": 6,
          "deliveries": [
            {
              "batter": "J Mbabazi",
              "bowler": "ER Oza",
              "non_striker": "K Awino",
              "runs": {
                "batter": 0,
                "extras": 0,
                "total": 0
              }
            },
            {
              "batter": "J Mbabazi",
              "bowler": "ER Oza",
              "non_striker": "K Awino",
              "runs": {
                "batter": 1,
                "extras": 0,
                "total": 1
              }
            },
            {
              "batter": "K Awino",
              "bowler": "ER Oza",
              "non_striker": "J Mbabazi",
              "runs": {
                "batter": 0,
                "extras": 0,
                "total": 0
              }
            },
            {
              "batter": "K Awino",
              "bowler": "ER Oza",
              "non_striker": "J Mbabazi",
              "runs": {
                "batter": 0,
                "extras": 0,
                "total": 0
              }
            },
            {
              "batter": "K Awino",
              "bowler": "ER Oza",
              "non_striker": "J Mbabazi",
              "runs": {
                "batter": 4,
                "extras": 0,
                "total": 4
              }
            },
            {
              "batter": "K Awino",
              "bowler": "ER Oza",
              "non_striker": "J Mbabazi",
              "runs": {
                "batter": 1,
                "extras": 0,
                "total": 1
              }
            }
          ]
        },
        {
          "over": 7,
          "deliveries": [
            {
              "batter": "K Awino",
              "bowler": "Vaishnave Mahesh",
              "non_striker": "J Mbabazi",
              "runs": {
                "batter": 0,
                "extras": 0,
                "total": 0
              }
            },
            {
              "batter": "K Awino",
              "bowler": "Vaishnave Mahesh",
              "non_striker": "J Mbabazi",
              "runs": {
                "batter": 1,
                "extras": 0,
                "total": 1
              }
            },
            {
              "batter": "J Mbabazi",
              "bowler": "Vaishnave Mahesh",
              "non_striker": "K Awino",
              "runs": {
                "batter": 0,
                "extras": 0,
                "total": 0
              }
            },
            {
              "batter": "J Mbabazi",
              "bowler": "Vaishnave Mahesh",
              "non_striker": "K Awino",
              "runs": {
                "batter": 0,
                "extras": 0,
                "total": 0
              }
            },
            {
              "batter": "J Mbabazi",
              "bowler": "Vaishnave Mahesh",
              "non_striker": "K Awino",
              "runs": {
                "batter": 1,
                "extras": 0,
                "total": 1
              }
            },
            {
              "batter": "K Awino",
              "bowler": "Vaishnave Mahesh",
              "non_striker": "J Mbabazi",
              "runs": {
                "batter": 0,
                "extras": 0,
                "total": 0
              }
            }
          ]
        },
        {
          "over": 8,
          "deliveries": [
            {
              "batter": "J Mbabazi",
              "bowler": "ER Oza",
              "non_striker": "K Awino",
              "runs": {
                "batter": 0,
                "extras": 0,
                "total": 0
              }
            },
            {
              "batter": "J Mbabazi",
              "bowler": "ER Oza",
              "non_striker": "K Awino",
              "runs": {
                "batter": 1,
                "extras": 0,
                "total": 1
              }
            },
            {
              "batter": "K Awino",
              "bowler": "ER Oza",
              "non_striker": "J Mbabazi",
              "runs": {
                "batter": 0,
                "extras": 0,
                "total": 0
              }
            },
            {
              "batter": "K Awino",
              "bowler": "ER Oza",
              "non_striker": "J Mbabazi",
              "runs": {
                "batter": 1,
                "extras": 0,
                "total": 1
              }
            },
            {
              "batter": "J Mbabazi",
              "bowler": "ER Oza",
              "non_striker": "K Awino",
              "runs": {
                "batter": 0,
                "extras": 0,
                "total": 0
              }
            },
            {
              "batter": "J Mbabazi",
              "bowler": "ER Oza",
              "non_striker": "K Awino",
              "runs": {
                "batter": 1,
                "extras": 0,
                "total": 1
              }
            }
          ]
        },
        {
          "over": 9,
          "deliveries": [
            {
              "batter": "J Mbabazi",
              "bowler": "Vaishnave Mahesh",
              "non_striker": "K Awino",
              "runs": {
                "batter": 0,
                "extras": 0,
                "total": 0
              },
              "wickets": [
                {
                  "player_out": "J Mbabazi",
                  "fielders": [
                    {
                      "name": "Khushi Sharma"
                    }
                  ],
                  "kind": "caught"
                }
              ]
            },
            {
              "batter": "S Nampiina",
              "bowler": "Vaishnave Mahesh",
              "non_striker": "K Awino",
              "runs": {
                "batter": 0,
                "extras": 0,
                "total": 0
              }
            },
            {
              "batter": "S Nampiina",
              "bowler": "Vaishnave Mahesh",
              "non_striker": "K Awino",
              "runs": {
                "batter": 0,
                "extras": 0,
                "total": 0
              }
            },
            {
              "batter": "S Nampiina",
              "bowler": "Vaishnave Mahesh",
              "non_striker": "K Awino",
              "runs": {
                "batter": 0,
                "extras": 0,
                "total": 0
              }
            },
            {
              "batter": "S Nampiina",
              "bowler": "Vaishnave Mahesh",
              "non_striker": "K Awino",
              "runs": {
                "batter": 0,
                "extras": 0,
                "total": 0
              }
            },
            {
              "batter": "S Nampiina",
              "bowler": "Vaishnave Mahesh",
              "non_striker": "K Awino",
              "runs": {
                "batter": 0,
                "extras": 0,
                "total": 0
              }
            }
          ]
        },
        {
          "over": 10,
          "deliveries": [
            {
              "batter": "K Awino",
              "bowler": "ER Oza",
              "non_striker": "S Nampiina",
              "runs": {
                "batter": 1,
                "extras": 0,
                "total": 1
              },
              "wickets": [
                {
                  "player_out": "K Awino",
                  "fielders": [
                    {
                      "name": "KKN Egodage"
                    },
                    {
                      "name": "Theertha Satish"
                    }
                  ],
                  "kind": "run out"
                }
              ]
            },
            {
              "batter": "I Nakisuuyi",
              "bowler": "ER Oza",
              "non_striker": "S Nampiina",
              "runs": {
                "batter": 0,
                "extras": 0,
                "total": 0
              }
            },
            {
              "batter": "I Nakisuuyi",
              "bowler": "ER Oza",
              "extras": {
                "wides": 1
              },
              "non_striker": "S Nampiina",
              "runs": {
                "batter": 0,
                "extras": 1,
                "total": 1
              }
            },
            {
              "batter": "I Nakisuuyi",
              "bowler": "ER Oza",
              "non_striker": "S Nampiina",
              "runs": {
                "batter": 0,
                "extras": 0,
                "total": 0
              }
            },
            {
              "batter": "I Nakisuuyi",
              "bowler": "ER Oza",
              "non_striker": "S Nampiina",
              "runs": {
                "batter": 0,
                "extras": 0,
                "total": 0
              }
            },
            {
              "batter": "I Nakisuuyi",
              "bowler": "ER Oza",
              "non_striker": "S Nampiina",
              "runs": {
                "batter": 0,
                "extras": 0,
                "total": 0
              }
            },
            {
              "batter": "I Nakisuuyi",
              "bowler": "ER Oza",
              "non_striker": "S Nampiina",
              "runs": {
                "batter": 1,
                "extras": 0,
                "total": 1
              }
            }
          ]
        },
        {
          "over": 11,
          "deliveries": [
            {
              "batter": "I Nakisuuyi",
              "bowler": "Vaishnave Mahesh",
              "non_striker": "S Nampiina",
              "runs": {
                "batter": 0,
                "extras": 0,
                "total": 0
              }
            },
            {
              "batter": "I Nakisuuyi",
              "bowler": "Vaishnave Mahesh",
              "non_striker": "S Nampiina",
              "runs": {
                "batter": 0,
                "extras": 0,
                "total": 0
              }
            },
            {
              "batter": "I Nakisuuyi",
              "bowler": "Vaishnave Mahesh",
              "non_striker": "S Nampiina",
              "runs": {
                "batter": 0,
                "extras": 0,
                "total": 0
              }
            },
            {
              "batter": "I Nakisuuyi",
              "bowler": "Vaishnave Mahesh",
              "non_striker": "S Nampiina",
              "runs": {
                "batter": 0,
                "extras": 0,
                "total": 0
              }
            },
            {
              "batter": "I Nakisuuyi",
              "bowler": "Vaishnave Mahesh",
              "non_striker": "S Nampiina",
              "runs": {
                "batter": 1,
                "extras": 0,
                "total": 1
              }
            },
            {
              "batter": "S Nampiina",
              "bowler": "Vaishnave Mahesh",
              "extras": {
                "wides": 1
              },
              "non_striker": "I Nakisuuyi",
              "runs": {
                "batter": 0,
                "extras": 1,
                "total": 1
              }
            },
            {
              "batter": "S Nampiina",
              "bowler": "Vaishnave Mahesh",
              "non_striker": "I Nakisuuyi",
              "runs": {
                "batter": 2,
                "extras": 0,
                "total": 2
              }
            }
          ]
        },
        {
          "over": 12,
          "deliveries": [
            {
              "batter": "I Nakisuuyi",
              "bowler": "ER Oza",
              "non_striker": "S Nampiina",
              "runs": {
                "batter": 0,
                "extras": 0,
                "total": 0
              }
            },
            {
              "batter": "I Nakisuuyi",
              "bowler": "ER Oza",
              "non_striker": "S Nampiina",
              "runs": {
                "batter": 0,
                "extras": 0,
                "total": 0
              },
              "wickets": [
                {
                  "player_out": "I Nakisuuyi",
                  "kind": "bowled"
                }
              ]
            },
            {
              "batter": "R Musamali",
              "bowler": "ER Oza",
              "non_striker": "S Nampiina",
              "runs": {
                "batter": 1,
                "extras": 0,
                "total": 1
              }
            },
            {
              "batter": "S Nampiina",
              "bowler": "ER Oza",
              "non_striker": "R Musamali",
              "runs": {
                "batter": 0,
                "extras": 0,
                "total": 0
              }
            },
            {
              "batter": "S Nampiina",
              "bowler": "ER Oza",
              "non_striker": "R Musamali",
              "runs": {
                "batter": 4,
                "extras": 0,
                "total": 4
              }
            },
            {
              "batter": "S Nampiina",
              "bowler": "ER Oza",
              "non_striker": "R Musamali",
              "runs": {
                "batter": 1,
                "extras": 0,
                "total": 1
              }
            }
          ]
        },
        {
          "over": 13,
          "deliveries": [
            {
              "batter": "S Nampiina",
              "bowler": "Khushi Sharma",
              "non_striker": "R Musamali",
              "runs": {
                "batter": 2,
                "extras": 0,
                "total": 2
              }
            },
            {
              "batter": "S Nampiina",
              "bowler": "Khushi Sharma",
              "non_striker": "R Musamali",
              "runs": {
                "batter": 0,
                "extras": 0,
                "total": 0
              },
              "wickets": [
                {
                  "player_out": "S Nampiina",
                  "kind": "bowled"
                }
              ]
            },
            {
              "batter": "PE Kulume",
              "bowler": "Khushi Sharma",
              "non_striker": "R Musamali",
              "runs": {
                "batter": 0,
                "extras": 0,
                "total": 0
              },
              "wickets": [
                {
                  "player_out": "PE Kulume",
                  "kind": "lbw"
                }
              ]
            },
            {
              "batter": "E Anyipo",
              "bowler": "Khushi Sharma",
              "non_striker": "R Musamali",
              "runs": {
                "batter": 0,
                "extras": 0,
                "total": 0
              },
              "wickets": [
                {
                  "player_out": "E Anyipo",
                  "kind": "bowled"
                }
              ]
            },
            {
              "batter": "C Aweko",
              "bowler": "Khushi Sharma",
              "non_striker": "R Musamali",
              "runs": {
                "batter": 0,
                "extras": 0,
                "total": 0
              }
            },
            {
              "batter": "C Aweko",
              "bowler": "Khushi Sharma",
              "non_striker": "R Musamali",
              "runs": {
                "batter": 0,
                "extras": 0,
                "total": 0
              }
            }
          ]
        },
        {
          "over": 14,
          "deliveries": [
            {
              "batter": "R Musamali",
              "bowler": "Archara Supriya",
              "non_striker": "C Aweko",
              "runs": {
                "batter": 0,
                "extras": 0,
                "total": 0
              }
            },
            {
              "batter": "R Musamali",
              "bowler": "Archara Supriya",
              "non_striker": "C Aweko",
              "runs": {
                "batter": 1,
                "extras": 0,
                "total": 1
              }
            },
            {
              "batter": "C Aweko",
              "bowler": "Archara Supriya",
              "non_striker": "R Musamali",
              "runs": {
                "batter": 0,
                "extras": 0,
                "total": 0
              }
            },
            {
              "batter": "C Aweko",
              "bowler": "Archara Supriya",
              "non_striker": "R Musamali",
              "runs": {
                "batter": 1,
                "extras": 0,
                "total": 1
              }
            },
            {
              "batter": "R Musamali",
              "bowler": "Archara Supriya",
              "non_striker": "C Aweko",
              "runs": {
                "batter": 2,
                "extras": 0,
                "total": 2
              }
            },
            {
              "batter": "R Musamali",
              "bowler": "Archara Supriya",
              "non_striker": "C Aweko",
              "runs": {
                "batter": 0,
                "extras": 0,
                "total": 0
              }
            }
          ]
        },
        {
          "over": 15,
          "deliveries": [
            {
              "batter": "C Aweko",
              "bowler": "Khushi Sharma",
              "non_striker": "R Musamali",
              "runs": {
                "batter": 1,
                "extras": 0,
                "total": 1
              }
            },
            {
              "batter": "R Musamali",
              "bowler": "Khushi Sharma",
              "non_striker": "C Aweko",
              "runs": {
                "batter": 0,
                "extras": 0,
                "total": 0
              }
            },
            {
              "batter": "R Musamali",
              "bowler": "Khushi Sharma",
              "non_striker": "C Aweko",
              "runs": {
                "batter": 0,
                "extras": 0,
                "total": 0
              }
            },
            {
              "batter": "R Musamali",
              "bowler": "Khushi Sharma",
              "non_striker": "C Aweko",
              "runs": {
                "batter": 0,
                "extras": 0,
                "total": 0
              }
            },
            {
              "batter": "R Musamali",
              "bowler": "Khushi Sharma",
              "non_striker": "C Aweko",
              "runs": {
                "batter": 4,
                "extras": 0,
                "total": 4
              }
            },
            {
              "batter": "R Musamali",
              "bowler": "Khushi Sharma",
              "non_striker": "C Aweko",
              "runs": {
                "batter": 0,
                "extras": 0,
                "total": 0
              },
              "wickets": [
                {
                  "player_out": "R Musamali",
                  "kind": "bowled"
                }
              ]
            }
          ]
        },
        {
          "over": 16,
          "deliveries": [
            {
              "batter": "C Aweko",
              "bowler": "Archara Supriya",
              "non_striker": "I Alumo",
              "runs": {
                "batter": 1,
                "extras": 0,
                "total": 1
              }
            },
            {
              "batter": "I Alumo",
              "bowler": "Archara Supriya",
              "non_striker": "C Aweko",
              "runs": {
                "batter": 1,
                "extras": 0,
                "total": 1
              }
            },
            {
              "batter": "C Aweko",
              "bowler": "Archara Supriya",
              "non_striker": "I Alumo",
              "runs": {
                "batter": 1,
                "extras": 0,
                "total": 1
              }
            },
            {
              "batter": "I Alumo",
              "bowler": "Archara Supriya",
              "non_striker": "C Aweko",
              "runs": {
                "batter": 0,
                "extras": 0,
                "total": 0
              }
            },
            {
              "batter": "I Alumo",
              "bowler": "Archara Supriya",
              "non_striker": "C Aweko",
              "runs": {
                "batter": 0,
                "extras": 0,
                "total": 0
              }
            },
            {
              "batter": "I Alumo",
              "bowler": "Archara Supriya",
              "non_striker": "C Aweko",
              "runs": {
                "batter": 0,
                "extras": 0,
                "total": 0
              },
              "wickets": [
                {
                  "player_out": "I Alumo",
                  "kind": "lbw"
                }
              ]
            }
          ]
        },
        {
          "over": 17,
          "deliveries": [
            {
              "batter": "C Aweko",
              "bowler": "Khushi Sharma",
              "non_striker": "S Akiteng",
              "runs": {
                "batter": 0,
                "extras": 0,
                "total": 0
              }
            },
            {
              "batter": "C Aweko",
              "bowler": "Khushi Sharma",
              "non_striker": "S Akiteng",
              "runs": {
                "batter": 0,
                "extras": 0,
                "total": 0
              }
            },
            {
              "batter": "C Aweko",
              "bowler": "Khushi Sharma",
              "extras": {
                "wides": 1
              },
              "non_striker": "S Akiteng",
              "runs": {
                "batter": 0,
                "extras": 1,
                "total": 1
              }
            },
            {
              "batter": "C Aweko",
              "bowler": "Khushi Sharma",
              "non_striker": "S Akiteng",
              "runs": {
                "batter": 0,
                "extras": 0,
                "total": 0
              }
            },
            {
              "batter": "C Aweko",
              "bowler": "Khushi Sharma",
              "non_striker": "S Akiteng",
              "runs": {
                "batter": 0,
                "extras": 0,
                "total": 0
              }
            },
            {
              "batter": "C Aweko",
              "bowler": "Khushi Sharma",
              "non_striker": "S Akiteng",
              "runs": {
                "batter": 0,
                "extras": 0,
                "total": 0
              }
            },
            {
              "batter": "C Aweko",
              "bowler": "Khushi Sharma",
              "non_striker": "S Akiteng",
              "runs": {
                "batter": 1,
                "extras": 0,
                "total": 1
              }
            }
          ]
        },
        {
          "over": 18,
          "deliveries": [
            {
              "batter": "C Aweko",
              "bowler": "Archara Supriya",
              "non_striker": "S Akiteng",
              "runs": {
                "batter": 1,
                "extras": 0,
                "total": 1
              }
            },
            {
              "batter": "S Akiteng",
              "bowler": "Archara Supriya",
              "non_striker": "C Aweko",
              "runs": {
                "batter": 1,
                "extras": 0,
                "total": 1
              }
            },
            {
              "batter": "C Aweko",
              "bowler": "Archara Supriya",
              "non_striker": "S Akiteng",
              "runs": {
                "batter": 0,
                "extras": 0,
                "total": 0
              },
              "wickets": [
                {
                  "player_out": "C Aweko",
                  "fielders": [
                    {
                      "name": "Theertha Satish"
                    }
                  ],
                  "kind": "caught"
                }
              ]
            }
          ]
        }
      ],
      "powerplays": [
        {
          "from": 0.1,
          "to": 5.6,
          "type": "mandatory"
        }
      ],
      "target": {
        "overs": 20,
        "runs": 121
      }
    }
  ]
}