{
  "meta": {
    "data_version": "1.1.0",
    "created": "2023-06-06",
    "revision": 1
  },
  "info": {
    "balls_per_over": 6,
    "city": "St Saviour",
    "dates": [
      "2023-06-01"
    ],
    "event": {
      "name": "ICC Women's T20 World Cup Europe Division 2 Qualifier",
      "match_number": 11
    },
    "gender": "female",
    "match_type": "T20",
    "match_type_number": 1465,
    "officials": {
      "match_referees": [
        "G McCrea"
      ],
      "reserve_umpires": [
        "Ryan Milne"
      ],
      "umpires": [
        "HE Kearns",
        "J Naeem"
      ]
    },
    "outcome": {
      "winner": "Germany",
      "by": {
        "wickets": 7
      }
    },
    "overs": 20,
    "player_of_match": [
      "CM Gough"
    ],
    "players": {
      "Sweden": [
        "Kanchan Rana",
        "S Lundell",
        "E Thelander",
        "G Shukla",
        "A Vaidya",
        "Jayasooriya",
        "Eman Asim",
        "RG Somashekhar",
        "SK Ravuri",
        "S Elmsjoo",
        "H Chamto"
      ],
      "Germany": [
        "A Bierwisch",
        "CM Gough",
        "A Doddaballapur",
        "S Sadarangani",
        "S Kolcharam",
        "MS Beresford",
        "SR McAnanama-Brereton",
        "EC Bargna",
        "K Vijayaraghavan",
        "S Mannan",
        "Rameesha Shahid"
      ]
    },
    "registry": {
      "people": {
        "A Bierwisch": "b51d654f",
        "A Doddaballapur": "fe4f5d2b",
        "A Vaidya": "b7d8c07d",
        "CM Gough": "f1328a90",
        "E Thelander": "45cb4feb",
        "EC Bargna": "9908d470",
        "Eman Asim": "fd8038e1",
        "G McCrea": "46f4a901",
        "G Shukla": "6b4817d9",
        "H Chamto": "5e181be6",
        "HE Kearns": "fd4959c8",
        "J Naeem": "0dc3fee0",
        "Jayasooriya": "39183970",
        "K Vijayaraghavan": "048da365",
        "Kanchan Rana": "d5d87f3f",
        "MS Beresford": "26eb73f9",
        "RG Somashekhar": "881cb071",
        "Rameesha Shahid": "b810425e",
        "Ryan Milne": "d2343b26",
        "S Elmsjoo": "ce5030d8",
        "S Kolcharam": "761c929e",
        "S Lundell": "0d298cc9",
        "S Mannan": "41b8a051",
        "S Sadarangani": "acd030a0",
        "SK Ravuri": "0398fc0f",
        "SR McAnanama-Brereton": "bb1be934"
      }
    },
    "season": "2023",
    "team_type": "international",
    "teams": [
      "Sweden",
      "Germany"
    ],
    "toss": {
      "decision": "field",
      "winner": "Germany"
    },
    "venue": "Grainville, St Saviour, Jersey"
  },
  "innings": [
    {
      "team": "Sweden",
      "overs": [
        {
          "over": 0,
          "deliveries": [
            {
              "batter": "Kanchan Rana",
              "bowler": "A Doddaballapur",
              "non_striker": "S Lundell",
              "runs": {
                "batter": 1,
                "extras": 0,
                "total": 1
              }
            },
            {
              "batter": "S Lundell",
              "bowler": "A Doddaballapur",
              "non_striker": "Kanchan Rana",
              "runs": {
                "batter": 1,
                "extras": 0,
                "total": 1
              }
            },
            {
              "batter": "Kanchan Rana",
              "bowler": "A Doddaballapur",
              "non_striker": "S Lundell",
              "runs": {
                "batter": 4,
                "extras": 0,
                "total": 4
              }
            },
            {
              "batter": "Kanchan Rana",
              "bowler": "A Doddaballapur",
              "non_striker": "S Lundell",
              "runs": {
                "batter": 0,
                "extras": 0,
                "total": 0
              }
            },
            {
              "batter": "Kanchan Rana",
              "bowler": "A Doddaballapur",
              "non_striker": "S Lundell",
              "runs": {
                "batter": 0,
                "extras": 0,
                "total": 0
              },
              "wickets": [
                {
                  "player_out": "Kanchan Rana",
                  "kind": "bowled"
                }
              ]
            },
            {
              "batter": "E Thelander",
              "bowler": "A Doddaballapur",
              "non_striker": "S Lundell",
              "runs": {
                "batter": 0,
                "extras": 0,
                "total": 0
              }
            }
          ]
        },
        {
          "over": 1,
          "deliveries": [
            {
              "batter": "S Lundell",
              "bowler": "EC Bargna",
              "non_striker": "E Thelander",
              "runs": {
                "batter": 4,
                "extras": 0,
                "total": 4
              }
            },
            {
              "batter": "S Lundell",
              "bowler": "EC Bargna",
              "non_striker": "E Thelander",
              "runs": {
                "batter": 0,
                "extras": 0,
                "total": 0
              }
            },
            {
              "batter": "S Lundell",
              "bowler": "EC Bargna",
              "non_striker": "E Thelander",
              "runs": {
                "batter": 0,
                "extras": 0,
                "total": 0
              }
            },
            {
              "batter": "S Lundell",
              "bowler": "EC Bargna",
              "non_striker": "E Thelander",
              "runs": {
                "batter": 4,
                "extras": 0,
                "total": 4
              }
            },
            {
              "batter": "S Lundell",
              "bowler": "EC Bargna",
              "non_striker": "E Thelander",
              "runs": {
                "batter": 4,
                "extras": 0,
                "total": 4
              }
            },
            {
              "batter": "S Lundell",
              "bowler": "EC Bargna",
              "non_striker": "E Thelander",
              "runs": {
                "batter": 4,
                "extras": 0,
                "total": 4
              }
            }
          ]
        },
        {
          "over": 2,
          "deliveries": [
            {
              "batter": "E Thelander",
              "bowler": "A Doddaballapur",
              "non_striker": "S Lundell",
              "runs": {
                "batter": 0,
                "extras": 0,
                "total": 0
              }
            },
            {
              "batter": "E Thelander",
              "bowler": "A Doddaballapur",
              "non_striker": "S Lundell",
              "runs": {
                "batter": 0,
                "extras": 0,
                "total": 0
              }
            },
            {
              "batter": "E Thelander",
              "bowler": "A Doddaballapur",
              "non_striker": "S Lundell",
              "runs": {
                "batter": 0,
                "extras": 0,
                "total": 0
              }
            },
            {
              "batter": "E Thelander",
              "bowler": "A Doddaballapur",
              "non_striker": "S Lundell",
              "runs": {
                "batter": 2,
                "extras": 0,
                "total": 2
              }
            },
            {
              "batter": "E Thelander",
              "bowler": "A Doddaballapur",
              "non_striker": "S Lundell",
              "runs": {
                "batter": 0,
                "extras": 0,
                "total": 0
              }
            },
            {
              "batter": "E Thelander",
              "bowler": "A Doddaballapur",
              "non_striker": "S Lundell",
              "runs": {
                "batter": 0,
                "extras": 0,
                "total": 0
              }
            }
          ]
        },
        {
          "over": 3,
          "deliveries": [
            {
              "batter": "S Lundell",
              "bowler": "EC Bargna",
              "non_striker": "E Thelander",
              "runs": {
                "batter": 1,
                "extras": 0,
                "total": 1
              }
            },
            {
              "batter": "E Thelander",
              "bowler": "EC Bargna",
              "non_striker": "S Lundell",
              "runs": {
                "batter": 2,
                "extras": 0,
                "total": 2
              }
            },
            {
              "batter": "E Thelander",
              "bowler": "EC Bargna",
              "non_striker": "S Lundell",
              "runs": {
                "batter": 0,
                "extras": 0,
                "total": 0
              }
            },
            {
              "batter": "E Thelander",
              "bowler": "EC Bargna",
              "non_striker": "S Lundell",
              "runs": {
                "batter": 0,
                "extras": 0,
                "total": 0
              }
            },
            {
              "batter": "E Thelander",
              "bowler": "EC Bargna",
              "non_striker": "S Lundell",
              "runs": {
                "batter": 0,
                "extras": 0,
                "total": 0
              }
            },
            {
              "batter": "E Thelander",
              "bowler": "EC Bargna",
              "non_striker": "S Lundell",
              "runs": {
                "batter": 1,
                "extras": 0,
                "total": 1
              }
            }
          ]
        },
        {
          "over": 4,
          "deliveries": [
            {
              "batter": "E Thelander",
              "bowler": "A Doddaballapur",
              "non_striker": "S Lundell",
              "runs": {
                "batter": 0,
                "extras": 0,
                "total": 0
              }
            },
            {
              "batter": "E Thelander",
              "bowler": "A Doddaballapur",
              "non_striker": "S Lundell",
              "runs": {
                "batter": 0,
                "extras": 0,
                "total": 0
              }
            },
            {
              "batter": "E Thelander",
              "bowler": "A Doddaballapur",
              "non_striker": "S Lundell",
              "runs": {
                "batter": 0,
                "extras": 0,
                "total": 0
              }
            },
            {
              "batter": "E Thelander",
              "bowler": "A Doddaballapur",
              "non_striker": "S Lundell",
              "runs": {
                "batter": 2,
                "extras": 0,
                "total": 2
              }
            },
            {
              "batter": "E Thelander",
              "bowler": "A Doddaballapur",
              "non_striker": "S Lundell",
              "runs": {
                "batter": 4,
                "extras": 0,
                "total": 4
              }
            },
            {
              "batter": "E Thelander",
              "bowler": "A Doddaballapur",
              "non_striker": "S Lundell",
              "runs": {
                "batter": 2,
                "extras": 0,
                "total": 2
              }
            }
          ]
        },
        {
          "over": 5,
          "deliveries": [
            {
              "batter": "S Lundell",
              "bowler": "EC Bargna",
              "non_striker": "E Thelander",
              "runs": {
                "batter": 1,
                "extras": 0,
                "total": 1
              }
            },
            {
              "batter": "E Thelander",
              "bowler": "EC Bargna",
              "non_striker": "S Lundell",
              "runs": {
                "batter": 0,
                "extras": 0,
                "total": 0
              }
            },
            {
              "batter": "E Thelander",
              "bowler": "EC Bargna",
              "non_striker": "S Lundell",
              "runs": {
                "batter": 0,
                "extras": 0,
                "total": 0
              }
            },
            {
              "batter": "E Thelander",
              "bowler": "EC Bargna",
              "non_striker": "S Lundell",
              "runs": {
                "batter": 2,
                "extras": 0,
                "total": 2
              }
            },
            {
              "batter": "E Thelander",
              "bowler": "EC Bargna",
              "non_striker": "S Lundell",
              "runs": {
                "batter": 0,
                "extras": 0,
                "total": 0
              }
            },
            {
              "batter": "E Thelander",
              "bowler": "EC Bargna",
              "non_striker": "S Lundell",
              "runs": {
                "batter": 1,
                "extras": 0,
                "total": 1
              }
            }
          ]
        },
        {
          "over": 6,
          "deliveries": [
            {
              "batter": "E Thelander",
              "bowler": "A Doddaballapur",
              "non_striker": "S Lundell",
              "runs": {
                "batter": 0,
                "extras": 0,
                "total": 0
              },
              "wickets": [
                {
                  "player_out": "E Thelander",
                  "kind": "bowled"
                }
              ]
            },
            {
              "batter": "G Shukla",
              "bowler": "A Doddaballapur",
              "non_striker": "S Lundell",
              "runs": {
                "batter": 0,
                "extras": 0,
                "total": 0
              }
            },
            {
              "batter": "G Shukla",
              "bowler": "A Doddaballapur",
              "non_striker": "S Lundell",
              "runs": {
                "batter": 2,
                "extras": 0,
                "total": 2
              }
            },
            {
              "batter": "G Shukla",
              "bowler": "A Doddaballapur",
              "non_striker": "S Lundell",
              "runs": {
                "batter": 0,
                "extras": 0,
                "total": 0
              }
            },
            {
              "batter": "G Shukla",
              "bowler": "A Doddaballapur",
              "non_striker": "S Lundell",
              "runs": {
                "batter": 0,
                "extras": 0,
                "total": 0
              }
            },
            {
              "batter": "G Shukla",
              "bowler": "A Doddaballapur",
              "non_striker": "S Lundell",
              "runs": {
                "batter": 1,
                "extras": 0,
                "total": 1
              }
            }
          ]
        },
        {
          "over": 7,
          "deliveries": [
            {
              "batter": "G Shukla",
              "bowler": "EC Bargna",
              "non_striker": "S Lundell",
              "runs": {
                "batter": 2,
                "extras": 0,
                "total": 2
              }
            },
            {
              "batter": "G Shukla",
              "bowler": "EC Bargna",
              "non_striker": "S Lundell",
              "runs": {
                "batter": 0,
                "extras": 0,
                "total": 0
              }
            },
            {
              "batter": "G Shukla",
              "bowler": "EC Bargna",
              "non_striker": "S Lundell",
              "runs": {
                "batter": 4,
                "extras": 0,
                "total": 4
              }
            },
            {
              "batter": "G Shukla",
              "bowler": "EC Bargna",
              "non_striker": "S Lundell",
              "runs": {
                "batter": 1,
                "extras": 0,
                "total": 1
              }
            },
            {
              "batter": "S Lundell",
              "bowler": "EC Bargna",
              "non_striker": "G Shukla",
              "runs": {
                "batter": 1,
                "extras": 0,
                "total": 1
              }
            },
            {
              "batter": "G Shukla",
              "bowler": "EC Bargna",
              "non_striker": "S Lundell",
              "runs": {
                "batter": 1,
                "extras": 0,
                "total": 1
              }
            }
          ]
        },
        {
          "over": 8,
          "deliveries": [
            {
              "batter": "G Shukla",
              "bowler": "CM Gough",
              "non_striker": "S Lundell",
              "runs": {
                "batter": 0,
                "extras": 0,
                "total": 0
              }
            },
            {
              "batter": "G Shukla",
              "bowler": "CM Gough",
              "non_striker": "S Lundell",
              "runs": {
                "batter": 1,
                "extras": 0,
                "total": 1
              }
            },
            {
              "batter": "S Lundell",
              "bowler": "CM Gough",
              "non_striker": "G Shukla",
              "runs": {
                "batter": 0,
                "extras": 0,
                "total": 0
              }
            },
            {
              "batter": "S Lundell",
              "bowler": "CM Gough",
              "non_striker": "G Shukla",
              "runs": {
                "batter": 1,
                "extras": 0,
                "total": 1
              }
            },
            {
              "batter": "G Shukla",
              "bowler": "CM Gough",
              "non_striker": "S Lundell",
              "runs": {
                "batter": 4,
                "extras": 0,
                "total": 4
              }
            },
            {
              "batter": "G Shukla",
              "bowler": "CM Gough",
              "non_striker": "S Lundell",
              "runs": {
                "batter": 0,
                "extras": 0,
                "total": 0
              }
            }
          ]
        },
        {
          "over": 9,
          "deliveries": [
            {
              "batter": "S Lundell",
              "bowler": "S Sadarangani",
              "extras": {
                "wides": 1
              },
              "non_striker": "G Shukla",
              "runs": {
                "batter": 0,
                "extras": 1,
                "total": 1
              }
            },
            {
              "batter": "S Lundell",
              "bowler": "S Sadarangani",
              "non_striker": "G Shukla",
              "runs": {
                "batter": 2,
                "extras": 0,
                "total": 2
              }
            },
            {
              "batter": "S Lundell",
              "bowler": "S Sadarangani",
              "extras": {
                "wides": 1
              },
              "non_striker": "G Shukla",
              "runs": {
                "batter": 0,
                "extras": 1,
                "total": 1
              }
            },
            {
              "batter": "S Lundell",
              "bowler": "S Sadarangani",
              "non_striker": "G Shukla",
              "runs": {
                "batter": 2,
                "extras": 0,
                "total": 2
              }
            },
            {
              "batter": "S Lundell",
              "bowler": "S Sadarangani",
              "non_striker": "G Shukla",
              "runs": {
                "batter": 1,
                "extras": 0,
                "total": 1
              }
            },
            {
              "batter": "G Shukla",
              "bowler": "S Sadarangani",
              "extras": {
                "wides": 1
              },
              "non_striker": "S Lundell",
              "runs": {
                "batter": 0,
                "extras": 1,
                "total": 1
              }
            },
            {
              "batter": "G Shukla",
              "bowler": "S Sadarangani",
              "non_striker": "S Lundell",
              "runs": {
                "batter": 0,
                "extras": 0,
                "total": 0
              }
            },
            {
              "batter": "G Shukla",
              "bowler": "S Sadarangani",
              "extras": {
                "wides": 1
              },
              "non_striker": "S Lundell",
              "runs": {
                "batter": 0,
                "extras": 1,
                "total": 1
              }
            },
            {
              "batter": "G Shukla",
              "bowler": "S Sadarangani",
              "extras": {
                "noballs": 1
              },
              "non_striker": "S Lundell",
              "runs": {
                "batter": 0,
                "extras": 1,
                "total": 1
              }
            },
            {
              "batter": "G Shukla",
              "bowler": "S Sadarangani",
              "non_striker": "S Lundell",
              "runs": {
                "batter": 1,
                "extras": 0,
                "total": 1
              }
            },
            {
              "batter": "S Lundell",
              "bowler": "S Sadarangani",
              "non_striker": "G Shukla",
              "runs": {
                "batter": 1,
                "extras": 0,
                "total": 1
              }
            }
          ]
        },
        {
          "over": 10,
          "deliveries": [
            {
              "batter": "S Lundell",
              "bowler": "CM Gough",
              "extras": {
                "legbyes": 1
              },
              "non_striker": "G Shukla",
              "runs": {
                "batter": 0,
                "extras": 1,
                "total": 1
              }
            },
            {
              "batter": "G Shukla",
              "bowler": "CM Gough",
              "non_striker": "S Lundell",
              "runs": {
                "batter": 1,
                "extras": 0,
                "total": 1
              }
            },
            {
              "batter": "S Lundell",
              "bowler": "CM Gough",
              "non_striker": "G Shukla",
              "runs": {
                "batter": 1,
                "extras": 0,
                "total": 1
              }
            },
            {
              "batter": "G Shukla",
              "bowler": "CM Gough",
              "non_striker": "S Lundell",
              "runs": {
                "batter": 0,
                "extras": 0,
                "total": 0
              }
            },
            {
              "batter": "G Shukla",
              "bowler": "CM Gough",
              "non_striker": "S Lundell",
              "runs": {
                "batter": 1,
                "extras": 0,
                "total": 1
              }
            },
            {
              "batter": "S Lundell",
              "bowler": "CM Gough",
              "non_striker": "G Shukla",
              "runs": {
                "batter": 0,
                "extras": 0,
                "total": 0
              }
            }
          ]
        },
        {
          "over": 11,
          "deliveries": [
            {
              "batter": "G Shukla",
              "bowler": "S Sadarangani",
              "non_striker": "S Lundell",
              "runs": {
                "batter": 2,
                "extras": 0,
                "total": 2
              }
            },
            {
              "batter": "G Shukla",
              "bowler": "S Sadarangani",
              "non_striker": "S Lundell",
              "runs": {
                "batter": 0,
                "extras": 0,
                "total": 0
              }
            },
            {
              "batter": "G Shukla",
              "bowler": "S Sadarangani",
              "non_striker": "S Lundell",
              "runs": {
                "batter": 1,
                "extras": 0,
                "total": 1
              }
            },
            {
              "batter": "S Lundell",
              "bowler": "S Sadarangani",
              "non_striker": "G Shukla",
              "runs": {
                "batter": 2,
                "extras": 0,
                "total": 2
              }
            },
            {
              "batter": "S Lundell",
              "bowler": "S Sadarangani",
              "non_striker": "G Shukla",
              "runs": {
                "batter": 1,
                "extras": 0,
                "total": 1
              }
            },
            {
              "batter": "G Shukla",
              "bowler": "S Sadarangani",
              "non_striker": "S Lundell",
              "runs": {
                "batter": 4,
                "extras": 0,
                "total": 4
              }
            }
          ]
        },
        {
          "over": 12,
          "deliveries": [
            {
              "batter": "S Lundell",
              "bowler": "CM Gough",
              "non_striker": "G Shukla",
              "runs": {
                "batter": 1,
                "extras": 0,
                "total": 1
              }
            },
            {
              "batter": "G Shukla",
              "bowler": "CM Gough",
              "non_striker": "S Lundell",
              "runs": {
                "batter": 4,
                "extras": 0,
                "total": 4
              }
            },
            {
              "batter": "G Shukla",
              "bowler": "CM Gough",
              "non_striker": "S Lundell",
              "runs": {
                "batter": 1,
                "extras": 0,
                "total": 1
              }
            },
            {
              "batter": "S Lundell",
              "bowler": "CM Gough",
              "non_striker": "G Shukla",
              "runs": {
                "batter": 2,
                "extras": 0,
                "total": 2
              }
            },
            {
              "batter": "S Lundell",
              "bowler": "CM Gough",
              "non_striker": "G Shukla",
              "runs": {
                "batter": 0,
                "extras": 0,
                "total": 0
              }
            },
            {
              "batter": "S Lundell",
              "bowler": "CM Gough",
              "non_striker": "G Shukla",
              "runs": {
                "batter": 0,
                "extras": 0,
                "total": 0
              }
            }
          ]
        },
        {
          "over": 13,
          "deliveries": [
            {
              "batter": "G Shukla",
              "bowler": "S Kolcharam",
              "non_striker": "S Lundell",
              "runs": {
                "batter": 1,
                "extras": 0,
                "total": 1
              }
            },
            {
              "batter": "S Lundell",
              "bowler": "S Kolcharam",
              "non_striker": "G Shukla",
              "runs": {
                "batter": 4,
                "extras": 0,
                "total": 4
              }
            },
            {
              "batter": "S Lundell",
              "bowler": "S Kolcharam",
              "non_striker": "G Shukla",
              "runs": {
                "batter": 0,
                "extras": 0,
                "total": 0
              }
            },
            {
              "batter": "S Lundell",
              "bowler": "S Kolcharam",
              "non_striker": "G Shukla",
              "runs": {
                "batter": 0,
                "extras": 0,
                "total": 0
              }
            },
            {
              "batter": "S Lundell",
              "bowler": "S Kolcharam",
              "extras": {
                "wides": 1
              },
              "non_striker": "G Shukla",
              "runs": {
                "batter": 0,
                "extras": 1,
                "total": 1
              }
            },
            {
              "batter": "S Lundell",
              "bowler": "S Kolcharam",
              "non_striker": "G Shukla",
              "runs": {
                "batter": 1,
                "extras": 0,
                "total": 1
              }
            },
            {
              "batter": "G Shukla",
              "bowler": "S Kolcharam",
              "non_striker": "S Lundell",
              "runs": {
                "batter": 4,
                "extras": 0,
                "total": 4
              }
            }
          ]
        },
        {
          "over": 14,
          "deliveries": [
            {
              "batter": "S Lundell",
              "bowler": "CM Gough",
              "non_striker": "G Shukla",
              "runs": {
                "batter": 0,
                "extras": 0,
                "total": 0
              }
            },
            {
              "batter": "S Lundell",
              "bowler": "CM Gough",
              "non_striker": "G Shukla",
              "runs": {
                "batter": 1,
                "extras": 0,
                "total": 1
              }
            },
            {
              "batter": "G Shukla",
              "bowler": "CM Gough",
              "non_striker": "S Lundell",
              "runs": {
                "batter": 1,
                "extras": 0,
                "total": 1
              }
            },
            {
              "batter": "S Lundell",
              "bowler": "CM Gough",
              "non_striker": "G Shukla",
              "runs": {
                "batter": 0,
                "extras": 0,
                "total": 0
              }
            },
            {
              "batter": "S Lundell",
              "bowler": "CM Gough",
              "non_striker": "G Shukla",
              "runs": {
                "batter": 0,
                "extras": 0,
                "total": 0
              }
            },
            {
              "batter": "S Lundell",
              "bowler": "CM Gough",
              "non_striker": "G Shukla",
              "runs": {
                "batter": 1,
                "extras": 0,
                "total": 1
              }
            }
          ]
        },
        {
          "over": 15,
          "deliveries": [
            {
              "batter": "S Lundell",
              "bowler": "S Kolcharam",
              "non_striker": "G Shukla",
              "runs": {
                "batter": 4,
                "extras": 0,
                "total": 4
              }
            },
            {
              "batter": "S Lundell",
              "bowler": "S Kolcharam",
              "non_striker": "G Shukla",
              "runs": {
                "batter": 1,
                "extras": 0,
                "total": 1
              }
            },
            {
              "batter": "G Shukla",
              "bowler": "S Kolcharam",
              "non_striker": "S Lundell",
              "runs": {
                "batter": 0,
                "extras": 0,
                "total": 0
              },
              "wickets": [
                {
                  "player_out": "G Shukla",
                  "kind": "bowled"
                }
              ]
            },
            {
              "batter": "A Vaidya",
              "bowler": "S Kolcharam",
              "extras": {
                "wides": 1
              },
              "non_striker": "S Lundell",
              "runs": {
                "batter": 0,
                "extras": 1,
                "total": 1
              }
            },
            {
              "batter": "A Vaidya",
              "bowler": "S Kolcharam",
              "non_striker": "S Lundell",
              "runs": {
                "batter": 1,
                "extras": 0,
                "total": 1
              }
            },
            {
              "batter": "S Lundell",
              "bowler": "S Kolcharam",
              "non_striker": "A Vaidya",
              "runs": {
                "batter": 0,
                "extras": 0,
                "total": 0
              }
            },
            {
              "batter": "S Lundell",
              "bowler": "S Kolcharam",
              "non_striker": "A Vaidya",
              "runs": {
                "batter": 2,
                "extras": 0,
                "total": 2
              }
            }
          ]
        },
        {
          "over": 16,
          "deliveries": [
            {
              "batter": "A Vaidya",
              "bowler": "MS Beresford",
              "non_striker": "S Lundell",
              "runs": {
                "batter": 1,
                "extras": 0,
                "total": 1
              }
            },
            {
              "batter": "S Lundell",
              "bowler": "MS Beresford",
              "non_striker": "A Vaidya",
              "runs": {
                "batter": 1,
                "extras": 0,
                "total": 1
              }
            },
            {
              "batter": "A Vaidya",
              "bowler": "MS Beresford",
              "non_striker": "S Lundell",
              "runs": {
                "batter": 0,
                "extras": 0,
                "total": 0
              }
            },
            {
              "batter": "A Vaidya",
              "bowler": "MS Beresford",
              "non_striker": "S Lundell",
              "runs": {
                "batter": 2,
                "extras": 0,
                "total": 2
              }
            },
            {
              "batter": "A Vaidya",
              "bowler": "MS Beresford",
              "non_striker": "S Lundell",
              "runs": {
                "batter": 0,
                "extras": 0,
                "total": 0
              }
            },
            {
              "batter": "A Vaidya",
              "bowler": "MS Beresford",
              "non_striker": "S Lundell",
              "runs": {
                "batter": 4,
                "extras": 0,
                "total": 4
              }
            }
          ]
        },
        {
          "over": 17,
          "deliveries": [
            {
              "batter": "S Lundell",
              "bowler": "S Kolcharam",
              "extras": {
                "byes": 1
              },
              "non_striker": "A Vaidya",
              "runs": {
                "batter": 0,
                "extras": 1,
                "total": 1
              }
            },
            {
              "batter": "A Vaidya",
              "bowler": "S Kolcharam",
              "extras": {
                "wides": 1
              },
              "non_striker": "S Lundell",
              "runs": {
                "batter": 0,
                "extras": 1,
                "total": 1
              }
            },
            {
              "batter": "A Vaidya",
              "bowler": "S Kolcharam",
              "non_striker": "S Lundell",
              "runs": {
                "batter": 3,
                "extras": 0,
                "total": 3
              }
            },
            {
              "batter": "S Lundell",
              "bowler": "S Kolcharam",
              "non_striker": "A Vaidya",
              "runs": {
                "batter": 0,
                "extras": 0,
                "total": 0
              }
            },
            {
              "batter": "S Lundell",
              "bowler": "S Kolcharam",
              "non_striker": "A Vaidya",
              "runs": {
                "batter": 0,
                "extras": 0,
                "total": 0
              },
              "wickets": [
                {
                  "player_out": "S Lundell",
                  "kind": "bowled"
                }
              ]
            },
            {
              "batter": "Jayasooriya",
              "bowler": "S Kolcharam",
              "non_striker": "A Vaidya",
              "runs": {
                "batter": 0,
                "extras": 0,
                "total": 0
              },
              "wickets": [
                {
                  "player_out": "Jayasooriya",
                  "fielders": [
                    {
                      "name": "S Kolcharam"
                    }
                  ],
                  "kind": "run out"
                }
              ]
            },
            {
              "batter": "A Vaidya",
              "bowler": "S Kolcharam",
              "non_striker": "Eman Asim",
              "runs": {
                "batter": 4,
                "extras": 0,
                "total": 4
              }
            }
          ]
        },
        {
          "over": 18,
          "deliveries": [
            {
              "batter": "Eman Asim",
              "bowler": "MS Beresford",
              "non_striker": "A Vaidya",
              "runs": {
                "batter": 1,
                "extras": 0,
                "total": 1
              }
            },
            {
              "batter": "A Vaidya",
              "bowler": "MS Beresford",
              "non_striker": "Eman Asim",
              "runs": {
                "batter": 2,
                "extras": 0,
                "total": 2
              }
            },
            {
              "batter": "A Vaidya",
              "bowler": "MS Beresford",
              "non_striker": "Eman Asim",
              "runs": {
                "batter": 0,
                "extras": 0,
                "total": 0
              },
              "wickets": [
                {
                  "player_out": "A Vaidya",
                  "kind": "bowled"
                }
              ]
            },
            {
              "batter": "RG Somashekhar",
              "bowler": "MS Beresford",
              "non_striker": "Eman Asim",
              "runs": {
                "batter": 1,
                "extras": 0,
                "total": 1
              }
            },
            {
              "batter": "Eman Asim",
              "bowler": "MS Beresford",
              "non_striker": "RG Somashekhar",
              "runs": {
                "batter": 1,
                "extras": 0,
                "total": 1
              }
            },
            {
              "batter": "RG Somashekhar",
              "bowler": "MS Beresford",
              "non_striker": "Eman Asim",
              "runs": {
                "batter": 0,
                "extras": 0,
                "total": 0
              }
            }
          ]
        },
        {
          "over": 19,
          "deliveries": [
            {
              "batter": "Eman Asim",
              "bowler": "S Kolcharam",
              "extras": {
                "byes": 1
              },
              "non_striker": "RG Somashekhar",
              "runs": {
                "batter": 0,
                "extras": 1,
                "total": 1
              }
            },
            {
              "batter": "RG Somashekhar",
              "bowler": "S Kolcharam",
              "non_striker": "Eman Asim",
              "runs": {
                "batter": 0,
                "extras": 0,
                "total": 0
              }
            },
            {
              "batter": "RG Somashekhar",
              "bowler": "S Kolcharam",
              "non_striker": "Eman Asim",
              "runs": {
                "batter": 0,
                "extras": 0,
                "total": 0
              }
            },
            {
              "batter": "RG Somashekhar",
              "bowler": "S Kolcharam",
              "non_striker": "Eman Asim",
              "runs": {
                "batter": 0,
                "extras": 0,
                "total": 0
              }
            },
            {
              "batter": "RG Somashekhar",
              "bowler": "S Kolcharam",
              "non_striker": "Eman Asim",
              "runs": {
                "batter": 0,
                "extras": 0,
                "total": 0
              }
            },
            {
              "batter": "RG Somashekhar",
              "bowler": "S Kolcharam",
              "non_striker": "Eman Asim",
              "runs": {
                "batter": 1,
                "extras": 0,
                "total": 1
              }
            }
          ]
        }
      ],
      "powerplays": [
        {
          "from": 0.1,
          "to": 5.6,
          "type": "mandatory"
        }
      ]
    },
    {
      "team": "Germany",
      "overs": [
        {
          "over": 0,
          "deliveries": [
            {
              "batter": "A Bierwisch",
              "bowler": "G Shukla",
              "non_striker": "CM Gough",
              "runs": {
                "batter": 0,
                "extras": 0,
                "total": 0
              },
              "wickets": [
                {
                  "player_out": "A Bierwisch",
                  "kind": "caught and bowled"
                }
              ]
            },
            {
              "batter": "A Doddaballapur",
              "bowler": "G Shukla",
              "non_striker": "CM Gough",
              "runs": {
                "batter": 0,
                "extras": 0,
                "total": 0
              }
            },
            {
              "batter": "A Doddaballapur",
              "bowler": "G Shukla",
              "non_striker": "CM Gough",
              "runs": {
                "batter": 0,
                "extras": 0,
                "total": 0
              }
            },
            {
              "batter": "A Doddaballapur",
              "bowler": "G Shukla",
              "non_striker": "CM Gough",
              "runs": {
                "batter": 0,
                "extras": 0,
                "total": 0
              }
            },
            {
              "batter": "A Doddaballapur",
              "bowler": "G Shukla",
              "non_striker": "CM Gough",
              "runs": {
                "batter": 0,
                "extras": 0,
                "total": 0
              }
            },
            {
              "batter": "A Doddaballapur",
              "bowler": "G Shukla",
              "non_striker": "CM Gough",
              "runs": {
                "batter": 0,
                "extras": 0,
                "total": 0
              }
            }
          ]
        },
        {
          "over": 1,
          "deliveries": [
            {
              "batter": "CM Gough",
              "bowler": "SK Ravuri",
              "extras": {
                "wides": 1
              },
              "non_striker": "A Doddaballapur",
              "runs": {
                "batter": 0,
                "extras": 1,
                "total": 1
              }
            },
            {
              "batter": "CM Gough",
              "bowler": "SK Ravuri",
              "non_striker": "A Doddaballapur",
              "runs": {
                "batter": 1,
                "extras": 0,
                "total": 1
              }
            },
            {
              "batter": "A Doddaballapur",
              "bowler": "SK Ravuri",
              "non_striker": "CM Gough",
              "runs": {
                "batter": 0,
                "extras": 0,
                "total": 0
              }
            },
            {
              "batter": "A Doddaballapur",
              "bowler": "SK Ravuri",
              "non_striker": "CM Gough",
              "runs": {
                "batter": 0,
                "extras": 0,
                "total": 0
              }
            },
            {
              "batter": "A Doddaballapur",
              "bowler": "SK Ravuri",
              "non_striker": "CM Gough",
              "runs": {
                "batter": 1,
                "extras": 0,
                "total": 1
              }
            },
            {
              "batter": "CM Gough",
              "bowler": "SK Ravuri",
              "non_striker": "A Doddaballapur",
              "runs": {
                "batter": 4,
                "extras": 0,
                "total": 4
              }
            },
            {
              "batter": "CM Gough",
              "bowler": "SK Ravuri",
              "non_striker": "A Doddaballapur",
              "runs": {
                "batter": 0,
                "extras": 0,
                "total": 0
              }
            }
          ]
        },
        {
          "over": 2,
          "deliveries": [
            {
              "batter": "A Doddaballapur",
              "bowler": "G Shukla",
              "non_striker": "CM Gough",
              "runs": {
                "batter": 1,
                "extras": 0,
                "total": 1
              }
            },
            {
              "batter": "CM Gough",
              "bowler": "G Shukla",
              "non_striker": "A Doddaballapur",
              "runs": {
                "batter": 2,
                "extras": 0,
                "total": 2
              }
            },
            {
              "batter": "CM Gough",
              "bowler": "G Shukla",
              "non_striker": "A Doddaballapur",
              "runs": {
                "batter": 1,
                "extras": 0,
                "total": 1
              }
            },
            {
              "batter": "A Doddaballapur",
              "bowler": "G Shukla",
              "non_striker": "CM Gough",
              "runs": {
                "batter": 0,
                "extras": 0,
                "total": 0
              }
            },
            {
              "batter": "A Doddaballapur",
              "bowler": "G Shukla",
              "non_striker": "CM Gough",
              "runs": {
                "batter": 0,
                "extras": 0,
                "total": 0
              }
            },
            {
              "batter": "A Doddaballapur",
              "bowler": "G Shukla",
              "non_striker": "CM Gough",
              "runs": {
                "batter": 0,
                "extras": 0,
                "total": 0
              }
            }
          ]
        },
        {
          "over": 3,
          "deliveries": [
            {
              "batter": "CM Gough",
              "bowler": "SK Ravuri",
              "non_striker": "A Doddaballapur",
              "runs": {
                "batter": 0,
                "extras": 0,
                "total": 0
              }
            },
            {
              "batter": "CM Gough",
              "bowler": "SK Ravuri",
              "non_striker": "A Doddaballapur",
              "runs": {
                "batter": 1,
                "extras": 0,
                "total": 1
              }
            },
            {
              "batter": "A Doddaballapur",
              "bowler": "SK Ravuri",
              "non_striker": "CM Gough",
              "runs": {
                "batter": 4,
                "extras": 0,
                "total": 4
              }
            },
            {
              "batter": "A Doddaballapur",
              "bowler": "SK Ravuri",
              "non_striker": "CM Gough",
              "runs": {
                "batter": 2,
                "extras": 0,
                "total": 2
              }
            },
            {
              "batter": "A Doddaballapur",
              "bowler": "SK Ravuri",
              "non_striker": "CM Gough",
              "runs": {
                "batter": 0,
                "extras": 0,
                "total": 0
              }
            },
            {
              "batter": "A Doddaballapur",
              "bowler": "SK Ravuri",
              "extras": {
                "legbyes": 1
              },
              "non_striker": "CM Gough",
              "runs": {
                "batter": 0,
                "extras": 1,
                "total": 1
              }
            }
          ]
        },
        {
          "over": 4,
          "deliveries": [
            {
              "batter": "A Doddaballapur",
              "bowler": "H Chamto",
              "non_striker": "CM Gough",
              "runs": {
                "batter": 1,
                "extras": 0,
                "total": 1
              }
            },
            {
              "batter": "CM Gough",
              "bowler": "H Chamto",
              "non_striker": "A Doddaballapur",
              "runs": {
                "batter": 0,
                "extras": 0,
                "total": 0
              }
            },
            {
              "batter": "CM Gough",
              "bowler": "H Chamto",
              "non_striker": "A Doddaballapur",
              "runs": {
                "batter": 0,
                "extras": 0,
                "total": 0
              }
            },
            {
              "batter": "CM Gough",
              "bowler": "H Chamto",
              "non_striker": "A Doddaballapur",
              "runs": {
                "batter": 0,
                "extras": 0,
                "total": 0
              }
            },
            {
              "batter": "CM Gough",
              "bowler": "H Chamto",
              "non_striker": "A Doddaballapur",
              "runs": {
                "batter": 2,
                "extras": 0,
                "total": 2
              }
            },
            {
              "batter": "CM Gough",
              "bowler": "H Chamto",
              "extras": {
                "legbyes": 1
              },
              "non_striker": "A Doddaballapur",
              "runs": {
                "batter": 0,
                "extras": 1,
                "total": 1
              }
            }
          ]
        },
        {
          "over": 5,
          "deliveries": [
            {
              "batter": "CM Gough",
              "bowler": "Jayasooriya",
              "extras": {
                "wides": 1
              },
              "non_striker": "A Doddaballapur",
              "runs": {
                "batter": 0,
                "extras": 1,
                "total": 1
              }
            },
            {
              "batter": "CM Gough",
              "bowler": "Jayasooriya",
              "non_striker": "A Doddaballapur",
              "runs": {
                "batter": 0,
                "extras": 0,
                "total": 0
              }
            },
            {
              "batter": "CM Gough",
              "bowler": "Jayasooriya",
              "non_striker": "A Doddaballapur",
              "runs": {
                "batter": 0,
                "extras": 0,
                "total": 0
              }
            },
            {
              "batter": "CM Gough",
              "bowler": "Jayasooriya",
              "non_striker": "A Doddaballapur",
              "runs": {
                "batter": 1,
                "extras": 0,
                "total": 1
              }
            },
            {
              "batter": "A Doddaballapur",
              "bowler": "Jayasooriya",
              "non_striker": "CM Gough",
              "runs": {
                "batter": 0,
                "extras": 0,
                "total": 0
              },
              "wickets": [
                {
                  "player_out": "A Doddaballapur",
                  "kind": "bowled"
                }
              ]
            },
            {
              "batter": "S Sadarangani",
              "bowler": "Jayasooriya",
              "non_striker": "CM Gough",
              "runs": {
                "batter": 0,
                "extras": 0,
                "total": 0
              }
            },
            {
              "batter": "S Sadarangani",
              "bowler": "Jayasooriya",
              "non_striker": "CM Gough",
              "runs": {
                "batter": 2,
                "extras": 0,
                "total": 2
              }
            }
          ]
        },
        {
          "over": 6,
          "deliveries": [
            {
              "batter": "CM Gough",
              "bowler": "H Chamto",
              "non_striker": "S Sadarangani",
              "runs": {
                "batter": 0,
                "extras": 0,
                "total": 0
              }
            },
            {
              "batter": "CM Gough",
              "bowler": "H Chamto",
              "extras": {
                "wides": 1
              },
              "non_striker": "S Sadarangani",
              "runs": {
                "batter": 0,
                "extras": 1,
                "total": 1
              }
            },
            {
              "batter": "CM Gough",
              "bowler": "H Chamto",
              "non_striker": "S Sadarangani",
              "runs": {
                "batter": 4,
                "extras": 0,
                "total": 4
              }
            },
            {
              "batter": "CM Gough",
              "bowler": "H Chamto",
              "non_striker": "S Sadarangani",
              "runs": {
                "batter": 1,
                "extras": 0,
                "total": 1
              }
            },
            {
              "batter": "S Sadarangani",
              "bowler": "H Chamto",
              "non_striker": "CM Gough",
              "runs": {
                "batter": 1,
                "extras": 0,
                "total": 1
              }
            },
            {
              "batter": "CM Gough",
              "bowler": "H Chamto",
              "non_striker": "S Sadarangani",
              "runs": {
                "batter": 1,
                "extras": 0,
                "total": 1
              }
            },
            {
              "batter": "S Sadarangani",
              "bowler": "H Chamto",
              "non_striker": "CM Gough",
              "runs": {
                "batter": 4,
                "extras": 0,
                "total": 4
              }
            }
          ]
        },
        {
          "over": 7,
          "deliveries": [
            {
              "batter": "CM Gough",
              "bowler": "Jayasooriya",
              "non_striker": "S Sadarangani",
              "runs": {
                "batter": 4,
                "extras": 0,
                "total": 4
              }
            },
            {
              "batter": "CM Gough",
              "bowler": "Jayasooriya",
              "non_striker": "S Sadarangani",
              "runs": {
                "batter": 0,
                "extras": 0,
                "total": 0
              }
            },
            {
              "batter": "CM Gough",
              "bowler": "Jayasooriya",
              "non_striker": "S Sadarangani",
              "runs": {
                "batter": 1,
                "extras": 0,
                "total": 1
              }
            },
            {
              "batter": "S Sadarangani",
              "bowler": "Jayasooriya",
              "non_striker": "CM Gough",
              "runs": {
                "batter": 0,
                "extras": 0,
                "total": 0
              }
            },
            {
              "batter": "S Sadarangani",
              "bowler": "Jayasooriya",
              "extras": {
                "legbyes": 1
              },
              "non_striker": "CM Gough",
              "runs": {
                "batter": 0,
                "extras": 1,
                "total": 1
              }
            },
            {
              "batter": "CM Gough",
              "bowler": "Jayasooriya",
              "non_striker": "S Sadarangani",
              "runs": {
                "batter": 1,
                "extras": 0,
                "total": 1
              }
            }
          ]
        },
        {
          "over": 8,
          "deliveries": [
            {
              "batter": "CM Gough",
              "bowler": "A Vaidya",
              "non_striker": "S Sadarangani",
              "runs": {
                "batter": 0,
                "extras": 0,
                "total": 0
              }
            },
            {
              "batter": "CM Gough",
              "bowler": "A Vaidya",
              "non_striker": "S Sadarangani",
              "runs": {
                "batter": 1,
                "extras": 0,
                "total": 1
              }
            },
            {
              "batter": "S Sadarangani",
              "bowler": "A Vaidya",
              "non_striker": "CM Gough",
              "runs": {
                "batter": 1,
                "extras": 0,
                "total": 1
              }
            },
            {
              "batter": "CM Gough",
              "bowler": "A Vaidya",
              "non_striker": "S Sadarangani",
              "runs": {
                "batter": 0,
                "extras": 0,
                "total": 0
              }
            },
            {
              "batter": "CM Gough",
              "bowler": "A Vaidya",
              "non_striker": "S Sadarangani",
              "runs": {
                "batter": 4,
                "extras": 0,
                "total": 4
              }
            },
            {
              "batter": "CM Gough",
              "bowler": "A Vaidya",
              "non_striker": "S Sadarangani",
              "runs": {
                "batter": 3,
                "extras": 0,
                "total": 3
              }
            }
          ]
        },
        {
          "over": 9,
          "deliveries": [
            {
              "batter": "CM Gough",
              "bowler": "SK Ravuri",
              "non_striker": "S Sadarangani",
              "runs": {
                "batter": 1,
                "extras": 0,
                "total": 1
              }
            },
            {
              "batter": "S Sadarangani",
              "bowler": "SK Ravuri",
              "non_striker": "CM Gough",
              "runs": {
                "batter": 1,
                "extras": 0,
                "total": 1
              }
            },
            {
              "batter": "CM Gough",
              "bowler": "SK Ravuri",
              "non_striker": "S Sadarangani",
              "runs": {
                "batter": 1,
                "extras": 0,
                "total": 1
              }
            },
            {
              "batter": "S Sadarangani",
              "bowler": "SK Ravuri",
              "non_striker": "CM Gough",
              "runs": {
                "batter": 4,
                "extras": 0,
                "total": 4
              }
            },
            {
              "batter": "S Sadarangani",
              "bowler": "SK Ravuri",
              "non_striker": "CM Gough",
              "runs": {
                "batter": 0,
                "extras": 0,
                "total": 0
              }
            },
            {
              "batter": "S Sadarangani",
              "bowler": "SK Ravuri",
              "non_striker": "CM Gough",
              "runs": {
                "batter": 1,
                "extras": 0,
                "total": 1
              }
            }
          ]
        },
        {
          "over": 10,
          "deliveries": [
            {
              "batter": "S Sadarangani",
              "bowler": "A Vaidya",
              "non_striker": "CM Gough",
              "runs": {
                "batter": 2,
                "extras": 0,
                "total": 2
              }
            },
            {
              "batter": "S Sadarangani",
              "bowler": "A Vaidya",
              "non_striker": "CM Gough",
              "runs": {
                "batter": 1,
                "extras": 0,
                "total": 1
              }
            },
            {
              "batter": "CM Gough",
              "bowler": "A Vaidya",
              "non_striker": "S Sadarangani",
              "runs": {
                "batter": 0,
                "extras": 0,
                "total": 0
              }
            },
            {
              "batter": "CM Gough",
              "bowler": "A Vaidya",
              "non_striker": "S Sadarangani",
              "runs": {
                "batter": 1,
                "extras": 0,
                "total": 1
              }
            },
            {
              "batter": "S Sadarangani",
              "bowler": "A Vaidya",
              "non_striker": "CM Gough",
              "runs": {
                "batter": 0,
                "extras": 0,
                "total": 0
              }
            },
            {
              "batter": "S Sadarangani",
              "bowler": "A Vaidya",
              "non_striker": "CM Gough",
              "runs": {
                "batter": 2,
                "extras": 0,
                "total": 2
              }
            }
          ]
        },
        {
          "over": 11,
          "deliveries": [
            {
              "batter": "CM Gough",
              "bowler": "SK Ravuri",
              "non_striker": "S Sadarangani",
              "runs": {
                "batter": 1,
                "extras": 0,
                "total": 1
              }
            },
            {
              "batter": "S Sadarangani",
              "bowler": "SK Ravuri",
              "non_striker": "CM Gough",
              "runs": {
                "batter": 1,
                "extras": 0,
                "total": 1
              }
            },
            {
              "batter": "CM Gough",
              "bowler": "SK Ravuri",
              "non_striker": "S Sadarangani",
              "runs": {
                "batter": 1,
                "extras": 0,
                "total": 1
              }
            },
            {
              "batter": "S Sadarangani",
              "bowler": "SK Ravuri",
              "non_striker": "CM Gough",
              "runs": {
                "batter": 1,
                "extras": 0,
                "total": 1
              }
            },
            {
              "batter": "CM Gough",
              "bowler": "SK Ravuri",
              "non_striker": "S Sadarangani",
              "runs": {
                "batter": 4,
                "extras": 0,
                "total": 4
              }
            },
            {
              "batter": "CM Gough",
              "bowler": "SK Ravuri",
              "non_striker": "S Sadarangani",
              "runs": {
                "batter": 1,
                "extras": 0,
                "total": 1
              }
            }
          ]
        },
        {
          "over": 12,
          "deliveries": [
            {
              "batter": "CM Gough",
              "bowler": "A Vaidya",
              "non_striker": "S Sadarangani",
              "runs": {
                "batter": 0,
                "extras": 0,
                "total": 0
              }
            },
            {
              "batter": "CM Gough",
              "bowler": "A Vaidya",
              "non_striker": "S Sadarangani",
              "runs": {
                "batter": 1,
                "extras": 0,
                "total": 1
              }
            },
            {
              "batter": "S Sadarangani",
              "bowler": "A Vaidya",
              "non_striker": "CM Gough",
              "runs": {
                "batter": 1,
                "extras": 0,
                "total": 1
              }
            },
            {
              "batter": "CM Gough",
              "bowler": "A Vaidya",
              "non_striker": "S Sadarangani",
              "runs": {
                "batter": 0,
                "extras": 0,
                "total": 0
              }
            },
            {
              "batter": "CM Gough",
              "bowler": "A Vaidya",
              "non_striker": "S Sadarangani",
              "runs": {
                "batter": 1,
                "extras": 0,
                "total": 1
              }
            },
            {
              "batter": "S Sadarangani",
              "bowler": "A Vaidya",
              "non_striker": "CM Gough",
              "runs": {
                "batter": 4,
                "extras": 0,
                "total": 4
              }
            }
          ]
        },
        {
          "over": 13,
          "deliveries": [
            {
              "batter": "CM Gough",
              "bowler": "S Elmsjoo",
              "non_striker": "S Sadarangani",
              "runs": {
                "batter": 4,
                "extras": 0,
                "total": 4
              }
            },
            {
              "batter": "CM Gough",
              "bowler": "S Elmsjoo",
              "non_striker": "S Sadarangani",
              "runs": {
                "batter": 0,
                "extras": 0,
                "total": 0
              }
            },
            {
              "batter": "CM Gough",
              "bowler": "S Elmsjoo",
              "non_striker": "S Sadarangani",
              "runs": {
                "batter": 1,
                "extras": 0,
                "total": 1
              }
            },
            {
              "batter": "S Sadarangani",
              "bowler": "S Elmsjoo",
              "non_striker": "CM Gough",
              "runs": {
                "batter": 1,
                "extras": 0,
                "total": 1
              }
            },
            {
              "batter": "CM Gough",
              "bowler": "S Elmsjoo",
              "non_striker": "S Sadarangani",
              "runs": {
                "batter": 1,
                "extras": 0,
                "total": 1
              }
            },
            {
              "batter": "S Sadarangani",
              "bowler": "S Elmsjoo",
              "extras": {
                "wides": 1
              },
              "non_striker": "CM Gough",
              "runs": {
                "batter": 0,
                "extras": 1,
                "total": 1
              }
            },
            {
              "batter": "S Sadarangani",
              "bowler": "S Elmsjoo",
              "non_striker": "CM Gough",
              "runs": {
                "batter": 1,
                "extras": 0,
                "total": 1
              }
            }
          ]
        },
        {
          "over": 14,
          "deliveries": [
            {
              "batter": "S Sadarangani",
              "bowler": "A Vaidya",
              "non_striker": "CM Gough",
              "runs": {
                "batter": 1,
                "extras": 0,
                "total": 1
              }
            },
            {
              "batter": "CM Gough",
              "bowler": "A Vaidya",
              "non_striker": "S Sadarangani",
              "runs": {
                "batter": 0,
                "extras": 0,
                "total": 0
              }
            },
            {
              "batter": "CM Gough",
              "bowler": "A Vaidya",
              "non_striker": "S Sadarangani",
              "runs": {
                "batter": 4,
                "extras": 0,
                "total": 4
              }
            },
            {
              "batter": "CM Gough",
              "bowler": "A Vaidya",
              "non_striker": "S Sadarangani",
              "runs": {
                "batter": 1,
                "extras": 0,
                "total": 1
              }
            },
            {
              "batter": "S Sadarangani",
              "bowler": "A Vaidya",
              "non_striker": "CM Gough",
              "runs": {
                "batter": 1,
                "extras": 0,
                "total": 1
              }
            },
            {
              "batter": "CM Gough",
              "bowler": "A Vaidya",
              "non_striker": "S Sadarangani",
              "runs": {
                "batter": 0,
                "extras": 0,
                "total": 0
              }
            }
          ]
        },
        {
          "over": 15,
          "deliveries": [
            {
              "batter": "S Sadarangani",
              "bowler": "S Lundell",
              "non_striker": "CM Gough",
              "runs": {
                "batter": 0,
                "extras": 0,
                "total": 0
              },
              "wickets": [
                {
                  "player_out": "S Sadarangani",
                  "kind": "bowled"
                }
              ]
            },
            {
              "batter": "S Kolcharam",
              "bowler": "S Lundell",
              "non_striker": "CM Gough",
              "runs": {
                "batter": 1,
                "extras": 0,
                "total": 1
              }
            },
            {
              "batter": "CM Gough",
              "bowler": "S Lundell",
              "extras": {
                "noballs": 1
              },
              "non_striker": "S Kolcharam",
              "runs": {
                "batter": 1,
                "extras": 1,
                "total": 2
              }
            },
            {
              "batter": "S Kolcharam",
              "bowler": "S Lundell",
              "non_striker": "CM Gough",
              "runs": {
                "batter": 4,
                "extras": 0,
                "total": 4
              }
            },
            {
              "batter": "S Kolcharam",
              "bowler": "S Lundell",
              "non_striker": "CM Gough",
              "runs": {
                "batter": 1,
                "extras": 0,
                "total": 1
              }
            },
            {
              "batter": "CM Gough",
              "bowler": "S Lundell",
              "extras": {
                "wides": 1
              },
              "non_striker": "S Kolcharam",
              "runs": {
                "batter": 0,
                "extras": 1,
                "total": 1
              }
            },
            {
              "batter": "CM Gough",
              "bowler": "S Lundell",
              "non_striker": "S Kolcharam",
              "runs": {
                "batter": 0,
                "extras": 0,
                "total": 0
              }
            },
            {
              "batter": "CM Gough",
              "bowler": "S Lundell",
              "non_striker": "S Kolcharam",
              "runs": {
                "batter": 4,
                "extras": 0,
                "total": 4
              }
            }
          ]
        },
        {
          "over": 16,
          "deliveries": [
            {
              "batter": "S Kolcharam",
              "bowler": "G Shukla",
              "non_striker": "CM Gough",
              "runs": {
                "batter": 2,
                "extras": 0,
                "total": 2
              }
            },
            {
              "batter": "S Kolcharam",
              "bowler": "G Shukla",
              "extras": {
                "noballs": 1
              },
              "non_striker": "CM Gough",
              "runs": {
                "batter": 0,
                "extras": 1,
                "total": 1
              }
            },
            {
              "batter": "S Kolcharam",
              "bowler": "G Shukla",
              "non_striker": "CM Gough",
              "runs": {
                "batter": 4,
                "extras": 0,
                "total": 4
              }
            },
            {
              "batter": "S Kolcharam",
              "bowler": "G Shukla",
              "non_striker": "CM Gough",
              "runs": {
                "batter": 1,
                "extras": 0,
                "total": 1
              }
            },
            {
              "batter": "CM Gough",
              "bowler": "G Shukla",
              "non_striker": "S Kolcharam",
              "runs": {
                "batter": 1,
                "extras": 0,
                "total": 1
              }
            },
            {
              "batter": "S Kolcharam",
              "bowler": "G Shukla",
              "extras": {
                "legbyes": 1
              },
              "non_striker": "CM Gough",
              "runs": {
                "batter": 0,
                "extras": 1,
                "total": 1
              }
            },
            {
              "batter": "CM Gough",
              "bowler": "G Shukla",
              "non_striker": "S Kolcharam",
              "runs": {
                "batter": 0,
                "extras": 0,
                "total": 0
              }
            }
          ]
        },
        {
          "over": 17,
          "deliveries": [
            {
              "batter": "S Kolcharam",
              "bowler": "S Lundell",
              "non_striker": "CM Gough",
              "runs": {
                "batter": 0,
                "extras": 0,
                "total": 0
              }
            },
            {
              "batter": "S Kolcharam",
              "bowler": "S Lundell",
              "extras": {
                "legbyes": 1,
                "noballs": 1
              },
              "non_striker": "CM Gough",
              "runs": {
                "batter": 0,
                "extras": 2,
                "total": 2
              }
            },
            {
              "batter": "CM Gough",
              "bowler": "S Lundell",
              "extras": {
                "wides": 1
              },
              "non_striker": "S Kolcharam",
              "runs": {
                "batter": 0,
                "extras": 1,
                "total": 1
              }
            },
            {
              "batter": "CM Gough",
              "bowler": "S Lundell",
              "non_striker": "S Kolcharam",
              "runs": {
                "batter": 4,
                "extras": 0,
                "total": 4
              }
            },
            {
              "batter": "CM Gough",
              "bowler": "S Lundell",
              "non_striker": "S Kolcharam",
              "runs": {
                "batter": 2,
                "extras": 0,
                "total": 2
              }
            },
            {
              "batter": "CM Gough",
              "bowler": "S Lundell",
              "non_striker": "S Kolcharam",
              "runs": {
                "batter": 0,
                "extras": 0,
                "total": 0
              }
            },
            {
              "batter": "CM Gough",
              "bowler": "S Lundell",
              "non_striker": "S Kolcharam",
              "runs": {
                "batter": 1,
                "extras": 0,
                "total": 1
              }
            },
            {
              "batter": "S Kolcharam",
              "bowler": "S Lundell",
              "non_striker": "CM Gough",
              "runs": {
                "batter": 2,
                "extras": 0,
                "total": 2
              }
            }
          ]
        },
        {
          "over": 18,
          "deliveries": [
            {
              "batter": "CM Gough",
              "bowler": "G Shukla",
              "non_striker": "S Kolcharam",
              "runs": {
                "batter": 0,
                "extras": 0,
                "total": 0
              }
            },
            {
              "batter": "CM Gough",
              "bowler": "G Shukla",
              "non_striker": "S Kolcharam",
              "runs": {
                "batter": 4,
                "extras": 0,
                "total": 4
              }
            }
          ]
        }
      ],
      "powerplays": [
        {
          "from": 0.1,
          "to": 5.7,
          "type": "mandatory"
        }
      ],
      "target": {
        "overs": 20,
        "runs": 140
      }
    }
  ]
}