{
  "meta": {
    "data_version": "1.1.0",
    "created": "2023-08-17",
    "revision": 1
  },
  "info": {
    "balls_per_over": 6,
    "city": "Amstelveen",
    "dates": [
      "2023-08-16"
    ],
    "event": {
      "name": "Ireland Women tour of Netherlands",
      "match_number": 2
    },
    "gender": "female",
    "match_type": "T20",
    "match_type_number": 1533,
    "officials": {
      "match_referees": [
        "Adriaan van den Dries"
      ],
      "reserve_umpires": [
        "J Westerberg"
      ],
      "umpires": [
        "WPM van Liemt",
        "Rizwan Akram"
      ]
    },
    "outcome": {
      "winner": "Ireland",
      "by": {
        "runs": 66
      }
    },
    "overs": 20,
    "player_of_match": [
      "L Delany"
    ],
    "players": {
      "Ireland": [
        "A Hunter",
        "GH Lewis",
        "O Prendergast",
        "L Delany",
        "R Stokell",
        "S MacMahon",
        "A Canning",
        "L Little",
        "FA Sargent",
        "AN Kelly",
        "G Dempsey"
      ],
      "Netherlands": [
        "IJR Zwilling",
        "HDJ Siegers",
        "B de Leede",
        "R Rijke",
        "F Overdijk",
        "P Molkenboer",
        "EN Lynch",
        "HWA Landheer",
        "CH van Koolwijk",
        "MM Dekeling",
        "C de Lange"
      ]
    },
    "registry": {
      "people": {
        "A Canning": "ffd5fcd8",
        "A Hunter": "e8fa03ed",
        "AN Kelly": "397369e0",
        "Adriaan van den Dries": "94b5ec3b",
        "B de Leede": "b3020075",
        "C de Lange": "c6a019f5",
        "CH van Koolwijk": "27d5901c",
        "EN Lynch": "4d35d0b3",
        "F Overdijk": "022745d5",
        "FA Sargent": "fa6e2cb3",
        "G Dempsey": "940feccc",
        "GH Lewis": "1b9d1579",
        "HDJ Siegers": "6d48df01",
        "HWA Landheer": "a6ec88f4",
        "IJR Zwilling": "47b32a5a",
        "J Westerberg": "eaad0353",
        "L Delany": "b4f73b44",
        "L Little": "4f86926b",
        "MM Dekeling": "983a0c34",
        "O Prendergast": "d8f20ba5",
        "P Molkenboer": "fa9db243",
        "R Rijke": "42e4b276",
        "R Stokell": "def7b1bb",
        "Rizwan Akram": "b5346f1e",
        "S MacMahon": "ef2bcebf",
        "WPM van Liemt": "2bd48588"
      }
    },
    "season": "2023",
    "team_type": "international",
    "teams": [
      "Ireland",
      "Netherlands"
    ],
    "toss": {
      "decision": "field",
      "winner": "Netherlands"
    },
    "venue": "VRA Ground, Amstelveen"
  },
  "innings": [
    {
      "team": "Ireland",
      "overs": [
        {
          "over": 0,
          "deliveries": [
            {
              "batter": "A Hunter",
              "bowler": "IJR Zwilling",
              "non_striker": "GH Lewis",
              "runs": {
                "batter": 0,
                "extras": 0,
                "total": 0
              }
            },
            {
              "batter": "A Hunter",
              "bowler": "IJR Zwilling",
              "non_striker": "GH Lewis",
              "runs": {
                "batter": 1,
                "extras": 0,
                "total": 1
              }
            },
            {
              "batter": "GH Lewis",
              "bowler": "IJR Zwilling",
              "non_striker": "A Hunter",
              "runs": {
                "batter": 0,
                "extras": 0,
                "total": 0
              }
            },
            {
              "batter": "GH Lewis",
              "bowler": "IJR Zwilling",
              "non_striker": "A Hunter",
              "runs": {
                "batter": 0,
                "extras": 0,
                "total": 0
              }
            },
            {
              "batter": "GH Lewis",
              "bowler": "IJR Zwilling",
              "non_striker": "A Hunter",
              "runs": {
                "batter": 4,
                "extras": 0,
                "total": 4
              }
            },
            {
              "batter": "GH Lewis",
              "bowler": "IJR Zwilling",
              "non_striker": "A Hunter",
              "runs": {
                "batter": 0,
                "extras": 0,
                "total": 0
              }
            }
          ]
        },
        {
          "over": 1,
          "deliveries": [
            {
              "batter": "A Hunter",
              "bowler": "EN Lynch",
              "non_striker": "GH Lewis",
              "runs": {
                "batter": 0,
                "extras": 0,
                "total": 0
              }
            },
            {
              "batter": "A Hunter",
              "bowler": "EN Lynch",
              "non_striker": "GH Lewis",
              "runs": {
                "batter": 0,
                "extras": 0,
                "total": 0
              }
            },
            {
              "batter": "A Hunter",
              "bowler": "EN Lynch",
              "non_striker": "GH Lewis",
              "runs": {
                "batter": 0,
                "extras": 0,
                "total": 0
              }
            },
            {
              "batter": "A Hunter",
              "bowler": "EN Lynch",
              "non_striker": "GH Lewis",
              "runs": {
                "batter": 0,
                "extras": 0,
                "total": 0
              }
            },
            {
              "batter": "A Hunter",
              "bowler": "EN Lynch",
              "non_striker": "GH Lewis",
              "runs": {
                "batter": 1,
                "extras": 0,
                "total": 1
              }
            },
            {
              "batter": "GH Lewis",
              "bowler": "EN Lynch",
              "non_striker": "A Hunter",
              "runs": {
                "batter": 1,
                "extras": 0,
                "total": 1
              }
            }
          ]
        },
        {
          "over": 2,
          "deliveries": [
            {
              "batter": "GH Lewis",
              "bowler": "IJR Zwilling",
              "non_striker": "A Hunter",
              "runs": {
                "batter": 4,
                "extras": 0,
                "total": 4
              }
            },
            {
              "batter": "GH Lewis",
              "bowler": "IJR Zwilling",
              "non_striker": "A Hunter",
              "runs": {
                "batter": 4,
                "extras": 0,
                "total": 4
              }
            },
            {
              "batter": "GH Lewis",
              "bowler": "IJR Zwilling",
              "non_striker": "A Hunter",
              "runs": {
                "batter": 0,
                "extras": 0,
                "total": 0
              }
            },
            {
              "batter": "GH Lewis",
              "bowler": "IJR Zwilling",
              "non_striker": "A Hunter",
              "runs": {
                "batter": 1,
                "extras": 0,
                "total": 1
              }
            },
            {
              "batter": "A Hunter",
              "bowler": "IJR Zwilling",
              "non_striker": "GH Lewis",
              "runs": {
                "batter": 1,
                "extras": 0,
                "total": 1
              }
            },
            {
              "batter": "GH Lewis",
              "bowler": "IJR Zwilling",
              "non_striker": "A Hunter",
              "runs": {
                "batter": 0,
                "extras": 0,
                "total": 0
              }
            }
          ]
        },
        {
          "over": 3,
          "deliveries": [
            {
              "batter": "A Hunter",
              "bowler": "EN Lynch",
              "non_striker": "GH Lewis",
              "runs": {
                "batter": 1,
                "extras": 0,
                "total": 1
              }
            },
            {
              "batter": "GH Lewis",
              "bowler": "EN Lynch",
              "non_striker": "A Hunter",
              "runs": {
                "batter": 0,
                "extras": 0,
                "total": 0
              }
            },
            {
              "batter": "GH Lewis",
              "bowler": "EN Lynch",
              "non_striker": "A Hunter",
              "runs": {
                "batter": 4,
                "extras": 0,
                "total": 4
              }
            },
            {
              "batter": "GH Lewis",
              "bowler": "EN Lynch",
              "non_striker": "A Hunter",
              "runs": {
                "batter": 1,
                "extras": 0,
                "total": 1
              }
            },
            {
              "batter": "A Hunter",
              "bowler": "EN Lynch",
              "non_striker": "GH Lewis",
              "runs": {
                "batter": 4,
                "extras": 0,
                "total": 4
              }
            },
            {
              "batter": "A Hunter",
              "bowler": "EN Lynch",
              "non_striker": "GH Lewis",
              "runs": {
                "batter": 0,
                "extras": 0,
                "total": 0
              }
            }
          ]
        },
        {
          "over": 4,
          "deliveries": [
            {
              "batter": "GH Lewis",
              "bowler": "R Rijke",
              "non_striker": "A Hunter",
              "runs": {
                "batter": 0,
                "extras": 0,
                "total": 0
              }
            },
            {
              "batter": "GH Lewis",
              "bowler": "R Rijke",
              "non_striker": "A Hunter",
              "runs": {
                "batter": 0,
                "extras": 0,
                "total": 0
              },
              "wickets": [
                {
                  "player_out": "GH Lewis",
                  "kind": "bowled"
                }
              ]
            },
            {
              "batter": "O Prendergast",
              "bowler": "R Rijke",
              "non_striker": "A Hunter",
              "runs": {
                "batter": 0,
                "extras": 0,
                "total": 0
              }
            },
            {
              "batter": "O Prendergast",
              "bowler": "R Rijke",
              "non_striker": "A Hunter",
              "runs": {
                "batter": 4,
                "extras": 0,
                "total": 4
              }
            },
            {
              "batter": "O Prendergast",
              "bowler": "R Rijke",
              "non_striker": "A Hunter",
              "runs": {
                "batter": 1,
                "extras": 0,
                "total": 1
              }
            },
            {
              "batter": "A Hunter",
              "bowler": "R Rijke",
              "non_striker": "O Prendergast",
              "runs": {
                "batter": 0,
                "extras": 0,
                "total": 0
              }
            }
          ]
        },
        {
          "over": 5,
          "deliveries": [
            {
              "batter": "O Prendergast",
              "bowler": "C de Lange",
              "non_striker": "A Hunter",
              "runs": {
                "batter": 0,
                "extras": 0,
                "total": 0
              }
            },
            {
              "batter": "O Prendergast",
              "bowler": "C de Lange",
              "non_striker": "A Hunter",
              "runs": {
                "batter": 0,
                "extras": 0,
                "total": 0
              }
            },
            {
              "batter": "O Prendergast",
              "bowler": "C de Lange",
              "non_striker": "A Hunter",
              "runs": {
                "batter": 0,
                "extras": 0,
                "total": 0
              }
            },
            {
              "batter": "O Prendergast",
              "bowler": "C de Lange",
              "non_striker": "A Hunter",
              "runs": {
                "batter": 1,
                "extras": 0,
                "total": 1
              }
            },
            {
              "batter": "A Hunter",
              "bowler": "C de Lange",
              "non_striker": "O Prendergast",
              "runs": {
                "batter": 1,
                "extras": 0,
                "total": 1
              }
            },
            {
              "batter": "O Prendergast",
              "bowler": "C de Lange",
              "non_striker": "A Hunter",
              "runs": {
                "batter": 4,
                "extras": 0,
                "total": 4
              }
            }
          ]
        },
        {
          "over": 6,
          "deliveries": [
            {
              "batter": "A Hunter",
              "bowler": "R Rijke",
              "non_striker": "O Prendergast",
              "runs": {
                "batter": 1,
                "extras": 0,
                "total": 1
              }
            },
            {
              "batter": "O Prendergast",
              "bowler": "R Rijke",
              "non_striker": "A Hunter",
              "runs": {
                "batter": 0,
                "extras": 0,
                "total": 0
              }
            },
            {
              "batter": "O Prendergast",
              "bowler": "R Rijke",
              "non_striker": "A Hunter",
              "runs": {
                "batter": 0,
                "extras": 0,
                "total": 0
              }
            },
            {
              "batter": "O Prendergast",
              "bowler": "R Rijke",
              "non_striker": "A Hunter",
              "runs": {
                "batter": 4,
                "extras": 0,
                "total": 4
              }
            },
            {
              "batter": "O Prendergast",
              "bowler": "R Rijke",
              "non_striker": "A Hunter",
              "runs": {
                "batter": 4,
                "extras": 0,
                "total": 4
              }
            },
            {
              "batter": "O Prendergast",
              "bowler": "R Rijke",
              "non_striker": "A Hunter",
              "runs": {
                "batter": 1,
                "extras": 0,
                "total": 1
              }
            }
          ]
        },
        {
          "over": 7,
          "deliveries": [
            {
              "batter": "O Prendergast",
              "bowler": "C de Lange",
              "extras": {
                "noballs": 1
              },
              "non_striker": "A Hunter",
              "runs": {
                "batter": 1,
                "extras": 1,
                "total": 2
              }
            },
            {
              "batter": "A Hunter",
              "bowler": "C de Lange",
              "extras": {
                "wides": 1
              },
              "non_striker": "O Prendergast",
              "runs": {
                "batter": 0,
                "extras": 1,
                "total": 1
              }
            },
            {
              "batter": "A Hunter",
              "bowler": "C de Lange",
              "non_striker": "O Prendergast",
              "runs": {
                "batter": 0,
                "extras": 0,
                "total": 0
              }
            },
            {
              "batter": "A Hunter",
              "bowler": "C de Lange",
              "non_striker": "O Prendergast",
              "runs": {
                "batter": 0,
                "extras": 0,
                "total": 0
              }
            },
            {
              "batter": "A Hunter",
              "bowler": "C de Lange",
              "non_striker": "O Prendergast",
              "runs": {
                "batter": 4,
                "extras": 0,
                "total": 4
              }
            },
            {
              "batter": "A Hunter",
              "bowler": "C de Lange",
              "non_striker": "O Prendergast",
              "runs": {
                "batter": 1,
                "extras": 0,
                "total": 1
              }
            },
            {
              "batter": "O Prendergast",
              "bowler": "C de Lange",
              "non_striker": "A Hunter",
              "runs": {
                "batter": 4,
                "extras": 0,
                "total": 4
              }
            },
            {
              "batter": "O Prendergast",
              "bowler": "C de Lange",
              "non_striker": "A Hunter",
              "runs": {
                "batter": 0,
                "extras": 0,
                "total": 0
              }
            }
          ]
        },
        {
          "over": 8,
          "deliveries": [
            {
              "batter": "A Hunter",
              "bowler": "F Overdijk",
              "non_striker": "O Prendergast",
              "runs": {
                "batter": 4,
                "extras": 0,
                "total": 4
              }
            },
            {
              "batter": "A Hunter",
              "bowler": "F Overdijk",
              "non_striker": "O Prendergast",
              "runs": {
                "batter": 6,
                "extras": 0,
                "total": 6
              }
            },
            {
              "batter": "A Hunter",
              "bowler": "F Overdijk",
              "non_striker": "O Prendergast",
              "runs": {
                "batter": 0,
                "extras": 0,
                "total": 0
              }
            },
            {
              "batter": "A Hunter",
              "bowler": "F Overdijk",
              "non_striker": "O Prendergast",
              "runs": {
                "batter": 0,
                "extras": 0,
                "total": 0
              }
            },
            {
              "batter": "A Hunter",
              "bowler": "F Overdijk",
              "non_striker": "O Prendergast",
              "runs": {
                "batter": 0,
                "extras": 0,
                "total": 0
              }
            },
            {
              "batter": "A Hunter",
              "bowler": "F Overdijk",
              "non_striker": "O Prendergast",
              "runs": {
                "batter": 6,
                "extras": 0,
                "total": 6
              }
            }
          ]
        },
        {
          "over": 9,
          "deliveries": [
            {
              "batter": "O Prendergast",
              "bowler": "P Molkenboer",
              "non_striker": "A Hunter",
              "runs": {
                "batter": 1,
                "extras": 0,
                "total": 1
              }
            },
            {
              "batter": "A Hunter",
              "bowler": "P Molkenboer",
              "non_striker": "O Prendergast",
              "runs": {
                "batter": 1,
                "extras": 0,
                "total": 1
              }
            },
            {
              "batter": "O Prendergast",
              "bowler": "P Molkenboer",
              "non_striker": "A Hunter",
              "runs": {
                "batter": 0,
                "extras": 0,
                "total": 0
              },
              "wickets": [
                {
                  "player_out": "O Prendergast",
                  "fielders": [
                    {
                      "name": "CH van Koolwijk"
                    }
                  ],
                  "kind": "caught"
                }
              ]
            },
            {
              "batter": "L Delany",
              "bowler": "P Molkenboer",
              "non_striker": "A Hunter",
              "runs": {
                "batter": 0,
                "extras": 0,
                "total": 0
              }
            },
            {
              "batter": "L Delany",
              "bowler": "P Molkenboer",
              "non_striker": "A Hunter",
              "runs": {
                "batter": 0,
                "extras": 0,
                "total": 0
              }
            },
            {
              "batter": "L Delany",
              "bowler": "P Molkenboer",
              "non_striker": "A Hunter",
              "runs": {
                "batter": 0,
                "extras": 0,
                "total": 0
              }
            }
          ]
        },
        {
          "over": 10,
          "deliveries": [
            {
              "batter": "A Hunter",
              "bowler": "MM Dekeling",
              "non_striker": "L Delany",
              "runs": {
                "batter": 0,
                "extras": 0,
                "total": 0
              }
            },
            {
              "batter": "A Hunter",
              "bowler": "MM Dekeling",
              "non_striker": "L Delany",
              "runs": {
                "batter": 1,
                "extras": 0,
                "total": 1
              }
            },
            {
              "batter": "L Delany",
              "bowler": "MM Dekeling",
              "non_striker": "A Hunter",
              "runs": {
                "batter": 1,
                "extras": 0,
                "total": 1
              }
            },
            {
              "batter": "A Hunter",
              "bowler": "MM Dekeling",
              "non_striker": "L Delany",
              "runs": {
                "batter": 1,
                "extras": 0,
                "total": 1
              }
            },
            {
              "batter": "L Delany",
              "bowler": "MM Dekeling",
              "non_striker": "A Hunter",
              "runs": {
                "batter": 0,
                "extras": 0,
                "total": 0
              }
            },
            {
              "batter": "L Delany",
              "bowler": "MM Dekeling",
              "non_striker": "A Hunter",
              "runs": {
                "batter": 1,
                "extras": 0,
                "total": 1
              }
            }
          ]
        },
        {
          "over": 11,
          "deliveries": [
            {
              "batter": "L Delany",
              "bowler": "P Molkenboer",
              "non_striker": "A Hunter",
              "runs": {
                "batter": 0,
                "extras": 0,
                "total": 0
              }
            },
            {
              "batter": "L Delany",
              "bowler": "P Molkenboer",
              "non_striker": "A Hunter",
              "runs": {
                "batter": 1,
                "extras": 0,
                "total": 1
              }
            },
            {
              "batter": "A Hunter",
              "bowler": "P Molkenboer",
              "non_striker": "L Delany",
              "runs": {
                "batter": 0,
                "extras": 0,
                "total": 0
              }
            },
            {
              "batter": "A Hunter",
              "bowler": "P Molkenboer",
              "non_striker": "L Delany",
              "runs": {
                "batter": 0,
                "extras": 0,
                "total": 0
              }
            },
            {
              "batter": "A Hunter",
              "bowler": "P Molkenboer",
              "non_striker": "L Delany",
              "runs": {
                "batter": 0,
                "extras": 0,
                "total": 0
              }
            },
            {
              "batter": "A Hunter",
              "bowler": "P Molkenboer",
              "non_striker": "L Delany",
              "runs": {
                "batter": 1,
                "extras": 0,
                "total": 1
              }
            }
          ]
        },
        {
          "over": 12,
          "deliveries": [
            {
              "batter": "A Hunter",
              "bowler": "MM Dekeling",
              "non_striker": "L Delany",
              "runs": {
                "batter": 1,
                "extras": 0,
                "total": 1
              }
            },
            {
              "batter": "L Delany",
              "bowler": "MM Dekeling",
              "non_striker": "A Hunter",
              "runs": {
                "batter": 1,
                "extras": 0,
                "total": 1
              }
            },
            {
              "batter": "A Hunter",
              "bowler": "MM Dekeling",
              "non_striker": "L Delany",
              "runs": {
                "batter": 0,
                "extras": 0,
                "total": 0
              },
              "wickets": [
                {
                  "player_out": "A Hunter",
                  "fielders": [
                    {
                      "name": "B de Leede"
                    }
                  ],
                  "kind": "caught"
                }
              ]
            },
            {
              "batter": "R Stokell",
              "bowler": "MM Dekeling",
              "non_striker": "L Delany",
              "runs": {
                "batter": 1,
                "extras": 0,
                "total": 1
              }
            },
            {
              "batter": "L Delany",
              "bowler": "MM Dekeling",
              "non_striker": "R Stokell",
              "runs": {
                "batter": 4,
                "extras": 0,
                "total": 4
              }
            },
            {
              "batter": "L Delany",
              "bowler": "MM Dekeling",
              "non_striker": "R Stokell",
              "runs": {
                "batter": 0,
                "extras": 0,
                "total": 0
              }
            }
          ]
        },
        {
          "over": 13,
          "deliveries": [
            {
              "batter": "R Stokell",
              "bowler": "P Molkenboer",
              "non_striker": "L Delany",
              "runs": {
                "batter": 0,
                "extras": 0,
                "total": 0
              }
            },
            {
              "batter": "R Stokell",
              "bowler": "P Molkenboer",
              "non_striker": "L Delany",
              "runs": {
                "batter": 0,
                "extras": 0,
                "total": 0
              }
            },
            {
              "batter": "R Stokell",
              "bowler": "P Molkenboer",
              "non_striker": "L Delany",
              "runs": {
                "batter": 0,
                "extras": 0,
                "total": 0
              }
            },
            {
              "batter": "R Stokell",
              "bowler": "P Molkenboer",
              "non_striker": "L Delany",
              "runs": {
                "batter": 1,
                "extras": 0,
                "total": 1
              }
            },
            {
              "batter": "L Delany",
              "bowler": "P Molkenboer",
              "non_striker": "R Stokell",
              "runs": {
                "batter": 4,
                "extras": 0,
                "total": 4
              }
            },
            {
              "batter": "L Delany",
              "bowler": "P Molkenboer",
              "non_striker": "R Stokell",
              "runs": {
                "batter": 0,
                "extras": 0,
                "total": 0
              }
            }
          ]
        },
        {
          "over": 14,
          "deliveries": [
            {
              "batter": "R Stokell",
              "bowler": "MM Dekeling",
              "non_striker": "L Delany",
              "runs": {
                "batter": 4,
                "extras": 0,
                "total": 4
              }
            },
            {
              "batter": "R Stokell",
              "bowler": "MM Dekeling",
              "non_striker": "L Delany",
              "runs": {
                "batter": 1,
                "extras": 0,
                "total": 1
              }
            },
            {
              "batter": "L Delany",
              "bowler": "MM Dekeling",
              "non_striker": "R Stokell",
              "runs": {
                "batter": 1,
                "extras": 0,
                "total": 1
              }
            },
            {
              "batter": "R Stokell",
              "bowler": "MM Dekeling",
              "non_striker": "L Delany",
              "runs": {
                "batter": 1,
                "extras": 0,
                "total": 1
              }
            },
            {
              "batter": "L Delany",
              "bowler": "MM Dekeling",
              "non_striker": "R Stokell",
              "runs": {
                "batter": 1,
                "extras": 0,
                "total": 1
              }
            },
            {
              "batter": "R Stokell",
              "bowler": "MM Dekeling",
              "non_striker": "L Delany",
              "runs": {
                "batter": 4,
                "extras": 0,
                "total": 4
              }
            }
          ]
        },
        {
          "over": 15,
          "deliveries": [
            {
              "batter": "L Delany",
              "bowler": "P Molkenboer",
              "non_striker": "R Stokell",
              "runs": {
                "batter": 0,
                "extras": 0,
                "total": 0
              }
            },
            {
              "batter": "L Delany",
              "bowler": "P Molkenboer",
              "non_striker": "R Stokell",
              "runs": {
                "batter": 0,
                "extras": 0,
                "total": 0
              }
            },
            {
              "batter": "L Delany",
              "bowler": "P Molkenboer",
              "non_striker": "R Stokell",
              "runs": {
                "batter": 4,
                "extras": 0,
                "total": 4
              }
            },
            {
              "batter": "L Delany",
              "bowler": "P Molkenboer",
              "non_striker": "R Stokell",
              "runs": {
                "batter": 0,
                "extras": 0,
                "total": 0
              }
            },
            {
              "batter": "L Delany",
              "bowler": "P Molkenboer",
              "non_striker": "R Stokell",
              "runs": {
                "batter": 0,
                "extras": 0,
                "total": 0
              }
            },
            {
              "batter": "L Delany",
              "bowler": "P Molkenboer",
              "non_striker": "R Stokell",
              "runs": {
                "batter": 0,
                "extras": 0,
                "total": 0
              }
            }
          ]
        },
        {
          "over": 16,
          "deliveries": [
            {
              "batter": "R Stokell",
              "bowler": "IJR Zwilling",
              "non_striker": "L Delany",
              "runs": {
                "batter": 2,
                "extras": 0,
                "total": 2
              }
            },
            {
              "batter": "R Stokell",
              "bowler": "IJR Zwilling",
              "non_striker": "L Delany",
              "runs": {
                "batter": 1,
                "extras": 0,
                "total": 1
              }
            },
            {
              "batter": "L Delany",
              "bowler": "IJR Zwilling",
              "non_striker": "R Stokell",
              "runs": {
                "batter": 1,
                "extras": 0,
                "total": 1
              }
            },
            {
              "batter": "R Stokell",
              "bowler": "IJR Zwilling",
              "non_striker": "L Delany",
              "runs": {
                "batter": 1,
                "extras": 0,
                "total": 1
              }
            },
            {
              "batter": "L Delany",
              "bowler": "IJR Zwilling",
              "non_striker": "R Stokell",
              "runs": {
                "batter": 0,
                "extras": 0,
                "total": 0
              }
            },
            {
              "batter": "L Delany",
              "bowler": "IJR Zwilling",
              "non_striker": "R Stokell",
              "runs": {
                "batter": 0,
                "extras": 0,
                "total": 0
              }
            }
          ]
        },
        {
          "over": 17,
          "deliveries": [
            {
              "batter": "R Stokell",
              "bowler": "R Rijke",
              "non_striker": "L Delany",
              "runs": {
                "batter": 0,
                "extras": 0,
                "total": 0
              },
              "wickets": [
                {
                  "player_out": "R Stokell",
                  "fielders": [
                    {
                      "name": "B de Leede"
                    }
                  ],
                  "kind": "caught"
                }
              ]
            },
            {
              "batter": "S MacMahon",
              "bowler": "R Rijke",
              "non_striker": "L Delany",
              "runs": {
                "batter": 0,
                "extras": 0,
                "total": 0
              }
            },
            {
              "batter": "S MacMahon",
              "bowler": "R Rijke",
              "non_striker": "L Delany",
              "runs": {
                "batter": 0,
                "extras": 0,
                "total": 0
              }
            },
            {
              "batter": "S MacMahon",
              "bowler": "R Rijke",
              "non_striker": "L Delany",
              "runs": {
                "batter": 1,
                "extras": 0,
                "total": 1
              }
            },
            {
              "batter": "L Delany",
              "bowler": "R Rijke",
              "non_striker": "S MacMahon",
              "runs": {
                "batter": 1,
                "extras": 0,
                "total": 1
              }
            },
            {
              "batter": "S MacMahon",
              "bowler": "R Rijke",
              "non_striker": "L Delany",
              "runs": {
                "batter": 2,
                "extras": 0,
                "total": 2
              }
            }
          ]
        },
        {
          "over": 18,
          "deliveries": [
            {
              "batter": "L Delany",
              "bowler": "IJR Zwilling",
              "non_striker": "S MacMahon",
              "runs": {
                "batter": 0,
                "extras": 0,
                "total": 0
              },
              "wickets": [
                {
                  "player_out": "L Delany",
                  "fielders": [
                    {
                      "name": "P Molkenboer"
                    }
                  ],
                  "kind": "caught"
                }
              ]
            },
            {
              "batter": "A Canning",
              "bowler": "IJR Zwilling",
              "non_striker": "S MacMahon",
              "runs": {
                "batter": 4,
                "extras": 0,
                "total": 4
              }
            },
            {
              "batter": "A Canning",
              "bowler": "IJR Zwilling",
              "extras": {
                "wides": 1
              },
              "non_striker": "S MacMahon",
              "runs": {
                "batter": 0,
                "extras": 1,
                "total": 1
              }
            },
            {
              "batter": "A Canning",
              "bowler": "IJR Zwilling",
              "non_striker": "S MacMahon",
              "runs": {
                "batter": 1,
                "extras": 0,
                "total": 1
              }
            },
            {
              "batter": "S MacMahon",
              "bowler": "IJR Zwilling",
              "non_striker": "A Canning",
              "runs": {
                "batter": 1,
                "extras": 0,
                "total": 1
              }
            },
            {
              "batter": "A Canning",
              "bowler": "IJR Zwilling",
              "non_striker": "S MacMahon",
              "runs": {
                "batter": 2,
                "extras": 0,
                "total": 2
              }
            },
            {
              "batter": "A Canning",
              "bowler": "IJR Zwilling",
              "non_striker": "S MacMahon",
              "runs": {
                "batter": 0,
                "extras": 0,
                "total": 0
              }
            }
          ]
        },
        {
          "over": 19,
          "deliveries": [
            {
              "batter": "S MacMahon",
              "bowler": "R Rijke",
              "non_striker": "A Canning",
              "runs": {
                "batter": 0,
                "extras": 0,
                "total": 0
              },
              "wickets": [
                {
                  "player_out": "S MacMahon",
                  "fielders": [
                    {
                      "name": "EN Lynch"
                    }
                  ],
                  "kind": "caught"
                }
              ]
            },
            {
              "batter": "L Little",
              "bowler": "R Rijke",
              "non_striker": "A Canning",
              "runs": {
                "batter": 2,
                "extras": 0,
                "total": 2
              }
            },
            {
              "batter": "L Little",
              "bowler": "R Rijke",
              "non_striker": "A Canning",
              "runs": {
                "batter": 2,
                "extras": 0,
                "total": 2
              }
            },
            {
              "batter": "L Little",
              "bowler": "R Rijke",
              "non_striker": "A Canning",
              "runs": {
                "batter": 6,
                "extras": 0,
                "total": 6
              }
            },
            {
              "batter": "L Little",
              "bowler": "R Rijke",
              "non_striker": "A Canning",
              "runs": {
                "batter": 2,
                "extras": 0,
                "total": 2
              }
            },
            {
              "batter": "L Little",
              "bowler": "R Rijke",
              "extras": {
                "noballs": 1
              },
              "non_striker": "A Canning",
              "runs": {
                "batter": 4,
                "extras": 1,
                "total": 5
              }
            },
            {
              "batter": "L Little",
              "bowler": "R Rijke",
              "non_striker": "A Canning",
              "runs": {
                "batter": 1,
                "extras": 0,
                "total": 1
              }
            }
          ]
        }
      ],
      "powerplays": [
        {
          "from": 0.1,
          "to": 5.6,
          "type": "mandatory"
        }
      ]
    },
    {
      "team": "Netherlands",
      "overs": [
        {
          "over": 0,
          "deliveries": [
            {
              "batter": "IJR Zwilling",
              "bowler": "O Prendergast",
              "non_striker": "HDJ Siegers",
              "runs": {
                "batter": 0,
                "extras": 0,
                "total": 0
              }
            },
            {
              "batter": "IJR Zwilling",
              "bowler": "O Prendergast",
              "extras": {
                "wides": 1
              },
              "non_striker": "HDJ Siegers",
              "runs": {
                "batter": 0,
                "extras": 1,
                "total": 1
              }
            },
            {
              "batter": "IJR Zwilling",
              "bowler": "O Prendergast",
              "non_striker": "HDJ Siegers",
              "runs": {
                "batter": 4,
                "extras": 0,
                "total": 4
              }
            },
            {
              "batter": "IJR Zwilling",
              "bowler": "O Prendergast",
              "non_striker": "HDJ Siegers",
              "runs": {
                "batter": 1,
                "extras": 0,
                "total": 1
              }
            },
            {
              "batter": "HDJ Siegers",
              "bowler": "O Prendergast",
              "non_striker": "IJR Zwilling",
              "runs": {
                "batter": 0,
                "extras": 0,
                "total": 0
              }
            },
            {
              "batter": "HDJ Siegers",
              "bowler": "O Prendergast",
              "non_striker": "IJR Zwilling",
              "runs": {
                "batter": 0,
                "extras": 0,
                "total": 0
              }
            },
            {
              "batter": "HDJ Siegers",
              "bowler": "O Prendergast",
              "non_striker": "IJR Zwilling",
              "runs": {
                "batter": 0,
                "extras": 0,
                "total": 0
              }
            }
          ]
        },
        {
          "over": 1,
          "deliveries": [
            {
              "batter": "IJR Zwilling",
              "bowler": "A Canning",
              "non_striker": "HDJ Siegers",
              "runs": {
                "batter": 0,
                "extras": 0,
                "total": 0
              }
            },
            {
              "batter": "IJR Zwilling",
              "bowler": "A Canning",
              "non_striker": "HDJ Siegers",
              "runs": {
                "batter": 1,
                "extras": 0,
                "total": 1
              }
            },
            {
              "batter": "HDJ Siegers",
              "bowler": "A Canning",
              "non_striker": "IJR Zwilling",
              "runs": {
                "batter": 1,
                "extras": 0,
                "total": 1
              }
            },
            {
              "batter": "IJR Zwilling",
              "bowler": "A Canning",
              "non_striker": "HDJ Siegers",
              "runs": {
                "batter": 0,
                "extras": 0,
                "total": 0
              }
            },
            {
              "batter": "IJR Zwilling",
              "bowler": "A Canning",
              "non_striker": "HDJ Siegers",
              "runs": {
                "batter": 4,
                "extras": 0,
                "total": 4
              }
            },
            {
              "batter": "IJR Zwilling",
              "bowler": "A Canning",
              "extras": {
                "wides": 1
              },
              "non_striker": "HDJ Siegers",
              "runs": {
                "batter": 0,
                "extras": 1,
                "total": 1
              }
            },
            {
              "batter": "IJR Zwilling",
              "bowler": "A Canning",
              "non_striker": "HDJ Siegers",
              "runs": {
                "batter": 4,
                "extras": 0,
                "total": 4
              }
            }
          ]
        },
        {
          "over": 2,
          "deliveries": [
            {
              "batter": "HDJ Siegers",
              "bowler": "O Prendergast",
              "non_striker": "IJR Zwilling",
              "runs": {
                "batter": 0,
                "extras": 0,
                "total": 0
              }
            },
            {
              "batter": "HDJ Siegers",
              "bowler": "O Prendergast",
              "non_striker": "IJR Zwilling",
              "runs": {
                "batter": 0,
                "extras": 0,
                "total": 0
              }
            },
            {
              "batter": "HDJ Siegers",
              "bowler": "O Prendergast",
              "non_striker": "IJR Zwilling",
              "runs": {
                "batter": 4,
                "extras": 0,
                "total": 4
              }
            },
            {
              "batter": "HDJ Siegers",
              "bowler": "O Prendergast",
              "non_striker": "IJR Zwilling",
              "runs": {
                "batter": 4,
                "extras": 0,
                "total": 4
              }
            },
            {
              "batter": "HDJ Siegers",
              "bowler": "O Prendergast",
              "non_striker": "IJR Zwilling",
              "runs": {
                "batter": 0,
                "extras": 0,
                "total": 0
              }
            },
            {
              "batter": "HDJ Siegers",
              "bowler": "O Prendergast",
              "non_striker": "IJR Zwilling",
              "runs": {
                "batter": 0,
                "extras": 0,
                "total": 0
              }
            }
          ]
        },
        {
          "over": 3,
          "deliveries": [
            {
              "batter": "IJR Zwilling",
              "bowler": "A Canning",
              "non_striker": "HDJ Siegers",
              "runs": {
                "batter": 1,
                "extras": 0,
                "total": 1
              }
            },
            {
              "batter": "HDJ Siegers",
              "bowler": "A Canning",
              "non_striker": "IJR Zwilling",
              "runs": {
                "batter": 2,
                "extras": 0,
                "total": 2
              }
            },
            {
              "batter": "HDJ Siegers",
              "bowler": "A Canning",
              "non_striker": "IJR Zwilling",
              "runs": {
                "batter": 1,
                "extras": 0,
                "total": 1
              }
            },
            {
              "batter": "IJR Zwilling",
              "bowler": "A Canning",
              "non_striker": "HDJ Siegers",
              "runs": {
                "batter": 0,
                "extras": 0,
                "total": 0
              },
              "wickets": [
                {
                  "player_out": "IJR Zwilling",
                  "fielders": [
                    {
                      "name": "L Little"
                    }
                  ],
                  "kind": "caught"
                }
              ]
            },
            {
              "batter": "B de Leede",
              "bowler": "A Canning",
              "non_striker": "HDJ Siegers",
              "runs": {
                "batter": 0,
                "extras": 0,
                "total": 0
              }
            },
            {
              "batter": "B de Leede",
              "bowler": "A Canning",
              "non_striker": "HDJ Siegers",
              "runs": {
                "batter": 4,
                "extras": 0,
                "total": 4
              }
            }
          ]
        },
        {
          "over": 4,
          "deliveries": [
            {
              "batter": "HDJ Siegers",
              "bowler": "G Dempsey",
              "non_striker": "B de Leede",
              "runs": {
                "batter": 6,
                "extras": 0,
                "total": 6
              }
            },
            {
              "batter": "HDJ Siegers",
              "bowler": "G Dempsey",
              "non_striker": "B de Leede",
              "runs": {
                "batter": 0,
                "extras": 0,
                "total": 0
              },
              "wickets": [
                {
                  "player_out": "HDJ Siegers",
                  "fielders": [
                    {
                      "name": "R Stokell"
                    }
                  ],
                  "kind": "caught"
                }
              ]
            },
            {
              "batter": "R Rijke",
              "bowler": "G Dempsey",
              "extras": {
                "wides": 1
              },
              "non_striker": "B de Leede",
              "runs": {
                "batter": 0,
                "extras": 1,
                "total": 1
              }
            },
            {
              "batter": "R Rijke",
              "bowler": "G Dempsey",
              "non_striker": "B de Leede",
              "runs": {
                "batter": 0,
                "extras": 0,
                "total": 0
              }
            },
            {
              "batter": "R Rijke",
              "bowler": "G Dempsey",
              "non_striker": "B de Leede",
              "runs": {
                "batter": 0,
                "extras": 0,
                "total": 0
              }
            },
            {
              "batter": "R Rijke",
              "bowler": "G Dempsey",
              "non_striker": "B de Leede",
              "runs": {
                "batter": 0,
                "extras": 0,
                "total": 0
              }
            },
            {
              "batter": "R Rijke",
              "bowler": "G Dempsey",
              "extras": {
                "wides": 1
              },
              "non_striker": "B de Leede",
              "runs": {
                "batter": 0,
                "extras": 1,
                "total": 1
              }
            },
            {
              "batter": "R Rijke",
              "bowler": "G Dempsey",
              "non_striker": "B de Leede",
              "runs": {
                "batter": 1,
                "extras": 0,
                "total": 1
              }
            }
          ]
        },
        {
          "over": 5,
          "deliveries": [
            {
              "batter": "R Rijke",
              "bowler": "AN Kelly",
              "non_striker": "B de Leede",
              "runs": {
                "batter": 4,
                "extras": 0,
                "total": 4
              }
            },
            {
              "batter": "R Rijke",
              "bowler": "AN Kelly",
              "non_striker": "B de Leede",
              "runs": {
                "batter": 0,
                "extras": 0,
                "total": 0
              }
            },
            {
              "batter": "R Rijke",
              "bowler": "AN Kelly",
              "non_striker": "B de Leede",
              "runs": {
                "batter": 0,
                "extras": 0,
                "total": 0
              },
              "wickets": [
                {
                  "player_out": "R Rijke",
                  "fielders": [
                    {
                      "name": "O Prendergast"
                    }
                  ],
                  "kind": "caught"
                }
              ]
            },
            {
              "batter": "F Overdijk",
              "bowler": "AN Kelly",
              "non_striker": "B de Leede",
              "runs": {
                "batter": 0,
                "extras": 0,
                "total": 0
              }
            },
            {
              "batter": "F Overdijk",
              "bowler": "AN Kelly",
              "non_striker": "B de Leede",
              "runs": {
                "batter": 0,
                "extras": 0,
                "total": 0
              }
            },
            {
              "batter": "F Overdijk",
              "bowler": "AN Kelly",
              "non_striker": "B de Leede",
              "runs": {
                "batter": 0,
                "extras": 0,
                "total": 0
              }
            }
          ]
        },
        {
          "over": 6,
          "deliveries": [
            {
              "batter": "B de Leede",
              "bowler": "G Dempsey",
              "non_striker": "F Overdijk",
              "runs": {
                "batter": 2,
                "extras": 0,
                "total": 2
              }
            },
            {
              "batter": "B de Leede",
              "bowler": "G Dempsey",
              "non_striker": "F Overdijk",
              "runs": {
                "batter": 0,
                "extras": 0,
                "total": 0
              }
            },
            {
              "batter": "B de Leede",
              "bowler": "G Dempsey",
              "non_striker": "F Overdijk",
              "runs": {
                "batter": 0,
                "extras": 0,
                "total": 0
              }
            },
            {
              "batter": "B de Leede",
              "bowler": "G Dempsey",
              "non_striker": "F Overdijk",
              "runs": {
                "batter": 0,
                "extras": 0,
                "total": 0
              }
            },
            {
              "batter": "B de Leede",
              "bowler": "G Dempsey",
              "non_striker": "F Overdijk",
              "runs": {
                "batter": 0,
                "extras": 0,
                "total": 0
              }
            },
            {
              "batter": "B de Leede",
              "bowler": "G Dempsey",
              "non_striker": "F Overdijk",
              "runs": {
                "batter": 0,
                "extras": 0,
                "total": 0
              }
            }
          ]
        },
        {
          "over": 7,
          "deliveries": [
            {
              "batter": "F Overdijk",
              "bowler": "AN Kelly",
              "non_striker": "B de Leede",
              "runs": {
                "batter": 0,
                "extras": 0,
                "total": 0
              },
              "wickets": [
                {
                  "player_out": "F Overdijk",
                  "fielders": [
                    {
                      "name": "A Hunter"
                    }
                  ],
                  "kind": "stumped"
                }
              ]
            },
            {
              "batter": "P Molkenboer",
              "bowler": "AN Kelly",
              "non_striker": "B de Leede",
              "runs": {
                "batter": 0,
                "extras": 0,
                "total": 0
              }
            },
            {
              "batter": "P Molkenboer",
              "bowler": "AN Kelly",
              "non_striker": "B de Leede",
              "runs": {
                "batter": 0,
                "extras": 0,
                "total": 0
              }
            },
            {
              "batter": "P Molkenboer",
              "bowler": "AN Kelly",
              "non_striker": "B de Leede",
              "runs": {
                "batter": 0,
                "extras": 0,
                "total": 0
              }
            },
            {
              "batter": "P Molkenboer",
              "bowler": "AN Kelly",
              "non_striker": "B de Leede",
              "runs": {
                "batter": 0,
                "extras": 0,
                "total": 0
              },
              "wickets": [
                {
                  "player_out": "P Molkenboer",
                  "kind": "bowled"
                }
              ]
            },
            {
              "batter": "EN Lynch",
              "bowler": "AN Kelly",
              "non_striker": "B de Leede",
              "runs": {
                "batter": 1,
                "extras": 0,
                "total": 1
              }
            }
          ]
        },
        {
          "over": 8,
          "deliveries": [
            {
              "batter": "EN Lynch",
              "bowler": "G Dempsey",
              "non_striker": "B de Leede",
              "runs": {
                "batter": 1,
                "extras": 0,
                "total": 1
              }
            },
            {
              "batter": "B de Leede",
              "bowler": "G Dempsey",
              "non_striker": "EN Lynch",
              "runs": {
                "batter": 1,
                "extras": 0,
                "total": 1
              }
            },
            {
              "batter": "EN Lynch",
              "bowler": "G Dempsey",
              "non_striker": "B de Leede",
              "runs": {
                "batter": 0,
                "extras": 0,
                "total": 0
              }
            },
            {
              "batter": "EN Lynch",
              "bowler": "G Dempsey",
              "extras": {
                "wides": 1
              },
              "non_striker": "B de Leede",
              "runs": {
                "batter": 0,
                "extras": 1,
                "total": 1
              }
            },
            {
              "batter": "EN Lynch",
              "bowler": "G Dempsey",
              "non_striker": "B de Leede",
              "runs": {
                "batter": 0,
                "extras": 0,
                "total": 0
              },
              "wickets": [
                {
                  "player_out": "EN Lynch",
                  "kind": "bowled"
                }
              ]
            },
            {
              "batter": "HWA Landheer",
              "bowler": "G Dempsey",
              "non_striker": "B de Leede",
              "runs": {
                "batter": 1,
                "extras": 0,
                "total": 1
              }
            },
            {
              "batter": "B de Leede",
              "bowler": "G Dempsey",
              "non_striker": "HWA Landheer",
              "runs": {
                "batter": 1,
                "extras": 0,
                "total": 1
              }
            }
          ]
        },
        {
          "over": 9,
          "deliveries": [
            {
              "batter": "B de Leede",
              "bowler": "AN Kelly",
              "non_striker": "HWA Landheer",
              "runs": {
                "batter": 4,
                "extras": 0,
                "total": 4
              }
            },
            {
              "batter": "B de Leede",
              "bowler": "AN Kelly",
              "non_striker": "HWA Landheer",
              "runs": {
                "batter": 0,
                "extras": 0,
                "total": 0
              }
            },
            {
              "batter": "B de Leede",
              "bowler": "AN Kelly",
              "extras": {
                "legbyes": 1
              },
              "non_striker": "HWA Landheer",
              "runs": {
                "batter": 0,
                "extras": 1,
                "total": 1
              }
            },
            {
              "batter": "HWA Landheer",
              "bowler": "AN Kelly",
              "non_striker": "B de Leede",
              "runs": {
                "batter": 1,
                "extras": 0,
                "total": 1
              }
            },
            {
              "batter": "B de Leede",
              "bowler": "AN Kelly",
              "non_striker": "HWA Landheer",
              "runs": {
                "batter": 1,
                "extras": 0,
                "total": 1
              }
            },
            {
              "batter": "HWA Landheer",
              "bowler": "AN Kelly",
              "non_striker": "B de Leede",
              "runs": {
                "batter": 0,
                "extras": 0,
                "total": 0
              }
            }
          ]
        },
        {
          "over": 10,
          "deliveries": [
            {
              "batter": "B de Leede",
              "bowler": "L Delany",
              "non_striker": "HWA Landheer",
              "runs": {
                "batter": 0,
                "extras": 0,
                "total": 0
              }
            },
            {
              "batter": "B de Leede",
              "bowler": "L Delany",
              "non_striker": "HWA Landheer",
              "runs": {
                "batter": 1,
                "extras": 0,
                "total": 1
              }
            },
            {
              "batter": "HWA Landheer",
              "bowler": "L Delany",
              "non_striker": "B de Leede",
              "runs": {
                "batter": 0,
                "extras": 0,
                "total": 0
              },
              "wickets": [
                {
                  "player_out": "HWA Landheer",
                  "kind": "bowled"
                }
              ]
            },
            {
              "batter": "CH van Koolwijk",
              "bowler": "L Delany",
              "non_striker": "B de Leede",
              "runs": {
                "batter": 0,
                "extras": 0,
                "total": 0
              }
            },
            {
              "batter": "CH van Koolwijk",
              "bowler": "L Delany",
              "non_striker": "B de Leede",
              "runs": {
                "batter": 1,
                "extras": 0,
                "total": 1
              }
            },
            {
              "batter": "B de Leede",
              "bowler": "L Delany",
              "non_striker": "CH van Koolwijk",
              "runs": {
                "batter": 0,
                "extras": 0,
                "total": 0
              }
            }
          ]
        },
        {
          "over": 11,
          "deliveries": [
            {
              "batter": "CH van Koolwijk",
              "bowler": "FA Sargent",
              "non_striker": "B de Leede",
              "runs": {
                "batter": 2,
                "extras": 0,
                "total": 2
              }
            },
            {
              "batter": "CH van Koolwijk",
              "bowler": "FA Sargent",
              "non_striker": "B de Leede",
              "runs": {
                "batter": 1,
                "extras": 0,
                "total": 1
              }
            },
            {
              "batter": "B de Leede",
              "bowler": "FA Sargent",
              "non_striker": "CH van Koolwijk",
              "runs": {
                "batter": 0,
                "extras": 0,
                "total": 0
              }
            },
            {
              "batter": "B de Leede",
              "bowler": "FA Sargent",
              "non_striker": "CH van Koolwijk",
              "runs": {
                "batter": 0,
                "extras": 0,
                "total": 0
              }
            },
            {
              "batter": "B de Leede",
              "bowler": "FA Sargent",
              "non_striker": "CH van Koolwijk",
              "runs": {
                "batter": 1,
                "extras": 0,
                "total": 1
              }
            },
            {
              "batter": "CH van Koolwijk",
              "bowler": "FA Sargent",
              "non_striker": "B de Leede",
              "runs": {
                "batter": 1,
                "extras": 0,
                "total": 1
              }
            }
          ]
        },
        {
          "over": 12,
          "deliveries": [
            {
              "batter": "CH van Koolwijk",
              "bowler": "L Delany",
              "non_striker": "B de Leede",
              "runs": {
                "batter": 0,
                "extras": 0,
                "total": 0
              }
            },
            {
              "batter": "CH van Koolwijk",
              "bowler": "L Delany",
              "non_striker": "B de Leede",
              "runs": {
                "batter": 2,
                "extras": 0,
                "total": 2
              }
            },
            {
              "batter": "CH van Koolwijk",
              "bowler": "L Delany",
              "non_striker": "B de Leede",
              "runs": {
                "batter": 0,
                "extras": 0,
                "total": 0
              }
            },
            {
              "batter": "CH van Koolwijk",
              "bowler": "L Delany",
              "non_striker": "B de Leede",
              "runs": {
                "batter": 0,
                "extras": 0,
                "total": 0
              }
            },
            {
              "batter": "CH van Koolwijk",
              "bowler": "L Delany",
              "non_striker": "B de Leede",
              "runs": {
                "batter": 0,
                "extras": 0,
                "total": 0
              }
            },
            {
              "batter": "CH van Koolwijk",
              "bowler": "L Delany",
              "non_striker": "B de Leede",
              "runs": {
                "batter": 1,
                "extras": 0,
                "total": 1
              }
            }
          ]
        },
        {
          "over": 13,
          "deliveries": [
            {
              "batter": "CH van Koolwijk",
              "bowler": "FA Sargent",
              "non_striker": "B de Leede",
              "runs": {
                "batter": 1,
                "extras": 0,
                "total": 1
              }
            },
            {
              "batter": "B de Leede",
              "bowler": "FA Sargent",
              "non_striker": "CH van Koolwijk",
              "runs": {
                "batter": 0,
                "extras": 0,
                "total": 0
              }
            },
            {
              "batter": "B de Leede",
              "bowler": "FA Sargent",
              "non_striker": "CH van Koolwijk",
              "runs": {
                "batter": 1,
                "extras": 0,
                "total": 1
              }
            },
            {
              "batter": "CH van Koolwijk",
              "bowler": "FA Sargent",
              "non_striker": "B de Leede",
              "runs": {
                "batter": 1,
                "extras": 0,
                "total": 1
              }
            },
            {
              "batter": "B de Leede",
              "bowler": "FA Sargent",
              "extras": {
                "byes": 1
              },
              "non_striker": "CH van Koolwijk",
              "runs": {
                "batter": 0,
                "extras": 1,
                "total": 1
              }
            },
            {
              "batter": "CH van Koolwijk",
              "bowler": "FA Sargent",
              "non_striker": "B de Leede",
              "runs": {
                "batter": 1,
                "extras": 0,
                "total": 1
              }
            }
          ]
        },
        {
          "over": 14,
          "deliveries": [
            {
              "batter": "CH van Koolwijk",
              "bowler": "L Delany",
              "non_striker": "B de Leede",
              "runs": {
                "batter": 0,
                "extras": 0,
                "total": 0
              }
            },
            {
              "batter": "CH van Koolwijk",
              "bowler": "L Delany",
              "non_striker": "B de Leede",
              "runs": {
                "batter": 0,
                "extras": 0,
                "total": 0
              },
              "wickets": [
                {
                  "player_out": "CH van Koolwijk",
                  "fielders": [
                    {
                      "name": "GH Lewis"
                    }
                  ],
                  "kind": "caught"
                }
              ]
            },
            {
              "batter": "MM Dekeling",
              "bowler": "L Delany",
              "non_striker": "B de Leede",
              "runs": {
                "batter": 0,
                "extras": 0,
                "total": 0
              }
            },
            {
              "batter": "MM Dekeling",
              "bowler": "L Delany",
              "non_striker": "B de Leede",
              "runs": {
                "batter": 0,
                "extras": 0,
                "total": 0
              }
            },
            {
              "batter": "MM Dekeling",
              "bowler": "L Delany",
              "non_striker": "B de Leede",
              "runs": {
                "batter": 0,
                "extras": 0,
                "total": 0
              },
              "wickets": [
                {
                  "player_out": "MM Dekeling",
                  "fielders": [
                    {
                      "name": "GH Lewis"
                    }
                  ],
                  "kind": "caught"
                }
              ]
            },
            {
              "batter": "C de Lange",
              "bowler": "L Delany",
              "non_striker": "B de Leede",
              "runs": {
                "batter": 0,
                "extras": 0,
                "total": 0
              }
            }
          ]
        },
        {
          "over": 15,
          "deliveries": [
            {
              "batter": "B de Leede",
              "bowler": "FA Sargent",
              "non_striker": "C de Lange",
              "runs": {
                "batter": 1,
                "extras": 0,
                "total": 1
              }
            },
            {
              "batter": "C de Lange",
              "bowler": "FA Sargent",
              "non_striker": "B de Leede",
              "runs": {
                "batter": 0,
                "extras": 0,
                "total": 0
              }
            },
            {
              "batter": "C de Lange",
              "bowler": "FA Sargent",
              "non_striker": "B de Leede",
              "runs": {
                "batter": 1,
                "extras": 0,
                "total": 1
              }
            },
            {
              "batter": "B de Leede",
              "bowler": "FA Sargent",
              "non_striker": "C de Lange",
              "runs": {
                "batter": 4,
                "extras": 0,
                "total": 4
              }
            },
            {
              "batter": "B de Leede",
              "bowler": "FA Sargent",
              "non_striker": "C de Lange",
              "runs": {
                "batter": 0,
                "extras": 0,
                "total": 0
              },
              "wickets": [
                {
                  "player_out": "B de Leede",
                  "kind": "bowled"
                }
              ]
            }
          ]
        }
      ],
      "powerplays": [
        {
          "from": 0.1,
          "to": 5.6,
          "type": "mandatory"
        }
      ],
      "target": {
        "overs": 20,
        "runs": 149
      }
    }
  ]
}