{
  "meta": {
    "data_version": "1.1.0",
    "created": "2023-07-18",
    "revision": 2
  },
  "info": {
    "balls_per_over": 6,
    "city": "Marsa",
    "dates": [
      "2023-07-15"
    ],
    "event": {
      "name": "Valletta Cup",
      "match_number": 9
    },
    "gender": "male",
    "match_type": "T20",
    "match_type_number": 2141,
    "officials": {
      "match_referees": [
        "S Harnal"
      ],
      "reserve_umpires": [
        "V Sridhar"
      ],
      "umpires": [
        "S Fernando",
        "S Gowda"
      ]
    },
    "outcome": {
      "winner": "Switzerland",
      "by": {
        "wickets": 6
      }
    },
    "overs": 20,
    "player_of_match": [
      "K Fletcher"
    ],
    "players": {
      "Malta": [
        "Zeeshan Khan",
        "Fanyan Mughal",
        "DR Patankar",
        "Jaspal Singh",
        "VP Thamotharam",
        "Aaftab Alam Khan",
        "B Arora",
        "Waqas Ahmad",
        "E Mathew",
        "Jaswinder Singh",
        "A Bishnoi"
      ],
      "Switzerland": [
        "Faheem Nazir",
        "Osama Mahmood",
        "Arjun Vinod",
        "Ahmed Hassan",
        "Abdullah Rana",
        "Ali Nayyer",
        "K Fletcher",
        "Asad Mahmood",
        "Ashwin Vinod",
        "MK Gnanasekaram",
        "NK Aneesh Kumar"
      ]
    },
    "registry": {
      "people": {
        "A Bishnoi": "376557f7",
        "Aaftab Alam Khan": "9dbc77b3",
        "Abdullah Rana": "c4ab9b94",
        "Ahmed Hassan": "c439461b",
        "Ali Nayyer": "4ec0443d",
        "Arjun Vinod": "033e9d59",
        "Asad Mahmood": "5038c022",
        "Ashwin Vinod": "8a99caa9",
        "B Arora": "39e9f0c9",
        "DR Patankar": "e661915c",
        "E Mathew": "e00acf74",
        "Faheem Nazir": "7e00711f",
        "Fanyan Mughal": "e85bb4b3",
        "Jaspal Singh": "adca37a2",
        "Jaswinder Singh": "63aa8148",
        "K Fletcher": "443d1fd8",
        "MK Gnanasekaram": "24b3651c",
        "NK Aneesh Kumar": "e23da78c",
        "Osama Mahmood": "601544aa",
        "S Fernando": "bbeb5b15",
        "S Gowda": "52f6fb22",
        "S Harnal": "756fe781",
        "V Sridhar": "42314166",
        "VP Thamotharam": "eb40ed89",
        "Waqas Ahmad": "82623a3a",
        "Zeeshan Khan": "3f9b1a96"
      }
    },
    "season": "2023",
    "team_type": "international",
    "teams": [
      "Malta",
      "Switzerland"
    ],
    "toss": {
      "decision": "field",
      "winner": "Switzerland"
    },
    "venue": "Marsa Sports Club"
  },
  "innings": [
    {
      "team": "Malta",
      "overs": [
        {
          "over": 0,
          "deliveries": [
            {
              "batter": "Zeeshan Khan",
              "bowler": "Ashwin Vinod",
              "non_striker": "Fanyan Mughal",
              "runs": {
                "batter": 0,
                "extras": 0,
                "total": 0
              }
            },
            {
              "batter": "Zeeshan Khan",
              "bowler": "Ashwin Vinod",
              "non_striker": "Fanyan Mughal",
              "runs": {
                "batter": 6,
                "extras": 0,
                "total": 6
              }
            },
            {
              "batter": "Zeeshan Khan",
              "bowler": "Ashwin Vinod",
              "non_striker": "Fanyan Mughal",
              "runs": {
                "batter": 0,
                "extras": 0,
                "total": 0
              }
            },
            {
              "batter": "Zeeshan Khan",
              "bowler": "Ashwin Vinod",
              "non_striker": "Fanyan Mughal",
              "runs": {
                "batter": 0,
                "extras": 0,
                "total": 0
              }
            },
            {
              "batter": "Zeeshan Khan",
              "bowler": "Ashwin Vinod",
              "non_striker": "Fanyan Mughal",
              "runs": {
                "batter": 2,
                "extras": 0,
                "total": 2
              }
            },
            {
              "batter": "Zeeshan Khan",
              "bowler": "Ashwin Vinod",
              "non_striker": "Fanyan Mughal",
              "runs": {
                "batter": 6,
                "extras": 0,
                "total": 6
              }
            }
          ]
        },
        {
          "over": 1,
          "deliveries": [
            {
              "batter": "Fanyan Mughal",
              "bowler": "Ali Nayyer",
              "non_striker": "Zeeshan Khan",
              "runs": {
                "batter": 1,
                "extras": 0,
                "total": 1
              }
            },
            {
              "batter": "Zeeshan Khan",
              "bowler": "Ali Nayyer",
              "extras": {
                "noballs": 1
              },
              "non_striker": "Fanyan Mughal",
              "runs": {
                "batter": 0,
                "extras": 1,
                "total": 1
              }
            },
            {
              "batter": "Zeeshan Khan",
              "bowler": "Ali Nayyer",
              "non_striker": "Fanyan Mughal",
              "runs": {
                "batter": 0,
                "extras": 0,
                "total": 0
              }
            },
            {
              "batter": "Zeeshan Khan",
              "bowler": "Ali Nayyer",
              "non_striker": "Fanyan Mughal",
              "runs": {
                "batter": 0,
                "extras": 0,
                "total": 0
              }
            },
            {
              "batter": "Zeeshan Khan",
              "bowler": "Ali Nayyer",
              "extras": {
                "noballs": 1
              },
              "non_striker": "Fanyan Mughal",
              "runs": {
                "batter": 0,
                "extras": 1,
                "total": 1
              }
            },
            {
              "batter": "Zeeshan Khan",
              "bowler": "Ali Nayyer",
              "non_striker": "Fanyan Mughal",
              "runs": {
                "batter": 4,
                "extras": 0,
                "total": 4
              }
            },
            {
              "batter": "Zeeshan Khan",
              "bowler": "Ali Nayyer",
              "non_striker": "Fanyan Mughal",
              "runs": {
                "batter": 1,
                "extras": 0,
                "total": 1
              }
            },
            {
              "batter": "Fanyan Mughal",
              "bowler": "Ali Nayyer",
              "non_striker": "Zeeshan Khan",
              "runs": {
                "batter": 1,
                "extras": 0,
                "total": 1
              }
            }
          ]
        },
        {
          "over": 2,
          "deliveries": [
            {
              "batter": "Fanyan Mughal",
              "bowler": "K Fletcher",
              "non_striker": "Zeeshan Khan",
              "runs": {
                "batter": 0,
                "extras": 0,
                "total": 0
              }
            },
            {
              "batter": "Fanyan Mughal",
              "bowler": "K Fletcher",
              "non_striker": "Zeeshan Khan",
              "runs": {
                "batter": 0,
                "extras": 0,
                "total": 0
              },
              "wickets": [
                {
                  "player_out": "Fanyan Mughal",
                  "kind": "bowled"
                }
              ]
            },
            {
              "batter": "DR Patankar",
              "bowler": "K Fletcher",
              "non_striker": "Zeeshan Khan",
              "runs": {
                "batter": 0,
                "extras": 0,
                "total": 0
              }
            },
            {
              "batter": "DR Patankar",
              "bowler": "K Fletcher",
              "non_striker": "Zeeshan Khan",
              "runs": {
                "batter": 0,
                "extras": 0,
                "total": 0
              }
            },
            {
              "batter": "DR Patankar",
              "bowler": "K Fletcher",
              "extras": {
                "wides": 1
              },
              "non_striker": "Zeeshan Khan",
              "runs": {
                "batter": 0,
                "extras": 1,
                "total": 1
              }
            },
            {
              "batter": "DR Patankar",
              "bowler": "K Fletcher",
              "extras": {
                "wides": 1
              },
              "non_striker": "Zeeshan Khan",
              "runs": {
                "batter": 0,
                "extras": 1,
                "total": 1
              }
            },
            {
              "batter": "DR Patankar",
              "bowler": "K Fletcher",
              "non_striker": "Zeeshan Khan",
              "runs": {
                "batter": 4,
                "extras": 0,
                "total": 4
              }
            },
            {
              "batter": "DR Patankar",
              "bowler": "K Fletcher",
              "non_striker": "Zeeshan Khan",
              "runs": {
                "batter": 0,
                "extras": 0,
                "total": 0
              }
            }
          ]
        },
        {
          "over": 3,
          "deliveries": [
            {
              "batter": "Zeeshan Khan",
              "bowler": "Ali Nayyer",
              "non_striker": "DR Patankar",
              "runs": {
                "batter": 1,
                "extras": 0,
                "total": 1
              }
            },
            {
              "batter": "DR Patankar",
              "bowler": "Ali Nayyer",
              "non_striker": "Zeeshan Khan",
              "runs": {
                "batter": 1,
                "extras": 0,
                "total": 1
              }
            },
            {
              "batter": "Zeeshan Khan",
              "bowler": "Ali Nayyer",
              "non_striker": "DR Patankar",
              "runs": {
                "batter": 0,
                "extras": 0,
                "total": 0
              }
            },
            {
              "batter": "Zeeshan Khan",
              "bowler": "Ali Nayyer",
              "non_striker": "DR Patankar",
              "runs": {
                "batter": 1,
                "extras": 0,
                "total": 1
              }
            },
            {
              "batter": "DR Patankar",
              "bowler": "Ali Nayyer",
              "non_striker": "Zeeshan Khan",
              "runs": {
                "batter": 1,
                "extras": 0,
                "total": 1
              }
            },
            {
              "batter": "Zeeshan Khan",
              "bowler": "Ali Nayyer",
              "non_striker": "DR Patankar",
              "runs": {
                "batter": 2,
                "extras": 0,
                "total": 2
              }
            }
          ]
        },
        {
          "over": 4,
          "deliveries": [
            {
              "batter": "DR Patankar",
              "bowler": "K Fletcher",
              "non_striker": "Zeeshan Khan",
              "runs": {
                "batter": 0,
                "extras": 0,
                "total": 0
              }
            },
            {
              "batter": "DR Patankar",
              "bowler": "K Fletcher",
              "non_striker": "Zeeshan Khan",
              "runs": {
                "batter": 1,
                "extras": 0,
                "total": 1
              }
            },
            {
              "batter": "Zeeshan Khan",
              "bowler": "K Fletcher",
              "non_striker": "DR Patankar",
              "runs": {
                "batter": 1,
                "extras": 0,
                "total": 1
              }
            },
            {
              "batter": "DR Patankar",
              "bowler": "K Fletcher",
              "non_striker": "Zeeshan Khan",
              "runs": {
                "batter": 0,
                "extras": 0,
                "total": 0
              }
            },
            {
              "batter": "DR Patankar",
              "bowler": "K Fletcher",
              "non_striker": "Zeeshan Khan",
              "runs": {
                "batter": 6,
                "extras": 0,
                "total": 6
              }
            },
            {
              "batter": "DR Patankar",
              "bowler": "K Fletcher",
              "non_striker": "Zeeshan Khan",
              "runs": {
                "batter": 1,
                "extras": 0,
                "total": 1
              }
            }
          ]
        },
        {
          "over": 5,
          "deliveries": [
            {
              "batter": "DR Patankar",
              "bowler": "Faheem Nazir",
              "non_striker": "Zeeshan Khan",
              "runs": {
                "batter": 0,
                "extras": 0,
                "total": 0
              }
            },
            {
              "batter": "DR Patankar",
              "bowler": "Faheem Nazir",
              "non_striker": "Zeeshan Khan",
              "runs": {
                "batter": 0,
                "extras": 0,
                "total": 0
              },
              "wickets": [
                {
                  "player_out": "DR Patankar",
                  "fielders": [
                    {
                      "name": "Ali Nayyer"
                    }
                  ],
                  "kind": "caught"
                }
              ]
            },
            {
              "batter": "Jaspal Singh",
              "bowler": "Faheem Nazir",
              "extras": {
                "legbyes": 1
              },
              "non_striker": "Zeeshan Khan",
              "runs": {
                "batter": 0,
                "extras": 1,
                "total": 1
              }
            },
            {
              "batter": "Zeeshan Khan",
              "bowler": "Faheem Nazir",
              "non_striker": "Jaspal Singh",
              "runs": {
                "batter": 1,
                "extras": 0,
                "total": 1
              }
            },
            {
              "batter": "Jaspal Singh",
              "bowler": "Faheem Nazir",
              "non_striker": "Zeeshan Khan",
              "runs": {
                "batter": 0,
                "extras": 0,
                "total": 0
              }
            },
            {
              "batter": "Jaspal Singh",
              "bowler": "Faheem Nazir",
              "non_striker": "Zeeshan Khan",
              "runs": {
                "batter": 0,
                "extras": 0,
                "total": 0
              }
            }
          ]
        },
        {
          "over": 6,
          "deliveries": [
            {
              "batter": "Zeeshan Khan",
              "bowler": "NK Aneesh Kumar",
              "non_striker": "Jaspal Singh",
              "runs": {
                "batter": 0,
                "extras": 0,
                "total": 0
              }
            },
            {
              "batter": "Zeeshan Khan",
              "bowler": "NK Aneesh Kumar",
              "non_striker": "Jaspal Singh",
              "runs": {
                "batter": 1,
                "extras": 0,
                "total": 1
              }
            },
            {
              "batter": "Jaspal Singh",
              "bowler": "NK Aneesh Kumar",
              "non_striker": "Zeeshan Khan",
              "runs": {
                "batter": 1,
                "extras": 0,
                "total": 1
              }
            },
            {
              "batter": "Zeeshan Khan",
              "bowler": "NK Aneesh Kumar",
              "extras": {
                "legbyes": 1
              },
              "non_striker": "Jaspal Singh",
              "runs": {
                "batter": 0,
                "extras": 1,
                "total": 1
              }
            },
            {
              "batter": "Jaspal Singh",
              "bowler": "NK Aneesh Kumar",
              "non_striker": "Zeeshan Khan",
              "runs": {
                "batter": 0,
                "extras": 0,
                "total": 0
              }
            },
            {
              "batter": "Jaspal Singh",
              "bowler": "NK Aneesh Kumar",
              "non_striker": "Zeeshan Khan",
              "runs": {
                "batter": 0,
                "extras": 0,
                "total": 0
              }
            }
          ]
        },
        {
          "over": 7,
          "deliveries": [
            {
              "batter": "Zeeshan Khan",
              "bowler": "Faheem Nazir",
              "non_striker": "Jaspal Singh",
              "runs": {
                "batter": 6,
                "extras": 0,
                "total": 6
              }
            },
            {
              "batter": "Zeeshan Khan",
              "bowler": "Faheem Nazir",
              "non_striker": "Jaspal Singh",
              "runs": {
                "batter": 4,
                "extras": 0,
                "total": 4
              }
            },
            {
              "batter": "Zeeshan Khan",
              "bowler": "Faheem Nazir",
              "non_striker": "Jaspal Singh",
              "runs": {
                "batter": 0,
                "extras": 0,
                "total": 0
              }
            },
            {
              "batter": "Zeeshan Khan",
              "bowler": "Faheem Nazir",
              "non_striker": "Jaspal Singh",
              "runs": {
                "batter": 1,
                "extras": 0,
                "total": 1
              }
            },
            {
              "batter": "Jaspal Singh",
              "bowler": "Faheem Nazir",
              "non_striker": "Zeeshan Khan",
              "runs": {
                "batter": 0,
                "extras": 0,
                "total": 0
              }
            },
            {
              "batter": "Jaspal Singh",
              "bowler": "Faheem Nazir",
              "non_striker": "Zeeshan Khan",
              "runs": {
                "batter": 0,
                "extras": 0,
                "total": 0
              }
            }
          ]
        },
        {
          "over": 8,
          "deliveries": [
            {
              "batter": "Zeeshan Khan",
              "bowler": "NK Aneesh Kumar",
              "non_striker": "Jaspal Singh",
              "runs": {
                "batter": 1,
                "extras": 0,
                "total": 1
              }
            },
            {
              "batter": "Jaspal Singh",
              "bowler": "NK Aneesh Kumar",
              "non_striker": "Zeeshan Khan",
              "runs": {
                "batter": 2,
                "extras": 0,
                "total": 2
              }
            },
            {
              "batter": "Jaspal Singh",
              "bowler": "NK Aneesh Kumar",
              "non_striker": "Zeeshan Khan",
              "runs": {
                "batter": 0,
                "extras": 0,
                "total": 0
              }
            },
            {
              "batter": "Jaspal Singh",
              "bowler": "NK Aneesh Kumar",
              "non_striker": "Zeeshan Khan",
              "runs": {
                "batter": 6,
                "extras": 0,
                "total": 6
              }
            },
            {
              "batter": "Jaspal Singh",
              "bowler": "NK Aneesh Kumar",
              "non_striker": "Zeeshan Khan",
              "runs": {
                "batter": 1,
                "extras": 0,
                "total": 1
              }
            },
            {
              "batter": "Zeeshan Khan",
              "bowler": "NK Aneesh Kumar",
              "non_striker": "Jaspal Singh",
              "runs": {
                "batter": 1,
                "extras": 0,
                "total": 1
              }
            }
          ]
        },
        {
          "over": 9,
          "deliveries": [
            {
              "batter": "Zeeshan Khan",
              "bowler": "Abdullah Rana",
              "non_striker": "Jaspal Singh",
              "runs": {
                "batter": 1,
                "extras": 0,
                "total": 1
              }
            },
            {
              "batter": "Jaspal Singh",
              "bowler": "Abdullah Rana",
              "non_striker": "Zeeshan Khan",
              "runs": {
                "batter": 0,
                "extras": 0,
                "total": 0
              }
            },
            {
              "batter": "Jaspal Singh",
              "bowler": "Abdullah Rana",
              "non_striker": "Zeeshan Khan",
              "runs": {
                "batter": 4,
                "extras": 0,
                "total": 4
              }
            },
            {
              "batter": "Jaspal Singh",
              "bowler": "Abdullah Rana",
              "non_striker": "Zeeshan Khan",
              "runs": {
                "batter": 1,
                "extras": 0,
                "total": 1
              }
            },
            {
              "batter": "Zeeshan Khan",
              "bowler": "Abdullah Rana",
              "non_striker": "Jaspal Singh",
              "runs": {
                "batter": 0,
                "extras": 0,
                "total": 0
              },
              "wickets": [
                {
                  "player_out": "Zeeshan Khan",
                  "fielders": [
                    {
                      "name": "K Fletcher"
                    }
                  ],
                  "kind": "caught"
                }
              ]
            },
            {
              "batter": "VP Thamotharam",
              "bowler": "Abdullah Rana",
              "extras": {
                "wides": 2
              },
              "non_striker": "Jaspal Singh",
              "runs": {
                "batter": 0,
                "extras": 2,
                "total": 2
              }
            },
            {
              "batter": "Jaspal Singh",
              "bowler": "Abdullah Rana",
              "non_striker": "VP Thamotharam",
              "runs": {
                "batter": 1,
                "extras": 0,
                "total": 1
              }
            }
          ]
        },
        {
          "over": 10,
          "deliveries": [
            {
              "batter": "Jaspal Singh",
              "bowler": "NK Aneesh Kumar",
              "non_striker": "VP Thamotharam",
              "runs": {
                "batter": 0,
                "extras": 0,
                "total": 0
              }
            },
            {
              "batter": "Jaspal Singh",
              "bowler": "NK Aneesh Kumar",
              "non_striker": "VP Thamotharam",
              "runs": {
                "batter": 1,
                "extras": 0,
                "total": 1
              }
            },
            {
              "batter": "VP Thamotharam",
              "bowler": "NK Aneesh Kumar",
              "non_striker": "Jaspal Singh",
              "runs": {
                "batter": 1,
                "extras": 0,
                "total": 1
              }
            },
            {
              "batter": "Jaspal Singh",
              "bowler": "NK Aneesh Kumar",
              "non_striker": "VP Thamotharam",
              "runs": {
                "batter": 0,
                "extras": 0,
                "total": 0
              }
            },
            {
              "batter": "Jaspal Singh",
              "bowler": "NK Aneesh Kumar",
              "non_striker": "VP Thamotharam",
              "runs": {
                "batter": 6,
                "extras": 0,
                "total": 6
              }
            },
            {
              "batter": "Jaspal Singh",
              "bowler": "NK Aneesh Kumar",
              "non_striker": "VP Thamotharam",
              "runs": {
                "batter": 0,
                "extras": 0,
                "total": 0
              }
            }
          ]
        },
        {
          "over": 11,
          "deliveries": [
            {
              "batter": "VP Thamotharam",
              "bowler": "Arjun Vinod",
              "non_striker": "Jaspal Singh",
              "runs": {
                "batter": 1,
                "extras": 0,
                "total": 1
              }
            },
            {
              "batter": "Jaspal Singh",
              "bowler": "Arjun Vinod",
              "non_striker": "VP Thamotharam",
              "runs": {
                "batter": 6,
                "extras": 0,
                "total": 6
              }
            },
            {
              "batter": "Jaspal Singh",
              "bowler": "Arjun Vinod",
              "non_striker": "VP Thamotharam",
              "runs": {
                "batter": 1,
                "extras": 0,
                "total": 1
              }
            },
            {
              "batter": "VP Thamotharam",
              "bowler": "Arjun Vinod",
              "non_striker": "Jaspal Singh",
              "runs": {
                "batter": 0,
                "extras": 0,
                "total": 0
              }
            },
            {
              "batter": "VP Thamotharam",
              "bowler": "Arjun Vinod",
              "non_striker": "Jaspal Singh",
              "runs": {
                "batter": 2,
                "extras": 0,
                "total": 2
              }
            },
            {
              "batter": "VP Thamotharam",
              "bowler": "Arjun Vinod",
              "non_striker": "Jaspal Singh",
              "runs": {
                "batter": 1,
                "extras": 0,
                "total": 1
              }
            }
          ]
        },
        {
          "over": 12,
          "deliveries": [
            {
              "batter": "VP Thamotharam",
              "bowler": "NK Aneesh Kumar",
              "non_striker": "Jaspal Singh",
              "runs": {
                "batter": 1,
                "extras": 0,
                "total": 1
              }
            },
            {
              "batter": "Jaspal Singh",
              "bowler": "NK Aneesh Kumar",
              "non_striker": "VP Thamotharam",
              "runs": {
                "batter": 6,
                "extras": 0,
                "total": 6
              }
            },
            {
              "batter": "Jaspal Singh",
              "bowler": "NK Aneesh Kumar",
              "non_striker": "VP Thamotharam",
              "runs": {
                "batter": 1,
                "extras": 0,
                "total": 1
              }
            },
            {
              "batter": "VP Thamotharam",
              "bowler": "NK Aneesh Kumar",
              "non_striker": "Jaspal Singh",
              "runs": {
                "batter": 6,
                "extras": 0,
                "total": 6
              }
            },
            {
              "batter": "VP Thamotharam",
              "bowler": "NK Aneesh Kumar",
              "non_striker": "Jaspal Singh",
              "runs": {
                "batter": 0,
                "extras": 0,
                "total": 0
              }
            },
            {
              "batter": "VP Thamotharam",
              "bowler": "NK Aneesh Kumar",
              "non_striker": "Jaspal Singh",
              "runs": {
                "batter": 1,
                "extras": 0,
                "total": 1
              }
            }
          ]
        },
        {
          "over": 13,
          "deliveries": [
            {
              "batter": "VP Thamotharam",
              "bowler": "Abdullah Rana",
              "non_striker": "Jaspal Singh",
              "runs": {
                "batter": 1,
                "extras": 0,
                "total": 1
              }
            },
            {
              "batter": "Jaspal Singh",
              "bowler": "Abdullah Rana",
              "non_striker": "VP Thamotharam",
              "runs": {
                "batter": 1,
                "extras": 0,
                "total": 1
              }
            },
            {
              "batter": "VP Thamotharam",
              "bowler": "Abdullah Rana",
              "extras": {
                "wides": 1
              },
              "non_striker": "Jaspal Singh",
              "runs": {
                "batter": 0,
                "extras": 1,
                "total": 1
              }
            },
            {
              "batter": "VP Thamotharam",
              "bowler": "Abdullah Rana",
              "non_striker": "Jaspal Singh",
              "runs": {
                "batter": 0,
                "extras": 0,
                "total": 0
              }
            },
            {
              "batter": "VP Thamotharam",
              "bowler": "Abdullah Rana",
              "non_striker": "Jaspal Singh",
              "runs": {
                "batter": 0,
                "extras": 0,
                "total": 0
              },
              "wickets": [
                {
                  "player_out": "VP Thamotharam",
                  "fielders": [
                    {
                      "name": "Ahmed Hassan"
                    }
                  ],
                  "kind": "caught"
                }
              ]
            },
            {
              "batter": "Aaftab Alam Khan",
              "bowler": "Abdullah Rana",
              "non_striker": "Jaspal Singh",
              "runs": {
                "batter": 0,
                "extras": 0,
                "total": 0
              },
              "wickets": [
                {
                  "player_out": "Aaftab Alam Khan",
                  "fielders": [
                    {
                      "name": "Ahmed Hassan"
                    }
                  ],
                  "kind": "caught"
                }
              ]
            },
            {
              "batter": "B Arora",
              "bowler": "Abdullah Rana",
              "non_striker": "Jaspal Singh",
              "runs": {
                "batter": 0,
                "extras": 0,
                "total": 0
              }
            }
          ]
        },
        {
          "over": 14,
          "deliveries": [
            {
              "batter": "Jaspal Singh",
              "bowler": "Faheem Nazir",
              "non_striker": "B Arora",
              "runs": {
                "batter": 2,
                "extras": 0,
                "total": 2
              }
            },
            {
              "batter": "Jaspal Singh",
              "bowler": "Faheem Nazir",
              "non_striker": "B Arora",
              "runs": {
                "batter": 0,
                "extras": 0,
                "total": 0
              }
            },
            {
              "batter": "Jaspal Singh",
              "bowler": "Faheem Nazir",
              "non_striker": "B Arora",
              "runs": {
                "batter": 6,
                "extras": 0,
                "total": 6
              }
            },
            {
              "batter": "Jaspal Singh",
              "bowler": "Faheem Nazir",
              "non_striker": "B Arora",
              "runs": {
                "batter": 0,
                "extras": 0,
                "total": 0
              }
            },
            {
              "batter": "Jaspal Singh",
              "bowler": "Faheem Nazir",
              "non_striker": "B Arora",
              "runs": {
                "batter": 1,
                "extras": 0,
                "total": 1
              }
            },
            {
              "batter": "B Arora",
              "bowler": "Faheem Nazir",
              "non_striker": "Jaspal Singh",
              "runs": {
                "batter": 0,
                "extras": 0,
                "total": 0
              }
            }
          ]
        },
        {
          "over": 15,
          "deliveries": [
            {
              "batter": "Jaspal Singh",
              "bowler": "Abdullah Rana",
              "non_striker": "B Arora",
              "runs": {
                "batter": 4,
                "extras": 0,
                "total": 4
              }
            },
            {
              "batter": "Jaspal Singh",
              "bowler": "Abdullah Rana",
              "non_striker": "B Arora",
              "runs": {
                "batter": 0,
                "extras": 0,
                "total": 0
              }
            },
            {
              "batter": "Jaspal Singh",
              "bowler": "Abdullah Rana",
              "non_striker": "B Arora",
              "runs": {
                "batter": 2,
                "extras": 0,
                "total": 2
              }
            },
            {
              "batter": "Jaspal Singh",
              "bowler": "Abdullah Rana",
              "non_striker": "B Arora",
              "runs": {
                "batter": 4,
                "extras": 0,
                "total": 4
              }
            },
            {
              "batter": "Jaspal Singh",
              "bowler": "Abdullah Rana",
              "non_striker": "B Arora",
              "runs": {
                "batter": 1,
                "extras": 0,
                "total": 1
              }
            },
            {
              "batter": "B Arora",
              "bowler": "Abdullah Rana",
              "extras": {
                "legbyes": 1
              },
              "non_striker": "Jaspal Singh",
              "runs": {
                "batter": 0,
                "extras": 1,
                "total": 1
              }
            }
          ]
        },
        {
          "over": 16,
          "deliveries": [
            {
              "batter": "B Arora",
              "bowler": "K Fletcher",
              "non_striker": "Jaspal Singh",
              "runs": {
                "batter": 4,
                "extras": 0,
                "total": 4
              }
            },
            {
              "batter": "B Arora",
              "bowler": "K Fletcher",
              "non_striker": "Jaspal Singh",
              "runs": {
                "batter": 0,
                "extras": 0,
                "total": 0
              }
            },
            {
              "batter": "B Arora",
              "bowler": "K Fletcher",
              "non_striker": "Jaspal Singh",
              "runs": {
                "batter": 2,
                "extras": 0,
                "total": 2
              }
            },
            {
              "batter": "B Arora",
              "bowler": "K Fletcher",
              "non_striker": "Jaspal Singh",
              "runs": {
                "batter": 1,
                "extras": 0,
                "total": 1
              }
            },
            {
              "batter": "Jaspal Singh",
              "bowler": "K Fletcher",
              "non_striker": "B Arora",
              "runs": {
                "batter": 0,
                "extras": 0,
                "total": 0
              },
              "wickets": [
                {
                  "player_out": "Jaspal Singh",
                  "fielders": [
                    {
                      "name": "Arjun Vinod"
                    }
                  ],
                  "kind": "caught"
                }
              ]
            },
            {
              "batter": "Waqas Ahmad",
              "bowler": "K Fletcher",
              "non_striker": "B Arora",
              "runs": {
                "batter": 0,
                "extras": 0,
                "total": 0
              }
            }
          ]
        },
        {
          "over": 17,
          "deliveries": [
            {
              "batter": "B Arora",
              "bowler": "Ali Nayyer",
              "extras": {
                "wides": 1
              },
              "non_striker": "Waqas Ahmad",
              "runs": {
                "batter": 0,
                "extras": 1,
                "total": 1
              }
            },
            {
              "batter": "B Arora",
              "bowler": "Ali Nayyer",
              "extras": {
                "wides": 1
              },
              "non_striker": "Waqas Ahmad",
              "runs": {
                "batter": 0,
                "extras": 1,
                "total": 1
              }
            },
            {
              "batter": "B Arora",
              "bowler": "Ali Nayyer",
              "non_striker": "Waqas Ahmad",
              "runs": {
                "batter": 0,
                "extras": 0,
                "total": 0
              }
            },
            {
              "batter": "B Arora",
              "bowler": "Ali Nayyer",
              "non_striker": "Waqas Ahmad",
              "runs": {
                "batter": 1,
                "extras": 0,
                "total": 1
              }
            },
            {
              "batter": "Waqas Ahmad",
              "bowler": "Ali Nayyer",
              "non_striker": "B Arora",
              "runs": {
                "batter": 0,
                "extras": 0,
                "total": 0
              },
              "wickets": [
                {
                  "player_out": "Waqas Ahmad",
                  "kind": "bowled"
                }
              ]
            },
            {
              "batter": "E Mathew",
              "bowler": "Ali Nayyer",
              "non_striker": "B Arora",
              "runs": {
                "batter": 1,
                "extras": 0,
                "total": 1
              }
            },
            {
              "batter": "B Arora",
              "bowler": "Ali Nayyer",
              "non_striker": "E Mathew",
              "runs": {
                "batter": 0,
                "extras": 0,
                "total": 0
              }
            },
            {
              "batter": "B Arora",
              "bowler": "Ali Nayyer",
              "non_striker": "E Mathew",
              "runs": {
                "batter": 0,
                "extras": 0,
                "total": 0
              }
            }
          ]
        },
        {
          "over": 18,
          "deliveries": [
            {
              "batter": "E Mathew",
              "bowler": "K Fletcher",
              "non_striker": "B Arora",
              "runs": {
                "batter": 1,
                "extras": 0,
                "total": 1
              }
            },
            {
              "batter": "B Arora",
              "bowler": "K Fletcher",
              "non_striker": "E Mathew",
              "runs": {
                "batter": 0,
                "extras": 0,
                "total": 0
              },
              "wickets": [
                {
                  "player_out": "B Arora",
                  "fielders": [
                    {
                      "name": "Ahmed Hassan"
                    }
                  ],
                  "kind": "caught"
                }
              ]
            },
            {
              "batter": "Jaswinder Singh",
              "bowler": "K Fletcher",
              "non_striker": "E Mathew",
              "runs": {
                "batter": 0,
                "extras": 0,
                "total": 0
              },
              "wickets": [
                {
                  "player_out": "Jaswinder Singh",
                  "kind": "bowled"
                }
              ]
            },
            {
              "batter": "A Bishnoi",
              "bowler": "K Fletcher",
              "non_striker": "E Mathew",
              "runs": {
                "batter": 1,
                "extras": 0,
                "total": 1
              }
            },
            {
              "batter": "E Mathew",
              "bowler": "K Fletcher",
              "non_striker": "A Bishnoi",
              "runs": {
                "batter": 0,
                "extras": 0,
                "total": 0
              }
            },
            {
              "batter": "E Mathew",
              "bowler": "K Fletcher",
              "non_striker": "A Bishnoi",
              "runs": {
                "batter": 0,
                "extras": 0,
                "total": 0
              }
            }
          ]
        },
        {
          "over": 19,
          "deliveries": [
            {
              "batter": "A Bishnoi",
              "bowler": "Ali Nayyer",
              "non_striker": "E Mathew",
              "runs": {
                "batter": 0,
                "extras": 0,
                "total": 0
              }
            },
            {
              "batter": "A Bishnoi",
              "bowler": "Ali Nayyer",
              "non_striker": "E Mathew",
              "runs": {
                "batter": 1,
                "extras": 0,
                "total": 1
              }
            },
            {
              "batter": "E Mathew",
              "bowler": "Ali Nayyer",
              "extras": {
                "wides": 1
              },
              "non_striker": "A Bishnoi",
              "runs": {
                "batter": 0,
                "extras": 1,
                "total": 1
              }
            },
            {
              "batter": "E Mathew",
              "bowler": "Ali Nayyer",
              "non_striker": "A Bishnoi",
              "runs": {
                "batter": 1,
                "extras": 0,
                "total": 1
              }
            },
            {
              "batter": "A Bishnoi",
              "bowler": "Ali Nayyer",
              "extras": {
                "byes": 1
              },
              "non_striker": "E Mathew",
              "runs": {
                "batter": 0,
                "extras": 1,
                "total": 1
              }
            },
            {
              "batter": "E Mathew",
              "bowler": "Ali Nayyer",
              "non_striker": "A Bishnoi",
              "runs": {
                "batter": 1,
                "extras": 0,
                "total": 1
              }
            },
            {
              "batter": "A Bishnoi",
              "bowler": "Ali Nayyer",
              "non_striker": "E Mathew",
              "runs": {
                "batter": 0,
                "extras": 0,
                "total": 0
              }
            }
          ]
        }
      ],
      "powerplays": [
        {
          "from": 0.1,
          "to": 5.6,
          "type": "mandatory"
        }
      ]
    },
    {
      "team": "Switzerland",
      "overs": [
        {
          "over": 0,
          "deliveries": [
            {
              "batter": "Faheem Nazir",
              "bowler": "A Bishnoi",
              "extras": {
                "legbyes": 2
              },
              "non_striker": "Osama Mahmood",
              "runs": {
                "batter": 0,
                "extras": 2,
                "total": 2
              }
            },
            {
              "batter": "Faheem Nazir",
              "bowler": "A Bishnoi",
              "non_striker": "Osama Mahmood",
              "runs": {
                "batter": 0,
                "extras": 0,
                "total": 0
              }
            },
            {
              "batter": "Faheem Nazir",
              "bowler": "A Bishnoi",
              "non_striker": "Osama Mahmood",
              "runs": {
                "batter": 0,
                "extras": 0,
                "total": 0
              }
            },
            {
              "batter": "Faheem Nazir",
              "bowler": "A Bishnoi",
              "extras": {
                "wides": 1
              },
              "non_striker": "Osama Mahmood",
              "runs": {
                "batter": 0,
                "extras": 1,
                "total": 1
              }
            },
            {
              "batter": "Faheem Nazir",
              "bowler": "A Bishnoi",
              "non_striker": "Osama Mahmood",
              "runs": {
                "batter": 1,
                "extras": 0,
                "total": 1
              }
            },
            {
              "batter": "Osama Mahmood",
              "bowler": "A Bishnoi",
              "non_striker": "Faheem Nazir",
              "runs": {
                "batter": 1,
                "extras": 0,
                "total": 1
              }
            },
            {
              "batter": "Faheem Nazir",
              "bowler": "A Bishnoi",
              "non_striker": "Osama Mahmood",
              "runs": {
                "batter": 0,
                "extras": 0,
                "total": 0
              }
            }
          ]
        },
        {
          "over": 1,
          "deliveries": [
            {
              "batter": "Osama Mahmood",
              "bowler": "Fanyan Mughal",
              "non_striker": "Faheem Nazir",
              "runs": {
                "batter": 0,
                "extras": 0,
                "total": 0
              }
            },
            {
              "batter": "Osama Mahmood",
              "bowler": "Fanyan Mughal",
              "non_striker": "Faheem Nazir",
              "runs": {
                "batter": 4,
                "extras": 0,
                "total": 4
              }
            },
            {
              "batter": "Osama Mahmood",
              "bowler": "Fanyan Mughal",
              "non_striker": "Faheem Nazir",
              "runs": {
                "batter": 6,
                "extras": 0,
                "total": 6
              }
            },
            {
              "batter": "Osama Mahmood",
              "bowler": "Fanyan Mughal",
              "non_striker": "Faheem Nazir",
              "runs": {
                "batter": 0,
                "extras": 0,
                "total": 0
              }
            },
            {
              "batter": "Osama Mahmood",
              "bowler": "Fanyan Mughal",
              "non_striker": "Faheem Nazir",
              "runs": {
                "batter": 0,
                "extras": 0,
                "total": 0
              }
            },
            {
              "batter": "Osama Mahmood",
              "bowler": "Fanyan Mughal",
              "non_striker": "Faheem Nazir",
              "runs": {
                "batter": 2,
                "extras": 0,
                "total": 2
              }
            }
          ]
        },
        {
          "over": 2,
          "deliveries": [
            {
              "batter": "Faheem Nazir",
              "bowler": "A Bishnoi",
              "non_striker": "Osama Mahmood",
              "runs": {
                "batter": 1,
                "extras": 0,
                "total": 1
              }
            },
            {
              "batter": "Osama Mahmood",
              "bowler": "A Bishnoi",
              "extras": {
                "wides": 1
              },
              "non_striker": "Faheem Nazir",
              "runs": {
                "batter": 0,
                "extras": 1,
                "total": 1
              }
            },
            {
              "batter": "Osama Mahmood",
              "bowler": "A Bishnoi",
              "non_striker": "Faheem Nazir",
              "runs": {
                "batter": 1,
                "extras": 0,
                "total": 1
              }
            },
            {
              "batter": "Faheem Nazir",
              "bowler": "A Bishnoi",
              "non_striker": "Osama Mahmood",
              "runs": {
                "batter": 0,
                "extras": 0,
                "total": 0
              }
            },
            {
              "batter": "Faheem Nazir",
              "bowler": "A Bishnoi",
              "non_striker": "Osama Mahmood",
              "runs": {
                "batter": 4,
                "extras": 0,
                "total": 4
              }
            },
            {
              "batter": "Faheem Nazir",
              "bowler": "A Bishnoi",
              "extras": {
                "legbyes": 1
              },
              "non_striker": "Osama Mahmood",
              "runs": {
                "batter": 0,
                "extras": 1,
                "total": 1
              }
            },
            {
              "batter": "Osama Mahmood",
              "bowler": "A Bishnoi",
              "extras": {
                "legbyes": 1
              },
              "non_striker": "Faheem Nazir",
              "runs": {
                "batter": 0,
                "extras": 1,
                "total": 1
              }
            }
          ]
        },
        {
          "over": 3,
          "deliveries": [
            {
              "batter": "Osama Mahmood",
              "bowler": "Waqas Ahmad",
              "non_striker": "Faheem Nazir",
              "runs": {
                "batter": 1,
                "extras": 0,
                "total": 1
              }
            },
            {
              "batter": "Faheem Nazir",
              "bowler": "Waqas Ahmad",
              "non_striker": "Osama Mahmood",
              "runs": {
                "batter": 0,
                "extras": 0,
                "total": 0
              }
            },
            {
              "batter": "Faheem Nazir",
              "bowler": "Waqas Ahmad",
              "non_striker": "Osama Mahmood",
              "runs": {
                "batter": 2,
                "extras": 0,
                "total": 2
              }
            },
            {
              "batter": "Faheem Nazir",
              "bowler": "Waqas Ahmad",
              "non_striker": "Osama Mahmood",
              "runs": {
                "batter": 0,
                "extras": 0,
                "total": 0
              }
            },
            {
              "batter": "Faheem Nazir",
              "bowler": "Waqas Ahmad",
              "non_striker": "Osama Mahmood",
              "runs": {
                "batter": 4,
                "extras": 0,
                "total": 4
              }
            },
            {
              "batter": "Faheem Nazir",
              "bowler": "Waqas Ahmad",
              "non_striker": "Osama Mahmood",
              "runs": {
                "batter": 0,
                "extras": 0,
                "total": 0
              }
            }
          ]
        },
        {
          "over": 4,
          "deliveries": [
            {
              "batter": "Osama Mahmood",
              "bowler": "A Bishnoi",
              "non_striker": "Faheem Nazir",
              "runs": {
                "batter": 0,
                "extras": 0,
                "total": 0
              },
              "wickets": [
                {
                  "player_out": "Osama Mahmood",
                  "fielders": [
                    {
                      "name": "Aaftab Alam Khan"
                    }
                  ],
                  "kind": "caught"
                }
              ]
            },
            {
              "batter": "Arjun Vinod",
              "bowler": "A Bishnoi",
              "extras": {
                "wides": 1
              },
              "non_striker": "Faheem Nazir",
              "runs": {
                "batter": 0,
                "extras": 1,
                "total": 1
              }
            },
            {
              "batter": "Arjun Vinod",
              "bowler": "A Bishnoi",
              "non_striker": "Faheem Nazir",
              "runs": {
                "batter": 0,
                "extras": 0,
                "total": 0
              }
            },
            {
              "batter": "Arjun Vinod",
              "bowler": "A Bishnoi",
              "non_striker": "Faheem Nazir",
              "runs": {
                "batter": 0,
                "extras": 0,
                "total": 0
              }
            },
            {
              "batter": "Arjun Vinod",
              "bowler": "A Bishnoi",
              "non_striker": "Faheem Nazir",
              "runs": {
                "batter": 4,
                "extras": 0,
                "total": 4
              }
            },
            {
              "batter": "Arjun Vinod",
              "bowler": "A Bishnoi",
              "non_striker": "Faheem Nazir",
              "runs": {
                "batter": 1,
                "extras": 0,
                "total": 1
              }
            },
            {
              "batter": "Faheem Nazir",
              "bowler": "A Bishnoi",
              "non_striker": "Arjun Vinod",
              "runs": {
                "batter": 0,
                "extras": 0,
                "total": 0
              }
            }
          ]
        },
        {
          "over": 5,
          "deliveries": [
            {
              "batter": "Arjun Vinod",
              "bowler": "Waqas Ahmad",
              "non_striker": "Faheem Nazir",
              "runs": {
                "batter": 1,
                "extras": 0,
                "total": 1
              }
            },
            {
              "batter": "Faheem Nazir",
              "bowler": "Waqas Ahmad",
              "non_striker": "Arjun Vinod",
              "runs": {
                "batter": 0,
                "extras": 0,
                "total": 0
              }
            },
            {
              "batter": "Faheem Nazir",
              "bowler": "Waqas Ahmad",
              "non_striker": "Arjun Vinod",
              "runs": {
                "batter": 6,
                "extras": 0,
                "total": 6
              }
            },
            {
              "batter": "Faheem Nazir",
              "bowler": "Waqas Ahmad",
              "non_striker": "Arjun Vinod",
              "runs": {
                "batter": 1,
                "extras": 0,
                "total": 1
              }
            },
            {
              "batter": "Arjun Vinod",
              "bowler": "Waqas Ahmad",
              "non_striker": "Faheem Nazir",
              "runs": {
                "batter": 1,
                "extras": 0,
                "total": 1
              }
            },
            {
              "batter": "Faheem Nazir",
              "bowler": "Waqas Ahmad",
              "non_striker": "Arjun Vinod",
              "runs": {
                "batter": 4,
                "extras": 0,
                "total": 4
              }
            }
          ]
        },
        {
          "over": 6,
          "deliveries": [
            {
              "batter": "Arjun Vinod",
              "bowler": "Jaswinder Singh",
              "non_striker": "Faheem Nazir",
              "runs": {
                "batter": 0,
                "extras": 0,
                "total": 0
              }
            },
            {
              "batter": "Arjun Vinod",
              "bowler": "Jaswinder Singh",
              "non_striker": "Faheem Nazir",
              "runs": {
                "batter": 1,
                "extras": 0,
                "total": 1
              }
            },
            {
              "batter": "Faheem Nazir",
              "bowler": "Jaswinder Singh",
              "non_striker": "Arjun Vinod",
              "runs": {
                "batter": 6,
                "extras": 0,
                "total": 6
              }
            },
            {
              "batter": "Faheem Nazir",
              "bowler": "Jaswinder Singh",
              "non_striker": "Arjun Vinod",
              "runs": {
                "batter": 0,
                "extras": 0,
                "total": 0
              }
            },
            {
              "batter": "Faheem Nazir",
              "bowler": "Jaswinder Singh",
              "non_striker": "Arjun Vinod",
              "runs": {
                "batter": 2,
                "extras": 0,
                "total": 2
              }
            },
            {
              "batter": "Faheem Nazir",
              "bowler": "Jaswinder Singh",
              "non_striker": "Arjun Vinod",
              "runs": {
                "batter": 0,
                "extras": 0,
                "total": 0
              }
            }
          ]
        },
        {
          "over": 7,
          "deliveries": [
            {
              "batter": "Arjun Vinod",
              "bowler": "E Mathew",
              "non_striker": "Faheem Nazir",
              "runs": {
                "batter": 1,
                "extras": 0,
                "total": 1
              }
            },
            {
              "batter": "Faheem Nazir",
              "bowler": "E Mathew",
              "non_striker": "Arjun Vinod",
              "runs": {
                "batter": 0,
                "extras": 0,
                "total": 0
              },
              "wickets": [
                {
                  "player_out": "Arjun Vinod",
                  "fielders": [
                    {
                      "name": "Zeeshan Khan"
                    },
                    {
                      "name": "Aaftab Alam Khan"
                    }
                  ],
                  "kind": "run out"
                }
              ]
            },
            {
              "batter": "Ahmed Hassan",
              "bowler": "E Mathew",
              "non_striker": "Faheem Nazir",
              "runs": {
                "batter": 0,
                "extras": 0,
                "total": 0
              }
            },
            {
              "batter": "Ahmed Hassan",
              "bowler": "E Mathew",
              "non_striker": "Faheem Nazir",
              "runs": {
                "batter": 1,
                "extras": 0,
                "total": 1
              }
            },
            {
              "batter": "Faheem Nazir",
              "bowler": "E Mathew",
              "non_striker": "Ahmed Hassan",
              "runs": {
                "batter": 1,
                "extras": 0,
                "total": 1
              }
            },
            {
              "batter": "Ahmed Hassan",
              "bowler": "E Mathew",
              "non_striker": "Faheem Nazir",
              "runs": {
                "batter": 0,
                "extras": 0,
                "total": 0
              }
            }
          ]
        },
        {
          "over": 8,
          "deliveries": [
            {
              "batter": "Faheem Nazir",
              "bowler": "Jaswinder Singh",
              "non_striker": "Ahmed Hassan",
              "runs": {
                "batter": 6,
                "extras": 0,
                "total": 6
              }
            },
            {
              "batter": "Faheem Nazir",
              "bowler": "Jaswinder Singh",
              "non_striker": "Ahmed Hassan",
              "runs": {
                "batter": 0,
                "extras": 0,
                "total": 0
              }
            },
            {
              "batter": "Faheem Nazir",
              "bowler": "Jaswinder Singh",
              "non_striker": "Ahmed Hassan",
              "runs": {
                "batter": 1,
                "extras": 0,
                "total": 1
              }
            },
            {
              "batter": "Ahmed Hassan",
              "bowler": "Jaswinder Singh",
              "non_striker": "Faheem Nazir",
              "runs": {
                "batter": 0,
                "extras": 0,
                "total": 0
              }
            },
            {
              "batter": "Ahmed Hassan",
              "bowler": "Jaswinder Singh",
              "non_striker": "Faheem Nazir",
              "runs": {
                "batter": 4,
                "extras": 0,
                "total": 4
              }
            },
            {
              "batter": "Ahmed Hassan",
              "bowler": "Jaswinder Singh",
              "non_striker": "Faheem Nazir",
              "runs": {
                "batter": 1,
                "extras": 0,
                "total": 1
              }
            }
          ]
        },
        {
          "over": 9,
          "deliveries": [
            {
              "batter": "Ahmed Hassan",
              "bowler": "E Mathew",
              "non_striker": "Faheem Nazir",
              "runs": {
                "batter": 0,
                "extras": 0,
                "total": 0
              }
            },
            {
              "batter": "Ahmed Hassan",
              "bowler": "E Mathew",
              "non_striker": "Faheem Nazir",
              "runs": {
                "batter": 6,
                "extras": 0,
                "total": 6
              }
            },
            {
              "batter": "Ahmed Hassan",
              "bowler": "E Mathew",
              "non_striker": "Faheem Nazir",
              "runs": {
                "batter": 0,
                "extras": 0,
                "total": 0
              }
            },
            {
              "batter": "Ahmed Hassan",
              "bowler": "E Mathew",
              "non_striker": "Faheem Nazir",
              "runs": {
                "batter": 2,
                "extras": 0,
                "total": 2
              }
            },
            {
              "batter": "Ahmed Hassan",
              "bowler": "E Mathew",
              "extras": {
                "wides": 1
              },
              "non_striker": "Faheem Nazir",
              "runs": {
                "batter": 0,
                "extras": 1,
                "total": 1
              }
            },
            {
              "batter": "Ahmed Hassan",
              "bowler": "E Mathew",
              "non_striker": "Faheem Nazir",
              "runs": {
                "batter": 4,
                "extras": 0,
                "total": 4
              }
            },
            {
              "batter": "Ahmed Hassan",
              "bowler": "E Mathew",
              "non_striker": "Faheem Nazir",
              "runs": {
                "batter": 4,
                "extras": 0,
                "total": 4
              }
            }
          ]
        },
        {
          "over": 10,
          "deliveries": [
            {
              "batter": "Faheem Nazir",
              "bowler": "Fanyan Mughal",
              "non_striker": "Ahmed Hassan",
              "runs": {
                "batter": 0,
                "extras": 0,
                "total": 0
              }
            },
            {
              "batter": "Faheem Nazir",
              "bowler": "Fanyan Mughal",
              "non_striker": "Ahmed Hassan",
              "runs": {
                "batter": 0,
                "extras": 0,
                "total": 0
              }
            },
            {
              "batter": "Faheem Nazir",
              "bowler": "Fanyan Mughal",
              "non_striker": "Ahmed Hassan",
              "runs": {
                "batter": 1,
                "extras": 0,
                "total": 1
              }
            },
            {
              "batter": "Ahmed Hassan",
              "bowler": "Fanyan Mughal",
              "non_striker": "Faheem Nazir",
              "runs": {
                "batter": 0,
                "extras": 0,
                "total": 0
              }
            },
            {
              "batter": "Ahmed Hassan",
              "bowler": "Fanyan Mughal",
              "non_striker": "Faheem Nazir",
              "runs": {
                "batter": 0,
                "extras": 0,
                "total": 0
              }
            },
            {
              "batter": "Ahmed Hassan",
              "bowler": "Fanyan Mughal",
              "non_striker": "Faheem Nazir",
              "runs": {
                "batter": 0,
                "extras": 0,
                "total": 0
              }
            }
          ]
        },
        {
          "over": 11,
          "deliveries": [
            {
              "batter": "Faheem Nazir",
              "bowler": "Waqas Ahmad",
              "non_striker": "Ahmed Hassan",
              "runs": {
                "batter": 6,
                "extras": 0,
                "total": 6
              }
            },
            {
              "batter": "Faheem Nazir",
              "bowler": "Waqas Ahmad",
              "non_striker": "Ahmed Hassan",
              "runs": {
                "batter": 1,
                "extras": 0,
                "total": 1
              }
            },
            {
              "batter": "Ahmed Hassan",
              "bowler": "Waqas Ahmad",
              "non_striker": "Faheem Nazir",
              "runs": {
                "batter": 4,
                "extras": 0,
                "total": 4
              }
            },
            {
              "batter": "Ahmed Hassan",
              "bowler": "Waqas Ahmad",
              "non_striker": "Faheem Nazir",
              "runs": {
                "batter": 4,
                "extras": 0,
                "total": 4
              }
            },
            {
              "batter": "Ahmed Hassan",
              "bowler": "Waqas Ahmad",
              "non_striker": "Faheem Nazir",
              "runs": {
                "batter": 6,
                "extras": 0,
                "total": 6
              }
            },
            {
              "batter": "Ahmed Hassan",
              "bowler": "Waqas Ahmad",
              "non_striker": "Faheem Nazir",
              "runs": {
                "batter": 1,
                "extras": 0,
                "total": 1
              }
            }
          ]
        },
        {
          "over": 12,
          "deliveries": [
            {
              "batter": "Ahmed Hassan",
              "bowler": "Fanyan Mughal",
              "non_striker": "Faheem Nazir",
              "runs": {
                "batter": 0,
                "extras": 0,
                "total": 0
              }
            },
            {
              "batter": "Ahmed Hassan",
              "bowler": "Fanyan Mughal",
              "non_striker": "Faheem Nazir",
              "runs": {
                "batter": 0,
                "extras": 0,
                "total": 0
              }
            },
            {
              "batter": "Ahmed Hassan",
              "bowler": "Fanyan Mughal",
              "non_striker": "Faheem Nazir",
              "runs": {
                "batter": 1,
                "extras": 0,
                "total": 1
              }
            },
            {
              "batter": "Faheem Nazir",
              "bowler": "Fanyan Mughal",
              "non_striker": "Ahmed Hassan",
              "runs": {
                "batter": 0,
                "extras": 0,
                "total": 0
              }
            },
            {
              "batter": "Faheem Nazir",
              "bowler": "Fanyan Mughal",
              "non_striker": "Ahmed Hassan",
              "runs": {
                "batter": 1,
                "extras": 0,
                "total": 1
              }
            },
            {
              "batter": "Ahmed Hassan",
              "bowler": "Fanyan Mughal",
              "non_striker": "Faheem Nazir",
              "runs": {
                "batter": 6,
                "extras": 0,
                "total": 6
              }
            }
          ]
        },
        {
          "over": 13,
          "deliveries": [
            {
              "batter": "Faheem Nazir",
              "bowler": "E Mathew",
              "non_striker": "Ahmed Hassan",
              "runs": {
                "batter": 4,
                "extras": 0,
                "total": 4
              }
            },
            {
              "batter": "Faheem Nazir",
              "bowler": "E Mathew",
              "extras": {
                "wides": 1
              },
              "non_striker": "Ahmed Hassan",
              "runs": {
                "batter": 0,
                "extras": 1,
                "total": 1
              }
            },
            {
              "batter": "Faheem Nazir",
              "bowler": "E Mathew",
              "non_striker": "Ahmed Hassan",
              "runs": {
                "batter": 4,
                "extras": 0,
                "total": 4
              }
            },
            {
              "batter": "Faheem Nazir",
              "bowler": "E Mathew",
              "non_striker": "Ahmed Hassan",
              "runs": {
                "batter": 4,
                "extras": 0,
                "total": 4
              }
            },
            {
              "batter": "Faheem Nazir",
              "bowler": "E Mathew",
              "non_striker": "Ahmed Hassan",
              "runs": {
                "batter": 0,
                "extras": 0,
                "total": 0
              }
            },
            {
              "batter": "Faheem Nazir",
              "bowler": "E Mathew",
              "non_striker": "Ahmed Hassan",
              "runs": {
                "batter": 1,
                "extras": 0,
                "total": 1
              }
            },
            {
              "batter": "Ahmed Hassan",
              "bowler": "E Mathew",
              "non_striker": "Faheem Nazir",
              "runs": {
                "batter": 0,
                "extras": 0,
                "total": 0
              }
            }
          ]
        },
        {
          "over": 14,
          "deliveries": [
            {
              "batter": "Faheem Nazir",
              "bowler": "Fanyan Mughal",
              "non_striker": "Ahmed Hassan",
              "runs": {
                "batter": 1,
                "extras": 0,
                "total": 1
              }
            },
            {
              "batter": "Ahmed Hassan",
              "bowler": "Fanyan Mughal",
              "non_striker": "Faheem Nazir",
              "runs": {
                "batter": 1,
                "extras": 0,
                "total": 1
              }
            },
            {
              "batter": "Faheem Nazir",
              "bowler": "Fanyan Mughal",
              "non_striker": "Ahmed Hassan",
              "runs": {
                "batter": 1,
                "extras": 0,
                "total": 1
              }
            },
            {
              "batter": "Ahmed Hassan",
              "bowler": "Fanyan Mughal",
              "non_striker": "Faheem Nazir",
              "runs": {
                "batter": 6,
                "extras": 0,
                "total": 6
              }
            },
            {
              "batter": "Ahmed Hassan",
              "bowler": "Fanyan Mughal",
              "non_striker": "Faheem Nazir",
              "runs": {
                "batter": 4,
                "extras": 0,
                "total": 4
              }
            },
            {
              "batter": "Ahmed Hassan",
              "bowler": "Fanyan Mughal",
              "non_striker": "Faheem Nazir",
              "runs": {
                "batter": 1,
                "extras": 0,
                "total": 1
              }
            }
          ]
        },
        {
          "over": 15,
          "deliveries": [
            {
              "batter": "Ahmed Hassan",
              "bowler": "Waqas Ahmad",
              "extras": {
                "noballs": 1
              },
              "non_striker": "Faheem Nazir",
              "runs": {
                "batter": 0,
                "extras": 1,
                "total": 1
              }
            },
            {
              "batter": "Ahmed Hassan",
              "bowler": "Waqas Ahmad",
              "non_striker": "Faheem Nazir",
              "runs": {
                "batter": 0,
                "extras": 0,
                "total": 0
              }
            },
            {
              "batter": "Ahmed Hassan",
              "bowler": "Waqas Ahmad",
              "non_striker": "Faheem Nazir",
              "runs": {
                "batter": 0,
                "extras": 0,
                "total": 0
              }
            },
            {
              "batter": "Ahmed Hassan",
              "bowler": "Waqas Ahmad",
              "non_striker": "Faheem Nazir",
              "runs": {
                "batter": 1,
                "extras": 0,
                "total": 1
              }
            },
            {
              "batter": "Faheem Nazir",
              "bowler": "Waqas Ahmad",
              "non_striker": "Ahmed Hassan",
              "runs": {
                "batter": 0,
                "extras": 0,
                "total": 0
              }
            },
            {
              "batter": "Faheem Nazir",
              "bowler": "Waqas Ahmad",
              "non_striker": "Ahmed Hassan",
              "runs": {
                "batter": 0,
                "extras": 0,
                "total": 0
              },
              "wickets": [
                {
                  "player_out": "Faheem Nazir",
                  "kind": "bowled"
                }
              ]
            },
            {
              "batter": "Abdullah Rana",
              "bowler": "Waqas Ahmad",
              "non_striker": "Ahmed Hassan",
              "runs": {
                "batter": 0,
                "extras": 0,
                "total": 0
              },
              "wickets": [
                {
                  "player_out": "Abdullah Rana",
                  "kind": "lbw"
                }
              ]
            }
          ]
        },
        {
          "over": 16,
          "deliveries": [
            {
              "batter": "Ahmed Hassan",
              "bowler": "A Bishnoi",
              "non_striker": "Ali Nayyer",
              "runs": {
                "batter": 1,
                "extras": 0,
                "total": 1
              }
            },
            {
              "batter": "Ali Nayyer",
              "bowler": "A Bishnoi",
              "extras": {
                "wides": 1
              },
              "non_striker": "Ahmed Hassan",
              "runs": {
                "batter": 0,
                "extras": 1,
                "total": 1
              }
            },
            {
              "batter": "Ali Nayyer",
              "bowler": "A Bishnoi",
              "non_striker": "Ahmed Hassan",
              "runs": {
                "batter": 1,
                "extras": 0,
                "total": 1
              }
            }
          ]
        }
      ],
      "powerplays": [
        {
          "from": 0.1,
          "to": 5.6,
          "type": "mandatory"
        }
      ],
      "target": {
        "overs": 20,
        "runs": 157
      }
    }
  ]
}