{
  "meta": {
    "data_version": "1.1.0",
    "created": "2024-01-01",
    "revision": 1
  },
  "info": {
    "balls_per_over": 6,
    "city": "Mount Maunganui",
    "dates": [
      "2023-12-29"
    ],
    "event": {
      "name": "Bangladesh tour of New Zealand",
      "match_number": 2
    },
    "gender": "male",
    "match_type": "T20",
    "match_type_number": 2423,
    "officials": {
      "match_referees": [
        "JJ Crowe"
      ],
      "reserve_umpires": [
        "CM Brown"
      ],
      "tv_umpires": [
        "WR Knights"
      ],
      "umpires": [
        "Kim Cotton",
        "SB Haig"
      ]
    },
    "outcome": {
      "result": "no result"
    },
    "overs": 20,
    "players": {
      "New Zealand": [
        "FH Allen",
        "TL Seifert",
        "DJ Mitchell",
        "GD Phillips",
        "MS Chapman",
        "JDS Neesham",
        "MJ Santner",
        "AF Milne",
        "TG Southee",
        "IS Sodhi",
        "BV Sears"
      ],
      "Bangladesh": [
        "Soumya Sarkar",
        "Rony Talukdar",
        "Nazmul Hossain Shanto",
        "Shamim Hossain",
        "Towhid Hridoy",
        "Afif Hossain",
        "Mahedi Hasan",
        "Mustafizur Rahman",
        "Shoriful Islam",
        "Rishad Hossain",
        "Tanzim Hasan Sakib"
      ]
    },
    "registry": {
      "people": {
        "AF Milne": "350bb1b1",
        "Afif Hossain": "37138918",
        "BV Sears": "e1891e00",
        "CM Brown": "448f4f1c",
        "DJ Mitchell": "eade4650",
        "FH Allen": "bf74b130",
        "GD Phillips": "9a46c4e5",
        "IS Sodhi": "641ac5ff",
        "JDS Neesham": "9219eff0",
        "JJ Crowe": "2e760301",
        "Kim Cotton": "67a7c2ee",
        "MJ Santner": "e4a0deae",
        "MS Chapman": "7fa12533",
        "Mahedi Hasan": "9dad0f2e",
        "Mustafizur Rahman": "0a8fce53",
        "Nazmul Hossain Shanto": "1274d7ab",
        "Rishad Hossain": "5935d694",
        "Rony Talukdar": "8bd614b2",
        "SB Haig": "811655b3",
        "Shamim Hossain": "711249d1",
        "Shoriful Islam": "bb34fd31",
        "Soumya Sarkar": "4d9f9686",
        "TG Southee": "13c35c9e",
        "TL Seifert": "4663bd23",
        "Tanzim Hasan Sakib": "0b0cc297",
        "Towhid Hridoy": "9e52a414",
        "WR Knights": "63cbf8d8"
      }
    },
    "season": "2023/24",
    "team_type": "international",
    "teams": [
      "New Zealand",
      "Bangladesh"
    ],
    "toss": {
      "decision": "field",
      "winner": "Bangladesh"
    },
    "venue": "Bay Oval, Mount Maunganui"
  },
  "innings": [
    {
      "team": "New Zealand",
      "overs": [
        {
          "over": 0,
          "deliveries": [
            {
              "batter": "FH Allen",
              "bowler": "Mahedi Hasan",
              "non_striker": "TL Seifert",
              "runs": {
                "batter": 1,
                "extras": 0,
                "total": 1
              }
            },
            {
              "batter": "TL Seifert",
              "bowler": "Mahedi Hasan",
              "non_striker": "FH Allen",
              "runs": {
                "batter": 1,
                "extras": 0,
                "total": 1
              }
            },
            {
              "batter": "FH Allen",
              "bowler": "Mahedi Hasan",
              "non_striker": "TL Seifert",
              "runs": {
                "batter": 0,
                "extras": 0,
                "total": 0
              }
            },
            {
              "batter": "FH Allen",
              "bowler": "Mahedi Hasan",
              "non_striker": "TL Seifert",
              "runs": {
                "batter": 1,
                "extras": 0,
                "total": 1
              }
            },
            {
              "batter": "TL Seifert",
              "bowler": "Mahedi Hasan",
              "non_striker": "FH Allen",
              "runs": {
                "batter": 4,
                "extras": 0,
                "total": 4
              }
            },
            {
              "batter": "TL Seifert",
              "bowler": "Mahedi Hasan",
              "non_striker": "FH Allen",
              "runs": {
                "batter": 2,
                "extras": 0,
                "total": 2
              }
            }
          ]
        },
        {
          "over": 1,
          "deliveries": [
            {
              "batter": "FH Allen",
              "bowler": "Shoriful Islam",
              "non_striker": "TL Seifert",
              "runs": {
                "batter": 0,
                "extras": 0,
                "total": 0
              }
            },
            {
              "batter": "FH Allen",
              "bowler": "Shoriful Islam",
              "non_striker": "TL Seifert",
              "runs": {
                "batter": 0,
                "extras": 0,
                "total": 0
              },
              "wickets": [
                {
                  "player_out": "FH Allen",
                  "fielders": [
                    {
                      "name": "Rishad Hossain"
                    }
                  ],
                  "kind": "caught"
                }
              ]
            },
            {
              "batter": "DJ Mitchell",
              "bowler": "Shoriful Islam",
              "non_striker": "TL Seifert",
              "runs": {
                "batter": 1,
                "extras": 0,
                "total": 1
              }
            },
            {
              "batter": "TL Seifert",
              "bowler": "Shoriful Islam",
              "non_striker": "DJ Mitchell",
              "runs": {
                "batter": 1,
                "extras": 0,
                "total": 1
              }
            },
            {
              "batter": "DJ Mitchell",
              "bowler": "Shoriful Islam",
              "non_striker": "TL Seifert",
              "runs": {
                "batter": 0,
                "extras": 0,
                "total": 0
              }
            },
            {
              "batter": "DJ Mitchell",
              "bowler": "Shoriful Islam",
              "non_striker": "TL Seifert",
              "runs": {
                "batter": 1,
                "extras": 0,
                "total": 1
              }
            }
          ]
        },
        {
          "over": 2,
          "deliveries": [
            {
              "batter": "DJ Mitchell",
              "bowler": "Mahedi Hasan",
              "non_striker": "TL Seifert",
              "runs": {
                "batter": 0,
                "extras": 0,
                "total": 0
              }
            },
            {
              "batter": "DJ Mitchell",
              "bowler": "Mahedi Hasan",
              "non_striker": "TL Seifert",
              "runs": {
                "batter": 0,
                "extras": 0,
                "total": 0
              }
            },
            {
              "batter": "DJ Mitchell",
              "bowler": "Mahedi Hasan",
              "non_striker": "TL Seifert",
              "runs": {
                "batter": 0,
                "extras": 0,
                "total": 0
              }
            },
            {
              "batter": "DJ Mitchell",
              "bowler": "Mahedi Hasan",
              "non_striker": "TL Seifert",
              "runs": {
                "batter": 1,
                "extras": 0,
                "total": 1
              }
            },
            {
              "batter": "TL Seifert",
              "bowler": "Mahedi Hasan",
              "non_striker": "DJ Mitchell",
              "runs": {
                "batter": 1,
                "extras": 0,
                "total": 1
              }
            },
            {
              "batter": "DJ Mitchell",
              "bowler": "Mahedi Hasan",
              "non_striker": "TL Seifert",
              "runs": {
                "batter": 4,
                "extras": 0,
                "total": 4
              }
            }
          ]
        },
        {
          "over": 3,
          "deliveries": [
            {
              "batter": "TL Seifert",
              "bowler": "Tanzim Hasan Sakib",
              "non_striker": "DJ Mitchell",
              "runs": {
                "batter": 4,
                "extras": 0,
                "total": 4
              }
            },
            {
              "batter": "TL Seifert",
              "bowler": "Tanzim Hasan Sakib",
              "non_striker": "DJ Mitchell",
              "runs": {
                "batter": 4,
                "extras": 0,
                "total": 4
              }
            },
            {
              "batter": "TL Seifert",
              "bowler": "Tanzim Hasan Sakib",
              "non_striker": "DJ Mitchell",
              "runs": {
                "batter": 1,
                "extras": 0,
                "total": 1
              }
            },
            {
              "batter": "DJ Mitchell",
              "bowler": "Tanzim Hasan Sakib",
              "non_striker": "TL Seifert",
              "runs": {
                "batter": 0,
                "extras": 0,
                "total": 0
              }
            },
            {
              "batter": "DJ Mitchell",
              "bowler": "Tanzim Hasan Sakib",
              "non_striker": "TL Seifert",
              "runs": {
                "batter": 1,
                "extras": 0,
                "total": 1
              }
            },
            {
              "batter": "TL Seifert",
              "bowler": "Tanzim Hasan Sakib",
              "non_striker": "DJ Mitchell",
              "runs": {
                "batter": 1,
                "extras": 0,
                "total": 1
              }
            }
          ]
        },
        {
          "over": 4,
          "deliveries": [
            {
              "batter": "TL Seifert",
              "bowler": "Shoriful Islam",
              "non_striker": "DJ Mitchell",
              "runs": {
                "batter": 0,
                "extras": 0,
                "total": 0
              }
            },
            {
              "batter": "TL Seifert",
              "bowler": "Shoriful Islam",
              "non_striker": "DJ Mitchell",
              "runs": {
                "batter": 6,
                "extras": 0,
                "total": 6
              }
            },
            {
              "batter": "TL Seifert",
              "bowler": "Shoriful Islam",
              "non_striker": "DJ Mitchell",
              "runs": {
                "batter": 1,
                "extras": 0,
                "total": 1
              }
            },
            {
              "batter": "DJ Mitchell",
              "bowler": "Shoriful Islam",
              "non_striker": "TL Seifert",
              "runs": {
                "batter": 1,
                "extras": 0,
                "total": 1
              }
            },
            {
              "batter": "TL Seifert",
              "bowler": "Shoriful Islam",
              "non_striker": "DJ Mitchell",
              "runs": {
                "batter": 4,
                "extras": 0,
                "total": 4
              }
            },
            {
              "batter": "TL Seifert",
              "bowler": "Shoriful Islam",
              "non_striker": "DJ Mitchell",
              "runs": {
                "batter": 1,
                "extras": 0,
                "total": 1
              }
            }
          ]
        },
        {
          "over": 5,
          "deliveries": [
            {
              "batter": "TL Seifert",
              "bowler": "Mustafizur Rahman",
              "non_striker": "DJ Mitchell",
              "runs": {
                "batter": 0,
                "extras": 0,
                "total": 0
              }
            },
            {
              "batter": "TL Seifert",
              "bowler": "Mustafizur Rahman",
              "non_striker": "DJ Mitchell",
              "runs": {
                "batter": 4,
                "extras": 0,
                "total": 4
              }
            },
            {
              "batter": "TL Seifert",
              "bowler": "Mustafizur Rahman",
              "non_striker": "DJ Mitchell",
              "runs": {
                "batter": 4,
                "extras": 0,
                "total": 4
              }
            },
            {
              "batter": "TL Seifert",
              "bowler": "Mustafizur Rahman",
              "non_striker": "DJ Mitchell",
              "runs": {
                "batter": 3,
                "extras": 0,
                "total": 3
              }
            },
            {
              "batter": "DJ Mitchell",
              "bowler": "Mustafizur Rahman",
              "non_striker": "TL Seifert",
              "runs": {
                "batter": 1,
                "extras": 0,
                "total": 1
              }
            },
            {
              "batter": "TL Seifert",
              "bowler": "Mustafizur Rahman",
              "non_striker": "DJ Mitchell",
              "runs": {
                "batter": 0,
                "extras": 0,
                "total": 0
              }
            }
          ]
        },
        {
          "over": 6,
          "deliveries": [
            {
              "batter": "DJ Mitchell",
              "bowler": "Rishad Hossain",
              "non_striker": "TL Seifert",
              "runs": {
                "batter": 1,
                "extras": 0,
                "total": 1
              }
            },
            {
              "batter": "TL Seifert",
              "bowler": "Rishad Hossain",
              "non_striker": "DJ Mitchell",
              "runs": {
                "batter": 0,
                "extras": 0,
                "total": 0
              }
            },
            {
              "batter": "TL Seifert",
              "bowler": "Rishad Hossain",
              "non_striker": "DJ Mitchell",
              "runs": {
                "batter": 1,
                "extras": 0,
                "total": 1
              }
            },
            {
              "batter": "DJ Mitchell",
              "bowler": "Rishad Hossain",
              "non_striker": "TL Seifert",
              "runs": {
                "batter": 0,
                "extras": 0,
                "total": 0
              }
            },
            {
              "batter": "DJ Mitchell",
              "bowler": "Rishad Hossain",
              "non_striker": "TL Seifert",
              "runs": {
                "batter": 1,
                "extras": 0,
                "total": 1
              }
            },
            {
              "batter": "TL Seifert",
              "bowler": "Rishad Hossain",
              "non_striker": "DJ Mitchell",
              "runs": {
                "batter": 0,
                "extras": 0,
                "total": 0
              }
            }
          ]
        },
        {
          "over": 7,
          "deliveries": [
            {
              "batter": "DJ Mitchell",
              "bowler": "Tanzim Hasan Sakib",
              "non_striker": "TL Seifert",
              "runs": {
                "batter": 1,
                "extras": 0,
                "total": 1
              }
            },
            {
              "batter": "TL Seifert",
              "bowler": "Tanzim Hasan Sakib",
              "non_striker": "DJ Mitchell",
              "runs": {
                "batter": 0,
                "extras": 0,
                "total": 0
              },
              "wickets": [
                {
                  "player_out": "TL Seifert",
                  "fielders": [
                    {
                      "name": "Nazmul Hossain Shanto"
                    }
                  ],
                  "kind": "caught"
                }
              ]
            },
            {
              "batter": "GD Phillips",
              "bowler": "Tanzim Hasan Sakib",
              "non_striker": "DJ Mitchell",
              "runs": {
                "batter": 1,
                "extras": 0,
                "total": 1
              }
            },
            {
              "batter": "DJ Mitchell",
              "bowler": "Tanzim Hasan Sakib",
              "non_striker": "GD Phillips",
              "runs": {
                "batter": 1,
                "extras": 0,
                "total": 1
              }
            },
            {
              "batter": "GD Phillips",
              "bowler": "Tanzim Hasan Sakib",
              "non_striker": "DJ Mitchell",
              "runs": {
                "batter": 1,
                "extras": 0,
                "total": 1
              }
            },
            {
              "batter": "DJ Mitchell",
              "bowler": "Tanzim Hasan Sakib",
              "non_striker": "GD Phillips",
              "runs": {
                "batter": 0,
                "extras": 0,
                "total": 0
              }
            }
          ]
        },
        {
          "over": 8,
          "deliveries": [
            {
              "batter": "GD Phillips",
              "bowler": "Rishad Hossain",
              "non_striker": "DJ Mitchell",
              "runs": {
                "batter": 1,
                "extras": 0,
                "total": 1
              }
            },
            {
              "batter": "DJ Mitchell",
              "bowler": "Rishad Hossain",
              "non_striker": "GD Phillips",
              "runs": {
                "batter": 0,
                "extras": 0,
                "total": 0
              }
            },
            {
              "batter": "DJ Mitchell",
              "bowler": "Rishad Hossain",
              "non_striker": "GD Phillips",
              "runs": {
                "batter": 1,
                "extras": 0,
                "total": 1
              }
            },
            {
              "batter": "GD Phillips",
              "bowler": "Rishad Hossain",
              "non_striker": "DJ Mitchell",
              "runs": {
                "batter": 0,
                "extras": 0,
                "total": 0
              }
            },
            {
              "batter": "GD Phillips",
              "bowler": "Rishad Hossain",
              "non_striker": "DJ Mitchell",
              "runs": {
                "batter": 0,
                "extras": 0,
                "total": 0
              }
            },
            {
              "batter": "GD Phillips",
              "bowler": "Rishad Hossain",
              "non_striker": "DJ Mitchell",
              "runs": {
                "batter": 0,
                "extras": 0,
                "total": 0
              }
            }
          ]
        },
        {
          "over": 9,
          "deliveries": [
            {
              "batter": "DJ Mitchell",
              "bowler": "Mustafizur Rahman",
              "non_striker": "GD Phillips",
              "runs": {
                "batter": 1,
                "extras": 0,
                "total": 1
              }
            },
            {
              "batter": "GD Phillips",
              "bowler": "Mustafizur Rahman",
              "non_striker": "DJ Mitchell",
              "runs": {
                "batter": 0,
                "extras": 0,
                "total": 0
              }
            },
            {
              "batter": "GD Phillips",
              "bowler": "Mustafizur Rahman",
              "non_striker": "DJ Mitchell",
              "runs": {
                "batter": 0,
                "extras": 0,
                "total": 0
              }
            },
            {
              "batter": "GD Phillips",
              "bowler": "Mustafizur Rahman",
              "non_striker": "DJ Mitchell",
              "runs": {
                "batter": 1,
                "extras": 0,
                "total": 1
              }
            },
            {
              "batter": "DJ Mitchell",
              "bowler": "Mustafizur Rahman",
              "non_striker": "GD Phillips",
              "runs": {
                "batter": 1,
                "extras": 0,
                "total": 1
              }
            },
            {
              "batter": "GD Phillips",
              "bowler": "Mustafizur Rahman",
              "non_striker": "DJ Mitchell",
              "runs": {
                "batter": 1,
                "extras": 0,
                "total": 1
              }
            }
          ]
        },
        {
          "over": 10,
          "deliveries": [
            {
              "batter": "GD Phillips",
              "bowler": "Rishad Hossain",
              "non_striker": "DJ Mitchell",
              "runs": {
                "batter": 2,
                "extras": 0,
                "total": 2
              }
            },
            {
              "batter": "GD Phillips",
              "bowler": "Rishad Hossain",
              "non_striker": "DJ Mitchell",
              "runs": {
                "batter": 0,
                "extras": 0,
                "total": 0
              }
            },
            {
              "batter": "GD Phillips",
              "bowler": "Rishad Hossain",
              "non_striker": "DJ Mitchell",
              "runs": {
                "batter": 1,
                "extras": 0,
                "total": 1
              }
            },
            {
              "batter": "DJ Mitchell",
              "bowler": "Rishad Hossain",
              "non_striker": "GD Phillips",
              "runs": {
                "batter": 0,
                "extras": 0,
                "total": 0
              }
            },
            {
              "batter": "DJ Mitchell",
              "bowler": "Rishad Hossain",
              "non_striker": "GD Phillips",
              "runs": {
                "batter": 1,
                "extras": 0,
                "total": 1
              }
            },
            {
              "batter": "GD Phillips",
              "bowler": "Rishad Hossain",
              "non_striker": "DJ Mitchell",
              "runs": {
                "batter": 1,
                "extras": 0,
                "total": 1
              }
            }
          ]
        }
      ],
      "powerplays": [
        {
          "from": 0.1,
          "to": 5.6,
          "type": "mandatory"
        }
      ]
    }
  ]
}