{
  "meta": {
    "data_version": "1.1.0",
    "created": "2023-08-23",
    "revision": 1
  },
  "info": {
    "balls_per_over": 6,
    "city": "Kuala Lumpur",
    "dates": [
      "2023-08-23"
    ],
    "event": {
      "name": "Women's T20 Quadrangular Series (in Malaysia)",
      "match_number": 3
    },
    "gender": "female",
    "match_type": "T20",
    "match_type_number": 1537,
    "officials": {
      "match_referees": [
        "Edwin Seah"
      ],
      "reserve_umpires": [
        "Nur Hijrah"
      ],
      "umpires": [
        "N Sivan",
        "V Kalidas"
      ]
    },
    "outcome": {
      "winner": "Hong Kong",
      "by": {
        "wickets": 10
      },
      "method": "D/L"
    },
    "overs": 20,
    "player_of_match": [
      "M Hill"
    ],
    "players": {
      "Malaysia": [
        "Ainna Hamizah Hashim",
        "Wan Julia",
        "Mas Elysa",
        "Mahirah Izzati Ismail",
        "Aina Najwa",
        "Musfirah Nur Ainaa",
        "Aisya Eleesa",
        "Nur Dania Syuhada",
        "Nur Aishah",
        "Wan Nor Zulaika",
        "Nik Nur Atiela"
      ],
      "Hong Kong": [
        "Y Daswani",
        "M Hill",
        "SYD Chan",
        "KY Chan",
        "Shanzeen Shahzad",
        "M Bibi",
        "Chan Ka Man",
        "Ruchitha Venkatesh",
        "Hiu Ying Cheung",
        "Iqra Sahar",
        "M Wai Siu"
      ]
    },
    "registry": {
      "people": {
        "Aina Najwa": "31453abb",
        "Ainna Hamizah Hashim": "4c7744de",
        "Aisya Eleesa": "2cd18a73",
        "Chan Ka Man": "c4022bff",
        "Edwin Seah": "be24f868",
        "Hiu Ying Cheung": "9efce9fd",
        "Iqra Sahar": "aaccb8ca",
        "KY Chan": "6348c6e9",
        "M Bibi": "34f86a2d",
        "M Hill": "bf5e7711",
        "M Wai Siu": "74eecff4",
        "Mahirah Izzati Ismail": "b9b32e3c",
        "Mas Elysa": "857de42e",
        "Musfirah Nur Ainaa": "acd1fec7",
        "N Sivan": "8f4a0102",
        "Nik Nur Atiela": "cfdfe39c",
        "Nur Aishah": "f7301b56",
        "Nur Dania Syuhada": "3af75717",
        "Nur Hijrah": "6c068720",
        "Ruchitha Venkatesh": "106135f5",
        "SYD Chan": "4839b023",
        "Shanzeen Shahzad": "ce291858",
        "V Kalidas": "42d76418",
        "Wan Julia": "bee0c85c",
        "Wan Nor Zulaika": "ae99724d",
        "Y Daswani": "2038a273"
      }
    },
    "season": "2023",
    "team_type": "international",
    "teams": [
      "Malaysia",
      "Hong Kong"
    ],
    "toss": {
      "decision": "bat",
      "winner": "Malaysia"
    },
    "venue": "Bayuemas Oval, Kuala Lumpur"
  },
  "innings": [
    {
      "team": "Malaysia",
      "overs": [
        {
          "over": 0,
          "deliveries": [
            {
              "batter": "Ainna Hamizah Hashim",
              "bowler": "Iqra Sahar",
              "non_striker": "Wan Julia",
              "runs": {
                "batter": 0,
                "extras": 0,
                "total": 0
              }
            },
            {
              "batter": "Ainna Hamizah Hashim",
              "bowler": "Iqra Sahar",
              "non_striker": "Wan Julia",
              "runs": {
                "batter": 0,
                "extras": 0,
                "total": 0
              }
            },
            {
              "batter": "Ainna Hamizah Hashim",
              "bowler": "Iqra Sahar",
              "non_striker": "Wan Julia",
              "runs": {
                "batter": 0,
                "extras": 0,
                "total": 0
              }
            },
            {
              "batter": "Ainna Hamizah Hashim",
              "bowler": "Iqra Sahar",
              "non_striker": "Wan Julia",
              "runs": {
                "batter": 2,
                "extras": 0,
                "total": 2
              }
            },
            {
              "batter": "Ainna Hamizah Hashim",
              "bowler": "Iqra Sahar",
              "non_striker": "Wan Julia",
              "runs": {
                "batter": 0,
                "extras": 0,
                "total": 0
              }
            },
            {
              "batter": "Ainna Hamizah Hashim",
              "bowler": "Iqra Sahar",
              "non_striker": "Wan Julia",
              "runs": {
                "batter": 0,
                "extras": 0,
                "total": 0
              }
            }
          ]
        },
        {
          "over": 1,
          "deliveries": [
            {
              "batter": "Wan Julia",
              "bowler": "M Wai Siu",
              "non_striker": "Ainna Hamizah Hashim",
              "runs": {
                "batter": 0,
                "extras": 0,
                "total": 0
              }
            },
            {
              "batter": "Wan Julia",
              "bowler": "M Wai Siu",
              "non_striker": "Ainna Hamizah Hashim",
              "runs": {
                "batter": 1,
                "extras": 0,
                "total": 1
              }
            },
            {
              "batter": "Ainna Hamizah Hashim",
              "bowler": "M Wai Siu",
              "non_striker": "Wan Julia",
              "runs": {
                "batter": 0,
                "extras": 0,
                "total": 0
              }
            },
            {
              "batter": "Ainna Hamizah Hashim",
              "bowler": "M Wai Siu",
              "non_striker": "Wan Julia",
              "runs": {
                "batter": 0,
                "extras": 0,
                "total": 0
              },
              "wickets": [
                {
                  "player_out": "Ainna Hamizah Hashim",
                  "fielders": [
                    {
                      "name": "Iqra Sahar"
                    }
                  ],
                  "kind": "caught"
                }
              ]
            },
            {
              "batter": "Mas Elysa",
              "bowler": "M Wai Siu",
              "non_striker": "Wan Julia",
              "runs": {
                "batter": 1,
                "extras": 0,
                "total": 1
              }
            },
            {
              "batter": "Wan Julia",
              "bowler": "M Wai Siu",
              "non_striker": "Mas Elysa",
              "runs": {
                "batter": 0,
                "extras": 0,
                "total": 0
              },
              "wickets": [
                {
                  "player_out": "Wan Julia",
                  "fielders": [
                    {
                      "name": "Y Daswani"
                    }
                  ],
                  "kind": "caught"
                }
              ]
            }
          ]
        },
        {
          "over": 2,
          "deliveries": [
            {
              "batter": "Mas Elysa",
              "bowler": "Iqra Sahar",
              "non_striker": "Mahirah Izzati Ismail",
              "runs": {
                "batter": 0,
                "extras": 0,
                "total": 0
              }
            },
            {
              "batter": "Mas Elysa",
              "bowler": "Iqra Sahar",
              "non_striker": "Mahirah Izzati Ismail",
              "runs": {
                "batter": 0,
                "extras": 0,
                "total": 0
              }
            },
            {
              "batter": "Mas Elysa",
              "bowler": "Iqra Sahar",
              "non_striker": "Mahirah Izzati Ismail",
              "runs": {
                "batter": 0,
                "extras": 0,
                "total": 0
              }
            },
            {
              "batter": "Mas Elysa",
              "bowler": "Iqra Sahar",
              "non_striker": "Mahirah Izzati Ismail",
              "runs": {
                "batter": 0,
                "extras": 0,
                "total": 0
              }
            },
            {
              "batter": "Mas Elysa",
              "bowler": "Iqra Sahar",
              "non_striker": "Mahirah Izzati Ismail",
              "runs": {
                "batter": 0,
                "extras": 0,
                "total": 0
              }
            },
            {
              "batter": "Mas Elysa",
              "bowler": "Iqra Sahar",
              "non_striker": "Mahirah Izzati Ismail",
              "runs": {
                "batter": 0,
                "extras": 0,
                "total": 0
              }
            }
          ]
        },
        {
          "over": 3,
          "deliveries": [
            {
              "batter": "Mahirah Izzati Ismail",
              "bowler": "M Wai Siu",
              "non_striker": "Mas Elysa",
              "runs": {
                "batter": 1,
                "extras": 0,
                "total": 1
              }
            },
            {
              "batter": "Mas Elysa",
              "bowler": "M Wai Siu",
              "non_striker": "Mahirah Izzati Ismail",
              "runs": {
                "batter": 1,
                "extras": 0,
                "total": 1
              }
            },
            {
              "batter": "Mahirah Izzati Ismail",
              "bowler": "M Wai Siu",
              "non_striker": "Mas Elysa",
              "runs": {
                "batter": 0,
                "extras": 0,
                "total": 0
              }
            },
            {
              "batter": "Mahirah Izzati Ismail",
              "bowler": "M Wai Siu",
              "non_striker": "Mas Elysa",
              "runs": {
                "batter": 1,
                "extras": 0,
                "total": 1
              }
            },
            {
              "batter": "Mas Elysa",
              "bowler": "M Wai Siu",
              "non_striker": "Mahirah Izzati Ismail",
              "runs": {
                "batter": 4,
                "extras": 0,
                "total": 4
              }
            },
            {
              "batter": "Mas Elysa",
              "bowler": "M Wai Siu",
              "non_striker": "Mahirah Izzati Ismail",
              "runs": {
                "batter": 0,
                "extras": 0,
                "total": 0
              }
            }
          ]
        },
        {
          "over": 4,
          "deliveries": [
            {
              "batter": "Mahirah Izzati Ismail",
              "bowler": "Iqra Sahar",
              "non_striker": "Mas Elysa",
              "runs": {
                "batter": 0,
                "extras": 0,
                "total": 0
              },
              "wickets": [
                {
                  "player_out": "Mahirah Izzati Ismail",
                  "kind": "lbw"
                }
              ]
            },
            {
              "batter": "Aina Najwa",
              "bowler": "Iqra Sahar",
              "non_striker": "Mas Elysa",
              "runs": {
                "batter": 0,
                "extras": 0,
                "total": 0
              }
            },
            {
              "batter": "Aina Najwa",
              "bowler": "Iqra Sahar",
              "non_striker": "Mas Elysa",
              "runs": {
                "batter": 2,
                "extras": 0,
                "total": 2
              }
            },
            {
              "batter": "Aina Najwa",
              "bowler": "Iqra Sahar",
              "non_striker": "Mas Elysa",
              "runs": {
                "batter": 0,
                "extras": 0,
                "total": 0
              }
            },
            {
              "batter": "Aina Najwa",
              "bowler": "Iqra Sahar",
              "non_striker": "Mas Elysa",
              "runs": {
                "batter": 0,
                "extras": 0,
                "total": 0
              }
            },
            {
              "batter": "Aina Najwa",
              "bowler": "Iqra Sahar",
              "non_striker": "Mas Elysa",
              "runs": {
                "batter": 0,
                "extras": 0,
                "total": 0
              },
              "wickets": [
                {
                  "player_out": "Aina Najwa",
                  "fielders": [
                    {
                      "name": "M Bibi"
                    }
                  ],
                  "kind": "caught"
                }
              ]
            }
          ]
        },
        {
          "over": 5,
          "deliveries": [
            {
              "batter": "Mas Elysa",
              "bowler": "M Wai Siu",
              "non_striker": "Musfirah Nur Ainaa",
              "runs": {
                "batter": 4,
                "extras": 0,
                "total": 4
              }
            },
            {
              "batter": "Mas Elysa",
              "bowler": "M Wai Siu",
              "non_striker": "Musfirah Nur Ainaa",
              "runs": {
                "batter": 2,
                "extras": 0,
                "total": 2
              }
            },
            {
              "batter": "Mas Elysa",
              "bowler": "M Wai Siu",
              "non_striker": "Musfirah Nur Ainaa",
              "runs": {
                "batter": 2,
                "extras": 0,
                "total": 2
              }
            },
            {
              "batter": "Mas Elysa",
              "bowler": "M Wai Siu",
              "non_striker": "Musfirah Nur Ainaa",
              "runs": {
                "batter": 0,
                "extras": 0,
                "total": 0
              }
            },
            {
              "batter": "Mas Elysa",
              "bowler": "M Wai Siu",
              "non_striker": "Musfirah Nur Ainaa",
              "runs": {
                "batter": 1,
                "extras": 0,
                "total": 1
              }
            },
            {
              "batter": "Musfirah Nur Ainaa",
              "bowler": "M Wai Siu",
              "non_striker": "Mas Elysa",
              "runs": {
                "batter": 0,
                "extras": 0,
                "total": 0
              }
            }
          ]
        },
        {
          "over": 6,
          "deliveries": [
            {
              "batter": "Mas Elysa",
              "bowler": "Iqra Sahar",
              "extras": {
                "wides": 1
              },
              "non_striker": "Musfirah Nur Ainaa",
              "runs": {
                "batter": 0,
                "extras": 1,
                "total": 1
              }
            },
            {
              "batter": "Mas Elysa",
              "bowler": "Iqra Sahar",
              "non_striker": "Musfirah Nur Ainaa",
              "runs": {
                "batter": 0,
                "extras": 0,
                "total": 0
              }
            },
            {
              "batter": "Mas Elysa",
              "bowler": "Iqra Sahar",
              "non_striker": "Musfirah Nur Ainaa",
              "runs": {
                "batter": 2,
                "extras": 0,
                "total": 2
              }
            },
            {
              "batter": "Mas Elysa",
              "bowler": "Iqra Sahar",
              "non_striker": "Musfirah Nur Ainaa",
              "runs": {
                "batter": 2,
                "extras": 0,
                "total": 2
              }
            },
            {
              "batter": "Mas Elysa",
              "bowler": "Iqra Sahar",
              "non_striker": "Musfirah Nur Ainaa",
              "runs": {
                "batter": 0,
                "extras": 0,
                "total": 0
              }
            },
            {
              "batter": "Mas Elysa",
              "bowler": "Iqra Sahar",
              "non_striker": "Musfirah Nur Ainaa",
              "runs": {
                "batter": 0,
                "extras": 0,
                "total": 0
              }
            },
            {
              "batter": "Mas Elysa",
              "bowler": "Iqra Sahar",
              "non_striker": "Musfirah Nur Ainaa",
              "runs": {
                "batter": 0,
                "extras": 0,
                "total": 0
              }
            }
          ]
        },
        {
          "over": 7,
          "deliveries": [
            {
              "batter": "Musfirah Nur Ainaa",
              "bowler": "Chan Ka Man",
              "non_striker": "Mas Elysa",
              "runs": {
                "batter": 0,
                "extras": 0,
                "total": 0
              }
            },
            {
              "batter": "Musfirah Nur Ainaa",
              "bowler": "Chan Ka Man",
              "non_striker": "Mas Elysa",
              "runs": {
                "batter": 0,
                "extras": 0,
                "total": 0
              },
              "wickets": [
                {
                  "player_out": "Musfirah Nur Ainaa",
                  "fielders": [
                    {
                      "name": "Iqra Sahar"
                    }
                  ],
                  "kind": "caught"
                }
              ]
            },
            {
              "batter": "Aisya Eleesa",
              "bowler": "Chan Ka Man",
              "non_striker": "Mas Elysa",
              "runs": {
                "batter": 0,
                "extras": 0,
                "total": 0
              }
            },
            {
              "batter": "Aisya Eleesa",
              "bowler": "Chan Ka Man",
              "non_striker": "Mas Elysa",
              "runs": {
                "batter": 0,
                "extras": 0,
                "total": 0
              }
            },
            {
              "batter": "Aisya Eleesa",
              "bowler": "Chan Ka Man",
              "non_striker": "Mas Elysa",
              "runs": {
                "batter": 0,
                "extras": 0,
                "total": 0
              }
            },
            {
              "batter": "Aisya Eleesa",
              "bowler": "Chan Ka Man",
              "non_striker": "Mas Elysa",
              "runs": {
                "batter": 2,
                "extras": 0,
                "total": 2
              }
            }
          ]
        },
        {
          "over": 8,
          "deliveries": [
            {
              "batter": "Mas Elysa",
              "bowler": "M Hill",
              "non_striker": "Aisya Eleesa",
              "runs": {
                "batter": 2,
                "extras": 0,
                "total": 2
              }
            },
            {
              "batter": "Mas Elysa",
              "bowler": "M Hill",
              "non_striker": "Aisya Eleesa",
              "runs": {
                "batter": 0,
                "extras": 0,
                "total": 0
              }
            },
            {
              "batter": "Mas Elysa",
              "bowler": "M Hill",
              "non_striker": "Aisya Eleesa",
              "runs": {
                "batter": 0,
                "extras": 0,
                "total": 0
              }
            },
            {
              "batter": "Mas Elysa",
              "bowler": "M Hill",
              "non_striker": "Aisya Eleesa",
              "runs": {
                "batter": 0,
                "extras": 0,
                "total": 0
              }
            },
            {
              "batter": "Mas Elysa",
              "bowler": "M Hill",
              "non_striker": "Aisya Eleesa",
              "runs": {
                "batter": 1,
                "extras": 0,
                "total": 1
              }
            },
            {
              "batter": "Aisya Eleesa",
              "bowler": "M Hill",
              "non_striker": "Mas Elysa",
              "runs": {
                "batter": 1,
                "extras": 0,
                "total": 1
              }
            }
          ]
        },
        {
          "over": 9,
          "deliveries": [
            {
              "batter": "Aisya Eleesa",
              "bowler": "Chan Ka Man",
              "non_striker": "Mas Elysa",
              "runs": {
                "batter": 2,
                "extras": 0,
                "total": 2
              }
            },
            {
              "batter": "Aisya Eleesa",
              "bowler": "Chan Ka Man",
              "non_striker": "Mas Elysa",
              "runs": {
                "batter": 1,
                "extras": 0,
                "total": 1
              }
            },
            {
              "batter": "Mas Elysa",
              "bowler": "Chan Ka Man",
              "extras": {
                "legbyes": 1
              },
              "non_striker": "Aisya Eleesa",
              "runs": {
                "batter": 0,
                "extras": 1,
                "total": 1
              }
            },
            {
              "batter": "Aisya Eleesa",
              "bowler": "Chan Ka Man",
              "non_striker": "Mas Elysa",
              "runs": {
                "batter": 0,
                "extras": 0,
                "total": 0
              }
            },
            {
              "batter": "Aisya Eleesa",
              "bowler": "Chan Ka Man",
              "non_striker": "Mas Elysa",
              "runs": {
                "batter": 2,
                "extras": 0,
                "total": 2
              }
            },
            {
              "batter": "Aisya Eleesa",
              "bowler": "Chan Ka Man",
              "non_striker": "Mas Elysa",
              "runs": {
                "batter": 0,
                "extras": 0,
                "total": 0
              }
            }
          ]
        },
        {
          "over": 10,
          "deliveries": [
            {
              "batter": "Mas Elysa",
              "bowler": "M Hill",
              "non_striker": "Aisya Eleesa",
              "runs": {
                "batter": 4,
                "extras": 0,
                "total": 4
              }
            },
            {
              "batter": "Mas Elysa",
              "bowler": "M Hill",
              "extras": {
                "wides": 1
              },
              "non_striker": "Aisya Eleesa",
              "runs": {
                "batter": 0,
                "extras": 1,
                "total": 1
              }
            },
            {
              "batter": "Mas Elysa",
              "bowler": "M Hill",
              "non_striker": "Aisya Eleesa",
              "runs": {
                "batter": 1,
                "extras": 0,
                "total": 1
              }
            },
            {
              "batter": "Aisya Eleesa",
              "bowler": "M Hill",
              "non_striker": "Mas Elysa",
              "runs": {
                "batter": 0,
                "extras": 0,
                "total": 0
              }
            },
            {
              "batter": "Aisya Eleesa",
              "bowler": "M Hill",
              "non_striker": "Mas Elysa",
              "runs": {
                "batter": 0,
                "extras": 0,
                "total": 0
              }
            },
            {
              "batter": "Aisya Eleesa",
              "bowler": "M Hill",
              "non_striker": "Mas Elysa",
              "runs": {
                "batter": 0,
                "extras": 0,
                "total": 0
              },
              "wickets": [
                {
                  "player_out": "Aisya Eleesa",
                  "kind": "bowled"
                }
              ]
            },
            {
              "batter": "Nur Dania Syuhada",
              "bowler": "M Hill",
              "non_striker": "Mas Elysa",
              "runs": {
                "batter": 0,
                "extras": 0,
                "total": 0
              }
            }
          ]
        },
        {
          "over": 11,
          "deliveries": [
            {
              "batter": "Mas Elysa",
              "bowler": "KY Chan",
              "non_striker": "Nur Dania Syuhada",
              "runs": {
                "batter": 0,
                "extras": 0,
                "total": 0
              }
            },
            {
              "batter": "Mas Elysa",
              "bowler": "KY Chan",
              "non_striker": "Nur Dania Syuhada",
              "runs": {
                "batter": 2,
                "extras": 0,
                "total": 2
              }
            },
            {
              "batter": "Mas Elysa",
              "bowler": "KY Chan",
              "non_striker": "Nur Dania Syuhada",
              "runs": {
                "batter": 0,
                "extras": 0,
                "total": 0
              }
            },
            {
              "batter": "Mas Elysa",
              "bowler": "KY Chan",
              "non_striker": "Nur Dania Syuhada",
              "runs": {
                "batter": 1,
                "extras": 0,
                "total": 1
              }
            },
            {
              "batter": "Nur Dania Syuhada",
              "bowler": "KY Chan",
              "non_striker": "Mas Elysa",
              "runs": {
                "batter": 0,
                "extras": 0,
                "total": 0
              }
            },
            {
              "batter": "Nur Dania Syuhada",
              "bowler": "KY Chan",
              "extras": {
                "legbyes": 1
              },
              "non_striker": "Mas Elysa",
              "runs": {
                "batter": 0,
                "extras": 1,
                "total": 1
              }
            }
          ]
        },
        {
          "over": 12,
          "deliveries": [
            {
              "batter": "Nur Dania Syuhada",
              "bowler": "M Bibi",
              "non_striker": "Mas Elysa",
              "runs": {
                "batter": 0,
                "extras": 0,
                "total": 0
              }
            },
            {
              "batter": "Nur Dania Syuhada",
              "bowler": "M Bibi",
              "non_striker": "Mas Elysa",
              "runs": {
                "batter": 1,
                "extras": 0,
                "total": 1
              }
            },
            {
              "batter": "Mas Elysa",
              "bowler": "M Bibi",
              "non_striker": "Nur Dania Syuhada",
              "runs": {
                "batter": 0,
                "extras": 0,
                "total": 0
              }
            },
            {
              "batter": "Mas Elysa",
              "bowler": "M Bibi",
              "non_striker": "Nur Dania Syuhada",
              "runs": {
                "batter": 0,
                "extras": 0,
                "total": 0
              },
              "wickets": [
                {
                  "player_out": "Mas Elysa",
                  "kind": "bowled"
                }
              ]
            },
            {
              "batter": "Nur Aishah",
              "bowler": "M Bibi",
              "non_striker": "Nur Dania Syuhada",
              "runs": {
                "batter": 0,
                "extras": 0,
                "total": 0
              }
            },
            {
              "batter": "Nur Aishah",
              "bowler": "M Bibi",
              "non_striker": "Nur Dania Syuhada",
              "runs": {
                "batter": 0,
                "extras": 0,
                "total": 0
              }
            }
          ]
        },
        {
          "over": 13,
          "deliveries": [
            {
              "batter": "Nur Dania Syuhada",
              "bowler": "KY Chan",
              "non_striker": "Nur Aishah",
              "runs": {
                "batter": 1,
                "extras": 0,
                "total": 1
              }
            },
            {
              "batter": "Nur Aishah",
              "bowler": "KY Chan",
              "non_striker": "Nur Dania Syuhada",
              "runs": {
                "batter": 0,
                "extras": 0,
                "total": 0
              }
            },
            {
              "batter": "Nur Aishah",
              "bowler": "KY Chan",
              "non_striker": "Nur Dania Syuhada",
              "runs": {
                "batter": 0,
                "extras": 0,
                "total": 0
              }
            },
            {
              "batter": "Nur Aishah",
              "bowler": "KY Chan",
              "non_striker": "Nur Dania Syuhada",
              "runs": {
                "batter": 0,
                "extras": 0,
                "total": 0
              }
            },
            {
              "batter": "Nur Aishah",
              "bowler": "KY Chan",
              "non_striker": "Nur Dania Syuhada",
              "runs": {
                "batter": 1,
                "extras": 0,
                "total": 1
              }
            },
            {
              "batter": "Nur Dania Syuhada",
              "bowler": "KY Chan",
              "non_striker": "Nur Aishah",
              "runs": {
                "batter": 0,
                "extras": 0,
                "total": 0
              }
            }
          ]
        },
        {
          "over": 14,
          "deliveries": [
            {
              "batter": "Nur Aishah",
              "bowler": "M Bibi",
              "extras": {
                "wides": 1
              },
              "non_striker": "Nur Dania Syuhada",
              "runs": {
                "batter": 0,
                "extras": 1,
                "total": 1
              }
            },
            {
              "batter": "Nur Aishah",
              "bowler": "M Bibi",
              "non_striker": "Nur Dania Syuhada",
              "runs": {
                "batter": 0,
                "extras": 0,
                "total": 0
              }
            },
            {
              "batter": "Nur Aishah",
              "bowler": "M Bibi",
              "non_striker": "Nur Dania Syuhada",
              "runs": {
                "batter": 1,
                "extras": 0,
                "total": 1
              }
            },
            {
              "batter": "Nur Dania Syuhada",
              "bowler": "M Bibi",
              "non_striker": "Nur Aishah",
              "runs": {
                "batter": 0,
                "extras": 0,
                "total": 0
              },
              "wickets": [
                {
                  "player_out": "Nur Dania Syuhada",
                  "kind": "bowled"
                }
              ]
            },
            {
              "batter": "Wan Nor Zulaika",
              "bowler": "M Bibi",
              "non_striker": "Nur Aishah",
              "runs": {
                "batter": 0,
                "extras": 0,
                "total": 0
              }
            },
            {
              "batter": "Wan Nor Zulaika",
              "bowler": "M Bibi",
              "non_striker": "Nur Aishah",
              "runs": {
                "batter": 1,
                "extras": 0,
                "total": 1
              }
            },
            {
              "batter": "Nur Aishah",
              "bowler": "M Bibi",
              "non_striker": "Wan Nor Zulaika",
              "runs": {
                "batter": 0,
                "extras": 0,
                "total": 0
              }
            }
          ]
        },
        {
          "over": 15,
          "deliveries": [
            {
              "batter": "Wan Nor Zulaika",
              "bowler": "M Hill",
              "non_striker": "Nur Aishah",
              "runs": {
                "batter": 0,
                "extras": 0,
                "total": 0
              }
            },
            {
              "batter": "Wan Nor Zulaika",
              "bowler": "M Hill",
              "non_striker": "Nur Aishah",
              "runs": {
                "batter": 0,
                "extras": 0,
                "total": 0
              }
            },
            {
              "batter": "Wan Nor Zulaika",
              "bowler": "M Hill",
              "non_striker": "Nur Aishah",
              "runs": {
                "batter": 0,
                "extras": 0,
                "total": 0
              }
            },
            {
              "batter": "Wan Nor Zulaika",
              "bowler": "M Hill",
              "non_striker": "Nur Aishah",
              "runs": {
                "batter": 0,
                "extras": 0,
                "total": 0
              },
              "wickets": [
                {
                  "player_out": "Wan Nor Zulaika",
                  "kind": "lbw"
                }
              ]
            },
            {
              "batter": "Nik Nur Atiela",
              "bowler": "M Hill",
              "non_striker": "Nur Aishah",
              "runs": {
                "batter": 0,
                "extras": 0,
                "total": 0
              }
            },
            {
              "batter": "Nik Nur Atiela",
              "bowler": "M Hill",
              "non_striker": "Nur Aishah",
              "runs": {
                "batter": 0,
                "extras": 0,
                "total": 0
              }
            }
          ]
        },
        {
          "over": 16,
          "deliveries": [
            {
              "batter": "Nur Aishah",
              "bowler": "Chan Ka Man",
              "non_striker": "Nik Nur Atiela",
              "runs": {
                "batter": 0,
                "extras": 0,
                "total": 0
              }
            },
            {
              "batter": "Nur Aishah",
              "bowler": "Chan Ka Man",
              "non_striker": "Nik Nur Atiela",
              "runs": {
                "batter": 0,
                "extras": 0,
                "total": 0
              }
            },
            {
              "batter": "Nur Aishah",
              "bowler": "Chan Ka Man",
              "non_striker": "Nik Nur Atiela",
              "runs": {
                "batter": 0,
                "extras": 0,
                "total": 0
              }
            },
            {
              "batter": "Nur Aishah",
              "bowler": "Chan Ka Man",
              "non_striker": "Nik Nur Atiela",
              "runs": {
                "batter": 0,
                "extras": 0,
                "total": 0
              }
            },
            {
              "batter": "Nur Aishah",
              "bowler": "Chan Ka Man",
              "non_striker": "Nik Nur Atiela",
              "runs": {
                "batter": 0,
                "extras": 0,
                "total": 0
              }
            },
            {
              "batter": "Nur Aishah",
              "bowler": "Chan Ka Man",
              "non_striker": "Nik Nur Atiela",
              "runs": {
                "batter": 0,
                "extras": 0,
                "total": 0
              }
            }
          ]
        },
        {
          "over": 17,
          "deliveries": [
            {
              "batter": "Nik Nur Atiela",
              "bowler": "M Hill",
              "non_striker": "Nur Aishah",
              "runs": {
                "batter": 0,
                "extras": 0,
                "total": 0
              }
            },
            {
              "batter": "Nik Nur Atiela",
              "bowler": "M Hill",
              "non_striker": "Nur Aishah",
              "runs": {
                "batter": 1,
                "extras": 0,
                "total": 1
              }
            },
            {
              "batter": "Nur Aishah",
              "bowler": "M Hill",
              "non_striker": "Nik Nur Atiela",
              "runs": {
                "batter": 0,
                "extras": 0,
                "total": 0
              }
            },
            {
              "batter": "Nur Aishah",
              "bowler": "M Hill",
              "non_striker": "Nik Nur Atiela",
              "runs": {
                "batter": 1,
                "extras": 0,
                "total": 1
              }
            },
            {
              "batter": "Nik Nur Atiela",
              "bowler": "M Hill",
              "non_striker": "Nur Aishah",
              "runs": {
                "batter": 1,
                "extras": 0,
                "total": 1
              }
            },
            {
              "batter": "Nur Aishah",
              "bowler": "M Hill",
              "non_striker": "Nik Nur Atiela",
              "runs": {
                "batter": 1,
                "extras": 0,
                "total": 1
              }
            }
          ]
        },
        {
          "over": 18,
          "deliveries": [
            {
              "batter": "Nur Aishah",
              "bowler": "M Bibi",
              "non_striker": "Nik Nur Atiela",
              "runs": {
                "batter": 0,
                "extras": 0,
                "total": 0
              }
            },
            {
              "batter": "Nur Aishah",
              "bowler": "M Bibi",
              "extras": {
                "wides": 3
              },
              "non_striker": "Nik Nur Atiela",
              "runs": {
                "batter": 0,
                "extras": 3,
                "total": 3
              }
            },
            {
              "batter": "Nur Aishah",
              "bowler": "M Bibi",
              "non_striker": "Nik Nur Atiela",
              "runs": {
                "batter": 0,
                "extras": 0,
                "total": 0
              }
            },
            {
              "batter": "Nur Aishah",
              "bowler": "M Bibi",
              "non_striker": "Nik Nur Atiela",
              "runs": {
                "batter": 0,
                "extras": 0,
                "total": 0
              }
            },
            {
              "batter": "Nur Aishah",
              "bowler": "M Bibi",
              "extras": {
                "legbyes": 1
              },
              "non_striker": "Nik Nur Atiela",
              "runs": {
                "batter": 0,
                "extras": 1,
                "total": 1
              }
            },
            {
              "batter": "Nik Nur Atiela",
              "bowler": "M Bibi",
              "non_striker": "Nur Aishah",
              "runs": {
                "batter": 2,
                "extras": 0,
                "total": 2
              }
            },
            {
              "batter": "Nik Nur Atiela",
              "bowler": "M Bibi",
              "non_striker": "Nur Aishah",
              "runs": {
                "batter": 0,
                "extras": 0,
                "total": 0
              }
            }
          ]
        },
        {
          "over": 19,
          "deliveries": [
            {
              "batter": "Nur Aishah",
              "bowler": "Chan Ka Man",
              "non_striker": "Nik Nur Atiela",
              "runs": {
                "batter": 1,
                "extras": 0,
                "total": 1
              }
            },
            {
              "batter": "Nik Nur Atiela",
              "bowler": "Chan Ka Man",
              "non_striker": "Nur Aishah",
              "runs": {
                "batter": 1,
                "extras": 0,
                "total": 1
              }
            },
            {
              "batter": "Nur Aishah",
              "bowler": "Chan Ka Man",
              "non_striker": "Nik Nur Atiela",
              "runs": {
                "batter": 0,
                "extras": 0,
                "total": 0
              }
            },
            {
              "batter": "Nur Aishah",
              "bowler": "Chan Ka Man",
              "non_striker": "Nik Nur Atiela",
              "runs": {
                "batter": 1,
                "extras": 0,
                "total": 1
              }
            },
            {
              "batter": "Nik Nur Atiela",
              "bowler": "Chan Ka Man",
              "non_striker": "Nur Aishah",
              "runs": {
                "batter": 0,
                "extras": 0,
                "total": 0
              },
              "wickets": [
                {
                  "player_out": "Nik Nur Atiela",
                  "fielders": [
                    {
                      "name": "Y Daswani"
                    }
                  ],
                  "kind": "run out"
                }
              ]
            }
          ]
        }
      ],
      "powerplays": [
        {
          "from": 0.1,
          "to": 5.6,
          "type": "mandatory"
        }
      ]
    },
    {
      "team": "Hong Kong",
      "overs": [
        {
          "over": 0,
          "deliveries": [
            {
              "batter": "Y Daswani",
              "bowler": "Ainna Hamizah Hashim",
              "non_striker": "M Hill",
              "runs": {
                "batter": 0,
                "extras": 0,
                "total": 0
              }
            },
            {
              "batter": "Y Daswani",
              "bowler": "Ainna Hamizah Hashim",
              "extras": {
                "legbyes": 1
              },
              "non_striker": "M Hill",
              "runs": {
                "batter": 0,
                "extras": 1,
                "total": 1
              }
            },
            {
              "batter": "M Hill",
              "bowler": "Ainna Hamizah Hashim",
              "extras": {
                "wides": 1
              },
              "non_striker": "Y Daswani",
              "runs": {
                "batter": 0,
                "extras": 1,
                "total": 1
              }
            },
            {
              "batter": "M Hill",
              "bowler": "Ainna Hamizah Hashim",
              "extras": {
                "wides": 1
              },
              "non_striker": "Y Daswani",
              "runs": {
                "batter": 0,
                "extras": 1,
                "total": 1
              }
            },
            {
              "batter": "M Hill",
              "bowler": "Ainna Hamizah Hashim",
              "non_striker": "Y Daswani",
              "runs": {
                "batter": 0,
                "extras": 0,
                "total": 0
              }
            },
            {
              "batter": "M Hill",
              "bowler": "Ainna Hamizah Hashim",
              "non_striker": "Y Daswani",
              "runs": {
                "batter": 1,
                "extras": 0,
                "total": 1
              }
            },
            {
              "batter": "Y Daswani",
              "bowler": "Ainna Hamizah Hashim",
              "non_striker": "M Hill",
              "runs": {
                "batter": 0,
                "extras": 0,
                "total": 0
              }
            },
            {
              "batter": "Y Daswani",
              "bowler": "Ainna Hamizah Hashim",
              "non_striker": "M Hill",
              "runs": {
                "batter": 0,
                "extras": 0,
                "total": 0
              }
            }
          ]
        },
        {
          "over": 1,
          "deliveries": [
            {
              "batter": "M Hill",
              "bowler": "Mahirah Izzati Ismail",
              "non_striker": "Y Daswani",
              "runs": {
                "batter": 0,
                "extras": 0,
                "total": 0
              }
            },
            {
              "batter": "M Hill",
              "bowler": "Mahirah Izzati Ismail",
              "non_striker": "Y Daswani",
              "runs": {
                "batter": 2,
                "extras": 0,
                "total": 2
              }
            },
            {
              "batter": "M Hill",
              "bowler": "Mahirah Izzati Ismail",
              "non_striker": "Y Daswani",
              "runs": {
                "batter": 2,
                "extras": 0,
                "total": 2
              }
            },
            {
              "batter": "M Hill",
              "bowler": "Mahirah Izzati Ismail",
              "non_striker": "Y Daswani",
              "runs": {
                "batter": 0,
                "extras": 0,
                "total": 0
              }
            },
            {
              "batter": "M Hill",
              "bowler": "Mahirah Izzati Ismail",
              "non_striker": "Y Daswani",
              "runs": {
                "batter": 0,
                "extras": 0,
                "total": 0
              }
            },
            {
              "batter": "M Hill",
              "bowler": "Mahirah Izzati Ismail",
              "non_striker": "Y Daswani",
              "runs": {
                "batter": 0,
                "extras": 0,
                "total": 0
              }
            }
          ]
        },
        {
          "over": 2,
          "deliveries": [
            {
              "batter": "Y Daswani",
              "bowler": "Aisya Eleesa",
              "non_striker": "M Hill",
              "runs": {
                "batter": 0,
                "extras": 0,
                "total": 0
              }
            },
            {
              "batter": "Y Daswani",
              "bowler": "Aisya Eleesa",
              "non_striker": "M Hill",
              "runs": {
                "batter": 0,
                "extras": 0,
                "total": 0
              }
            },
            {
              "batter": "Y Daswani",
              "bowler": "Aisya Eleesa",
              "non_striker": "M Hill",
              "runs": {
                "batter": 1,
                "extras": 0,
                "total": 1
              }
            },
            {
              "batter": "M Hill",
              "bowler": "Aisya Eleesa",
              "non_striker": "Y Daswani",
              "runs": {
                "batter": 0,
                "extras": 0,
                "total": 0
              }
            },
            {
              "batter": "M Hill",
              "bowler": "Aisya Eleesa",
              "non_striker": "Y Daswani",
              "runs": {
                "batter": 1,
                "extras": 0,
                "total": 1
              }
            },
            {
              "batter": "Y Daswani",
              "bowler": "Aisya Eleesa",
              "non_striker": "M Hill",
              "runs": {
                "batter": 0,
                "extras": 0,
                "total": 0
              }
            }
          ]
        },
        {
          "over": 3,
          "deliveries": [
            {
              "batter": "M Hill",
              "bowler": "Mahirah Izzati Ismail",
              "non_striker": "Y Daswani",
              "runs": {
                "batter": 0,
                "extras": 0,
                "total": 0
              }
            },
            {
              "batter": "M Hill",
              "bowler": "Mahirah Izzati Ismail",
              "non_striker": "Y Daswani",
              "runs": {
                "batter": 0,
                "extras": 0,
                "total": 0
              }
            },
            {
              "batter": "M Hill",
              "bowler": "Mahirah Izzati Ismail",
              "non_striker": "Y Daswani",
              "runs": {
                "batter": 2,
                "extras": 0,
                "total": 2
              }
            },
            {
              "batter": "M Hill",
              "bowler": "Mahirah Izzati Ismail",
              "non_striker": "Y Daswani",
              "runs": {
                "batter": 1,
                "extras": 0,
                "total": 1
              }
            },
            {
              "batter": "Y Daswani",
              "bowler": "Mahirah Izzati Ismail",
              "non_striker": "M Hill",
              "runs": {
                "batter": 0,
                "extras": 0,
                "total": 0
              }
            },
            {
              "batter": "Y Daswani",
              "bowler": "Mahirah Izzati Ismail",
              "non_striker": "M Hill",
              "runs": {
                "batter": 0,
                "extras": 0,
                "total": 0
              }
            }
          ]
        },
        {
          "over": 4,
          "deliveries": [
            {
              "batter": "M Hill",
              "bowler": "Aisya Eleesa",
              "non_striker": "Y Daswani",
              "runs": {
                "batter": 4,
                "extras": 0,
                "total": 4
              }
            },
            {
              "batter": "M Hill",
              "bowler": "Aisya Eleesa",
              "non_striker": "Y Daswani",
              "runs": {
                "batter": 0,
                "extras": 0,
                "total": 0
              }
            },
            {
              "batter": "M Hill",
              "bowler": "Aisya Eleesa",
              "non_striker": "Y Daswani",
              "runs": {
                "batter": 1,
                "extras": 0,
                "total": 1
              }
            },
            {
              "batter": "Y Daswani",
              "bowler": "Aisya Eleesa",
              "non_striker": "M Hill",
              "runs": {
                "batter": 0,
                "extras": 0,
                "total": 0
              }
            },
            {
              "batter": "Y Daswani",
              "bowler": "Aisya Eleesa",
              "non_striker": "M Hill",
              "runs": {
                "batter": 0,
                "extras": 0,
                "total": 0
              }
            },
            {
              "batter": "Y Daswani",
              "bowler": "Aisya Eleesa",
              "non_striker": "M Hill",
              "runs": {
                "batter": 0,
                "extras": 0,
                "total": 0
              }
            }
          ]
        },
        {
          "over": 5,
          "deliveries": [
            {
              "batter": "M Hill",
              "bowler": "Mahirah Izzati Ismail",
              "non_striker": "Y Daswani",
              "runs": {
                "batter": 1,
                "extras": 0,
                "total": 1
              }
            },
            {
              "batter": "Y Daswani",
              "bowler": "Mahirah Izzati Ismail",
              "non_striker": "M Hill",
              "runs": {
                "batter": 4,
                "extras": 0,
                "total": 4
              }
            },
            {
              "batter": "Y Daswani",
              "bowler": "Mahirah Izzati Ismail",
              "non_striker": "M Hill",
              "runs": {
                "batter": 0,
                "extras": 0,
                "total": 0
              }
            },
            {
              "batter": "Y Daswani",
              "bowler": "Mahirah Izzati Ismail",
              "non_striker": "M Hill",
              "runs": {
                "batter": 0,
                "extras": 0,
                "total": 0
              }
            },
            {
              "batter": "Y Daswani",
              "bowler": "Mahirah Izzati Ismail",
              "non_striker": "M Hill",
              "runs": {
                "batter": 1,
                "extras": 0,
                "total": 1
              }
            },
            {
              "batter": "M Hill",
              "bowler": "Mahirah Izzati Ismail",
              "non_striker": "Y Daswani",
              "runs": {
                "batter": 0,
                "extras": 0,
                "total": 0
              }
            }
          ]
        },
        {
          "over": 6,
          "deliveries": [
            {
              "batter": "Y Daswani",
              "bowler": "Nur Dania Syuhada",
              "non_striker": "M Hill",
              "runs": {
                "batter": 0,
                "extras": 0,
                "total": 0
              }
            },
            {
              "batter": "Y Daswani",
              "bowler": "Nur Dania Syuhada",
              "non_striker": "M Hill",
              "runs": {
                "batter": 0,
                "extras": 0,
                "total": 0
              }
            },
            {
              "batter": "Y Daswani",
              "bowler": "Nur Dania Syuhada",
              "non_striker": "M Hill",
              "runs": {
                "batter": 0,
                "extras": 0,
                "total": 0
              }
            },
            {
              "batter": "Y Daswani",
              "bowler": "Nur Dania Syuhada",
              "non_striker": "M Hill",
              "runs": {
                "batter": 0,
                "extras": 0,
                "total": 0
              }
            },
            {
              "batter": "Y Daswani",
              "bowler": "Nur Dania Syuhada",
              "non_striker": "M Hill",
              "runs": {
                "batter": 2,
                "extras": 0,
                "total": 2
              }
            },
            {
              "batter": "Y Daswani",
              "bowler": "Nur Dania Syuhada",
              "non_striker": "M Hill",
              "runs": {
                "batter": 1,
                "extras": 0,
                "total": 1
              }
            }
          ]
        },
        {
          "over": 7,
          "deliveries": [
            {
              "batter": "Y Daswani",
              "bowler": "Nik Nur Atiela",
              "non_striker": "M Hill",
              "runs": {
                "batter": 2,
                "extras": 0,
                "total": 2
              }
            },
            {
              "batter": "Y Daswani",
              "bowler": "Nik Nur Atiela",
              "non_striker": "M Hill",
              "runs": {
                "batter": 0,
                "extras": 0,
                "total": 0
              }
            },
            {
              "batter": "Y Daswani",
              "bowler": "Nik Nur Atiela",
              "non_striker": "M Hill",
              "runs": {
                "batter": 2,
                "extras": 0,
                "total": 2
              }
            },
            {
              "batter": "Y Daswani",
              "bowler": "Nik Nur Atiela",
              "non_striker": "M Hill",
              "runs": {
                "batter": 1,
                "extras": 0,
                "total": 1
              }
            },
            {
              "batter": "M Hill",
              "bowler": "Nik Nur Atiela",
              "non_striker": "Y Daswani",
              "runs": {
                "batter": 0,
                "extras": 0,
                "total": 0
              }
            },
            {
              "batter": "M Hill",
              "bowler": "Nik Nur Atiela",
              "non_striker": "Y Daswani",
              "runs": {
                "batter": 4,
                "extras": 0,
                "total": 4
              }
            }
          ]
        },
        {
          "over": 8,
          "deliveries": [
            {
              "batter": "Y Daswani",
              "bowler": "Nur Dania Syuhada",
              "non_striker": "M Hill",
              "runs": {
                "batter": 1,
                "extras": 0,
                "total": 1
              }
            },
            {
              "batter": "M Hill",
              "bowler": "Nur Dania Syuhada",
              "non_striker": "Y Daswani",
              "runs": {
                "batter": 0,
                "extras": 0,
                "total": 0
              }
            },
            {
              "batter": "M Hill",
              "bowler": "Nur Dania Syuhada",
              "non_striker": "Y Daswani",
              "runs": {
                "batter": 0,
                "extras": 0,
                "total": 0
              }
            },
            {
              "batter": "M Hill",
              "bowler": "Nur Dania Syuhada",
              "non_striker": "Y Daswani",
              "runs": {
                "batter": 4,
                "extras": 0,
                "total": 4
              }
            },
            {
              "batter": "M Hill",
              "bowler": "Nur Dania Syuhada",
              "non_striker": "Y Daswani",
              "runs": {
                "batter": 0,
                "extras": 0,
                "total": 0
              }
            },
            {
              "batter": "M Hill",
              "bowler": "Nur Dania Syuhada",
              "non_striker": "Y Daswani",
              "runs": {
                "batter": 1,
                "extras": 0,
                "total": 1
              }
            }
          ]
        }
      ],
      "powerplays": [
        {
          "from": 0.1,
          "to": 5.6,
          "type": "mandatory"
        }
      ],
      "target": {
        "overs": 12,
        "runs": 42
      }
    }
  ]
}