{
  "meta": {
    "data_version": "1.1.0",
    "created": "2023-09-04",
    "revision": 1
  },
  "info": {
    "balls_per_over": 6,
    "city": "Gaborone",
    "dates": [
      "2023-09-02"
    ],
    "event": {
      "name": "ICC Women's T20 World Cup Africa Region Division Two Qualifier",
      "match_number": 2,
      "group": "A"
    },
    "gender": "female",
    "match_type": "T20",
    "match_type_number": 1579,
    "officials": {
      "match_referees": [
        "SA Fritz"
      ],
      "reserve_umpires": [
        "IO Oyieko"
      ],
      "umpires": [
        "Justine Muzungu",
        "K Klaaste"
      ]
    },
    "outcome": {
      "winner": "Malawi",
      "by": {
        "runs": 136
      }
    },
    "overs": 20,
    "player_of_match": [
      "LL Dimba"
    ],
    "players": {
      "Malawi": [
        "S Chinawa",
        "KM Chingaipe",
        "T Luka",
        "LL Dimba",
        "S Kananji",
        "F Malefula",
        "M Kudimba",
        "V Phiri",
        "L Malino",
        "T Mpandakwaya",
        "N Gumaliyele"
      ],
      "Lesotho": [
        "M Mokoatsela",
        "KM Molapo",
        "MM Mabathoana",
        "TJ Mahe",
        "T Kobeli",
        "KC Phohlo",
        "P Pheko",
        "MA Tsemane",
        "MA Nyabela",
        "NM Mokhachane",
        "R Limema"
      ]
    },
    "registry": {
      "people": {
        "F Malefula": "6a405883",
        "IO Oyieko": "de4828fa",
        "Justine Muzungu": "b90044b7",
        "K Klaaste": "6cc1d918",
        "KC Phohlo": "1607f812",
        "KM Chingaipe": "db32d60a",
        "KM Molapo": "dc5934a6",
        "L Malino": "7a81836e",
        "LL Dimba": "53f88bf1",
        "M Kudimba": "24ce1fcb",
        "M Mokoatsela": "fc32e121",
        "MA Nyabela": "261fddca",
        "MA Tsemane": "71eb9780",
        "MM Mabathoana": "fb432bd3",
        "N Gumaliyele": "eda9895d",
        "NM Mokhachane": "6083f332",
        "P Pheko": "24e0b90f",
        "R Limema": "95fdfe7e",
        "S Chinawa": "bdbde085",
        "S Kananji": "23917bf0",
        "SA Fritz": "d15e60c8",
        "T Kobeli": "10f52b3a",
        "T Luka": "44e008a5",
        "T Mpandakwaya": "3fd351ed",
        "TJ Mahe": "3c5b2e9e",
        "V Phiri": "8ffa1b3c"
      }
    },
    "season": "2023",
    "team_type": "international",
    "teams": [
      "Malawi",
      "Lesotho"
    ],
    "toss": {
      "decision": "field",
      "winner": "Lesotho"
    },
    "venue": "Botswana Cricket Association Oval 2, Gaborone"
  },
  "innings": [
    {
      "team": "Malawi",
      "overs": [
        {
          "over": 0,
          "deliveries": [
            {
              "batter": "S Chinawa",
              "bowler": "NM Mokhachane",
              "extras": {
                "wides": 2
              },
              "non_striker": "KM Chingaipe",
              "runs": {
                "batter": 0,
                "extras": 2,
                "total": 2
              }
            },
            {
              "batter": "KM Chingaipe",
              "bowler": "NM Mokhachane",
              "non_striker": "S Chinawa",
              "runs": {
                "batter": 0,
                "extras": 0,
                "total": 0
              }
            },
            {
              "batter": "KM Chingaipe",
              "bowler": "NM Mokhachane",
              "extras": {
                "wides": 1
              },
              "non_striker": "S Chinawa",
              "runs": {
                "batter": 0,
                "extras": 1,
                "total": 1
              }
            },
            {
              "batter": "KM Chingaipe",
              "bowler": "NM Mokhachane",
              "non_striker": "S Chinawa",
              "runs": {
                "batter": 1,
                "extras": 0,
                "total": 1
              }
            },
            {
              "batter": "S Chinawa",
              "bowler": "NM Mokhachane",
              "extras": {
                "wides": 1
              },
              "non_striker": "KM Chingaipe",
              "runs": {
                "batter": 0,
                "extras": 1,
                "total": 1
              }
            },
            {
              "batter": "S Chinawa",
              "bowler": "NM Mokhachane",
              "non_striker": "KM Chingaipe",
              "runs": {
                "batter": 4,
                "extras": 0,
                "total": 4
              }
            },
            {
              "batter": "S Chinawa",
              "bowler": "NM Mokhachane",
              "non_striker": "KM Chingaipe",
              "runs": {
                "batter": 0,
                "extras": 0,
                "total": 0
              }
            },
            {
              "batter": "S Chinawa",
              "bowler": "NM Mokhachane",
              "extras": {
                "wides": 2
              },
              "non_striker": "KM Chingaipe",
              "runs": {
                "batter": 0,
                "extras": 2,
                "total": 2
              }
            },
            {
              "batter": "KM Chingaipe",
              "bowler": "NM Mokhachane",
              "non_striker": "S Chinawa",
              "runs": {
                "batter": 1,
                "extras": 0,
                "total": 1
              }
            },
            {
              "batter": "S Chinawa",
              "bowler": "NM Mokhachane",
              "non_striker": "KM Chingaipe",
              "runs": {
                "batter": 0,
                "extras": 0,
                "total": 0
              }
            }
          ]
        },
        {
          "over": 1,
          "deliveries": [
            {
              "batter": "KM Chingaipe",
              "bowler": "TJ Mahe",
              "non_striker": "S Chinawa",
              "runs": {
                "batter": 2,
                "extras": 0,
                "total": 2
              }
            },
            {
              "batter": "KM Chingaipe",
              "bowler": "TJ Mahe",
              "non_striker": "S Chinawa",
              "runs": {
                "batter": 1,
                "extras": 0,
                "total": 1
              }
            },
            {
              "batter": "S Chinawa",
              "bowler": "TJ Mahe",
              "non_striker": "KM Chingaipe",
              "runs": {
                "batter": 2,
                "extras": 0,
                "total": 2
              }
            },
            {
              "batter": "S Chinawa",
              "bowler": "TJ Mahe",
              "extras": {
                "wides": 3
              },
              "non_striker": "KM Chingaipe",
              "runs": {
                "batter": 0,
                "extras": 3,
                "total": 3
              }
            },
            {
              "batter": "S Chinawa",
              "bowler": "TJ Mahe",
              "extras": {
                "wides": 1
              },
              "non_striker": "KM Chingaipe",
              "runs": {
                "batter": 0,
                "extras": 1,
                "total": 1
              }
            },
            {
              "batter": "S Chinawa",
              "bowler": "TJ Mahe",
              "non_striker": "KM Chingaipe",
              "runs": {
                "batter": 0,
                "extras": 0,
                "total": 0
              }
            },
            {
              "batter": "S Chinawa",
              "bowler": "TJ Mahe",
              "extras": {
                "wides": 1
              },
              "non_striker": "KM Chingaipe",
              "runs": {
                "batter": 0,
                "extras": 1,
                "total": 1
              }
            },
            {
              "batter": "S Chinawa",
              "bowler": "TJ Mahe",
              "non_striker": "KM Chingaipe",
              "runs": {
                "batter": 0,
                "extras": 0,
                "total": 0
              },
              "wickets": [
                {
                  "player_out": "S Chinawa",
                  "kind": "lbw"
                }
              ]
            },
            {
              "batter": "T Luka",
              "bowler": "TJ Mahe",
              "non_striker": "KM Chingaipe",
              "runs": {
                "batter": 0,
                "extras": 0,
                "total": 0
              }
            }
          ]
        },
        {
          "over": 2,
          "deliveries": [
            {
              "batter": "KM Chingaipe",
              "bowler": "R Limema",
              "extras": {
                "noballs": 1
              },
              "non_striker": "T Luka",
              "runs": {
                "batter": 0,
                "extras": 1,
                "total": 1
              }
            },
            {
              "batter": "KM Chingaipe",
              "bowler": "R Limema",
              "extras": {
                "byes": 1
              },
              "non_striker": "T Luka",
              "runs": {
                "batter": 0,
                "extras": 1,
                "total": 1
              }
            },
            {
              "batter": "T Luka",
              "bowler": "R Limema",
              "non_striker": "KM Chingaipe",
              "runs": {
                "batter": 2,
                "extras": 0,
                "total": 2
              }
            },
            {
              "batter": "T Luka",
              "bowler": "R Limema",
              "non_striker": "KM Chingaipe",
              "runs": {
                "batter": 0,
                "extras": 0,
                "total": 0
              }
            },
            {
              "batter": "T Luka",
              "bowler": "R Limema",
              "extras": {
                "wides": 1
              },
              "non_striker": "KM Chingaipe",
              "runs": {
                "batter": 0,
                "extras": 1,
                "total": 1
              }
            },
            {
              "batter": "T Luka",
              "bowler": "R Limema",
              "extras": {
                "wides": 1
              },
              "non_striker": "KM Chingaipe",
              "runs": {
                "batter": 0,
                "extras": 1,
                "total": 1
              }
            },
            {
              "batter": "T Luka",
              "bowler": "R Limema",
              "extras": {
                "wides": 1
              },
              "non_striker": "KM Chingaipe",
              "runs": {
                "batter": 0,
                "extras": 1,
                "total": 1
              }
            },
            {
              "batter": "T Luka",
              "bowler": "R Limema",
              "non_striker": "KM Chingaipe",
              "runs": {
                "batter": 0,
                "extras": 0,
                "total": 0
              }
            },
            {
              "batter": "T Luka",
              "bowler": "R Limema",
              "non_striker": "KM Chingaipe",
              "runs": {
                "batter": 0,
                "extras": 0,
                "total": 0
              }
            },
            {
              "batter": "T Luka",
              "bowler": "R Limema",
              "non_striker": "KM Chingaipe",
              "runs": {
                "batter": 0,
                "extras": 0,
                "total": 0
              }
            }
          ]
        },
        {
          "over": 3,
          "deliveries": [
            {
              "batter": "KM Chingaipe",
              "bowler": "TJ Mahe",
              "non_striker": "T Luka",
              "runs": {
                "batter": 0,
                "extras": 0,
                "total": 0
              }
            },
            {
              "batter": "KM Chingaipe",
              "bowler": "TJ Mahe",
              "non_striker": "T Luka",
              "runs": {
                "batter": 1,
                "extras": 0,
                "total": 1
              }
            },
            {
              "batter": "T Luka",
              "bowler": "TJ Mahe",
              "extras": {
                "wides": 1
              },
              "non_striker": "KM Chingaipe",
              "runs": {
                "batter": 0,
                "extras": 1,
                "total": 1
              }
            },
            {
              "batter": "T Luka",
              "bowler": "TJ Mahe",
              "non_striker": "KM Chingaipe",
              "runs": {
                "batter": 1,
                "extras": 0,
                "total": 1
              }
            },
            {
              "batter": "KM Chingaipe",
              "bowler": "TJ Mahe",
              "non_striker": "T Luka",
              "runs": {
                "batter": 0,
                "extras": 0,
                "total": 0
              }
            },
            {
              "batter": "KM Chingaipe",
              "bowler": "TJ Mahe",
              "extras": {
                "wides": 1
              },
              "non_striker": "T Luka",
              "runs": {
                "batter": 0,
                "extras": 1,
                "total": 1
              }
            },
            {
              "batter": "KM Chingaipe",
              "bowler": "TJ Mahe",
              "extras": {
                "noballs": 1
              },
              "non_striker": "T Luka",
              "runs": {
                "batter": 0,
                "extras": 1,
                "total": 1
              }
            },
            {
              "batter": "KM Chingaipe",
              "bowler": "TJ Mahe",
              "non_striker": "T Luka",
              "runs": {
                "batter": 1,
                "extras": 0,
                "total": 1
              }
            },
            {
              "batter": "T Luka",
              "bowler": "TJ Mahe",
              "extras": {
                "wides": 1
              },
              "non_striker": "KM Chingaipe",
              "runs": {
                "batter": 0,
                "extras": 1,
                "total": 1
              }
            },
            {
              "batter": "T Luka",
              "bowler": "TJ Mahe",
              "extras": {
                "noballs": 1
              },
              "non_striker": "KM Chingaipe",
              "runs": {
                "batter": 2,
                "extras": 1,
                "total": 3
              }
            },
            {
              "batter": "T Luka",
              "bowler": "TJ Mahe",
              "non_striker": "KM Chingaipe",
              "runs": {
                "batter": 1,
                "extras": 0,
                "total": 1
              }
            }
          ]
        },
        {
          "over": 4,
          "deliveries": [
            {
              "batter": "T Luka",
              "bowler": "R Limema",
              "non_striker": "KM Chingaipe",
              "runs": {
                "batter": 1,
                "extras": 0,
                "total": 1
              }
            },
            {
              "batter": "KM Chingaipe",
              "bowler": "R Limema",
              "non_striker": "T Luka",
              "runs": {
                "batter": 1,
                "extras": 0,
                "total": 1
              }
            },
            {
              "batter": "T Luka",
              "bowler": "R Limema",
              "extras": {
                "wides": 2
              },
              "non_striker": "KM Chingaipe",
              "runs": {
                "batter": 0,
                "extras": 2,
                "total": 2
              }
            },
            {
              "batter": "KM Chingaipe",
              "bowler": "R Limema",
              "non_striker": "T Luka",
              "runs": {
                "batter": 0,
                "extras": 0,
                "total": 0
              }
            },
            {
              "batter": "KM Chingaipe",
              "bowler": "R Limema",
              "extras": {
                "wides": 1
              },
              "non_striker": "T Luka",
              "runs": {
                "batter": 0,
                "extras": 1,
                "total": 1
              }
            },
            {
              "batter": "KM Chingaipe",
              "bowler": "R Limema",
              "non_striker": "T Luka",
              "runs": {
                "batter": 0,
                "extras": 0,
                "total": 0
              },
              "wickets": [
                {
                  "player_out": "KM Chingaipe",
                  "fielders": [
                    {
                      "name": "KM Molapo"
                    }
                  ],
                  "kind": "caught"
                }
              ]
            },
            {
              "batter": "LL Dimba",
              "bowler": "R Limema",
              "non_striker": "T Luka",
              "runs": {
                "batter": 0,
                "extras": 0,
                "total": 0
              }
            },
            {
              "batter": "LL Dimba",
              "bowler": "R Limema",
              "non_striker": "T Luka",
              "runs": {
                "batter": 1,
                "extras": 0,
                "total": 1
              }
            }
          ]
        },
        {
          "over": 5,
          "deliveries": [
            {
              "batter": "LL Dimba",
              "bowler": "MA Tsemane",
              "non_striker": "T Luka",
              "runs": {
                "batter": 1,
                "extras": 0,
                "total": 1
              }
            },
            {
              "batter": "T Luka",
              "bowler": "MA Tsemane",
              "extras": {
                "wides": 1
              },
              "non_striker": "LL Dimba",
              "runs": {
                "batter": 0,
                "extras": 1,
                "total": 1
              }
            },
            {
              "batter": "T Luka",
              "bowler": "MA Tsemane",
              "non_striker": "LL Dimba",
              "runs": {
                "batter": 2,
                "extras": 0,
                "total": 2
              }
            },
            {
              "batter": "T Luka",
              "bowler": "MA Tsemane",
              "non_striker": "LL Dimba",
              "runs": {
                "batter": 0,
                "extras": 0,
                "total": 0
              }
            },
            {
              "batter": "T Luka",
              "bowler": "MA Tsemane",
              "extras": {
                "wides": 1
              },
              "non_striker": "LL Dimba",
              "runs": {
                "batter": 0,
                "extras": 1,
                "total": 1
              }
            },
            {
              "batter": "T Luka",
              "bowler": "MA Tsemane",
              "non_striker": "LL Dimba",
              "runs": {
                "batter": 4,
                "extras": 0,
                "total": 4
              }
            },
            {
              "batter": "T Luka",
              "bowler": "MA Tsemane",
              "extras": {
                "wides": 1
              },
              "non_striker": "LL Dimba",
              "runs": {
                "batter": 0,
                "extras": 1,
                "total": 1
              }
            },
            {
              "batter": "T Luka",
              "bowler": "MA Tsemane",
              "non_striker": "LL Dimba",
              "runs": {
                "batter": 2,
                "extras": 0,
                "total": 2
              }
            },
            {
              "batter": "T Luka",
              "bowler": "MA Tsemane",
              "non_striker": "LL Dimba",
              "runs": {
                "batter": 0,
                "extras": 0,
                "total": 0
              }
            }
          ]
        },
        {
          "over": 6,
          "deliveries": [
            {
              "batter": "LL Dimba",
              "bowler": "NM Mokhachane",
              "non_striker": "T Luka",
              "runs": {
                "batter": 1,
                "extras": 0,
                "total": 1
              }
            },
            {
              "batter": "T Luka",
              "bowler": "NM Mokhachane",
              "non_striker": "LL Dimba",
              "runs": {
                "batter": 0,
                "extras": 0,
                "total": 0
              }
            },
            {
              "batter": "T Luka",
              "bowler": "NM Mokhachane",
              "extras": {
                "wides": 2
              },
              "non_striker": "LL Dimba",
              "runs": {
                "batter": 0,
                "extras": 2,
                "total": 2
              }
            },
            {
              "batter": "LL Dimba",
              "bowler": "NM Mokhachane",
              "extras": {
                "wides": 1
              },
              "non_striker": "T Luka",
              "runs": {
                "batter": 0,
                "extras": 1,
                "total": 1
              }
            },
            {
              "batter": "LL Dimba",
              "bowler": "NM Mokhachane",
              "non_striker": "T Luka",
              "runs": {
                "batter": 1,
                "extras": 0,
                "total": 1
              }
            },
            {
              "batter": "T Luka",
              "bowler": "NM Mokhachane",
              "non_striker": "LL Dimba",
              "runs": {
                "batter": 1,
                "extras": 0,
                "total": 1
              }
            },
            {
              "batter": "LL Dimba",
              "bowler": "NM Mokhachane",
              "non_striker": "T Luka",
              "runs": {
                "batter": 1,
                "extras": 0,
                "total": 1
              }
            },
            {
              "batter": "T Luka",
              "bowler": "NM Mokhachane",
              "extras": {
                "wides": 1
              },
              "non_striker": "LL Dimba",
              "runs": {
                "batter": 0,
                "extras": 1,
                "total": 1
              }
            },
            {
              "batter": "T Luka",
              "bowler": "NM Mokhachane",
              "extras": {
                "wides": 1
              },
              "non_striker": "LL Dimba",
              "runs": {
                "batter": 0,
                "extras": 1,
                "total": 1
              }
            },
            {
              "batter": "T Luka",
              "bowler": "NM Mokhachane",
              "non_striker": "LL Dimba",
              "runs": {
                "batter": 1,
                "extras": 0,
                "total": 1
              }
            }
          ]
        },
        {
          "over": 7,
          "deliveries": [
            {
              "batter": "T Luka",
              "bowler": "R Limema",
              "non_striker": "LL Dimba",
              "runs": {
                "batter": 0,
                "extras": 0,
                "total": 0
              }
            },
            {
              "batter": "T Luka",
              "bowler": "R Limema",
              "non_striker": "LL Dimba",
              "runs": {
                "batter": 2,
                "extras": 0,
                "total": 2
              }
            },
            {
              "batter": "T Luka",
              "bowler": "R Limema",
              "non_striker": "LL Dimba",
              "runs": {
                "batter": 0,
                "extras": 0,
                "total": 0
              }
            },
            {
              "batter": "T Luka",
              "bowler": "R Limema",
              "extras": {
                "wides": 1
              },
              "non_striker": "LL Dimba",
              "runs": {
                "batter": 0,
                "extras": 1,
                "total": 1
              }
            },
            {
              "batter": "T Luka",
              "bowler": "R Limema",
              "non_striker": "LL Dimba",
              "runs": {
                "batter": 1,
                "extras": 0,
                "total": 1
              }
            },
            {
              "batter": "LL Dimba",
              "bowler": "R Limema",
              "extras": {
                "wides": 1
              },
              "non_striker": "T Luka",
              "runs": {
                "batter": 0,
                "extras": 1,
                "total": 1
              }
            },
            {
              "batter": "LL Dimba",
              "bowler": "R Limema",
              "non_striker": "T Luka",
              "runs": {
                "batter": 1,
                "extras": 0,
                "total": 1
              }
            },
            {
              "batter": "T Luka",
              "bowler": "R Limema",
              "non_striker": "LL Dimba",
              "runs": {
                "batter": 0,
                "extras": 0,
                "total": 0
              }
            }
          ]
        },
        {
          "over": 8,
          "deliveries": [
            {
              "batter": "LL Dimba",
              "bowler": "MA Nyabela",
              "non_striker": "T Luka",
              "runs": {
                "batter": 0,
                "extras": 0,
                "total": 0
              }
            },
            {
              "batter": "LL Dimba",
              "bowler": "MA Nyabela",
              "non_striker": "T Luka",
              "runs": {
                "batter": 0,
                "extras": 0,
                "total": 0
              }
            },
            {
              "batter": "LL Dimba",
              "bowler": "MA Nyabela",
              "non_striker": "T Luka",
              "runs": {
                "batter": 1,
                "extras": 0,
                "total": 1
              }
            },
            {
              "batter": "T Luka",
              "bowler": "MA Nyabela",
              "non_striker": "LL Dimba",
              "runs": {
                "batter": 0,
                "extras": 0,
                "total": 0
              },
              "wickets": [
                {
                  "player_out": "T Luka",
                  "fielders": [
                    {
                      "name": "KM Molapo"
                    }
                  ],
                  "kind": "caught"
                }
              ]
            },
            {
              "batter": "S Kananji",
              "bowler": "MA Nyabela",
              "non_striker": "LL Dimba",
              "runs": {
                "batter": 1,
                "extras": 0,
                "total": 1
              }
            },
            {
              "batter": "LL Dimba",
              "bowler": "MA Nyabela",
              "extras": {
                "wides": 1
              },
              "non_striker": "S Kananji",
              "runs": {
                "batter": 0,
                "extras": 1,
                "total": 1
              }
            },
            {
              "batter": "LL Dimba",
              "bowler": "MA Nyabela",
              "non_striker": "S Kananji",
              "runs": {
                "batter": 4,
                "extras": 0,
                "total": 4
              }
            }
          ]
        },
        {
          "over": 9,
          "deliveries": [
            {
              "batter": "S Kananji",
              "bowler": "T Kobeli",
              "extras": {
                "noballs": 1
              },
              "non_striker": "LL Dimba",
              "runs": {
                "batter": 0,
                "extras": 1,
                "total": 1
              }
            },
            {
              "batter": "S Kananji",
              "bowler": "T Kobeli",
              "non_striker": "LL Dimba",
              "runs": {
                "batter": 1,
                "extras": 0,
                "total": 1
              }
            },
            {
              "batter": "LL Dimba",
              "bowler": "T Kobeli",
              "non_striker": "S Kananji",
              "runs": {
                "batter": 4,
                "extras": 0,
                "total": 4
              }
            },
            {
              "batter": "LL Dimba",
              "bowler": "T Kobeli",
              "non_striker": "S Kananji",
              "runs": {
                "batter": 2,
                "extras": 0,
                "total": 2
              }
            },
            {
              "batter": "LL Dimba",
              "bowler": "T Kobeli",
              "non_striker": "S Kananji",
              "runs": {
                "batter": 4,
                "extras": 0,
                "total": 4
              }
            },
            {
              "batter": "LL Dimba",
              "bowler": "T Kobeli",
              "non_striker": "S Kananji",
              "runs": {
                "batter": 1,
                "extras": 0,
                "total": 1
              }
            },
            {
              "batter": "S Kananji",
              "bowler": "T Kobeli",
              "non_striker": "LL Dimba",
              "runs": {
                "batter": 0,
                "extras": 0,
                "total": 0
              }
            }
          ]
        },
        {
          "over": 10,
          "deliveries": [
            {
              "batter": "LL Dimba",
              "bowler": "MA Nyabela",
              "non_striker": "S Kananji",
              "runs": {
                "batter": 0,
                "extras": 0,
                "total": 0
              }
            },
            {
              "batter": "LL Dimba",
              "bowler": "MA Nyabela",
              "non_striker": "S Kananji",
              "runs": {
                "batter": 0,
                "extras": 0,
                "total": 0
              }
            },
            {
              "batter": "LL Dimba",
              "bowler": "MA Nyabela",
              "non_striker": "S Kananji",
              "runs": {
                "batter": 4,
                "extras": 0,
                "total": 4
              }
            },
            {
              "batter": "LL Dimba",
              "bowler": "MA Nyabela",
              "non_striker": "S Kananji",
              "runs": {
                "batter": 4,
                "extras": 0,
                "total": 4
              }
            },
            {
              "batter": "LL Dimba",
              "bowler": "MA Nyabela",
              "non_striker": "S Kananji",
              "runs": {
                "batter": 0,
                "extras": 0,
                "total": 0
              }
            },
            {
              "batter": "LL Dimba",
              "bowler": "MA Nyabela",
              "non_striker": "S Kananji",
              "runs": {
                "batter": 1,
                "extras": 0,
                "total": 1
              }
            }
          ]
        },
        {
          "over": 11,
          "deliveries": [
            {
              "batter": "LL Dimba",
              "bowler": "T Kobeli",
              "non_striker": "S Kananji",
              "runs": {
                "batter": 1,
                "extras": 0,
                "total": 1
              }
            },
            {
              "batter": "S Kananji",
              "bowler": "T Kobeli",
              "non_striker": "LL Dimba",
              "runs": {
                "batter": 1,
                "extras": 0,
                "total": 1
              }
            },
            {
              "batter": "LL Dimba",
              "bowler": "T Kobeli",
              "non_striker": "S Kananji",
              "runs": {
                "batter": 4,
                "extras": 0,
                "total": 4
              }
            },
            {
              "batter": "LL Dimba",
              "bowler": "T Kobeli",
              "non_striker": "S Kananji",
              "runs": {
                "batter": 1,
                "extras": 0,
                "total": 1
              }
            },
            {
              "batter": "S Kananji",
              "bowler": "T Kobeli",
              "non_striker": "LL Dimba",
              "runs": {
                "batter": 1,
                "extras": 0,
                "total": 1
              }
            },
            {
              "batter": "LL Dimba",
              "bowler": "T Kobeli",
              "non_striker": "S Kananji",
              "runs": {
                "batter": 1,
                "extras": 0,
                "total": 1
              }
            }
          ]
        },
        {
          "over": 12,
          "deliveries": [
            {
              "batter": "LL Dimba",
              "bowler": "NM Mokhachane",
              "non_striker": "S Kananji",
              "runs": {
                "batter": 4,
                "extras": 0,
                "total": 4
              }
            },
            {
              "batter": "LL Dimba",
              "bowler": "NM Mokhachane",
              "extras": {
                "wides": 1
              },
              "non_striker": "S Kananji",
              "runs": {
                "batter": 0,
                "extras": 1,
                "total": 1
              }
            },
            {
              "batter": "LL Dimba",
              "bowler": "NM Mokhachane",
              "non_striker": "S Kananji",
              "runs": {
                "batter": 0,
                "extras": 0,
                "total": 0
              }
            },
            {
              "batter": "LL Dimba",
              "bowler": "NM Mokhachane",
              "extras": {
                "wides": 2
              },
              "non_striker": "S Kananji",
              "runs": {
                "batter": 0,
                "extras": 2,
                "total": 2
              }
            },
            {
              "batter": "S Kananji",
              "bowler": "NM Mokhachane",
              "extras": {
                "noballs": 1
              },
              "non_striker": "LL Dimba",
              "runs": {
                "batter": 4,
                "extras": 1,
                "total": 5
              }
            },
            {
              "batter": "S Kananji",
              "bowler": "NM Mokhachane",
              "non_striker": "LL Dimba",
              "runs": {
                "batter": 1,
                "extras": 0,
                "total": 1
              }
            },
            {
              "batter": "LL Dimba",
              "bowler": "NM Mokhachane",
              "non_striker": "S Kananji",
              "runs": {
                "batter": 1,
                "extras": 0,
                "total": 1
              }
            },
            {
              "batter": "S Kananji",
              "bowler": "NM Mokhachane",
              "non_striker": "LL Dimba",
              "runs": {
                "batter": 0,
                "extras": 0,
                "total": 0
              },
              "wickets": [
                {
                  "player_out": "S Kananji",
                  "fielders": [
                    {
                      "name": "TJ Mahe"
                    }
                  ],
                  "kind": "caught"
                }
              ]
            },
            {
              "batter": "F Malefula",
              "bowler": "NM Mokhachane",
              "non_striker": "LL Dimba",
              "runs": {
                "batter": 1,
                "extras": 0,
                "total": 1
              }
            }
          ]
        },
        {
          "over": 13,
          "deliveries": [
            {
              "batter": "F Malefula",
              "bowler": "MA Nyabela",
              "extras": {
                "noballs": 1
              },
              "non_striker": "LL Dimba",
              "runs": {
                "batter": 0,
                "extras": 1,
                "total": 1
              }
            },
            {
              "batter": "F Malefula",
              "bowler": "MA Nyabela",
              "non_striker": "LL Dimba",
              "runs": {
                "batter": 0,
                "extras": 0,
                "total": 0
              }
            },
            {
              "batter": "F Malefula",
              "bowler": "MA Nyabela",
              "non_striker": "LL Dimba",
              "runs": {
                "batter": 1,
                "extras": 0,
                "total": 1
              }
            },
            {
              "batter": "LL Dimba",
              "bowler": "MA Nyabela",
              "non_striker": "F Malefula",
              "runs": {
                "batter": 1,
                "extras": 0,
                "total": 1
              }
            },
            {
              "batter": "F Malefula",
              "bowler": "MA Nyabela",
              "non_striker": "LL Dimba",
              "runs": {
                "batter": 0,
                "extras": 0,
                "total": 0
              }
            },
            {
              "batter": "F Malefula",
              "bowler": "MA Nyabela",
              "non_striker": "LL Dimba",
              "runs": {
                "batter": 1,
                "extras": 0,
                "total": 1
              }
            },
            {
              "batter": "LL Dimba",
              "bowler": "MA Nyabela",
              "extras": {
                "noballs": 1
              },
              "non_striker": "F Malefula",
              "runs": {
                "batter": 4,
                "extras": 1,
                "total": 5
              }
            },
            {
              "batter": "LL Dimba",
              "bowler": "MA Nyabela",
              "non_striker": "F Malefula",
              "runs": {
                "batter": 1,
                "extras": 0,
                "total": 1
              }
            }
          ]
        },
        {
          "over": 14,
          "deliveries": [
            {
              "batter": "LL Dimba",
              "bowler": "TJ Mahe",
              "non_striker": "F Malefula",
              "runs": {
                "batter": 0,
                "extras": 0,
                "total": 0
              }
            },
            {
              "batter": "LL Dimba",
              "bowler": "TJ Mahe",
              "non_striker": "F Malefula",
              "runs": {
                "batter": 2,
                "extras": 0,
                "total": 2
              }
            },
            {
              "batter": "LL Dimba",
              "bowler": "TJ Mahe",
              "non_striker": "F Malefula",
              "runs": {
                "batter": 1,
                "extras": 0,
                "total": 1
              }
            },
            {
              "batter": "F Malefula",
              "bowler": "TJ Mahe",
              "non_striker": "LL Dimba",
              "runs": {
                "batter": 1,
                "extras": 0,
                "total": 1
              }
            },
            {
              "batter": "LL Dimba",
              "bowler": "TJ Mahe",
              "non_striker": "F Malefula",
              "runs": {
                "batter": 0,
                "extras": 0,
                "total": 0
              }
            },
            {
              "batter": "LL Dimba",
              "bowler": "TJ Mahe",
              "non_striker": "F Malefula",
              "runs": {
                "batter": 0,
                "extras": 0,
                "total": 0
              }
            }
          ]
        },
        {
          "over": 15,
          "deliveries": [
            {
              "batter": "F Malefula",
              "bowler": "MA Tsemane",
              "non_striker": "LL Dimba",
              "runs": {
                "batter": 1,
                "extras": 0,
                "total": 1
              }
            },
            {
              "batter": "LL Dimba",
              "bowler": "MA Tsemane",
              "non_striker": "F Malefula",
              "runs": {
                "batter": 1,
                "extras": 0,
                "total": 1
              }
            },
            {
              "batter": "F Malefula",
              "bowler": "MA Tsemane",
              "non_striker": "LL Dimba",
              "runs": {
                "batter": 2,
                "extras": 0,
                "total": 2
              }
            },
            {
              "batter": "F Malefula",
              "bowler": "MA Tsemane",
              "non_striker": "LL Dimba",
              "runs": {
                "batter": 2,
                "extras": 0,
                "total": 2
              }
            },
            {
              "batter": "F Malefula",
              "bowler": "MA Tsemane",
              "non_striker": "LL Dimba",
              "runs": {
                "batter": 2,
                "extras": 0,
                "total": 2
              }
            },
            {
              "batter": "F Malefula",
              "bowler": "MA Tsemane",
              "non_striker": "LL Dimba",
              "runs": {
                "batter": 0,
                "extras": 0,
                "total": 0
              }
            }
          ]
        },
        {
          "over": 16,
          "deliveries": [
            {
              "batter": "LL Dimba",
              "bowler": "T Kobeli",
              "non_striker": "F Malefula",
              "runs": {
                "batter": 4,
                "extras": 0,
                "total": 4
              }
            },
            {
              "batter": "LL Dimba",
              "bowler": "T Kobeli",
              "non_striker": "F Malefula",
              "runs": {
                "batter": 1,
                "extras": 0,
                "total": 1
              }
            },
            {
              "batter": "F Malefula",
              "bowler": "T Kobeli",
              "non_striker": "LL Dimba",
              "runs": {
                "batter": 2,
                "extras": 0,
                "total": 2
              }
            },
            {
              "batter": "F Malefula",
              "bowler": "T Kobeli",
              "non_striker": "LL Dimba",
              "runs": {
                "batter": 0,
                "extras": 0,
                "total": 0
              },
              "wickets": [
                {
                  "player_out": "F Malefula",
                  "kind": "bowled"
                }
              ]
            },
            {
              "batter": "M Kudimba",
              "bowler": "T Kobeli",
              "non_striker": "LL Dimba",
              "runs": {
                "batter": 0,
                "extras": 0,
                "total": 0
              }
            },
            {
              "batter": "M Kudimba",
              "bowler": "T Kobeli",
              "non_striker": "LL Dimba",
              "runs": {
                "batter": 0,
                "extras": 0,
                "total": 0
              }
            }
          ]
        },
        {
          "over": 17,
          "deliveries": [
            {
              "batter": "LL Dimba",
              "bowler": "MA Tsemane",
              "non_striker": "M Kudimba",
              "runs": {
                "batter": 2,
                "extras": 0,
                "total": 2
              }
            },
            {
              "batter": "LL Dimba",
              "bowler": "MA Tsemane",
              "non_striker": "M Kudimba",
              "runs": {
                "batter": 4,
                "extras": 0,
                "total": 4
              }
            },
            {
              "batter": "LL Dimba",
              "bowler": "MA Tsemane",
              "non_striker": "M Kudimba",
              "runs": {
                "batter": 4,
                "extras": 0,
                "total": 4
              }
            },
            {
              "batter": "LL Dimba",
              "bowler": "MA Tsemane",
              "non_striker": "M Kudimba",
              "runs": {
                "batter": 2,
                "extras": 0,
                "total": 2
              }
            },
            {
              "batter": "LL Dimba",
              "bowler": "MA Tsemane",
              "non_striker": "M Kudimba",
              "runs": {
                "batter": 0,
                "extras": 0,
                "total": 0
              }
            },
            {
              "batter": "LL Dimba",
              "bowler": "MA Tsemane",
              "non_striker": "M Kudimba",
              "runs": {
                "batter": 0,
                "extras": 0,
                "total": 0
              }
            }
          ]
        },
        {
          "over": 18,
          "deliveries": [
            {
              "batter": "M Kudimba",
              "bowler": "NM Mokhachane",
              "non_striker": "LL Dimba",
              "runs": {
                "batter": 4,
                "extras": 0,
                "total": 4
              }
            },
            {
              "batter": "M Kudimba",
              "bowler": "NM Mokhachane",
              "non_striker": "LL Dimba",
              "runs": {
                "batter": 1,
                "extras": 0,
                "total": 1
              }
            },
            {
              "batter": "LL Dimba",
              "bowler": "NM Mokhachane",
              "non_striker": "M Kudimba",
              "runs": {
                "batter": 1,
                "extras": 0,
                "total": 1
              }
            },
            {
              "batter": "M Kudimba",
              "bowler": "NM Mokhachane",
              "non_striker": "LL Dimba",
              "runs": {
                "batter": 1,
                "extras": 0,
                "total": 1
              }
            },
            {
              "batter": "LL Dimba",
              "bowler": "NM Mokhachane",
              "non_striker": "M Kudimba",
              "runs": {
                "batter": 1,
                "extras": 0,
                "total": 1
              }
            },
            {
              "batter": "M Kudimba",
              "bowler": "NM Mokhachane",
              "non_striker": "LL Dimba",
              "runs": {
                "batter": 4,
                "extras": 0,
                "total": 4
              }
            }
          ]
        },
        {
          "over": 19,
          "deliveries": [
            {
              "batter": "LL Dimba",
              "bowler": "TJ Mahe",
              "non_striker": "M Kudimba",
              "runs": {
                "batter": 1,
                "extras": 0,
                "total": 1
              }
            },
            {
              "batter": "M Kudimba",
              "bowler": "TJ Mahe",
              "non_striker": "LL Dimba",
              "runs": {
                "batter": 0,
                "extras": 0,
                "total": 0
              }
            },
            {
              "batter": "M Kudimba",
              "bowler": "TJ Mahe",
              "non_striker": "LL Dimba",
              "runs": {
                "batter": 4,
                "extras": 0,
                "total": 4
              }
            },
            {
              "batter": "M Kudimba",
              "bowler": "TJ Mahe",
              "non_striker": "LL Dimba",
              "runs": {
                "batter": 2,
                "extras": 0,
                "total": 2
              }
            },
            {
              "batter": "M Kudimba",
              "bowler": "TJ Mahe",
              "extras": {
                "legbyes": 1
              },
              "non_striker": "LL Dimba",
              "runs": {
                "batter": 0,
                "extras": 1,
                "total": 1
              }
            },
            {
              "batter": "LL Dimba",
              "bowler": "TJ Mahe",
              "non_striker": "M Kudimba",
              "runs": {
                "batter": 1,
                "extras": 0,
                "total": 1
              }
            }
          ]
        }
      ],
      "powerplays": [
        {
          "from": 0.1,
          "to": 5.9,
          "type": "mandatory"
        }
      ]
    },
    {
      "team": "Lesotho",
      "overs": [
        {
          "over": 0,
          "deliveries": [
            {
              "batter": "M Mokoatsela",
              "bowler": "KM Chingaipe",
              "non_striker": "KM Molapo",
              "runs": {
                "batter": 0,
                "extras": 0,
                "total": 0
              }
            },
            {
              "batter": "M Mokoatsela",
              "bowler": "KM Chingaipe",
              "non_striker": "KM Molapo",
              "runs": {
                "batter": 0,
                "extras": 0,
                "total": 0
              }
            },
            {
              "batter": "M Mokoatsela",
              "bowler": "KM Chingaipe",
              "non_striker": "KM Molapo",
              "runs": {
                "batter": 0,
                "extras": 0,
                "total": 0
              }
            },
            {
              "batter": "M Mokoatsela",
              "bowler": "KM Chingaipe",
              "non_striker": "KM Molapo",
              "runs": {
                "batter": 0,
                "extras": 0,
                "total": 0
              }
            },
            {
              "batter": "M Mokoatsela",
              "bowler": "KM Chingaipe",
              "non_striker": "KM Molapo",
              "runs": {
                "batter": 1,
                "extras": 0,
                "total": 1
              }
            },
            {
              "batter": "KM Molapo",
              "bowler": "KM Chingaipe",
              "non_striker": "M Mokoatsela",
              "runs": {
                "batter": 1,
                "extras": 0,
                "total": 1
              }
            }
          ]
        },
        {
          "over": 1,
          "deliveries": [
            {
              "batter": "KM Molapo",
              "bowler": "N Gumaliyele",
              "non_striker": "M Mokoatsela",
              "runs": {
                "batter": 1,
                "extras": 0,
                "total": 1
              }
            },
            {
              "batter": "M Mokoatsela",
              "bowler": "N Gumaliyele",
              "non_striker": "KM Molapo",
              "runs": {
                "batter": 1,
                "extras": 0,
                "total": 1
              }
            },
            {
              "batter": "KM Molapo",
              "bowler": "N Gumaliyele",
              "extras": {
                "wides": 1
              },
              "non_striker": "M Mokoatsela",
              "runs": {
                "batter": 0,
                "extras": 1,
                "total": 1
              }
            },
            {
              "batter": "KM Molapo",
              "bowler": "N Gumaliyele",
              "extras": {
                "wides": 1
              },
              "non_striker": "M Mokoatsela",
              "runs": {
                "batter": 0,
                "extras": 1,
                "total": 1
              }
            },
            {
              "batter": "KM Molapo",
              "bowler": "N Gumaliyele",
              "non_striker": "M Mokoatsela",
              "runs": {
                "batter": 0,
                "extras": 0,
                "total": 0
              }
            },
            {
              "batter": "KM Molapo",
              "bowler": "N Gumaliyele",
              "non_striker": "M Mokoatsela",
              "runs": {
                "batter": 0,
                "extras": 0,
                "total": 0
              }
            },
            {
              "batter": "KM Molapo",
              "bowler": "N Gumaliyele",
              "extras": {
                "wides": 2
              },
              "non_striker": "M Mokoatsela",
              "runs": {
                "batter": 0,
                "extras": 2,
                "total": 2
              }
            },
            {
              "batter": "M Mokoatsela",
              "bowler": "N Gumaliyele",
              "extras": {
                "noballs": 1
              },
              "non_striker": "KM Molapo",
              "runs": {
                "batter": 0,
                "extras": 1,
                "total": 1
              },
              "wickets": [
                {
                  "player_out": "M Mokoatsela",
                  "fielders": [
                    {
                      "name": "V Phiri"
                    }
                  ],
                  "kind": "run out"
                }
              ]
            },
            {
              "batter": "KM Molapo",
              "bowler": "N Gumaliyele",
              "non_striker": "MM Mabathoana",
              "runs": {
                "batter": 0,
                "extras": 0,
                "total": 0
              }
            },
            {
              "batter": "KM Molapo",
              "bowler": "N Gumaliyele",
              "non_striker": "MM Mabathoana",
              "runs": {
                "batter": 1,
                "extras": 0,
                "total": 1
              }
            }
          ]
        },
        {
          "over": 2,
          "deliveries": [
            {
              "batter": "KM Molapo",
              "bowler": "KM Chingaipe",
              "non_striker": "MM Mabathoana",
              "runs": {
                "batter": 0,
                "extras": 0,
                "total": 0
              }
            },
            {
              "batter": "KM Molapo",
              "bowler": "KM Chingaipe",
              "non_striker": "MM Mabathoana",
              "runs": {
                "batter": 0,
                "extras": 0,
                "total": 0
              }
            },
            {
              "batter": "KM Molapo",
              "bowler": "KM Chingaipe",
              "non_striker": "MM Mabathoana",
              "runs": {
                "batter": 0,
                "extras": 0,
                "total": 0
              }
            },
            {
              "batter": "KM Molapo",
              "bowler": "KM Chingaipe",
              "extras": {
                "wides": 1
              },
              "non_striker": "MM Mabathoana",
              "runs": {
                "batter": 0,
                "extras": 1,
                "total": 1
              }
            },
            {
              "batter": "KM Molapo",
              "bowler": "KM Chingaipe",
              "non_striker": "MM Mabathoana",
              "runs": {
                "batter": 1,
                "extras": 0,
                "total": 1
              }
            },
            {
              "batter": "MM Mabathoana",
              "bowler": "KM Chingaipe",
              "non_striker": "KM Molapo",
              "runs": {
                "batter": 0,
                "extras": 0,
                "total": 0
              }
            },
            {
              "batter": "MM Mabathoana",
              "bowler": "KM Chingaipe",
              "non_striker": "KM Molapo",
              "runs": {
                "batter": 0,
                "extras": 0,
                "total": 0
              }
            }
          ]
        },
        {
          "over": 3,
          "deliveries": [
            {
              "batter": "KM Molapo",
              "bowler": "N Gumaliyele",
              "non_striker": "MM Mabathoana",
              "runs": {
                "batter": 0,
                "extras": 0,
                "total": 0
              }
            },
            {
              "batter": "KM Molapo",
              "bowler": "N Gumaliyele",
              "extras": {
                "wides": 1
              },
              "non_striker": "MM Mabathoana",
              "runs": {
                "batter": 0,
                "extras": 1,
                "total": 1
              }
            },
            {
              "batter": "KM Molapo",
              "bowler": "N Gumaliyele",
              "non_striker": "MM Mabathoana",
              "runs": {
                "batter": 0,
                "extras": 0,
                "total": 0
              }
            },
            {
              "batter": "KM Molapo",
              "bowler": "N Gumaliyele",
              "non_striker": "MM Mabathoana",
              "runs": {
                "batter": 0,
                "extras": 0,
                "total": 0
              }
            },
            {
              "batter": "KM Molapo",
              "bowler": "N Gumaliyele",
              "non_striker": "MM Mabathoana",
              "runs": {
                "batter": 1,
                "extras": 0,
                "total": 1
              }
            },
            {
              "batter": "MM Mabathoana",
              "bowler": "N Gumaliyele",
              "non_striker": "KM Molapo",
              "runs": {
                "batter": 0,
                "extras": 0,
                "total": 0
              }
            },
            {
              "batter": "MM Mabathoana",
              "bowler": "N Gumaliyele",
              "non_striker": "KM Molapo",
              "runs": {
                "batter": 0,
                "extras": 0,
                "total": 0
              }
            }
          ]
        },
        {
          "over": 4,
          "deliveries": [
            {
              "batter": "KM Molapo",
              "bowler": "KM Chingaipe",
              "non_striker": "MM Mabathoana",
              "runs": {
                "batter": 1,
                "extras": 0,
                "total": 1
              }
            },
            {
              "batter": "MM Mabathoana",
              "bowler": "KM Chingaipe",
              "non_striker": "KM Molapo",
              "runs": {
                "batter": 0,
                "extras": 0,
                "total": 0
              }
            },
            {
              "batter": "MM Mabathoana",
              "bowler": "KM Chingaipe",
              "non_striker": "KM Molapo",
              "runs": {
                "batter": 1,
                "extras": 0,
                "total": 1
              }
            },
            {
              "batter": "KM Molapo",
              "bowler": "KM Chingaipe",
              "non_striker": "MM Mabathoana",
              "runs": {
                "batter": 0,
                "extras": 0,
                "total": 0
              }
            },
            {
              "batter": "KM Molapo",
              "bowler": "KM Chingaipe",
              "non_striker": "MM Mabathoana",
              "runs": {
                "batter": 0,
                "extras": 0,
                "total": 0
              }
            },
            {
              "batter": "KM Molapo",
              "bowler": "KM Chingaipe",
              "extras": {
                "wides": 1
              },
              "non_striker": "MM Mabathoana",
              "runs": {
                "batter": 0,
                "extras": 1,
                "total": 1
              }
            },
            {
              "batter": "KM Molapo",
              "bowler": "KM Chingaipe",
              "non_striker": "MM Mabathoana",
              "runs": {
                "batter": 1,
                "extras": 0,
                "total": 1
              }
            }
          ]
        },
        {
          "over": 5,
          "deliveries": [
            {
              "batter": "KM Molapo",
              "bowler": "V Phiri",
              "non_striker": "MM Mabathoana",
              "runs": {
                "batter": 1,
                "extras": 0,
                "total": 1
              }
            },
            {
              "batter": "MM Mabathoana",
              "bowler": "V Phiri",
              "non_striker": "KM Molapo",
              "runs": {
                "batter": 0,
                "extras": 0,
                "total": 0
              }
            },
            {
              "batter": "MM Mabathoana",
              "bowler": "V Phiri",
              "non_striker": "KM Molapo",
              "runs": {
                "batter": 1,
                "extras": 0,
                "total": 1
              }
            },
            {
              "batter": "MM Mabathoana",
              "bowler": "V Phiri",
              "non_striker": "KM Molapo",
              "runs": {
                "batter": 0,
                "extras": 0,
                "total": 0
              }
            },
            {
              "batter": "MM Mabathoana",
              "bowler": "V Phiri",
              "non_striker": "KM Molapo",
              "runs": {
                "batter": 0,
                "extras": 0,
                "total": 0
              }
            },
            {
              "batter": "MM Mabathoana",
              "bowler": "V Phiri",
              "non_striker": "KM Molapo",
              "runs": {
                "batter": 0,
                "extras": 0,
                "total": 0
              }
            }
          ]
        },
        {
          "over": 6,
          "deliveries": [
            {
              "batter": "KM Molapo",
              "bowler": "L Malino",
              "non_striker": "MM Mabathoana",
              "runs": {
                "batter": 4,
                "extras": 0,
                "total": 4
              }
            },
            {
              "batter": "KM Molapo",
              "bowler": "L Malino",
              "non_striker": "MM Mabathoana",
              "runs": {
                "batter": 0,
                "extras": 0,
                "total": 0
              },
              "wickets": [
                {
                  "player_out": "KM Molapo",
                  "fielders": [
                    {
                      "name": "M Kudimba"
                    }
                  ],
                  "kind": "stumped"
                }
              ]
            },
            {
              "batter": "TJ Mahe",
              "bowler": "L Malino",
              "non_striker": "MM Mabathoana",
              "runs": {
                "batter": 1,
                "extras": 0,
                "total": 1
              }
            },
            {
              "batter": "MM Mabathoana",
              "bowler": "L Malino",
              "non_striker": "TJ Mahe",
              "runs": {
                "batter": 0,
                "extras": 0,
                "total": 0
              }
            },
            {
              "batter": "MM Mabathoana",
              "bowler": "L Malino",
              "non_striker": "TJ Mahe",
              "runs": {
                "batter": 0,
                "extras": 0,
                "total": 0
              }
            },
            {
              "batter": "MM Mabathoana",
              "bowler": "L Malino",
              "non_striker": "TJ Mahe",
              "runs": {
                "batter": 0,
                "extras": 0,
                "total": 0
              }
            }
          ]
        },
        {
          "over": 7,
          "deliveries": [
            {
              "batter": "TJ Mahe",
              "bowler": "V Phiri",
              "non_striker": "MM Mabathoana",
              "runs": {
                "batter": 1,
                "extras": 0,
                "total": 1
              }
            },
            {
              "batter": "MM Mabathoana",
              "bowler": "V Phiri",
              "non_striker": "TJ Mahe",
              "runs": {
                "batter": 0,
                "extras": 0,
                "total": 0
              }
            },
            {
              "batter": "MM Mabathoana",
              "bowler": "V Phiri",
              "non_striker": "TJ Mahe",
              "runs": {
                "batter": 0,
                "extras": 0,
                "total": 0
              }
            },
            {
              "batter": "MM Mabathoana",
              "bowler": "V Phiri",
              "non_striker": "TJ Mahe",
              "runs": {
                "batter": 1,
                "extras": 0,
                "total": 1
              }
            },
            {
              "batter": "MM Mabathoana",
              "bowler": "V Phiri",
              "non_striker": "TJ Mahe",
              "runs": {
                "batter": 0,
                "extras": 0,
                "total": 0
              },
              "wickets": [
                {
                  "player_out": "MM Mabathoana",
                  "fielders": [
                    {
                      "name": "T Luka"
                    }
                  ],
                  "kind": "caught"
                }
              ]
            },
            {
              "batter": "T Kobeli",
              "bowler": "V Phiri",
              "non_striker": "TJ Mahe",
              "runs": {
                "batter": 1,
                "extras": 0,
                "total": 1
              }
            }
          ]
        },
        {
          "over": 8,
          "deliveries": [
            {
              "batter": "T Kobeli",
              "bowler": "L Malino",
              "non_striker": "TJ Mahe",
              "runs": {
                "batter": 0,
                "extras": 0,
                "total": 0
              }
            },
            {
              "batter": "T Kobeli",
              "bowler": "L Malino",
              "non_striker": "TJ Mahe",
              "runs": {
                "batter": 0,
                "extras": 0,
                "total": 0
              }
            },
            {
              "batter": "T Kobeli",
              "bowler": "L Malino",
              "non_striker": "TJ Mahe",
              "runs": {
                "batter": 0,
                "extras": 0,
                "total": 0
              }
            },
            {
              "batter": "T Kobeli",
              "bowler": "L Malino",
              "non_striker": "TJ Mahe",
              "runs": {
                "batter": 0,
                "extras": 0,
                "total": 0
              }
            },
            {
              "batter": "T Kobeli",
              "bowler": "L Malino",
              "non_striker": "TJ Mahe",
              "runs": {
                "batter": 0,
                "extras": 0,
                "total": 0
              }
            },
            {
              "batter": "T Kobeli",
              "bowler": "L Malino",
              "non_striker": "TJ Mahe",
              "runs": {
                "batter": 0,
                "extras": 0,
                "total": 0
              }
            }
          ]
        },
        {
          "over": 9,
          "deliveries": [
            {
              "batter": "TJ Mahe",
              "bowler": "V Phiri",
              "non_striker": "T Kobeli",
              "runs": {
                "batter": 0,
                "extras": 0,
                "total": 0
              }
            },
            {
              "batter": "TJ Mahe",
              "bowler": "V Phiri",
              "non_striker": "T Kobeli",
              "runs": {
                "batter": 2,
                "extras": 0,
                "total": 2
              }
            },
            {
              "batter": "TJ Mahe",
              "bowler": "V Phiri",
              "non_striker": "T Kobeli",
              "runs": {
                "batter": 0,
                "extras": 0,
                "total": 0
              }
            },
            {
              "batter": "TJ Mahe",
              "bowler": "V Phiri",
              "non_striker": "T Kobeli",
              "runs": {
                "batter": 0,
                "extras": 0,
                "total": 0
              },
              "wickets": [
                {
                  "player_out": "TJ Mahe",
                  "kind": "bowled"
                }
              ]
            },
            {
              "batter": "KC Phohlo",
              "bowler": "V Phiri",
              "non_striker": "T Kobeli",
              "runs": {
                "batter": 0,
                "extras": 0,
                "total": 0
              },
              "wickets": [
                {
                  "player_out": "KC Phohlo",
                  "kind": "bowled"
                }
              ]
            },
            {
              "batter": "P Pheko",
              "bowler": "V Phiri",
              "non_striker": "T Kobeli",
              "runs": {
                "batter": 0,
                "extras": 0,
                "total": 0
              }
            }
          ]
        },
        {
          "over": 10,
          "deliveries": [
            {
              "batter": "T Kobeli",
              "bowler": "L Malino",
              "non_striker": "P Pheko",
              "runs": {
                "batter": 0,
                "extras": 0,
                "total": 0
              }
            },
            {
              "batter": "T Kobeli",
              "bowler": "L Malino",
              "non_striker": "P Pheko",
              "runs": {
                "batter": 0,
                "extras": 0,
                "total": 0
              }
            },
            {
              "batter": "T Kobeli",
              "bowler": "L Malino",
              "non_striker": "P Pheko",
              "runs": {
                "batter": 0,
                "extras": 0,
                "total": 0
              }
            },
            {
              "batter": "T Kobeli",
              "bowler": "L Malino",
              "non_striker": "P Pheko",
              "runs": {
                "batter": 0,
                "extras": 0,
                "total": 0
              }
            },
            {
              "batter": "T Kobeli",
              "bowler": "L Malino",
              "non_striker": "P Pheko",
              "runs": {
                "batter": 1,
                "extras": 0,
                "total": 1
              }
            },
            {
              "batter": "P Pheko",
              "bowler": "L Malino",
              "non_striker": "T Kobeli",
              "runs": {
                "batter": 1,
                "extras": 0,
                "total": 1
              }
            }
          ]
        },
        {
          "over": 11,
          "deliveries": [
            {
              "batter": "P Pheko",
              "bowler": "V Phiri",
              "non_striker": "T Kobeli",
              "runs": {
                "batter": 0,
                "extras": 0,
                "total": 0
              }
            },
            {
              "batter": "P Pheko",
              "bowler": "V Phiri",
              "non_striker": "T Kobeli",
              "runs": {
                "batter": 2,
                "extras": 0,
                "total": 2
              }
            },
            {
              "batter": "P Pheko",
              "bowler": "V Phiri",
              "non_striker": "T Kobeli",
              "runs": {
                "batter": 0,
                "extras": 0,
                "total": 0
              },
              "wickets": [
                {
                  "player_out": "P Pheko",
                  "fielders": [
                    {
                      "name": "M Kudimba"
                    }
                  ],
                  "kind": "caught"
                }
              ]
            },
            {
              "batter": "MA Tsemane",
              "bowler": "V Phiri",
              "non_striker": "T Kobeli",
              "runs": {
                "batter": 0,
                "extras": 0,
                "total": 0
              }
            },
            {
              "batter": "MA Tsemane",
              "bowler": "V Phiri",
              "non_striker": "T Kobeli",
              "runs": {
                "batter": 0,
                "extras": 0,
                "total": 0
              }
            },
            {
              "batter": "MA Tsemane",
              "bowler": "V Phiri",
              "non_striker": "T Kobeli",
              "runs": {
                "batter": 0,
                "extras": 0,
                "total": 0
              }
            }
          ]
        },
        {
          "over": 12,
          "deliveries": [
            {
              "batter": "T Kobeli",
              "bowler": "L Malino",
              "non_striker": "MA Tsemane",
              "runs": {
                "batter": 0,
                "extras": 0,
                "total": 0
              }
            },
            {
              "batter": "T Kobeli",
              "bowler": "L Malino",
              "non_striker": "MA Tsemane",
              "runs": {
                "batter": 1,
                "extras": 0,
                "total": 1
              }
            },
            {
              "batter": "MA Tsemane",
              "bowler": "L Malino",
              "non_striker": "T Kobeli",
              "runs": {
                "batter": 0,
                "extras": 0,
                "total": 0
              }
            },
            {
              "batter": "MA Tsemane",
              "bowler": "L Malino",
              "non_striker": "T Kobeli",
              "runs": {
                "batter": 0,
                "extras": 0,
                "total": 0
              }
            },
            {
              "batter": "MA Tsemane",
              "bowler": "L Malino",
              "non_striker": "T Kobeli",
              "runs": {
                "batter": 0,
                "extras": 0,
                "total": 0
              }
            },
            {
              "batter": "MA Tsemane",
              "bowler": "L Malino",
              "non_striker": "T Kobeli",
              "runs": {
                "batter": 0,
                "extras": 0,
                "total": 0
              }
            }
          ]
        },
        {
          "over": 13,
          "deliveries": [
            {
              "batter": "T Kobeli",
              "bowler": "S Kananji",
              "non_striker": "MA Tsemane",
              "runs": {
                "batter": 1,
                "extras": 0,
                "total": 1
              }
            },
            {
              "batter": "MA Tsemane",
              "bowler": "S Kananji",
              "non_striker": "T Kobeli",
              "runs": {
                "batter": 0,
                "extras": 0,
                "total": 0
              },
              "wickets": [
                {
                  "player_out": "MA Tsemane",
                  "kind": "bowled"
                }
              ]
            },
            {
              "batter": "MA Nyabela",
              "bowler": "S Kananji",
              "non_striker": "T Kobeli",
              "runs": {
                "batter": 0,
                "extras": 0,
                "total": 0
              },
              "wickets": [
                {
                  "player_out": "MA Nyabela",
                  "kind": "caught and bowled"
                }
              ]
            },
            {
              "batter": "NM Mokhachane",
              "bowler": "S Kananji",
              "extras": {
                "byes": 4
              },
              "non_striker": "T Kobeli",
              "runs": {
                "batter": 0,
                "extras": 4,
                "total": 4
              }
            },
            {
              "batter": "NM Mokhachane",
              "bowler": "S Kananji",
              "extras": {
                "byes": 1
              },
              "non_striker": "T Kobeli",
              "runs": {
                "batter": 0,
                "extras": 1,
                "total": 1
              }
            },
            {
              "batter": "T Kobeli",
              "bowler": "S Kananji",
              "non_striker": "NM Mokhachane",
              "runs": {
                "batter": 0,
                "extras": 0,
                "total": 0
              }
            }
          ]
        },
        {
          "over": 14,
          "deliveries": [
            {
              "batter": "NM Mokhachane",
              "bowler": "T Mpandakwaya",
              "non_striker": "T Kobeli",
              "runs": {
                "batter": 1,
                "extras": 0,
                "total": 1
              }
            },
            {
              "batter": "T Kobeli",
              "bowler": "T Mpandakwaya",
              "non_striker": "NM Mokhachane",
              "runs": {
                "batter": 1,
                "extras": 0,
                "total": 1
              }
            },
            {
              "batter": "NM Mokhachane",
              "bowler": "T Mpandakwaya",
              "non_striker": "T Kobeli",
              "runs": {
                "batter": 0,
                "extras": 0,
                "total": 0
              }
            },
            {
              "batter": "NM Mokhachane",
              "bowler": "T Mpandakwaya",
              "non_striker": "T Kobeli",
              "runs": {
                "batter": 1,
                "extras": 0,
                "total": 1
              }
            },
            {
              "batter": "T Kobeli",
              "bowler": "T Mpandakwaya",
              "non_striker": "NM Mokhachane",
              "runs": {
                "batter": 0,
                "extras": 0,
                "total": 0
              }
            },
            {
              "batter": "T Kobeli",
              "bowler": "T Mpandakwaya",
              "non_striker": "NM Mokhachane",
              "runs": {
                "batter": 0,
                "extras": 0,
                "total": 0
              }
            }
          ]
        },
        {
          "over": 15,
          "deliveries": [
            {
              "batter": "NM Mokhachane",
              "bowler": "S Kananji",
              "non_striker": "T Kobeli",
              "runs": {
                "batter": 0,
                "extras": 0,
                "total": 0
              }
            },
            {
              "batter": "NM Mokhachane",
              "bowler": "S Kananji",
              "non_striker": "T Kobeli",
              "runs": {
                "batter": 0,
                "extras": 0,
                "total": 0
              }
            },
            {
              "batter": "NM Mokhachane",
              "bowler": "S Kananji",
              "non_striker": "T Kobeli",
              "runs": {
                "batter": 0,
                "extras": 0,
                "total": 0
              }
            },
            {
              "batter": "NM Mokhachane",
              "bowler": "S Kananji",
              "non_striker": "T Kobeli",
              "runs": {
                "batter": 1,
                "extras": 0,
                "total": 1
              }
            },
            {
              "batter": "T Kobeli",
              "bowler": "S Kananji",
              "extras": {
                "wides": 1
              },
              "non_striker": "NM Mokhachane",
              "runs": {
                "batter": 0,
                "extras": 1,
                "total": 1
              }
            },
            {
              "batter": "T Kobeli",
              "bowler": "S Kananji",
              "non_striker": "NM Mokhachane",
              "runs": {
                "batter": 1,
                "extras": 0,
                "total": 1
              }
            },
            {
              "batter": "NM Mokhachane",
              "bowler": "S Kananji",
              "extras": {
                "noballs": 1
              },
              "non_striker": "T Kobeli",
              "runs": {
                "batter": 0,
                "extras": 1,
                "total": 1
              }
            },
            {
              "batter": "NM Mokhachane",
              "bowler": "S Kananji",
              "non_striker": "T Kobeli",
              "runs": {
                "batter": 0,
                "extras": 0,
                "total": 0
              }
            }
          ]
        },
        {
          "over": 16,
          "deliveries": [
            {
              "batter": "T Kobeli",
              "bowler": "KM Chingaipe",
              "non_striker": "NM Mokhachane",
              "runs": {
                "batter": 0,
                "extras": 0,
                "total": 0
              }
            },
            {
              "batter": "T Kobeli",
              "bowler": "KM Chingaipe",
              "non_striker": "NM Mokhachane",
              "runs": {
                "batter": 0,
                "extras": 0,
                "total": 0
              }
            },
            {
              "batter": "T Kobeli",
              "bowler": "KM Chingaipe",
              "non_striker": "NM Mokhachane",
              "runs": {
                "batter": 0,
                "extras": 0,
                "total": 0
              }
            },
            {
              "batter": "T Kobeli",
              "bowler": "KM Chingaipe",
              "non_striker": "NM Mokhachane",
              "runs": {
                "batter": 4,
                "extras": 0,
                "total": 4
              }
            },
            {
              "batter": "T Kobeli",
              "bowler": "KM Chingaipe",
              "non_striker": "NM Mokhachane",
              "runs": {
                "batter": 0,
                "extras": 0,
                "total": 0
              }
            },
            {
              "batter": "T Kobeli",
              "bowler": "KM Chingaipe",
              "non_striker": "NM Mokhachane",
              "runs": {
                "batter": 0,
                "extras": 0,
                "total": 0
              },
              "wickets": [
                {
                  "player_out": "T Kobeli",
                  "kind": "bowled"
                }
              ]
            }
          ]
        },
        {
          "over": 17,
          "deliveries": [
            {
              "batter": "NM Mokhachane",
              "bowler": "S Kananji",
              "non_striker": "R Limema",
              "runs": {
                "batter": 0,
                "extras": 0,
                "total": 0
              }
            },
            {
              "batter": "NM Mokhachane",
              "bowler": "S Kananji",
              "non_striker": "R Limema",
              "runs": {
                "batter": 0,
                "extras": 0,
                "total": 0
              }
            },
            {
              "batter": "NM Mokhachane",
              "bowler": "S Kananji",
              "extras": {
                "wides": 1
              },
              "non_striker": "R Limema",
              "runs": {
                "batter": 0,
                "extras": 1,
                "total": 1
              }
            },
            {
              "batter": "NM Mokhachane",
              "bowler": "S Kananji",
              "non_striker": "R Limema",
              "runs": {
                "batter": 0,
                "extras": 0,
                "total": 0
              },
              "wickets": [
                {
                  "player_out": "NM Mokhachane",
                  "fielders": [
                    {
                      "name": "S Kananji"
                    },
                    {
                      "name": "V Phiri"
                    }
                  ],
                  "kind": "run out"
                }
              ]
            }
          ]
        }
      ],
      "powerplays": [
        {
          "from": 0.1,
          "to": 5.6,
          "type": "mandatory"
        }
      ],
      "target": {
        "overs": 20,
        "runs": 190
      }
    }
  ]
}