{
  "meta": {
    "data_version": "1.1.0",
    "created": "2023-09-13",
    "revision": 1
  },
  "info": {
    "balls_per_over": 6,
    "city": "Kuala Lumpur",
    "dates": [
      "2023-09-09"
    ],
    "event": {
      "name": "ICC Women's T20 World Cup Asia Region Qualifier",
      "stage": "Final"
    },
    "gender": "female",
    "match_type": "T20",
    "match_type_number": 1650,
    "officials": {
      "match_referees": [
        "M Nayyar"
      ],
      "reserve_umpires": [
        "LDVV Silva"
      ],
      "umpires": [
        "N Perera",
        "VG Rathi"
      ]
    },
    "outcome": {
      "winner": "United Arab Emirates",
      "by": {
        "runs": 6
      }
    },
    "overs": 20,
    "player_of_match": [
      "KKN Egodage"
    ],
    "players": {
      "United Arab Emirates": [
        "ER Oza",
        "Theertha Satish",
        "KKN Egodage",
        "Chaya Mughal",
        "Khushi Sharma",
        "Rinitha Rajith",
        "S Gokhale",
        "AS Patil",
        "Vaishnave Mahesh",
        "I Nandakumar",
        "S Kotte"
      ],
      "Thailand": [
        "S Khiaoto",
        "N Koncharoenkai",
        "R Kanoh",
        "N Boochatham",
        "C Sutthiruang",
        "N Chantam",
        "P Maya",
        "S Tippoch",
        "O Kamchomphu",
        "T Putthawong",
        "N Chaiwai"
      ]
    },
    "registry": {
      "people": {
        "AS Patil": "ca707bdc",
        "C Sutthiruang": "f6ddfe08",
        "Chaya Mughal": "77b26349",
        "ER Oza": "fdc6b34d",
        "I Nandakumar": "9f87d0f0",
        "KKN Egodage": "5bb904d4",
        "Khushi Sharma": "a259c414",
        "LDVV Silva": "6e226c31",
        "M Nayyar": "b7bccddb",
        "N Boochatham": "58acb320",
        "N Chaiwai": "0825e4b3",
        "N Chantam": "b5626ff7",
        "N Koncharoenkai": "82c78412",
        "N Perera": "129709f9",
        "O Kamchomphu": "519b872a",
        "P Maya": "72eada4c",
        "R Kanoh": "5959370f",
        "Rinitha Rajith": "36ba7f0b",
        "S Gokhale": "62653085",
        "S Khiaoto": "3ac854ca",
        "S Kotte": "6c8904c8",
        "S Tippoch": "9c4b58db",
        "T Putthawong": "23e3f2d6",
        "Theertha Satish": "ee3dcb3f",
        "VG Rathi": "144e5b16",
        "Vaishnave Mahesh": "31c56f40"
      }
    },
    "season": "2023",
    "team_type": "international",
    "teams": [
      "United Arab Emirates",
      "Thailand"
    ],
    "toss": {
      "decision": "bat",
      "winner": "United Arab Emirates"
    },
    "venue": "Bayuemas Oval, Kuala Lumpur"
  },
  "innings": [
    {
      "team": "United Arab Emirates",
      "overs": [
        {
          "over": 0,
          "deliveries": [
            {
              "batter": "ER Oza",
              "bowler": "C Sutthiruang",
              "non_striker": "Theertha Satish",
              "runs": {
                "batter": 2,
                "extras": 0,
                "total": 2
              }
            },
            {
              "batter": "ER Oza",
              "bowler": "C Sutthiruang",
              "non_striker": "Theertha Satish",
              "runs": {
                "batter": 0,
                "extras": 0,
                "total": 0
              }
            },
            {
              "batter": "ER Oza",
              "bowler": "C Sutthiruang",
              "extras": {
                "wides": 1
              },
              "non_striker": "Theertha Satish",
              "runs": {
                "batter": 0,
                "extras": 1,
                "total": 1
              }
            },
            {
              "batter": "ER Oza",
              "bowler": "C Sutthiruang",
              "non_striker": "Theertha Satish",
              "runs": {
                "batter": 0,
                "extras": 0,
                "total": 0
              }
            },
            {
              "batter": "ER Oza",
              "bowler": "C Sutthiruang",
              "non_striker": "Theertha Satish",
              "runs": {
                "batter": 0,
                "extras": 0,
                "total": 0
              },
              "wickets": [
                {
                  "player_out": "ER Oza",
                  "kind": "bowled"
                }
              ]
            },
            {
              "batter": "KKN Egodage",
              "bowler": "C Sutthiruang",
              "non_striker": "Theertha Satish",
              "runs": {
                "batter": 0,
                "extras": 0,
                "total": 0
              }
            },
            {
              "batter": "KKN Egodage",
              "bowler": "C Sutthiruang",
              "non_striker": "Theertha Satish",
              "runs": {
                "batter": 0,
                "extras": 0,
                "total": 0
              }
            }
          ]
        },
        {
          "over": 1,
          "deliveries": [
            {
              "batter": "Theertha Satish",
              "bowler": "P Maya",
              "non_striker": "KKN Egodage",
              "runs": {
                "batter": 0,
                "extras": 0,
                "total": 0
              }
            },
            {
              "batter": "Theertha Satish",
              "bowler": "P Maya",
              "non_striker": "KKN Egodage",
              "runs": {
                "batter": 2,
                "extras": 0,
                "total": 2
              }
            },
            {
              "batter": "Theertha Satish",
              "bowler": "P Maya",
              "non_striker": "KKN Egodage",
              "runs": {
                "batter": 0,
                "extras": 0,
                "total": 0
              }
            },
            {
              "batter": "Theertha Satish",
              "bowler": "P Maya",
              "non_striker": "KKN Egodage",
              "runs": {
                "batter": 1,
                "extras": 0,
                "total": 1
              }
            },
            {
              "batter": "KKN Egodage",
              "bowler": "P Maya",
              "non_striker": "Theertha Satish",
              "runs": {
                "batter": 1,
                "extras": 0,
                "total": 1
              }
            },
            {
              "batter": "Theertha Satish",
              "bowler": "P Maya",
              "extras": {
                "wides": 1
              },
              "non_striker": "KKN Egodage",
              "runs": {
                "batter": 0,
                "extras": 1,
                "total": 1
              }
            },
            {
              "batter": "Theertha Satish",
              "bowler": "P Maya",
              "non_striker": "KKN Egodage",
              "runs": {
                "batter": 0,
                "extras": 0,
                "total": 0
              }
            }
          ]
        },
        {
          "over": 2,
          "deliveries": [
            {
              "batter": "KKN Egodage",
              "bowler": "C Sutthiruang",
              "non_striker": "Theertha Satish",
              "runs": {
                "batter": 0,
                "extras": 0,
                "total": 0
              }
            },
            {
              "batter": "KKN Egodage",
              "bowler": "C Sutthiruang",
              "non_striker": "Theertha Satish",
              "runs": {
                "batter": 0,
                "extras": 0,
                "total": 0
              }
            },
            {
              "batter": "KKN Egodage",
              "bowler": "C Sutthiruang",
              "non_striker": "Theertha Satish",
              "runs": {
                "batter": 0,
                "extras": 0,
                "total": 0
              }
            },
            {
              "batter": "KKN Egodage",
              "bowler": "C Sutthiruang",
              "non_striker": "Theertha Satish",
              "runs": {
                "batter": 0,
                "extras": 0,
                "total": 0
              }
            },
            {
              "batter": "KKN Egodage",
              "bowler": "C Sutthiruang",
              "non_striker": "Theertha Satish",
              "runs": {
                "batter": 1,
                "extras": 0,
                "total": 1
              }
            },
            {
              "batter": "Theertha Satish",
              "bowler": "C Sutthiruang",
              "non_striker": "KKN Egodage",
              "runs": {
                "batter": 0,
                "extras": 0,
                "total": 0
              }
            }
          ]
        },
        {
          "over": 3,
          "deliveries": [
            {
              "batter": "KKN Egodage",
              "bowler": "N Boochatham",
              "non_striker": "Theertha Satish",
              "runs": {
                "batter": 0,
                "extras": 0,
                "total": 0
              }
            },
            {
              "batter": "KKN Egodage",
              "bowler": "N Boochatham",
              "non_striker": "Theertha Satish",
              "runs": {
                "batter": 0,
                "extras": 0,
                "total": 0
              }
            },
            {
              "batter": "KKN Egodage",
              "bowler": "N Boochatham",
              "extras": {
                "wides": 1
              },
              "non_striker": "Theertha Satish",
              "runs": {
                "batter": 0,
                "extras": 1,
                "total": 1
              }
            },
            {
              "batter": "KKN Egodage",
              "bowler": "N Boochatham",
              "non_striker": "Theertha Satish",
              "runs": {
                "batter": 2,
                "extras": 0,
                "total": 2
              }
            },
            {
              "batter": "KKN Egodage",
              "bowler": "N Boochatham",
              "non_striker": "Theertha Satish",
              "runs": {
                "batter": 1,
                "extras": 0,
                "total": 1
              }
            },
            {
              "batter": "Theertha Satish",
              "bowler": "N Boochatham",
              "non_striker": "KKN Egodage",
              "runs": {
                "batter": 1,
                "extras": 0,
                "total": 1
              }
            },
            {
              "batter": "KKN Egodage",
              "bowler": "N Boochatham",
              "non_striker": "Theertha Satish",
              "runs": {
                "batter": 0,
                "extras": 0,
                "total": 0
              }
            }
          ]
        },
        {
          "over": 4,
          "deliveries": [
            {
              "batter": "Theertha Satish",
              "bowler": "C Sutthiruang",
              "non_striker": "KKN Egodage",
              "runs": {
                "batter": 1,
                "extras": 0,
                "total": 1
              }
            },
            {
              "batter": "KKN Egodage",
              "bowler": "C Sutthiruang",
              "non_striker": "Theertha Satish",
              "runs": {
                "batter": 0,
                "extras": 0,
                "total": 0
              }
            },
            {
              "batter": "KKN Egodage",
              "bowler": "C Sutthiruang",
              "non_striker": "Theertha Satish",
              "runs": {
                "batter": 1,
                "extras": 0,
                "total": 1
              }
            },
            {
              "batter": "Theertha Satish",
              "bowler": "C Sutthiruang",
              "non_striker": "KKN Egodage",
              "runs": {
                "batter": 0,
                "extras": 0,
                "total": 0
              }
            },
            {
              "batter": "Theertha Satish",
              "bowler": "C Sutthiruang",
              "non_striker": "KKN Egodage",
              "runs": {
                "batter": 4,
                "extras": 0,
                "total": 4
              }
            },
            {
              "batter": "Theertha Satish",
              "bowler": "C Sutthiruang",
              "non_striker": "KKN Egodage",
              "runs": {
                "batter": 0,
                "extras": 0,
                "total": 0
              }
            }
          ]
        },
        {
          "over": 5,
          "deliveries": [
            {
              "batter": "KKN Egodage",
              "bowler": "N Boochatham",
              "extras": {
                "legbyes": 1
              },
              "non_striker": "Theertha Satish",
              "runs": {
                "batter": 0,
                "extras": 1,
                "total": 1
              }
            },
            {
              "batter": "Theertha Satish",
              "bowler": "N Boochatham",
              "non_striker": "KKN Egodage",
              "runs": {
                "batter": 0,
                "extras": 0,
                "total": 0
              }
            },
            {
              "batter": "Theertha Satish",
              "bowler": "N Boochatham",
              "non_striker": "KKN Egodage",
              "runs": {
                "batter": 0,
                "extras": 0,
                "total": 0
              }
            },
            {
              "batter": "Theertha Satish",
              "bowler": "N Boochatham",
              "non_striker": "KKN Egodage",
              "runs": {
                "batter": 1,
                "extras": 0,
                "total": 1
              }
            },
            {
              "batter": "KKN Egodage",
              "bowler": "N Boochatham",
              "non_striker": "Theertha Satish",
              "runs": {
                "batter": 0,
                "extras": 0,
                "total": 0
              }
            },
            {
              "batter": "KKN Egodage",
              "bowler": "N Boochatham",
              "non_striker": "Theertha Satish",
              "runs": {
                "batter": 0,
                "extras": 0,
                "total": 0
              },
              "wickets": [
                {
                  "player_out": "KKN Egodage",
                  "kind": "lbw"
                }
              ]
            }
          ]
        },
        {
          "over": 6,
          "deliveries": [
            {
              "batter": "Theertha Satish",
              "bowler": "T Putthawong",
              "non_striker": "Chaya Mughal",
              "runs": {
                "batter": 0,
                "extras": 0,
                "total": 0
              }
            },
            {
              "batter": "Theertha Satish",
              "bowler": "T Putthawong",
              "non_striker": "Chaya Mughal",
              "runs": {
                "batter": 1,
                "extras": 0,
                "total": 1
              }
            },
            {
              "batter": "Chaya Mughal",
              "bowler": "T Putthawong",
              "non_striker": "Theertha Satish",
              "runs": {
                "batter": 0,
                "extras": 0,
                "total": 0
              }
            },
            {
              "batter": "Chaya Mughal",
              "bowler": "T Putthawong",
              "non_striker": "Theertha Satish",
              "runs": {
                "batter": 0,
                "extras": 0,
                "total": 0
              }
            },
            {
              "batter": "Chaya Mughal",
              "bowler": "T Putthawong",
              "non_striker": "Theertha Satish",
              "runs": {
                "batter": 0,
                "extras": 0,
                "total": 0
              }
            },
            {
              "batter": "Chaya Mughal",
              "bowler": "T Putthawong",
              "non_striker": "Theertha Satish",
              "runs": {
                "batter": 1,
                "extras": 0,
                "total": 1
              }
            }
          ]
        },
        {
          "over": 7,
          "deliveries": [
            {
              "batter": "Chaya Mughal",
              "bowler": "N Boochatham",
              "non_striker": "Theertha Satish",
              "runs": {
                "batter": 0,
                "extras": 0,
                "total": 0
              }
            },
            {
              "batter": "Chaya Mughal",
              "bowler": "N Boochatham",
              "non_striker": "Theertha Satish",
              "runs": {
                "batter": 0,
                "extras": 0,
                "total": 0
              }
            },
            {
              "batter": "Chaya Mughal",
              "bowler": "N Boochatham",
              "non_striker": "Theertha Satish",
              "runs": {
                "batter": 0,
                "extras": 0,
                "total": 0
              }
            },
            {
              "batter": "Chaya Mughal",
              "bowler": "N Boochatham",
              "non_striker": "Theertha Satish",
              "runs": {
                "batter": 2,
                "extras": 0,
                "total": 2
              }
            },
            {
              "batter": "Chaya Mughal",
              "bowler": "N Boochatham",
              "non_striker": "Theertha Satish",
              "runs": {
                "batter": 0,
                "extras": 0,
                "total": 0
              }
            },
            {
              "batter": "Chaya Mughal",
              "bowler": "N Boochatham",
              "non_striker": "Theertha Satish",
              "runs": {
                "batter": 1,
                "extras": 0,
                "total": 1
              }
            }
          ]
        },
        {
          "over": 8,
          "deliveries": [
            {
              "batter": "Chaya Mughal",
              "bowler": "T Putthawong",
              "non_striker": "Theertha Satish",
              "runs": {
                "batter": 0,
                "extras": 0,
                "total": 0
              }
            },
            {
              "batter": "Chaya Mughal",
              "bowler": "T Putthawong",
              "non_striker": "Theertha Satish",
              "runs": {
                "batter": 1,
                "extras": 0,
                "total": 1
              }
            },
            {
              "batter": "Theertha Satish",
              "bowler": "T Putthawong",
              "non_striker": "Chaya Mughal",
              "runs": {
                "batter": 1,
                "extras": 0,
                "total": 1
              }
            },
            {
              "batter": "Chaya Mughal",
              "bowler": "T Putthawong",
              "non_striker": "Theertha Satish",
              "runs": {
                "batter": 0,
                "extras": 0,
                "total": 0
              }
            },
            {
              "batter": "Chaya Mughal",
              "bowler": "T Putthawong",
              "non_striker": "Theertha Satish",
              "runs": {
                "batter": 4,
                "extras": 0,
                "total": 4
              }
            },
            {
              "batter": "Chaya Mughal",
              "bowler": "T Putthawong",
              "non_striker": "Theertha Satish",
              "runs": {
                "batter": 0,
                "extras": 0,
                "total": 0
              }
            }
          ]
        },
        {
          "over": 9,
          "deliveries": [
            {
              "batter": "Theertha Satish",
              "bowler": "O Kamchomphu",
              "non_striker": "Chaya Mughal",
              "runs": {
                "batter": 0,
                "extras": 0,
                "total": 0
              }
            },
            {
              "batter": "Theertha Satish",
              "bowler": "O Kamchomphu",
              "non_striker": "Chaya Mughal",
              "runs": {
                "batter": 0,
                "extras": 0,
                "total": 0
              }
            },
            {
              "batter": "Theertha Satish",
              "bowler": "O Kamchomphu",
              "non_striker": "Chaya Mughal",
              "runs": {
                "batter": 0,
                "extras": 0,
                "total": 0
              }
            },
            {
              "batter": "Theertha Satish",
              "bowler": "O Kamchomphu",
              "non_striker": "Chaya Mughal",
              "runs": {
                "batter": 0,
                "extras": 0,
                "total": 0
              }
            },
            {
              "batter": "Theertha Satish",
              "bowler": "O Kamchomphu",
              "non_striker": "Chaya Mughal",
              "runs": {
                "batter": 0,
                "extras": 0,
                "total": 0
              }
            },
            {
              "batter": "Theertha Satish",
              "bowler": "O Kamchomphu",
              "non_striker": "Chaya Mughal",
              "runs": {
                "batter": 0,
                "extras": 0,
                "total": 0
              }
            }
          ]
        },
        {
          "over": 10,
          "deliveries": [
            {
              "batter": "Chaya Mughal",
              "bowler": "T Putthawong",
              "extras": {
                "legbyes": 1
              },
              "non_striker": "Theertha Satish",
              "runs": {
                "batter": 0,
                "extras": 1,
                "total": 1
              }
            },
            {
              "batter": "Theertha Satish",
              "bowler": "T Putthawong",
              "non_striker": "Chaya Mughal",
              "runs": {
                "batter": 0,
                "extras": 0,
                "total": 0
              }
            },
            {
              "batter": "Theertha Satish",
              "bowler": "T Putthawong",
              "non_striker": "Chaya Mughal",
              "runs": {
                "batter": 4,
                "extras": 0,
                "total": 4
              }
            },
            {
              "batter": "Theertha Satish",
              "bowler": "T Putthawong",
              "non_striker": "Chaya Mughal",
              "runs": {
                "batter": 4,
                "extras": 0,
                "total": 4
              }
            },
            {
              "batter": "Theertha Satish",
              "bowler": "T Putthawong",
              "non_striker": "Chaya Mughal",
              "runs": {
                "batter": 0,
                "extras": 0,
                "total": 0
              }
            },
            {
              "batter": "Theertha Satish",
              "bowler": "T Putthawong",
              "non_striker": "Chaya Mughal",
              "runs": {
                "batter": 0,
                "extras": 0,
                "total": 0
              }
            }
          ]
        },
        {
          "over": 11,
          "deliveries": [
            {
              "batter": "Chaya Mughal",
              "bowler": "O Kamchomphu",
              "non_striker": "Theertha Satish",
              "runs": {
                "batter": 0,
                "extras": 0,
                "total": 0
              },
              "wickets": [
                {
                  "player_out": "Chaya Mughal",
                  "fielders": [
                    {
                      "name": "N Chantam"
                    }
                  ],
                  "kind": "caught"
                }
              ]
            },
            {
              "batter": "Khushi Sharma",
              "bowler": "O Kamchomphu",
              "non_striker": "Theertha Satish",
              "runs": {
                "batter": 1,
                "extras": 0,
                "total": 1
              }
            },
            {
              "batter": "Theertha Satish",
              "bowler": "O Kamchomphu",
              "non_striker": "Khushi Sharma",
              "runs": {
                "batter": 1,
                "extras": 0,
                "total": 1
              }
            },
            {
              "batter": "Khushi Sharma",
              "bowler": "O Kamchomphu",
              "non_striker": "Theertha Satish",
              "runs": {
                "batter": 0,
                "extras": 0,
                "total": 0
              }
            },
            {
              "batter": "Khushi Sharma",
              "bowler": "O Kamchomphu",
              "non_striker": "Theertha Satish",
              "runs": {
                "batter": 0,
                "extras": 0,
                "total": 0
              }
            },
            {
              "batter": "Khushi Sharma",
              "bowler": "O Kamchomphu",
              "non_striker": "Theertha Satish",
              "runs": {
                "batter": 0,
                "extras": 0,
                "total": 0
              }
            }
          ]
        },
        {
          "over": 12,
          "deliveries": [
            {
              "batter": "Theertha Satish",
              "bowler": "P Maya",
              "non_striker": "Khushi Sharma",
              "runs": {
                "batter": 1,
                "extras": 0,
                "total": 1
              }
            },
            {
              "batter": "Khushi Sharma",
              "bowler": "P Maya",
              "non_striker": "Theertha Satish",
              "runs": {
                "batter": 0,
                "extras": 0,
                "total": 0
              }
            },
            {
              "batter": "Khushi Sharma",
              "bowler": "P Maya",
              "non_striker": "Theertha Satish",
              "runs": {
                "batter": 0,
                "extras": 0,
                "total": 0
              }
            },
            {
              "batter": "Khushi Sharma",
              "bowler": "P Maya",
              "non_striker": "Theertha Satish",
              "runs": {
                "batter": 1,
                "extras": 0,
                "total": 1
              }
            },
            {
              "batter": "Theertha Satish",
              "bowler": "P Maya",
              "non_striker": "Khushi Sharma",
              "runs": {
                "batter": 0,
                "extras": 0,
                "total": 0
              }
            },
            {
              "batter": "Theertha Satish",
              "bowler": "P Maya",
              "non_striker": "Khushi Sharma",
              "runs": {
                "batter": 1,
                "extras": 0,
                "total": 1
              }
            }
          ]
        },
        {
          "over": 13,
          "deliveries": [
            {
              "batter": "Theertha Satish",
              "bowler": "O Kamchomphu",
              "non_striker": "Khushi Sharma",
              "runs": {
                "batter": 0,
                "extras": 0,
                "total": 0
              },
              "wickets": [
                {
                  "player_out": "Theertha Satish",
                  "fielders": [
                    {
                      "name": "R Kanoh"
                    }
                  ],
                  "kind": "caught"
                }
              ]
            },
            {
              "batter": "Rinitha Rajith",
              "bowler": "O Kamchomphu",
              "non_striker": "Khushi Sharma",
              "runs": {
                "batter": 0,
                "extras": 0,
                "total": 0
              }
            },
            {
              "batter": "Rinitha Rajith",
              "bowler": "O Kamchomphu",
              "non_striker": "Khushi Sharma",
              "runs": {
                "batter": 0,
                "extras": 0,
                "total": 0
              }
            },
            {
              "batter": "Rinitha Rajith",
              "bowler": "O Kamchomphu",
              "non_striker": "Khushi Sharma",
              "runs": {
                "batter": 0,
                "extras": 0,
                "total": 0
              }
            },
            {
              "batter": "Rinitha Rajith",
              "bowler": "O Kamchomphu",
              "non_striker": "Khushi Sharma",
              "runs": {
                "batter": 0,
                "extras": 0,
                "total": 0
              }
            },
            {
              "batter": "Rinitha Rajith",
              "bowler": "O Kamchomphu",
              "non_striker": "Khushi Sharma",
              "runs": {
                "batter": 0,
                "extras": 0,
                "total": 0
              }
            }
          ]
        },
        {
          "over": 14,
          "deliveries": [
            {
              "batter": "Khushi Sharma",
              "bowler": "S Tippoch",
              "non_striker": "Rinitha Rajith",
              "runs": {
                "batter": 1,
                "extras": 0,
                "total": 1
              }
            },
            {
              "batter": "Rinitha Rajith",
              "bowler": "S Tippoch",
              "non_striker": "Khushi Sharma",
              "runs": {
                "batter": 0,
                "extras": 0,
                "total": 0
              }
            },
            {
              "batter": "Rinitha Rajith",
              "bowler": "S Tippoch",
              "non_striker": "Khushi Sharma",
              "runs": {
                "batter": 0,
                "extras": 0,
                "total": 0
              }
            },
            {
              "batter": "Rinitha Rajith",
              "bowler": "S Tippoch",
              "non_striker": "Khushi Sharma",
              "runs": {
                "batter": 1,
                "extras": 0,
                "total": 1
              }
            },
            {
              "batter": "Khushi Sharma",
              "bowler": "S Tippoch",
              "non_striker": "Rinitha Rajith",
              "runs": {
                "batter": 2,
                "extras": 0,
                "total": 2
              }
            },
            {
              "batter": "Khushi Sharma",
              "bowler": "S Tippoch",
              "non_striker": "Rinitha Rajith",
              "runs": {
                "batter": 1,
                "extras": 0,
                "total": 1
              }
            }
          ]
        },
        {
          "over": 15,
          "deliveries": [
            {
              "batter": "Khushi Sharma",
              "bowler": "O Kamchomphu",
              "non_striker": "Rinitha Rajith",
              "runs": {
                "batter": 1,
                "extras": 0,
                "total": 1
              }
            },
            {
              "batter": "Rinitha Rajith",
              "bowler": "O Kamchomphu",
              "non_striker": "Khushi Sharma",
              "runs": {
                "batter": 1,
                "extras": 0,
                "total": 1
              }
            },
            {
              "batter": "Khushi Sharma",
              "bowler": "O Kamchomphu",
              "non_striker": "Rinitha Rajith",
              "runs": {
                "batter": 0,
                "extras": 0,
                "total": 0
              },
              "wickets": [
                {
                  "player_out": "Khushi Sharma",
                  "fielders": [
                    {
                      "name": "S Khiaoto"
                    }
                  ],
                  "kind": "caught"
                }
              ]
            },
            {
              "batter": "S Gokhale",
              "bowler": "O Kamchomphu",
              "non_striker": "Rinitha Rajith",
              "runs": {
                "batter": 0,
                "extras": 0,
                "total": 0
              }
            },
            {
              "batter": "S Gokhale",
              "bowler": "O Kamchomphu",
              "non_striker": "Rinitha Rajith",
              "runs": {
                "batter": 1,
                "extras": 0,
                "total": 1
              }
            },
            {
              "batter": "Rinitha Rajith",
              "bowler": "O Kamchomphu",
              "non_striker": "S Gokhale",
              "runs": {
                "batter": 1,
                "extras": 0,
                "total": 1
              }
            }
          ]
        },
        {
          "over": 16,
          "deliveries": [
            {
              "batter": "Rinitha Rajith",
              "bowler": "S Tippoch",
              "non_striker": "S Gokhale",
              "runs": {
                "batter": 1,
                "extras": 0,
                "total": 1
              }
            },
            {
              "batter": "S Gokhale",
              "bowler": "S Tippoch",
              "non_striker": "Rinitha Rajith",
              "runs": {
                "batter": 0,
                "extras": 0,
                "total": 0
              }
            },
            {
              "batter": "S Gokhale",
              "bowler": "S Tippoch",
              "non_striker": "Rinitha Rajith",
              "runs": {
                "batter": 0,
                "extras": 0,
                "total": 0
              }
            },
            {
              "batter": "S Gokhale",
              "bowler": "S Tippoch",
              "non_striker": "Rinitha Rajith",
              "runs": {
                "batter": 0,
                "extras": 0,
                "total": 0
              }
            },
            {
              "batter": "S Gokhale",
              "bowler": "S Tippoch",
              "non_striker": "Rinitha Rajith",
              "runs": {
                "batter": 0,
                "extras": 0,
                "total": 0
              },
              "wickets": [
                {
                  "player_out": "S Gokhale",
                  "kind": "lbw"
                }
              ]
            },
            {
              "batter": "AS Patil",
              "bowler": "S Tippoch",
              "non_striker": "Rinitha Rajith",
              "runs": {
                "batter": 0,
                "extras": 0,
                "total": 0
              }
            }
          ]
        },
        {
          "over": 17,
          "deliveries": [
            {
              "batter": "Rinitha Rajith",
              "bowler": "T Putthawong",
              "non_striker": "AS Patil",
              "runs": {
                "batter": 1,
                "extras": 0,
                "total": 1
              }
            },
            {
              "batter": "AS Patil",
              "bowler": "T Putthawong",
              "non_striker": "Rinitha Rajith",
              "runs": {
                "batter": 0,
                "extras": 0,
                "total": 0
              },
              "wickets": [
                {
                  "player_out": "AS Patil",
                  "fielders": [
                    {
                      "name": "N Boochatham"
                    }
                  ],
                  "kind": "caught"
                }
              ]
            },
            {
              "batter": "Vaishnave Mahesh",
              "bowler": "T Putthawong",
              "non_striker": "Rinitha Rajith",
              "runs": {
                "batter": 0,
                "extras": 0,
                "total": 0
              }
            },
            {
              "batter": "Vaishnave Mahesh",
              "bowler": "T Putthawong",
              "non_striker": "Rinitha Rajith",
              "runs": {
                "batter": 0,
                "extras": 0,
                "total": 0
              }
            },
            {
              "batter": "Vaishnave Mahesh",
              "bowler": "T Putthawong",
              "non_striker": "Rinitha Rajith",
              "runs": {
                "batter": 0,
                "extras": 0,
                "total": 0
              }
            },
            {
              "batter": "Vaishnave Mahesh",
              "bowler": "T Putthawong",
              "non_striker": "Rinitha Rajith",
              "runs": {
                "batter": 0,
                "extras": 0,
                "total": 0
              }
            }
          ]
        },
        {
          "over": 18,
          "deliveries": [
            {
              "batter": "Rinitha Rajith",
              "bowler": "C Sutthiruang",
              "non_striker": "Vaishnave Mahesh",
              "runs": {
                "batter": 1,
                "extras": 0,
                "total": 1
              }
            },
            {
              "batter": "Vaishnave Mahesh",
              "bowler": "C Sutthiruang",
              "non_striker": "Rinitha Rajith",
              "runs": {
                "batter": 2,
                "extras": 0,
                "total": 2
              }
            },
            {
              "batter": "Vaishnave Mahesh",
              "bowler": "C Sutthiruang",
              "non_striker": "Rinitha Rajith",
              "runs": {
                "batter": 1,
                "extras": 0,
                "total": 1
              }
            },
            {
              "batter": "Rinitha Rajith",
              "bowler": "C Sutthiruang",
              "non_striker": "Vaishnave Mahesh",
              "runs": {
                "batter": 0,
                "extras": 0,
                "total": 0
              }
            },
            {
              "batter": "Rinitha Rajith",
              "bowler": "C Sutthiruang",
              "non_striker": "Vaishnave Mahesh",
              "runs": {
                "batter": 4,
                "extras": 0,
                "total": 4
              }
            },
            {
              "batter": "Rinitha Rajith",
              "bowler": "C Sutthiruang",
              "non_striker": "Vaishnave Mahesh",
              "runs": {
                "batter": 0,
                "extras": 0,
                "total": 0
              }
            }
          ]
        },
        {
          "over": 19,
          "deliveries": [
            {
              "batter": "Vaishnave Mahesh",
              "bowler": "N Boochatham",
              "extras": {
                "wides": 1
              },
              "non_striker": "Rinitha Rajith",
              "runs": {
                "batter": 0,
                "extras": 1,
                "total": 1
              }
            },
            {
              "batter": "Vaishnave Mahesh",
              "bowler": "N Boochatham",
              "non_striker": "Rinitha Rajith",
              "runs": {
                "batter": 0,
                "extras": 0,
                "total": 0
              },
              "wickets": [
                {
                  "player_out": "Vaishnave Mahesh",
                  "kind": "lbw"
                }
              ]
            },
            {
              "batter": "I Nandakumar",
              "bowler": "N Boochatham",
              "non_striker": "Rinitha Rajith",
              "runs": {
                "batter": 0,
                "extras": 0,
                "total": 0
              }
            },
            {
              "batter": "I Nandakumar",
              "bowler": "N Boochatham",
              "non_striker": "Rinitha Rajith",
              "runs": {
                "batter": 0,
                "extras": 0,
                "total": 0
              },
              "wickets": [
                {
                  "player_out": "Rinitha Rajith",
                  "fielders": [
                    {
                      "name": "N Boochatham"
                    }
                  ],
                  "kind": "run out"
                }
              ]
            },
            {
              "batter": "I Nandakumar",
              "bowler": "N Boochatham",
              "non_striker": "S Kotte",
              "runs": {
                "batter": 0,
                "extras": 0,
                "total": 0
              }
            },
            {
              "batter": "I Nandakumar",
              "bowler": "N Boochatham",
              "non_striker": "S Kotte",
              "runs": {
                "batter": 1,
                "extras": 0,
                "total": 1
              }
            },
            {
              "batter": "S Kotte",
              "bowler": "N Boochatham",
              "extras": {
                "byes": 2
              },
              "non_striker": "I Nandakumar",
              "runs": {
                "batter": 0,
                "extras": 2,
                "total": 2
              }
            }
          ]
        }
      ],
      "powerplays": [
        {
          "from": 0.1,
          "to": 5.6,
          "type": "mandatory"
        }
      ]
    },
    {
      "team": "Thailand",
      "absent_hurt": [
        "N Chaiwai"
      ],
      "overs": [
        {
          "over": 0,
          "deliveries": [
            {
              "batter": "S Khiaoto",
              "bowler": "I Nandakumar",
              "non_striker": "N Koncharoenkai",
              "runs": {
                "batter": 1,
                "extras": 0,
                "total": 1
              }
            },
            {
              "batter": "N Koncharoenkai",
              "bowler": "I Nandakumar",
              "non_striker": "S Khiaoto",
              "runs": {
                "batter": 0,
                "extras": 0,
                "total": 0
              }
            },
            {
              "batter": "N Koncharoenkai",
              "bowler": "I Nandakumar",
              "non_striker": "S Khiaoto",
              "runs": {
                "batter": 0,
                "extras": 0,
                "total": 0
              }
            },
            {
              "batter": "N Koncharoenkai",
              "bowler": "I Nandakumar",
              "non_striker": "S Khiaoto",
              "runs": {
                "batter": 0,
                "extras": 0,
                "total": 0
              }
            },
            {
              "batter": "N Koncharoenkai",
              "bowler": "I Nandakumar",
              "non_striker": "S Khiaoto",
              "runs": {
                "batter": 2,
                "extras": 0,
                "total": 2
              }
            },
            {
              "batter": "N Koncharoenkai",
              "bowler": "I Nandakumar",
              "non_striker": "S Khiaoto",
              "runs": {
                "batter": 0,
                "extras": 0,
                "total": 0
              }
            }
          ]
        },
        {
          "over": 1,
          "deliveries": [
            {
              "batter": "S Khiaoto",
              "bowler": "Chaya Mughal",
              "non_striker": "N Koncharoenkai",
              "runs": {
                "batter": 1,
                "extras": 0,
                "total": 1
              }
            },
            {
              "batter": "N Koncharoenkai",
              "bowler": "Chaya Mughal",
              "non_striker": "S Khiaoto",
              "runs": {
                "batter": 4,
                "extras": 0,
                "total": 4
              }
            },
            {
              "batter": "N Koncharoenkai",
              "bowler": "Chaya Mughal",
              "non_striker": "S Khiaoto",
              "runs": {
                "batter": 1,
                "extras": 0,
                "total": 1
              }
            },
            {
              "batter": "S Khiaoto",
              "bowler": "Chaya Mughal",
              "non_striker": "N Koncharoenkai",
              "runs": {
                "batter": 1,
                "extras": 0,
                "total": 1
              }
            },
            {
              "batter": "N Koncharoenkai",
              "bowler": "Chaya Mughal",
              "non_striker": "S Khiaoto",
              "runs": {
                "batter": 1,
                "extras": 0,
                "total": 1
              }
            },
            {
              "batter": "S Khiaoto",
              "bowler": "Chaya Mughal",
              "non_striker": "N Koncharoenkai",
              "runs": {
                "batter": 0,
                "extras": 0,
                "total": 0
              }
            }
          ]
        },
        {
          "over": 2,
          "deliveries": [
            {
              "batter": "N Koncharoenkai",
              "bowler": "I Nandakumar",
              "non_striker": "S Khiaoto",
              "runs": {
                "batter": 0,
                "extras": 0,
                "total": 0
              }
            },
            {
              "batter": "N Koncharoenkai",
              "bowler": "I Nandakumar",
              "non_striker": "S Khiaoto",
              "runs": {
                "batter": 1,
                "extras": 0,
                "total": 1
              }
            },
            {
              "batter": "S Khiaoto",
              "bowler": "I Nandakumar",
              "non_striker": "N Koncharoenkai",
              "runs": {
                "batter": 0,
                "extras": 0,
                "total": 0
              }
            },
            {
              "batter": "S Khiaoto",
              "bowler": "I Nandakumar",
              "non_striker": "N Koncharoenkai",
              "runs": {
                "batter": 0,
                "extras": 0,
                "total": 0
              }
            },
            {
              "batter": "S Khiaoto",
              "bowler": "I Nandakumar",
              "non_striker": "N Koncharoenkai",
              "runs": {
                "batter": 2,
                "extras": 0,
                "total": 2
              }
            },
            {
              "batter": "S Khiaoto",
              "bowler": "I Nandakumar",
              "non_striker": "N Koncharoenkai",
              "runs": {
                "batter": 0,
                "extras": 0,
                "total": 0
              }
            }
          ]
        },
        {
          "over": 3,
          "deliveries": [
            {
              "batter": "N Koncharoenkai",
              "bowler": "S Kotte",
              "non_striker": "S Khiaoto",
              "runs": {
                "batter": 0,
                "extras": 0,
                "total": 0
              }
            },
            {
              "batter": "N Koncharoenkai",
              "bowler": "S Kotte",
              "non_striker": "S Khiaoto",
              "runs": {
                "batter": 1,
                "extras": 0,
                "total": 1
              }
            },
            {
              "batter": "S Khiaoto",
              "bowler": "S Kotte",
              "non_striker": "N Koncharoenkai",
              "runs": {
                "batter": 0,
                "extras": 0,
                "total": 0
              }
            },
            {
              "batter": "S Khiaoto",
              "bowler": "S Kotte",
              "non_striker": "N Koncharoenkai",
              "runs": {
                "batter": 0,
                "extras": 0,
                "total": 0
              }
            },
            {
              "batter": "S Khiaoto",
              "bowler": "S Kotte",
              "non_striker": "N Koncharoenkai",
              "runs": {
                "batter": 0,
                "extras": 0,
                "total": 0
              }
            },
            {
              "batter": "S Khiaoto",
              "bowler": "S Kotte",
              "non_striker": "N Koncharoenkai",
              "runs": {
                "batter": 1,
                "extras": 0,
                "total": 1
              }
            }
          ]
        },
        {
          "over": 4,
          "deliveries": [
            {
              "batter": "S Khiaoto",
              "bowler": "I Nandakumar",
              "non_striker": "N Koncharoenkai",
              "runs": {
                "batter": 1,
                "extras": 0,
                "total": 1
              }
            },
            {
              "batter": "N Koncharoenkai",
              "bowler": "I Nandakumar",
              "non_striker": "S Khiaoto",
              "runs": {
                "batter": 0,
                "extras": 0,
                "total": 0
              }
            },
            {
              "batter": "N Koncharoenkai",
              "bowler": "I Nandakumar",
              "non_striker": "S Khiaoto",
              "runs": {
                "batter": 1,
                "extras": 0,
                "total": 1
              }
            },
            {
              "batter": "S Khiaoto",
              "bowler": "I Nandakumar",
              "non_striker": "N Koncharoenkai",
              "runs": {
                "batter": 0,
                "extras": 0,
                "total": 0
              }
            },
            {
              "batter": "S Khiaoto",
              "bowler": "I Nandakumar",
              "non_striker": "N Koncharoenkai",
              "runs": {
                "batter": 0,
                "extras": 0,
                "total": 0
              },
              "wickets": [
                {
                  "player_out": "S Khiaoto",
                  "kind": "bowled"
                }
              ]
            },
            {
              "batter": "R Kanoh",
              "bowler": "I Nandakumar",
              "non_striker": "N Koncharoenkai",
              "runs": {
                "batter": 1,
                "extras": 0,
                "total": 1
              }
            }
          ]
        },
        {
          "over": 5,
          "deliveries": [
            {
              "batter": "R Kanoh",
              "bowler": "S Kotte",
              "non_striker": "N Koncharoenkai",
              "runs": {
                "batter": 0,
                "extras": 0,
                "total": 0
              }
            },
            {
              "batter": "R Kanoh",
              "bowler": "S Kotte",
              "non_striker": "N Koncharoenkai",
              "runs": {
                "batter": 0,
                "extras": 0,
                "total": 0
              }
            },
            {
              "batter": "R Kanoh",
              "bowler": "S Kotte",
              "non_striker": "N Koncharoenkai",
              "runs": {
                "batter": 0,
                "extras": 0,
                "total": 0
              }
            },
            {
              "batter": "R Kanoh",
              "bowler": "S Kotte",
              "non_striker": "N Koncharoenkai",
              "runs": {
                "batter": 0,
                "extras": 0,
                "total": 0
              }
            },
            {
              "batter": "R Kanoh",
              "bowler": "S Kotte",
              "non_striker": "N Koncharoenkai",
              "runs": {
                "batter": 0,
                "extras": 0,
                "total": 0
              }
            },
            {
              "batter": "R Kanoh",
              "bowler": "S Kotte",
              "non_striker": "N Koncharoenkai",
              "runs": {
                "batter": 0,
                "extras": 0,
                "total": 0
              }
            }
          ]
        },
        {
          "over": 6,
          "deliveries": [
            {
              "batter": "N Koncharoenkai",
              "bowler": "Vaishnave Mahesh",
              "extras": {
                "wides": 1
              },
              "non_striker": "R Kanoh",
              "runs": {
                "batter": 0,
                "extras": 1,
                "total": 1
              }
            },
            {
              "batter": "N Koncharoenkai",
              "bowler": "Vaishnave Mahesh",
              "non_striker": "R Kanoh",
              "runs": {
                "batter": 1,
                "extras": 0,
                "total": 1
              }
            },
            {
              "batter": "R Kanoh",
              "bowler": "Vaishnave Mahesh",
              "non_striker": "N Koncharoenkai",
              "runs": {
                "batter": 1,
                "extras": 0,
                "total": 1
              }
            },
            {
              "batter": "N Koncharoenkai",
              "bowler": "Vaishnave Mahesh",
              "non_striker": "R Kanoh",
              "runs": {
                "batter": 0,
                "extras": 0,
                "total": 0
              },
              "wickets": [
                {
                  "player_out": "N Koncharoenkai",
                  "fielders": [
                    {
                      "name": "Theertha Satish"
                    }
                  ],
                  "kind": "stumped"
                }
              ]
            },
            {
              "batter": "N Boochatham",
              "bowler": "Vaishnave Mahesh",
              "non_striker": "R Kanoh",
              "runs": {
                "batter": 0,
                "extras": 0,
                "total": 0
              }
            },
            {
              "batter": "N Boochatham",
              "bowler": "Vaishnave Mahesh",
              "non_striker": "R Kanoh",
              "runs": {
                "batter": 0,
                "extras": 0,
                "total": 0
              }
            },
            {
              "batter": "N Boochatham",
              "bowler": "Vaishnave Mahesh",
              "non_striker": "R Kanoh",
              "runs": {
                "batter": 0,
                "extras": 0,
                "total": 0
              }
            }
          ]
        },
        {
          "over": 7,
          "deliveries": [
            {
              "batter": "R Kanoh",
              "bowler": "S Kotte",
              "non_striker": "N Boochatham",
              "runs": {
                "batter": 0,
                "extras": 0,
                "total": 0
              }
            },
            {
              "batter": "R Kanoh",
              "bowler": "S Kotte",
              "non_striker": "N Boochatham",
              "runs": {
                "batter": 1,
                "extras": 0,
                "total": 1
              }
            },
            {
              "batter": "N Boochatham",
              "bowler": "S Kotte",
              "non_striker": "R Kanoh",
              "runs": {
                "batter": 0,
                "extras": 0,
                "total": 0
              }
            },
            {
              "batter": "N Boochatham",
              "bowler": "S Kotte",
              "non_striker": "R Kanoh",
              "runs": {
                "batter": 0,
                "extras": 0,
                "total": 0
              },
              "wickets": [
                {
                  "player_out": "N Boochatham",
                  "kind": "bowled"
                }
              ]
            },
            {
              "batter": "C Sutthiruang",
              "bowler": "S Kotte",
              "non_striker": "R Kanoh",
              "runs": {
                "batter": 0,
                "extras": 0,
                "total": 0
              }
            },
            {
              "batter": "C Sutthiruang",
              "bowler": "S Kotte",
              "non_striker": "R Kanoh",
              "runs": {
                "batter": 0,
                "extras": 0,
                "total": 0
              }
            }
          ]
        },
        {
          "over": 8,
          "deliveries": [
            {
              "batter": "R Kanoh",
              "bowler": "Vaishnave Mahesh",
              "non_striker": "C Sutthiruang",
              "runs": {
                "batter": 1,
                "extras": 0,
                "total": 1
              }
            },
            {
              "batter": "C Sutthiruang",
              "bowler": "Vaishnave Mahesh",
              "non_striker": "R Kanoh",
              "runs": {
                "batter": 0,
                "extras": 0,
                "total": 0
              }
            },
            {
              "batter": "C Sutthiruang",
              "bowler": "Vaishnave Mahesh",
              "non_striker": "R Kanoh",
              "runs": {
                "batter": 0,
                "extras": 0,
                "total": 0
              }
            },
            {
              "batter": "C Sutthiruang",
              "bowler": "Vaishnave Mahesh",
              "non_striker": "R Kanoh",
              "runs": {
                "batter": 4,
                "extras": 0,
                "total": 4
              }
            },
            {
              "batter": "C Sutthiruang",
              "bowler": "Vaishnave Mahesh",
              "non_striker": "R Kanoh",
              "runs": {
                "batter": 0,
                "extras": 0,
                "total": 0
              }
            },
            {
              "batter": "C Sutthiruang",
              "bowler": "Vaishnave Mahesh",
              "non_striker": "R Kanoh",
              "runs": {
                "batter": 1,
                "extras": 0,
                "total": 1
              }
            }
          ]
        },
        {
          "over": 9,
          "deliveries": [
            {
              "batter": "C Sutthiruang",
              "bowler": "ER Oza",
              "non_striker": "R Kanoh",
              "runs": {
                "batter": 1,
                "extras": 0,
                "total": 1
              }
            },
            {
              "batter": "R Kanoh",
              "bowler": "ER Oza",
              "non_striker": "C Sutthiruang",
              "runs": {
                "batter": 4,
                "extras": 0,
                "total": 4
              }
            },
            {
              "batter": "R Kanoh",
              "bowler": "ER Oza",
              "non_striker": "C Sutthiruang",
              "runs": {
                "batter": 0,
                "extras": 0,
                "total": 0
              },
              "wickets": [
                {
                  "player_out": "R Kanoh",
                  "kind": "caught and bowled"
                }
              ]
            },
            {
              "batter": "N Chantam",
              "bowler": "ER Oza",
              "non_striker": "C Sutthiruang",
              "runs": {
                "batter": 4,
                "extras": 0,
                "total": 4
              }
            },
            {
              "batter": "N Chantam",
              "bowler": "ER Oza",
              "non_striker": "C Sutthiruang",
              "runs": {
                "batter": 2,
                "extras": 0,
                "total": 2
              }
            },
            {
              "batter": "N Chantam",
              "bowler": "ER Oza",
              "non_striker": "C Sutthiruang",
              "runs": {
                "batter": 1,
                "extras": 0,
                "total": 1
              }
            }
          ]
        },
        {
          "over": 10,
          "deliveries": [
            {
              "batter": "N Chantam",
              "bowler": "Vaishnave Mahesh",
              "non_striker": "C Sutthiruang",
              "runs": {
                "batter": 1,
                "extras": 0,
                "total": 1
              }
            },
            {
              "batter": "C Sutthiruang",
              "bowler": "Vaishnave Mahesh",
              "non_striker": "N Chantam",
              "runs": {
                "batter": 0,
                "extras": 0,
                "total": 0
              }
            },
            {
              "batter": "C Sutthiruang",
              "bowler": "Vaishnave Mahesh",
              "non_striker": "N Chantam",
              "runs": {
                "batter": 2,
                "extras": 0,
                "total": 2
              }
            },
            {
              "batter": "C Sutthiruang",
              "bowler": "Vaishnave Mahesh",
              "non_striker": "N Chantam",
              "runs": {
                "batter": 0,
                "extras": 0,
                "total": 0
              }
            },
            {
              "batter": "C Sutthiruang",
              "bowler": "Vaishnave Mahesh",
              "non_striker": "N Chantam",
              "runs": {
                "batter": 0,
                "extras": 0,
                "total": 0
              }
            },
            {
              "batter": "C Sutthiruang",
              "bowler": "Vaishnave Mahesh",
              "non_striker": "N Chantam",
              "runs": {
                "batter": 0,
                "extras": 0,
                "total": 0
              },
              "wickets": [
                {
                  "player_out": "C Sutthiruang",
                  "kind": "bowled"
                }
              ]
            }
          ]
        },
        {
          "over": 11,
          "deliveries": [
            {
              "batter": "N Chantam",
              "bowler": "S Kotte",
              "non_striker": "P Maya",
              "runs": {
                "batter": 0,
                "extras": 0,
                "total": 0
              }
            },
            {
              "batter": "N Chantam",
              "bowler": "S Kotte",
              "non_striker": "P Maya",
              "runs": {
                "batter": 0,
                "extras": 0,
                "total": 0
              }
            },
            {
              "batter": "N Chantam",
              "bowler": "S Kotte",
              "non_striker": "P Maya",
              "runs": {
                "batter": 0,
                "extras": 0,
                "total": 0
              }
            },
            {
              "batter": "N Chantam",
              "bowler": "S Kotte",
              "non_striker": "P Maya",
              "runs": {
                "batter": 0,
                "extras": 0,
                "total": 0
              }
            },
            {
              "batter": "N Chantam",
              "bowler": "S Kotte",
              "non_striker": "P Maya",
              "runs": {
                "batter": 1,
                "extras": 0,
                "total": 1
              }
            },
            {
              "batter": "P Maya",
              "bowler": "S Kotte",
              "non_striker": "N Chantam",
              "runs": {
                "batter": 0,
                "extras": 0,
                "total": 0
              }
            }
          ]
        },
        {
          "over": 12,
          "deliveries": [
            {
              "batter": "N Chantam",
              "bowler": "Vaishnave Mahesh",
              "non_striker": "P Maya",
              "runs": {
                "batter": 2,
                "extras": 0,
                "total": 2
              }
            },
            {
              "batter": "N Chantam",
              "bowler": "Vaishnave Mahesh",
              "non_striker": "P Maya",
              "runs": {
                "batter": 4,
                "extras": 0,
                "total": 4
              }
            },
            {
              "batter": "N Chantam",
              "bowler": "Vaishnave Mahesh",
              "non_striker": "P Maya",
              "runs": {
                "batter": 0,
                "extras": 0,
                "total": 0
              }
            },
            {
              "batter": "N Chantam",
              "bowler": "Vaishnave Mahesh",
              "non_striker": "P Maya",
              "runs": {
                "batter": 0,
                "extras": 0,
                "total": 0
              }
            },
            {
              "batter": "N Chantam",
              "bowler": "Vaishnave Mahesh",
              "non_striker": "P Maya",
              "runs": {
                "batter": 1,
                "extras": 0,
                "total": 1
              }
            },
            {
              "batter": "P Maya",
              "bowler": "Vaishnave Mahesh",
              "non_striker": "N Chantam",
              "runs": {
                "batter": 0,
                "extras": 0,
                "total": 0
              },
              "wickets": [
                {
                  "player_out": "P Maya",
                  "fielders": [
                    {
                      "name": "Theertha Satish"
                    }
                  ],
                  "kind": "caught"
                }
              ]
            }
          ]
        },
        {
          "over": 13,
          "deliveries": [
            {
              "batter": "N Chantam",
              "bowler": "KKN Egodage",
              "non_striker": "S Tippoch",
              "runs": {
                "batter": 1,
                "extras": 0,
                "total": 1
              }
            },
            {
              "batter": "S Tippoch",
              "bowler": "KKN Egodage",
              "non_striker": "N Chantam",
              "runs": {
                "batter": 1,
                "extras": 0,
                "total": 1
              }
            },
            {
              "batter": "N Chantam",
              "bowler": "KKN Egodage",
              "non_striker": "S Tippoch",
              "runs": {
                "batter": 0,
                "extras": 0,
                "total": 0
              }
            },
            {
              "batter": "N Chantam",
              "bowler": "KKN Egodage",
              "non_striker": "S Tippoch",
              "runs": {
                "batter": 1,
                "extras": 0,
                "total": 1
              }
            },
            {
              "batter": "S Tippoch",
              "bowler": "KKN Egodage",
              "non_striker": "N Chantam",
              "runs": {
                "batter": 0,
                "extras": 0,
                "total": 0
              }
            },
            {
              "batter": "S Tippoch",
              "bowler": "KKN Egodage",
              "non_striker": "N Chantam",
              "runs": {
                "batter": 1,
                "extras": 0,
                "total": 1
              }
            }
          ]
        },
        {
          "over": 14,
          "deliveries": [
            {
              "batter": "S Tippoch",
              "bowler": "ER Oza",
              "non_striker": "N Chantam",
              "runs": {
                "batter": 0,
                "extras": 0,
                "total": 0
              }
            },
            {
              "batter": "S Tippoch",
              "bowler": "ER Oza",
              "non_striker": "N Chantam",
              "runs": {
                "batter": 1,
                "extras": 0,
                "total": 1
              }
            },
            {
              "batter": "N Chantam",
              "bowler": "ER Oza",
              "non_striker": "S Tippoch",
              "runs": {
                "batter": 0,
                "extras": 0,
                "total": 0
              }
            },
            {
              "batter": "N Chantam",
              "bowler": "ER Oza",
              "non_striker": "S Tippoch",
              "runs": {
                "batter": 0,
                "extras": 0,
                "total": 0
              }
            },
            {
              "batter": "N Chantam",
              "bowler": "ER Oza",
              "non_striker": "S Tippoch",
              "runs": {
                "batter": 0,
                "extras": 0,
                "total": 0
              }
            },
            {
              "batter": "N Chantam",
              "bowler": "ER Oza",
              "non_striker": "S Tippoch",
              "runs": {
                "batter": 1,
                "extras": 0,
                "total": 1
              }
            }
          ]
        },
        {
          "over": 15,
          "deliveries": [
            {
              "batter": "N Chantam",
              "bowler": "KKN Egodage",
              "non_striker": "S Tippoch",
              "runs": {
                "batter": 1,
                "extras": 0,
                "total": 1
              }
            },
            {
              "batter": "S Tippoch",
              "bowler": "KKN Egodage",
              "non_striker": "N Chantam",
              "runs": {
                "batter": 0,
                "extras": 0,
                "total": 0
              }
            },
            {
              "batter": "S Tippoch",
              "bowler": "KKN Egodage",
              "non_striker": "N Chantam",
              "runs": {
                "batter": 0,
                "extras": 0,
                "total": 0
              }
            },
            {
              "batter": "S Tippoch",
              "bowler": "KKN Egodage",
              "non_striker": "N Chantam",
              "runs": {
                "batter": 0,
                "extras": 0,
                "total": 0
              }
            },
            {
              "batter": "S Tippoch",
              "bowler": "KKN Egodage",
              "non_striker": "N Chantam",
              "runs": {
                "batter": 0,
                "extras": 0,
                "total": 0
              }
            },
            {
              "batter": "S Tippoch",
              "bowler": "KKN Egodage",
              "non_striker": "N Chantam",
              "runs": {
                "batter": 0,
                "extras": 0,
                "total": 0
              },
              "wickets": [
                {
                  "player_out": "S Tippoch",
                  "fielders": [
                    {
                      "name": "Theertha Satish"
                    }
                  ],
                  "kind": "caught"
                }
              ]
            }
          ]
        },
        {
          "over": 16,
          "deliveries": [
            {
              "batter": "N Chantam",
              "bowler": "ER Oza",
              "non_striker": "O Kamchomphu",
              "runs": {
                "batter": 1,
                "extras": 0,
                "total": 1
              }
            },
            {
              "batter": "O Kamchomphu",
              "bowler": "ER Oza",
              "non_striker": "N Chantam",
              "runs": {
                "batter": 0,
                "extras": 0,
                "total": 0
              }
            },
            {
              "batter": "O Kamchomphu",
              "bowler": "ER Oza",
              "non_striker": "N Chantam",
              "runs": {
                "batter": 1,
                "extras": 0,
                "total": 1
              }
            },
            {
              "batter": "N Chantam",
              "bowler": "ER Oza",
              "non_striker": "O Kamchomphu",
              "runs": {
                "batter": 0,
                "extras": 0,
                "total": 0
              }
            },
            {
              "batter": "N Chantam",
              "bowler": "ER Oza",
              "non_striker": "O Kamchomphu",
              "runs": {
                "batter": 0,
                "extras": 0,
                "total": 0
              }
            },
            {
              "batter": "N Chantam",
              "bowler": "ER Oza",
              "non_striker": "O Kamchomphu",
              "runs": {
                "batter": 1,
                "extras": 0,
                "total": 1
              }
            }
          ]
        },
        {
          "over": 17,
          "deliveries": [
            {
              "batter": "N Chantam",
              "bowler": "KKN Egodage",
              "non_striker": "O Kamchomphu",
              "runs": {
                "batter": 0,
                "extras": 0,
                "total": 0
              },
              "wickets": [
                {
                  "player_out": "N Chantam",
                  "kind": "bowled"
                }
              ]
            },
            {
              "batter": "T Putthawong",
              "bowler": "KKN Egodage",
              "non_striker": "O Kamchomphu",
              "runs": {
                "batter": 0,
                "extras": 0,
                "total": 0
              }
            },
            {
              "batter": "T Putthawong",
              "bowler": "KKN Egodage",
              "non_striker": "O Kamchomphu",
              "runs": {
                "batter": 1,
                "extras": 0,
                "total": 1
              }
            },
            {
              "batter": "O Kamchomphu",
              "bowler": "KKN Egodage",
              "non_striker": "T Putthawong",
              "runs": {
                "batter": 1,
                "extras": 0,
                "total": 1
              }
            },
            {
              "batter": "T Putthawong",
              "bowler": "KKN Egodage",
              "non_striker": "O Kamchomphu",
              "runs": {
                "batter": 0,
                "extras": 0,
                "total": 0
              },
              "wickets": [
                {
                  "player_out": "T Putthawong",
                  "fielders": [
                    {
                      "name": "Theertha Satish"
                    }
                  ],
                  "kind": "caught"
                }
              ]
            }
          ]
        }
      ],
      "powerplays": [
        {
          "from": 0.1,
          "to": 5.6,
          "type": "mandatory"
        }
      ],
      "target": {
        "overs": 20,
        "runs": 71
      }
    }
  ]
}