{
  "meta": {
    "data_version": "1.1.0",
    "created": "2023-09-08",
    "revision": 1
  },
  "info": {
    "balls_per_over": 6,
    "city": "Port Vila",
    "dates": [
      "2023-09-08"
    ],
    "event": {
      "name": "ICC Women's T20 World Cup East Asia-Pacific Region Qualifier",
      "match_number": 19
    },
    "gender": "female",
    "match_type": "T20",
    "match_type_number": 1637,
    "missing": [
      "player_of_match"
    ],
    "officials": {
      "match_referees": [
        "RW Stratford"
      ],
      "reserve_umpires": [
        "K Tanuvasa"
      ],
      "umpires": [
        "Ashlee Gibbons",
        "M Kenni"
      ]
    },
    "outcome": {
      "winner": "Cook Islands",
      "by": {
        "wickets": 8
      }
    },
    "overs": 20,
    "players": {
      "Fiji": [
        "I Waqavakatoga",
        "M Ratuki",
        "LE Lomani",
        "R Muriyalo",
        "S Vuni",
        "S Sigaiwasa",
        "MSC Erasito",
        "AISD Kainoco",
        "KV Vakuruivalu",
        "M Biu",
        "AK Gonerara"
      ],
      "Cook Islands": [
        "Z Maeva",
        "D Kataina",
        "J George",
        "P Kaveao",
        "P Maruariki",
        "M Kaukura",
        "S Samuels",
        "S Vaia",
        "T Maika",
        "T Touna",
        "K Mataora"
      ]
    },
    "registry": {
      "people": {
        "AISD Kainoco": "f3614f32",
        "AK Gonerara": "141ee9a0",
        "Ashlee Gibbons": "b81712f7",
        "D Kataina": "3a370f15",
        "I Waqavakatoga": "31d220f5",
        "J George": "9044ee8e",
        "K Mataora": "281cc1e8",
        "K Tanuvasa": "34fa0472",
        "KV Vakuruivalu": "98db3666",
        "LE Lomani": "9d785b30",
        "M Biu": "c386183b",
        "M Kaukura": "11d83c44",
        "M Kenni": "1feb0d3c",
        "M Ratuki": "ad78df1c",
        "MSC Erasito": "ce02e769",
        "P Kaveao": "f536e967",
        "P Maruariki": "dee2431f",
        "R Muriyalo": "a2fc9177",
        "RW Stratford": "85489579",
        "S Samuels": "d852095e",
        "S Sigaiwasa": "b1414505",
        "S Vaia": "78103121",
        "S Vuni": "951e08f0",
        "T Maika": "9782087e",
        "T Touna": "a7a337b9",
        "Z Maeva": "34f0c9ad"
      }
    },
    "season": "2023",
    "team_type": "international",
    "teams": [
      "Fiji",
      "Cook Islands"
    ],
    "toss": {
      "decision": "field",
      "winner": "Cook Islands"
    },
    "venue": "Vanuatu Cricket Ground (Oval 2)"
  },
  "innings": [
    {
      "team": "Fiji",
      "overs": [
        {
          "over": 0,
          "deliveries": [
            {
              "batter": "I Waqavakatoga",
              "bowler": "S Vaia",
              "non_striker": "M Ratuki",
              "runs": {
                "batter": 0,
                "extras": 0,
                "total": 0
              }
            },
            {
              "batter": "I Waqavakatoga",
              "bowler": "S Vaia",
              "non_striker": "M Ratuki",
              "runs": {
                "batter": 0,
                "extras": 0,
                "total": 0
              }
            },
            {
              "batter": "I Waqavakatoga",
              "bowler": "S Vaia",
              "non_striker": "M Ratuki",
              "runs": {
                "batter": 0,
                "extras": 0,
                "total": 0
              }
            },
            {
              "batter": "I Waqavakatoga",
              "bowler": "S Vaia",
              "non_striker": "M Ratuki",
              "runs": {
                "batter": 1,
                "extras": 0,
                "total": 1
              }
            },
            {
              "batter": "M Ratuki",
              "bowler": "S Vaia",
              "non_striker": "I Waqavakatoga",
              "runs": {
                "batter": 0,
                "extras": 0,
                "total": 0
              }
            },
            {
              "batter": "M Ratuki",
              "bowler": "S Vaia",
              "non_striker": "I Waqavakatoga",
              "runs": {
                "batter": 0,
                "extras": 0,
                "total": 0
              }
            }
          ]
        },
        {
          "over": 1,
          "deliveries": [
            {
              "batter": "I Waqavakatoga",
              "bowler": "J George",
              "non_striker": "M Ratuki",
              "runs": {
                "batter": 0,
                "extras": 0,
                "total": 0
              }
            },
            {
              "batter": "I Waqavakatoga",
              "bowler": "J George",
              "non_striker": "M Ratuki",
              "runs": {
                "batter": 2,
                "extras": 0,
                "total": 2
              }
            },
            {
              "batter": "I Waqavakatoga",
              "bowler": "J George",
              "non_striker": "M Ratuki",
              "runs": {
                "batter": 0,
                "extras": 0,
                "total": 0
              }
            },
            {
              "batter": "I Waqavakatoga",
              "bowler": "J George",
              "extras": {
                "wides": 1
              },
              "non_striker": "M Ratuki",
              "runs": {
                "batter": 0,
                "extras": 1,
                "total": 1
              }
            },
            {
              "batter": "I Waqavakatoga",
              "bowler": "J George",
              "non_striker": "M Ratuki",
              "runs": {
                "batter": 4,
                "extras": 0,
                "total": 4
              }
            },
            {
              "batter": "I Waqavakatoga",
              "bowler": "J George",
              "extras": {
                "wides": 1
              },
              "non_striker": "M Ratuki",
              "runs": {
                "batter": 0,
                "extras": 1,
                "total": 1
              }
            },
            {
              "batter": "I Waqavakatoga",
              "bowler": "J George",
              "non_striker": "M Ratuki",
              "runs": {
                "batter": 2,
                "extras": 0,
                "total": 2
              }
            },
            {
              "batter": "I Waqavakatoga",
              "bowler": "J George",
              "non_striker": "M Ratuki",
              "runs": {
                "batter": 0,
                "extras": 0,
                "total": 0
              }
            }
          ]
        },
        {
          "over": 2,
          "deliveries": [
            {
              "batter": "M Ratuki",
              "bowler": "S Vaia",
              "non_striker": "I Waqavakatoga",
              "runs": {
                "batter": 0,
                "extras": 0,
                "total": 0
              }
            },
            {
              "batter": "M Ratuki",
              "bowler": "S Vaia",
              "non_striker": "I Waqavakatoga",
              "runs": {
                "batter": 0,
                "extras": 0,
                "total": 0
              }
            },
            {
              "batter": "M Ratuki",
              "bowler": "S Vaia",
              "non_striker": "I Waqavakatoga",
              "runs": {
                "batter": 0,
                "extras": 0,
                "total": 0
              }
            },
            {
              "batter": "M Ratuki",
              "bowler": "S Vaia",
              "non_striker": "I Waqavakatoga",
              "runs": {
                "batter": 0,
                "extras": 0,
                "total": 0
              }
            },
            {
              "batter": "M Ratuki",
              "bowler": "S Vaia",
              "non_striker": "I Waqavakatoga",
              "runs": {
                "batter": 0,
                "extras": 0,
                "total": 0
              }
            },
            {
              "batter": "M Ratuki",
              "bowler": "S Vaia",
              "non_striker": "I Waqavakatoga",
              "runs": {
                "batter": 0,
                "extras": 0,
                "total": 0
              }
            }
          ]
        },
        {
          "over": 3,
          "deliveries": [
            {
              "batter": "I Waqavakatoga",
              "bowler": "J George",
              "non_striker": "M Ratuki",
              "runs": {
                "batter": 0,
                "extras": 0,
                "total": 0
              }
            },
            {
              "batter": "I Waqavakatoga",
              "bowler": "J George",
              "non_striker": "M Ratuki",
              "runs": {
                "batter": 0,
                "extras": 0,
                "total": 0
              }
            },
            {
              "batter": "I Waqavakatoga",
              "bowler": "J George",
              "non_striker": "M Ratuki",
              "runs": {
                "batter": 0,
                "extras": 0,
                "total": 0
              }
            },
            {
              "batter": "I Waqavakatoga",
              "bowler": "J George",
              "non_striker": "M Ratuki",
              "runs": {
                "batter": 4,
                "extras": 0,
                "total": 4
              }
            },
            {
              "batter": "I Waqavakatoga",
              "bowler": "J George",
              "non_striker": "M Ratuki",
              "runs": {
                "batter": 0,
                "extras": 0,
                "total": 0
              }
            },
            {
              "batter": "I Waqavakatoga",
              "bowler": "J George",
              "non_striker": "M Ratuki",
              "runs": {
                "batter": 0,
                "extras": 0,
                "total": 0
              }
            }
          ]
        },
        {
          "over": 4,
          "deliveries": [
            {
              "batter": "M Ratuki",
              "bowler": "S Vaia",
              "extras": {
                "wides": 1
              },
              "non_striker": "I Waqavakatoga",
              "runs": {
                "batter": 0,
                "extras": 1,
                "total": 1
              }
            },
            {
              "batter": "M Ratuki",
              "bowler": "S Vaia",
              "non_striker": "I Waqavakatoga",
              "runs": {
                "batter": 0,
                "extras": 0,
                "total": 0
              }
            },
            {
              "batter": "M Ratuki",
              "bowler": "S Vaia",
              "non_striker": "I Waqavakatoga",
              "runs": {
                "batter": 1,
                "extras": 0,
                "total": 1
              }
            },
            {
              "batter": "I Waqavakatoga",
              "bowler": "S Vaia",
              "extras": {
                "wides": 1
              },
              "non_striker": "M Ratuki",
              "runs": {
                "batter": 0,
                "extras": 1,
                "total": 1
              }
            },
            {
              "batter": "I Waqavakatoga",
              "bowler": "S Vaia",
              "extras": {
                "legbyes": 1
              },
              "non_striker": "M Ratuki",
              "runs": {
                "batter": 0,
                "extras": 1,
                "total": 1
              }
            },
            {
              "batter": "M Ratuki",
              "bowler": "S Vaia",
              "non_striker": "I Waqavakatoga",
              "runs": {
                "batter": 0,
                "extras": 0,
                "total": 0
              }
            },
            {
              "batter": "M Ratuki",
              "bowler": "S Vaia",
              "non_striker": "I Waqavakatoga",
              "runs": {
                "batter": 1,
                "extras": 0,
                "total": 1
              }
            },
            {
              "batter": "I Waqavakatoga",
              "bowler": "S Vaia",
              "non_striker": "M Ratuki",
              "runs": {
                "batter": 1,
                "extras": 0,
                "total": 1
              }
            }
          ]
        },
        {
          "over": 5,
          "deliveries": [
            {
              "batter": "I Waqavakatoga",
              "bowler": "Z Maeva",
              "non_striker": "M Ratuki",
              "runs": {
                "batter": 0,
                "extras": 0,
                "total": 0
              },
              "wickets": [
                {
                  "player_out": "I Waqavakatoga",
                  "fielders": [
                    {
                      "name": "P Kaveao"
                    }
                  ],
                  "kind": "caught"
                }
              ]
            },
            {
              "batter": "LE Lomani",
              "bowler": "Z Maeva",
              "extras": {
                "wides": 1
              },
              "non_striker": "M Ratuki",
              "runs": {
                "batter": 0,
                "extras": 1,
                "total": 1
              }
            },
            {
              "batter": "LE Lomani",
              "bowler": "Z Maeva",
              "extras": {
                "wides": 1
              },
              "non_striker": "M Ratuki",
              "runs": {
                "batter": 0,
                "extras": 1,
                "total": 1
              }
            },
            {
              "batter": "LE Lomani",
              "bowler": "Z Maeva",
              "extras": {
                "wides": 1
              },
              "non_striker": "M Ratuki",
              "runs": {
                "batter": 0,
                "extras": 1,
                "total": 1
              }
            },
            {
              "batter": "LE Lomani",
              "bowler": "Z Maeva",
              "non_striker": "M Ratuki",
              "runs": {
                "batter": 0,
                "extras": 0,
                "total": 0
              }
            },
            {
              "batter": "LE Lomani",
              "bowler": "Z Maeva",
              "non_striker": "M Ratuki",
              "runs": {
                "batter": 0,
                "extras": 0,
                "total": 0
              }
            },
            {
              "batter": "LE Lomani",
              "bowler": "Z Maeva",
              "non_striker": "M Ratuki",
              "runs": {
                "batter": 1,
                "extras": 0,
                "total": 1
              }
            },
            {
              "batter": "M Ratuki",
              "bowler": "Z Maeva",
              "non_striker": "LE Lomani",
              "runs": {
                "batter": 1,
                "extras": 0,
                "total": 1
              }
            },
            {
              "batter": "LE Lomani",
              "bowler": "Z Maeva",
              "non_striker": "M Ratuki",
              "runs": {
                "batter": 0,
                "extras": 0,
                "total": 0
              }
            }
          ]
        },
        {
          "over": 6,
          "deliveries": [
            {
              "batter": "M Ratuki",
              "bowler": "S Vaia",
              "non_striker": "LE Lomani",
              "runs": {
                "batter": 0,
                "extras": 0,
                "total": 0
              }
            },
            {
              "batter": "M Ratuki",
              "bowler": "S Vaia",
              "non_striker": "LE Lomani",
              "runs": {
                "batter": 0,
                "extras": 0,
                "total": 0
              }
            },
            {
              "batter": "M Ratuki",
              "bowler": "S Vaia",
              "non_striker": "LE Lomani",
              "runs": {
                "batter": 0,
                "extras": 0,
                "total": 0
              }
            },
            {
              "batter": "M Ratuki",
              "bowler": "S Vaia",
              "extras": {
                "byes": 2
              },
              "non_striker": "LE Lomani",
              "runs": {
                "batter": 0,
                "extras": 2,
                "total": 2
              }
            },
            {
              "batter": "M Ratuki",
              "bowler": "S Vaia",
              "non_striker": "LE Lomani",
              "runs": {
                "batter": 0,
                "extras": 0,
                "total": 0
              }
            },
            {
              "batter": "M Ratuki",
              "bowler": "S Vaia",
              "extras": {
                "byes": 2
              },
              "non_striker": "LE Lomani",
              "runs": {
                "batter": 0,
                "extras": 2,
                "total": 2
              }
            }
          ]
        },
        {
          "over": 7,
          "deliveries": [
            {
              "batter": "LE Lomani",
              "bowler": "Z Maeva",
              "non_striker": "M Ratuki",
              "runs": {
                "batter": 0,
                "extras": 0,
                "total": 0
              }
            },
            {
              "batter": "LE Lomani",
              "bowler": "Z Maeva",
              "non_striker": "M Ratuki",
              "runs": {
                "batter": 0,
                "extras": 0,
                "total": 0
              }
            },
            {
              "batter": "LE Lomani",
              "bowler": "Z Maeva",
              "non_striker": "M Ratuki",
              "runs": {
                "batter": 0,
                "extras": 0,
                "total": 0
              }
            },
            {
              "batter": "LE Lomani",
              "bowler": "Z Maeva",
              "non_striker": "M Ratuki",
              "runs": {
                "batter": 1,
                "extras": 0,
                "total": 1
              }
            },
            {
              "batter": "M Ratuki",
              "bowler": "Z Maeva",
              "non_striker": "LE Lomani",
              "runs": {
                "batter": 1,
                "extras": 0,
                "total": 1
              }
            },
            {
              "batter": "LE Lomani",
              "bowler": "Z Maeva",
              "non_striker": "M Ratuki",
              "runs": {
                "batter": 0,
                "extras": 0,
                "total": 0
              }
            }
          ]
        },
        {
          "over": 8,
          "deliveries": [
            {
              "batter": "M Ratuki",
              "bowler": "S Samuels",
              "non_striker": "LE Lomani",
              "runs": {
                "batter": 0,
                "extras": 0,
                "total": 0
              }
            },
            {
              "batter": "M Ratuki",
              "bowler": "S Samuels",
              "extras": {
                "wides": 1
              },
              "non_striker": "LE Lomani",
              "runs": {
                "batter": 0,
                "extras": 1,
                "total": 1
              }
            },
            {
              "batter": "M Ratuki",
              "bowler": "S Samuels",
              "non_striker": "LE Lomani",
              "runs": {
                "batter": 0,
                "extras": 0,
                "total": 0
              }
            },
            {
              "batter": "M Ratuki",
              "bowler": "S Samuels",
              "non_striker": "LE Lomani",
              "runs": {
                "batter": 0,
                "extras": 0,
                "total": 0
              },
              "wickets": [
                {
                  "player_out": "M Ratuki",
                  "fielders": [
                    {
                      "name": "T Maika"
                    }
                  ],
                  "kind": "caught"
                }
              ]
            },
            {
              "batter": "R Muriyalo",
              "bowler": "S Samuels",
              "non_striker": "LE Lomani",
              "runs": {
                "batter": 0,
                "extras": 0,
                "total": 0
              }
            },
            {
              "batter": "R Muriyalo",
              "bowler": "S Samuels",
              "non_striker": "LE Lomani",
              "runs": {
                "batter": 0,
                "extras": 0,
                "total": 0
              }
            },
            {
              "batter": "R Muriyalo",
              "bowler": "S Samuels",
              "non_striker": "LE Lomani",
              "runs": {
                "batter": 0,
                "extras": 0,
                "total": 0
              }
            }
          ]
        },
        {
          "over": 9,
          "deliveries": [
            {
              "batter": "LE Lomani",
              "bowler": "Z Maeva",
              "non_striker": "R Muriyalo",
              "runs": {
                "batter": 0,
                "extras": 0,
                "total": 0
              }
            },
            {
              "batter": "LE Lomani",
              "bowler": "Z Maeva",
              "non_striker": "R Muriyalo",
              "runs": {
                "batter": 0,
                "extras": 0,
                "total": 0
              },
              "wickets": [
                {
                  "player_out": "LE Lomani",
                  "fielders": [
                    {
                      "name": "T Maika"
                    }
                  ],
                  "kind": "caught"
                }
              ]
            },
            {
              "batter": "S Vuni",
              "bowler": "Z Maeva",
              "non_striker": "R Muriyalo",
              "runs": {
                "batter": 0,
                "extras": 0,
                "total": 0
              }
            },
            {
              "batter": "S Vuni",
              "bowler": "Z Maeva",
              "non_striker": "R Muriyalo",
              "runs": {
                "batter": 0,
                "extras": 0,
                "total": 0
              }
            },
            {
              "batter": "S Vuni",
              "bowler": "Z Maeva",
              "non_striker": "R Muriyalo",
              "runs": {
                "batter": 2,
                "extras": 0,
                "total": 2
              }
            },
            {
              "batter": "S Vuni",
              "bowler": "Z Maeva",
              "non_striker": "R Muriyalo",
              "runs": {
                "batter": 0,
                "extras": 0,
                "total": 0
              }
            }
          ]
        },
        {
          "over": 10,
          "deliveries": [
            {
              "batter": "R Muriyalo",
              "bowler": "S Samuels",
              "non_striker": "S Vuni",
              "runs": {
                "batter": 0,
                "extras": 0,
                "total": 0
              }
            },
            {
              "batter": "R Muriyalo",
              "bowler": "S Samuels",
              "non_striker": "S Vuni",
              "runs": {
                "batter": 0,
                "extras": 0,
                "total": 0
              }
            },
            {
              "batter": "R Muriyalo",
              "bowler": "S Samuels",
              "non_striker": "S Vuni",
              "runs": {
                "batter": 0,
                "extras": 0,
                "total": 0
              }
            },
            {
              "batter": "R Muriyalo",
              "bowler": "S Samuels",
              "non_striker": "S Vuni",
              "runs": {
                "batter": 0,
                "extras": 0,
                "total": 0
              }
            },
            {
              "batter": "R Muriyalo",
              "bowler": "S Samuels",
              "non_striker": "S Vuni",
              "runs": {
                "batter": 1,
                "extras": 0,
                "total": 1
              }
            },
            {
              "batter": "S Vuni",
              "bowler": "S Samuels",
              "non_striker": "R Muriyalo",
              "runs": {
                "batter": 1,
                "extras": 0,
                "total": 1
              }
            }
          ]
        },
        {
          "over": 11,
          "deliveries": [
            {
              "batter": "S Vuni",
              "bowler": "Z Maeva",
              "non_striker": "R Muriyalo",
              "runs": {
                "batter": 4,
                "extras": 0,
                "total": 4
              }
            },
            {
              "batter": "S Vuni",
              "bowler": "Z Maeva",
              "non_striker": "R Muriyalo",
              "runs": {
                "batter": 2,
                "extras": 0,
                "total": 2
              }
            },
            {
              "batter": "S Vuni",
              "bowler": "Z Maeva",
              "non_striker": "R Muriyalo",
              "runs": {
                "batter": 0,
                "extras": 0,
                "total": 0
              }
            },
            {
              "batter": "S Vuni",
              "bowler": "Z Maeva",
              "non_striker": "R Muriyalo",
              "runs": {
                "batter": 2,
                "extras": 0,
                "total": 2
              }
            },
            {
              "batter": "S Vuni",
              "bowler": "Z Maeva",
              "non_striker": "R Muriyalo",
              "runs": {
                "batter": 1,
                "extras": 0,
                "total": 1
              }
            },
            {
              "batter": "R Muriyalo",
              "bowler": "Z Maeva",
              "non_striker": "S Vuni",
              "runs": {
                "batter": 0,
                "extras": 0,
                "total": 0
              },
              "wickets": [
                {
                  "player_out": "R Muriyalo",
                  "fielders": [
                    {
                      "name": "S Vaia"
                    }
                  ],
                  "kind": "caught"
                }
              ]
            }
          ]
        },
        {
          "over": 12,
          "deliveries": [
            {
              "batter": "S Vuni",
              "bowler": "S Samuels",
              "non_striker": "S Sigaiwasa",
              "runs": {
                "batter": 0,
                "extras": 0,
                "total": 0
              }
            },
            {
              "batter": "S Vuni",
              "bowler": "S Samuels",
              "non_striker": "S Sigaiwasa",
              "runs": {
                "batter": 0,
                "extras": 0,
                "total": 0
              }
            },
            {
              "batter": "S Vuni",
              "bowler": "S Samuels",
              "extras": {
                "wides": 1
              },
              "non_striker": "S Sigaiwasa",
              "runs": {
                "batter": 0,
                "extras": 1,
                "total": 1
              }
            },
            {
              "batter": "S Vuni",
              "bowler": "S Samuels",
              "non_striker": "S Sigaiwasa",
              "runs": {
                "batter": 0,
                "extras": 0,
                "total": 0
              }
            },
            {
              "batter": "S Vuni",
              "bowler": "S Samuels",
              "non_striker": "S Sigaiwasa",
              "runs": {
                "batter": 4,
                "extras": 0,
                "total": 4
              }
            },
            {
              "batter": "S Vuni",
              "bowler": "S Samuels",
              "non_striker": "S Sigaiwasa",
              "runs": {
                "batter": 0,
                "extras": 0,
                "total": 0
              }
            },
            {
              "batter": "S Vuni",
              "bowler": "S Samuels",
              "extras": {
                "legbyes": 1
              },
              "non_striker": "S Sigaiwasa",
              "runs": {
                "batter": 0,
                "extras": 1,
                "total": 1
              }
            }
          ]
        },
        {
          "over": 13,
          "deliveries": [
            {
              "batter": "S Vuni",
              "bowler": "M Kaukura",
              "non_striker": "S Sigaiwasa",
              "runs": {
                "batter": 0,
                "extras": 0,
                "total": 0
              }
            },
            {
              "batter": "S Vuni",
              "bowler": "M Kaukura",
              "non_striker": "S Sigaiwasa",
              "runs": {
                "batter": 1,
                "extras": 0,
                "total": 1
              }
            },
            {
              "batter": "S Sigaiwasa",
              "bowler": "M Kaukura",
              "non_striker": "S Vuni",
              "runs": {
                "batter": 1,
                "extras": 0,
                "total": 1
              }
            },
            {
              "batter": "S Vuni",
              "bowler": "M Kaukura",
              "non_striker": "S Sigaiwasa",
              "runs": {
                "batter": 0,
                "extras": 0,
                "total": 0
              }
            },
            {
              "batter": "S Vuni",
              "bowler": "M Kaukura",
              "non_striker": "S Sigaiwasa",
              "runs": {
                "batter": 0,
                "extras": 0,
                "total": 0
              }
            },
            {
              "batter": "S Vuni",
              "bowler": "M Kaukura",
              "non_striker": "S Sigaiwasa",
              "runs": {
                "batter": 1,
                "extras": 0,
                "total": 1
              }
            }
          ]
        },
        {
          "over": 14,
          "deliveries": [
            {
              "batter": "S Vuni",
              "bowler": "P Kaveao",
              "non_striker": "S Sigaiwasa",
              "runs": {
                "batter": 0,
                "extras": 0,
                "total": 0
              }
            },
            {
              "batter": "S Vuni",
              "bowler": "P Kaveao",
              "non_striker": "S Sigaiwasa",
              "runs": {
                "batter": 0,
                "extras": 0,
                "total": 0
              }
            },
            {
              "batter": "S Vuni",
              "bowler": "P Kaveao",
              "non_striker": "S Sigaiwasa",
              "runs": {
                "batter": 0,
                "extras": 0,
                "total": 0
              }
            },
            {
              "batter": "S Vuni",
              "bowler": "P Kaveao",
              "non_striker": "S Sigaiwasa",
              "runs": {
                "batter": 1,
                "extras": 0,
                "total": 1
              }
            },
            {
              "batter": "S Sigaiwasa",
              "bowler": "P Kaveao",
              "non_striker": "S Vuni",
              "runs": {
                "batter": 0,
                "extras": 0,
                "total": 0
              }
            },
            {
              "batter": "S Sigaiwasa",
              "bowler": "P Kaveao",
              "non_striker": "S Vuni",
              "runs": {
                "batter": 1,
                "extras": 0,
                "total": 1
              }
            }
          ]
        },
        {
          "over": 15,
          "deliveries": [
            {
              "batter": "S Sigaiwasa",
              "bowler": "M Kaukura",
              "non_striker": "S Vuni",
              "runs": {
                "batter": 1,
                "extras": 0,
                "total": 1
              }
            },
            {
              "batter": "S Vuni",
              "bowler": "M Kaukura",
              "non_striker": "S Sigaiwasa",
              "runs": {
                "batter": 0,
                "extras": 0,
                "total": 0
              }
            },
            {
              "batter": "S Vuni",
              "bowler": "M Kaukura",
              "non_striker": "S Sigaiwasa",
              "runs": {
                "batter": 1,
                "extras": 0,
                "total": 1
              }
            },
            {
              "batter": "S Sigaiwasa",
              "bowler": "M Kaukura",
              "non_striker": "S Vuni",
              "runs": {
                "batter": 0,
                "extras": 0,
                "total": 0
              }
            },
            {
              "batter": "S Sigaiwasa",
              "bowler": "M Kaukura",
              "non_striker": "S Vuni",
              "runs": {
                "batter": 1,
                "extras": 0,
                "total": 1
              }
            },
            {
              "batter": "S Vuni",
              "bowler": "M Kaukura",
              "non_striker": "S Sigaiwasa",
              "runs": {
                "batter": 0,
                "extras": 0,
                "total": 0
              }
            }
          ]
        },
        {
          "over": 16,
          "deliveries": [
            {
              "batter": "S Sigaiwasa",
              "bowler": "P Kaveao",
              "non_striker": "S Vuni",
              "runs": {
                "batter": 0,
                "extras": 0,
                "total": 0
              }
            },
            {
              "batter": "S Sigaiwasa",
              "bowler": "P Kaveao",
              "non_striker": "S Vuni",
              "runs": {
                "batter": 0,
                "extras": 0,
                "total": 0
              },
              "wickets": [
                {
                  "player_out": "S Sigaiwasa",
                  "fielders": [
                    {
                      "name": "S Vaia"
                    }
                  ],
                  "kind": "caught"
                }
              ]
            },
            {
              "batter": "MSC Erasito",
              "bowler": "P Kaveao",
              "non_striker": "S Vuni",
              "runs": {
                "batter": 0,
                "extras": 0,
                "total": 0
              }
            },
            {
              "batter": "MSC Erasito",
              "bowler": "P Kaveao",
              "non_striker": "S Vuni",
              "runs": {
                "batter": 1,
                "extras": 0,
                "total": 1
              }
            },
            {
              "batter": "S Vuni",
              "bowler": "P Kaveao",
              "non_striker": "MSC Erasito",
              "runs": {
                "batter": 1,
                "extras": 0,
                "total": 1
              }
            },
            {
              "batter": "MSC Erasito",
              "bowler": "P Kaveao",
              "non_striker": "S Vuni",
              "runs": {
                "batter": 0,
                "extras": 0,
                "total": 0
              }
            }
          ]
        },
        {
          "over": 17,
          "deliveries": [
            {
              "batter": "S Vuni",
              "bowler": "M Kaukura",
              "non_striker": "MSC Erasito",
              "runs": {
                "batter": 0,
                "extras": 0,
                "total": 0
              }
            },
            {
              "batter": "S Vuni",
              "bowler": "M Kaukura",
              "non_striker": "MSC Erasito",
              "runs": {
                "batter": 2,
                "extras": 0,
                "total": 2
              }
            },
            {
              "batter": "S Vuni",
              "bowler": "M Kaukura",
              "non_striker": "MSC Erasito",
              "runs": {
                "batter": 0,
                "extras": 0,
                "total": 0
              }
            },
            {
              "batter": "S Vuni",
              "bowler": "M Kaukura",
              "non_striker": "MSC Erasito",
              "runs": {
                "batter": 1,
                "extras": 0,
                "total": 1
              }
            },
            {
              "batter": "MSC Erasito",
              "bowler": "M Kaukura",
              "non_striker": "S Vuni",
              "runs": {
                "batter": 1,
                "extras": 0,
                "total": 1
              }
            },
            {
              "batter": "S Vuni",
              "bowler": "M Kaukura",
              "non_striker": "MSC Erasito",
              "runs": {
                "batter": 4,
                "extras": 0,
                "total": 4
              }
            }
          ]
        },
        {
          "over": 18,
          "deliveries": [
            {
              "batter": "MSC Erasito",
              "bowler": "P Kaveao",
              "non_striker": "S Vuni",
              "runs": {
                "batter": 1,
                "extras": 0,
                "total": 1
              }
            },
            {
              "batter": "S Vuni",
              "bowler": "P Kaveao",
              "extras": {
                "wides": 1
              },
              "non_striker": "MSC Erasito",
              "runs": {
                "batter": 0,
                "extras": 1,
                "total": 1
              }
            },
            {
              "batter": "S Vuni",
              "bowler": "P Kaveao",
              "non_striker": "MSC Erasito",
              "runs": {
                "batter": 0,
                "extras": 0,
                "total": 0
              }
            },
            {
              "batter": "S Vuni",
              "bowler": "P Kaveao",
              "extras": {
                "noballs": 1
              },
              "non_striker": "MSC Erasito",
              "runs": {
                "batter": 1,
                "extras": 1,
                "total": 2
              }
            },
            {
              "batter": "MSC Erasito",
              "bowler": "P Kaveao",
              "non_striker": "S Vuni",
              "runs": {
                "batter": 2,
                "extras": 0,
                "total": 2
              }
            },
            {
              "batter": "MSC Erasito",
              "bowler": "P Kaveao",
              "non_striker": "S Vuni",
              "runs": {
                "batter": 1,
                "extras": 0,
                "total": 1
              }
            },
            {
              "batter": "S Vuni",
              "bowler": "P Kaveao",
              "non_striker": "MSC Erasito",
              "runs": {
                "batter": 2,
                "extras": 0,
                "total": 2
              }
            },
            {
              "batter": "S Vuni",
              "bowler": "P Kaveao",
              "non_striker": "MSC Erasito",
              "runs": {
                "batter": 1,
                "extras": 0,
                "total": 1
              }
            }
          ]
        },
        {
          "over": 19,
          "deliveries": [
            {
              "batter": "S Vuni",
              "bowler": "M Kaukura",
              "non_striker": "MSC Erasito",
              "runs": {
                "batter": 0,
                "extras": 0,
                "total": 0
              },
              "wickets": [
                {
                  "player_out": "S Vuni",
                  "fielders": [
                    {
                      "name": "Z Maeva"
                    }
                  ],
                  "kind": "caught"
                }
              ]
            },
            {
              "batter": "AISD Kainoco",
              "bowler": "M Kaukura",
              "extras": {
                "noballs": 1
              },
              "non_striker": "MSC Erasito",
              "runs": {
                "batter": 4,
                "extras": 1,
                "total": 5
              }
            },
            {
              "batter": "AISD Kainoco",
              "bowler": "M Kaukura",
              "non_striker": "MSC Erasito",
              "runs": {
                "batter": 0,
                "extras": 0,
                "total": 0
              }
            },
            {
              "batter": "AISD Kainoco",
              "bowler": "M Kaukura",
              "non_striker": "MSC Erasito",
              "runs": {
                "batter": 1,
                "extras": 0,
                "total": 1
              }
            },
            {
              "batter": "MSC Erasito",
              "bowler": "M Kaukura",
              "non_striker": "AISD Kainoco",
              "runs": {
                "batter": 1,
                "extras": 0,
                "total": 1
              }
            },
            {
              "batter": "AISD Kainoco",
              "bowler": "M Kaukura",
              "non_striker": "MSC Erasito",
              "runs": {
                "batter": 1,
                "extras": 0,
                "total": 1
              }
            },
            {
              "batter": "MSC Erasito",
              "bowler": "M Kaukura",
              "non_striker": "AISD Kainoco",
              "runs": {
                "batter": 0,
                "extras": 0,
                "total": 0
              }
            }
          ]
        }
      ],
      "powerplays": [
        {
          "from": 0.1,
          "to": 5.9,
          "type": "mandatory"
        }
      ]
    },
    {
      "team": "Cook Islands",
      "overs": [
        {
          "over": 0,
          "deliveries": [
            {
              "batter": "Z Maeva",
              "bowler": "KV Vakuruivalu",
              "non_striker": "D Kataina",
              "runs": {
                "batter": 0,
                "extras": 0,
                "total": 0
              }
            },
            {
              "batter": "Z Maeva",
              "bowler": "KV Vakuruivalu",
              "non_striker": "D Kataina",
              "runs": {
                "batter": 2,
                "extras": 0,
                "total": 2
              }
            },
            {
              "batter": "Z Maeva",
              "bowler": "KV Vakuruivalu",
              "extras": {
                "wides": 1
              },
              "non_striker": "D Kataina",
              "runs": {
                "batter": 0,
                "extras": 1,
                "total": 1
              }
            },
            {
              "batter": "Z Maeva",
              "bowler": "KV Vakuruivalu",
              "non_striker": "D Kataina",
              "runs": {
                "batter": 0,
                "extras": 0,
                "total": 0
              }
            },
            {
              "batter": "Z Maeva",
              "bowler": "KV Vakuruivalu",
              "non_striker": "D Kataina",
              "runs": {
                "batter": 0,
                "extras": 0,
                "total": 0
              }
            },
            {
              "batter": "Z Maeva",
              "bowler": "KV Vakuruivalu",
              "non_striker": "D Kataina",
              "runs": {
                "batter": 0,
                "extras": 0,
                "total": 0
              }
            },
            {
              "batter": "Z Maeva",
              "bowler": "KV Vakuruivalu",
              "non_striker": "D Kataina",
              "runs": {
                "batter": 1,
                "extras": 0,
                "total": 1
              }
            }
          ]
        },
        {
          "over": 1,
          "deliveries": [
            {
              "batter": "Z Maeva",
              "bowler": "AK Gonerara",
              "non_striker": "D Kataina",
              "runs": {
                "batter": 0,
                "extras": 0,
                "total": 0
              }
            },
            {
              "batter": "Z Maeva",
              "bowler": "AK Gonerara",
              "extras": {
                "noballs": 1
              },
              "non_striker": "D Kataina",
              "runs": {
                "batter": 4,
                "extras": 1,
                "total": 5
              }
            },
            {
              "batter": "Z Maeva",
              "bowler": "AK Gonerara",
              "extras": {
                "noballs": 1
              },
              "non_striker": "D Kataina",
              "runs": {
                "batter": 1,
                "extras": 1,
                "total": 2
              }
            },
            {
              "batter": "D Kataina",
              "bowler": "AK Gonerara",
              "non_striker": "Z Maeva",
              "runs": {
                "batter": 1,
                "extras": 0,
                "total": 1
              }
            },
            {
              "batter": "Z Maeva",
              "bowler": "AK Gonerara",
              "non_striker": "D Kataina",
              "runs": {
                "batter": 0,
                "extras": 0,
                "total": 0
              }
            },
            {
              "batter": "Z Maeva",
              "bowler": "AK Gonerara",
              "non_striker": "D Kataina",
              "runs": {
                "batter": 0,
                "extras": 0,
                "total": 0
              }
            },
            {
              "batter": "Z Maeva",
              "bowler": "AK Gonerara",
              "extras": {
                "wides": 1
              },
              "non_striker": "D Kataina",
              "runs": {
                "batter": 0,
                "extras": 1,
                "total": 1
              }
            },
            {
              "batter": "Z Maeva",
              "bowler": "AK Gonerara",
              "non_striker": "D Kataina",
              "runs": {
                "batter": 0,
                "extras": 0,
                "total": 0
              }
            },
            {
              "batter": "Z Maeva",
              "bowler": "AK Gonerara",
              "non_striker": "D Kataina",
              "runs": {
                "batter": 4,
                "extras": 0,
                "total": 4
              }
            }
          ]
        },
        {
          "over": 2,
          "deliveries": [
            {
              "batter": "D Kataina",
              "bowler": "KV Vakuruivalu",
              "extras": {
                "wides": 1
              },
              "non_striker": "Z Maeva",
              "runs": {
                "batter": 0,
                "extras": 1,
                "total": 1
              }
            },
            {
              "batter": "D Kataina",
              "bowler": "KV Vakuruivalu",
              "non_striker": "Z Maeva",
              "runs": {
                "batter": 0,
                "extras": 0,
                "total": 0
              }
            },
            {
              "batter": "D Kataina",
              "bowler": "KV Vakuruivalu",
              "non_striker": "Z Maeva",
              "runs": {
                "batter": 0,
                "extras": 0,
                "total": 0
              }
            },
            {
              "batter": "D Kataina",
              "bowler": "KV Vakuruivalu",
              "non_striker": "Z Maeva",
              "runs": {
                "batter": 0,
                "extras": 0,
                "total": 0
              }
            },
            {
              "batter": "D Kataina",
              "bowler": "KV Vakuruivalu",
              "non_striker": "Z Maeva",
              "runs": {
                "batter": 0,
                "extras": 0,
                "total": 0
              }
            },
            {
              "batter": "D Kataina",
              "bowler": "KV Vakuruivalu",
              "extras": {
                "wides": 1
              },
              "non_striker": "Z Maeva",
              "runs": {
                "batter": 0,
                "extras": 1,
                "total": 1
              }
            },
            {
              "batter": "D Kataina",
              "bowler": "KV Vakuruivalu",
              "extras": {
                "byes": 1
              },
              "non_striker": "Z Maeva",
              "runs": {
                "batter": 0,
                "extras": 1,
                "total": 1
              }
            },
            {
              "batter": "Z Maeva",
              "bowler": "KV Vakuruivalu",
              "non_striker": "D Kataina",
              "runs": {
                "batter": 0,
                "extras": 0,
                "total": 0
              }
            }
          ]
        },
        {
          "over": 3,
          "deliveries": [
            {
              "batter": "D Kataina",
              "bowler": "R Muriyalo",
              "non_striker": "Z Maeva",
              "runs": {
                "batter": 0,
                "extras": 0,
                "total": 0
              }
            },
            {
              "batter": "D Kataina",
              "bowler": "R Muriyalo",
              "non_striker": "Z Maeva",
              "runs": {
                "batter": 0,
                "extras": 0,
                "total": 0
              }
            },
            {
              "batter": "D Kataina",
              "bowler": "R Muriyalo",
              "non_striker": "Z Maeva",
              "runs": {
                "batter": 0,
                "extras": 0,
                "total": 0
              }
            },
            {
              "batter": "D Kataina",
              "bowler": "R Muriyalo",
              "extras": {
                "wides": 1
              },
              "non_striker": "Z Maeva",
              "runs": {
                "batter": 0,
                "extras": 1,
                "total": 1
              }
            },
            {
              "batter": "D Kataina",
              "bowler": "R Muriyalo",
              "non_striker": "Z Maeva",
              "runs": {
                "batter": 0,
                "extras": 0,
                "total": 0
              }
            },
            {
              "batter": "D Kataina",
              "bowler": "R Muriyalo",
              "non_striker": "Z Maeva",
              "runs": {
                "batter": 0,
                "extras": 0,
                "total": 0
              },
              "wickets": [
                {
                  "player_out": "D Kataina",
                  "kind": "bowled"
                }
              ]
            },
            {
              "batter": "J George",
              "bowler": "R Muriyalo",
              "non_striker": "Z Maeva",
              "runs": {
                "batter": 0,
                "extras": 0,
                "total": 0
              }
            }
          ]
        },
        {
          "over": 4,
          "deliveries": [
            {
              "batter": "Z Maeva",
              "bowler": "KV Vakuruivalu",
              "non_striker": "J George",
              "runs": {
                "batter": 0,
                "extras": 0,
                "total": 0
              }
            },
            {
              "batter": "Z Maeva",
              "bowler": "KV Vakuruivalu",
              "non_striker": "J George",
              "runs": {
                "batter": 4,
                "extras": 0,
                "total": 4
              }
            },
            {
              "batter": "Z Maeva",
              "bowler": "KV Vakuruivalu",
              "extras": {
                "wides": 1
              },
              "non_striker": "J George",
              "runs": {
                "batter": 0,
                "extras": 1,
                "total": 1
              }
            },
            {
              "batter": "Z Maeva",
              "bowler": "KV Vakuruivalu",
              "non_striker": "J George",
              "runs": {
                "batter": 0,
                "extras": 0,
                "total": 0
              }
            },
            {
              "batter": "Z Maeva",
              "bowler": "KV Vakuruivalu",
              "non_striker": "J George",
              "runs": {
                "batter": 0,
                "extras": 0,
                "total": 0
              }
            },
            {
              "batter": "Z Maeva",
              "bowler": "KV Vakuruivalu",
              "non_striker": "J George",
              "runs": {
                "batter": 0,
                "extras": 0,
                "total": 0
              }
            },
            {
              "batter": "Z Maeva",
              "bowler": "KV Vakuruivalu",
              "extras": {
                "noballs": 1
              },
              "non_striker": "J George",
              "runs": {
                "batter": 4,
                "extras": 1,
                "total": 5
              }
            },
            {
              "batter": "Z Maeva",
              "bowler": "KV Vakuruivalu",
              "non_striker": "J George",
              "runs": {
                "batter": 1,
                "extras": 0,
                "total": 1
              }
            }
          ]
        },
        {
          "over": 5,
          "deliveries": [
            {
              "batter": "Z Maeva",
              "bowler": "AK Gonerara",
              "non_striker": "J George",
              "runs": {
                "batter": 0,
                "extras": 0,
                "total": 0
              }
            },
            {
              "batter": "Z Maeva",
              "bowler": "AK Gonerara",
              "non_striker": "J George",
              "runs": {
                "batter": 0,
                "extras": 0,
                "total": 0
              }
            },
            {
              "batter": "Z Maeva",
              "bowler": "AK Gonerara",
              "non_striker": "J George",
              "runs": {
                "batter": 1,
                "extras": 0,
                "total": 1
              }
            },
            {
              "batter": "J George",
              "bowler": "AK Gonerara",
              "extras": {
                "wides": 1
              },
              "non_striker": "Z Maeva",
              "runs": {
                "batter": 0,
                "extras": 1,
                "total": 1
              }
            },
            {
              "batter": "J George",
              "bowler": "AK Gonerara",
              "non_striker": "Z Maeva",
              "runs": {
                "batter": 1,
                "extras": 0,
                "total": 1
              }
            },
            {
              "batter": "Z Maeva",
              "bowler": "AK Gonerara",
              "non_striker": "J George",
              "runs": {
                "batter": 4,
                "extras": 0,
                "total": 4
              }
            },
            {
              "batter": "Z Maeva",
              "bowler": "AK Gonerara",
              "extras": {
                "wides": 1
              },
              "non_striker": "J George",
              "runs": {
                "batter": 0,
                "extras": 1,
                "total": 1
              }
            },
            {
              "batter": "Z Maeva",
              "bowler": "AK Gonerara",
              "non_striker": "J George",
              "runs": {
                "batter": 1,
                "extras": 0,
                "total": 1
              }
            }
          ]
        },
        {
          "over": 6,
          "deliveries": [
            {
              "batter": "Z Maeva",
              "bowler": "KV Vakuruivalu",
              "non_striker": "J George",
              "runs": {
                "batter": 0,
                "extras": 0,
                "total": 0
              }
            },
            {
              "batter": "Z Maeva",
              "bowler": "KV Vakuruivalu",
              "non_striker": "J George",
              "runs": {
                "batter": 1,
                "extras": 0,
                "total": 1
              }
            },
            {
              "batter": "J George",
              "bowler": "KV Vakuruivalu",
              "non_striker": "Z Maeva",
              "runs": {
                "batter": 0,
                "extras": 0,
                "total": 0
              }
            },
            {
              "batter": "J George",
              "bowler": "KV Vakuruivalu",
              "non_striker": "Z Maeva",
              "runs": {
                "batter": 1,
                "extras": 0,
                "total": 1
              }
            },
            {
              "batter": "Z Maeva",
              "bowler": "KV Vakuruivalu",
              "extras": {
                "wides": 1
              },
              "non_striker": "J George",
              "runs": {
                "batter": 0,
                "extras": 1,
                "total": 1
              }
            },
            {
              "batter": "Z Maeva",
              "bowler": "KV Vakuruivalu",
              "non_striker": "J George",
              "runs": {
                "batter": 0,
                "extras": 0,
                "total": 0
              }
            },
            {
              "batter": "Z Maeva",
              "bowler": "KV Vakuruivalu",
              "non_striker": "J George",
              "runs": {
                "batter": 4,
                "extras": 0,
                "total": 4
              }
            }
          ]
        },
        {
          "over": 7,
          "deliveries": [
            {
              "batter": "J George",
              "bowler": "S Sigaiwasa",
              "extras": {
                "wides": 1
              },
              "non_striker": "Z Maeva",
              "runs": {
                "batter": 0,
                "extras": 1,
                "total": 1
              }
            },
            {
              "batter": "J George",
              "bowler": "S Sigaiwasa",
              "non_striker": "Z Maeva",
              "runs": {
                "batter": 0,
                "extras": 0,
                "total": 0
              }
            },
            {
              "batter": "J George",
              "bowler": "S Sigaiwasa",
              "extras": {
                "wides": 1
              },
              "non_striker": "Z Maeva",
              "runs": {
                "batter": 0,
                "extras": 1,
                "total": 1
              }
            },
            {
              "batter": "J George",
              "bowler": "S Sigaiwasa",
              "extras": {
                "wides": 1
              },
              "non_striker": "Z Maeva",
              "runs": {
                "batter": 0,
                "extras": 1,
                "total": 1
              }
            },
            {
              "batter": "J George",
              "bowler": "S Sigaiwasa",
              "non_striker": "Z Maeva",
              "runs": {
                "batter": 1,
                "extras": 0,
                "total": 1
              }
            },
            {
              "batter": "Z Maeva",
              "bowler": "S Sigaiwasa",
              "non_striker": "J George",
              "runs": {
                "batter": 4,
                "extras": 0,
                "total": 4
              }
            },
            {
              "batter": "Z Maeva",
              "bowler": "S Sigaiwasa",
              "non_striker": "J George",
              "runs": {
                "batter": 0,
                "extras": 0,
                "total": 0
              }
            },
            {
              "batter": "Z Maeva",
              "bowler": "S Sigaiwasa",
              "non_striker": "J George",
              "runs": {
                "batter": 4,
                "extras": 0,
                "total": 4
              }
            },
            {
              "batter": "Z Maeva",
              "bowler": "S Sigaiwasa",
              "non_striker": "J George",
              "runs": {
                "batter": 0,
                "extras": 0,
                "total": 0
              }
            }
          ]
        },
        {
          "over": 8,
          "deliveries": [
            {
              "batter": "J George",
              "bowler": "R Muriyalo",
              "extras": {
                "byes": 1
              },
              "non_striker": "Z Maeva",
              "runs": {
                "batter": 0,
                "extras": 1,
                "total": 1
              }
            },
            {
              "batter": "Z Maeva",
              "bowler": "R Muriyalo",
              "non_striker": "J George",
              "runs": {
                "batter": 0,
                "extras": 0,
                "total": 0
              }
            },
            {
              "batter": "Z Maeva",
              "bowler": "R Muriyalo",
              "extras": {
                "noballs": 1
              },
              "non_striker": "J George",
              "runs": {
                "batter": 1,
                "extras": 1,
                "total": 2
              }
            },
            {
              "batter": "J George",
              "bowler": "R Muriyalo",
              "non_striker": "Z Maeva",
              "runs": {
                "batter": 1,
                "extras": 0,
                "total": 1
              }
            },
            {
              "batter": "Z Maeva",
              "bowler": "R Muriyalo",
              "extras": {
                "wides": 1
              },
              "non_striker": "J George",
              "runs": {
                "batter": 0,
                "extras": 1,
                "total": 1
              }
            },
            {
              "batter": "Z Maeva",
              "bowler": "R Muriyalo",
              "non_striker": "J George",
              "runs": {
                "batter": 0,
                "extras": 0,
                "total": 0
              }
            },
            {
              "batter": "Z Maeva",
              "bowler": "R Muriyalo",
              "non_striker": "J George",
              "runs": {
                "batter": 0,
                "extras": 0,
                "total": 0
              }
            },
            {
              "batter": "Z Maeva",
              "bowler": "R Muriyalo",
              "non_striker": "J George",
              "runs": {
                "batter": 0,
                "extras": 0,
                "total": 0
              },
              "wickets": [
                {
                  "player_out": "Z Maeva",
                  "fielders": [
                    {
                      "name": "MSC Erasito"
                    }
                  ],
                  "kind": "caught"
                }
              ]
            }
          ]
        },
        {
          "over": 9,
          "deliveries": [
            {
              "batter": "J George",
              "bowler": "M Biu",
              "non_striker": "P Kaveao",
              "runs": {
                "batter": 1,
                "extras": 0,
                "total": 1
              }
            },
            {
              "batter": "P Kaveao",
              "bowler": "M Biu",
              "non_striker": "J George",
              "runs": {
                "batter": 1,
                "extras": 0,
                "total": 1
              }
            },
            {
              "batter": "J George",
              "bowler": "M Biu",
              "non_striker": "P Kaveao",
              "runs": {
                "batter": 2,
                "extras": 0,
                "total": 2
              }
            },
            {
              "batter": "J George",
              "bowler": "M Biu",
              "non_striker": "P Kaveao",
              "runs": {
                "batter": 1,
                "extras": 0,
                "total": 1
              }
            },
            {
              "batter": "P Kaveao",
              "bowler": "M Biu",
              "non_striker": "J George",
              "runs": {
                "batter": 0,
                "extras": 0,
                "total": 0
              }
            },
            {
              "batter": "P Kaveao",
              "bowler": "M Biu",
              "non_striker": "J George",
              "runs": {
                "batter": 1,
                "extras": 0,
                "total": 1
              }
            }
          ]
        },
        {
          "over": 10,
          "deliveries": [
            {
              "batter": "P Kaveao",
              "bowler": "R Muriyalo",
              "non_striker": "J George",
              "runs": {
                "batter": 0,
                "extras": 0,
                "total": 0
              }
            },
            {
              "batter": "P Kaveao",
              "bowler": "R Muriyalo",
              "non_striker": "J George",
              "runs": {
                "batter": 1,
                "extras": 0,
                "total": 1
              }
            },
            {
              "batter": "J George",
              "bowler": "R Muriyalo",
              "non_striker": "P Kaveao",
              "runs": {
                "batter": 0,
                "extras": 0,
                "total": 0
              }
            },
            {
              "batter": "J George",
              "bowler": "R Muriyalo",
              "non_striker": "P Kaveao",
              "runs": {
                "batter": 0,
                "extras": 0,
                "total": 0
              }
            },
            {
              "batter": "J George",
              "bowler": "R Muriyalo",
              "extras": {
                "byes": 1
              },
              "non_striker": "P Kaveao",
              "runs": {
                "batter": 0,
                "extras": 1,
                "total": 1
              }
            },
            {
              "batter": "P Kaveao",
              "bowler": "R Muriyalo",
              "non_striker": "J George",
              "runs": {
                "batter": 4,
                "extras": 0,
                "total": 4
              }
            }
          ]
        },
        {
          "over": 11,
          "deliveries": [
            {
              "batter": "J George",
              "bowler": "M Biu",
              "non_striker": "P Kaveao",
              "runs": {
                "batter": 1,
                "extras": 0,
                "total": 1
              }
            },
            {
              "batter": "P Kaveao",
              "bowler": "M Biu",
              "non_striker": "J George",
              "runs": {
                "batter": 1,
                "extras": 0,
                "total": 1
              }
            },
            {
              "batter": "J George",
              "bowler": "M Biu",
              "non_striker": "P Kaveao",
              "runs": {
                "batter": 0,
                "extras": 0,
                "total": 0
              }
            },
            {
              "batter": "J George",
              "bowler": "M Biu",
              "non_striker": "P Kaveao",
              "runs": {
                "batter": 1,
                "extras": 0,
                "total": 1
              }
            },
            {
              "batter": "P Kaveao",
              "bowler": "M Biu",
              "non_striker": "J George",
              "runs": {
                "batter": 4,
                "extras": 0,
                "total": 4
              }
            },
            {
              "batter": "P Kaveao",
              "bowler": "M Biu",
              "non_striker": "J George",
              "runs": {
                "batter": 4,
                "extras": 0,
                "total": 4
              }
            }
          ]
        },
        {
          "over": 12,
          "deliveries": [
            {
              "batter": "J George",
              "bowler": "R Muriyalo",
              "non_striker": "P Kaveao",
              "runs": {
                "batter": 1,
                "extras": 0,
                "total": 1
              }
            }
          ]
        }
      ],
      "powerplays": [
        {
          "from": 0.1,
          "to": 5.8,
          "type": "mandatory"
        }
      ],
      "target": {
        "overs": 20,
        "runs": 89
      }
    }
  ]
}