{
  "meta": {
    "data_version": "1.1.0",
    "created": "2023-09-06",
    "revision": 1
  },
  "info": {
    "balls_per_over": 6,
    "city": "Bangi",
    "dates": [
      "2023-09-06"
    ],
    "event": {
      "name": "ICC Women's T20 World Cup Asia Region Qualifier",
      "match_number": 25,
      "group": "B"
    },
    "gender": "female",
    "match_type": "T20",
    "match_type_number": 1618,
    "officials": {
      "match_referees": [
        "M Nayyar"
      ],
      "reserve_umpires": [
        "LDVV Silva"
      ],
      "umpires": [
        "Sarika Prasad",
        "Shivani Mishra"
      ]
    },
    "outcome": {
      "winner": "Thailand",
      "by": {
        "runs": 43
      }
    },
    "overs": 20,
    "player_of_match": [
      "N Koncharoenkai"
    ],
    "players": {
      "Thailand": [
        "S Khiaoto",
        "N Koncharoenkai",
        "N Chantam",
        "C Sutthiruang",
        "P Maya",
        "N Boochatham",
        "N Chaiwai",
        "T Putthawong",
        "S Tippoch",
        "O Kamchomphu",
        "S Chaturongrattana"
      ],
      "Hong Kong": [
        "NT Miles",
        "M Hill",
        "YS To",
        "KY Chan",
        "MBA Lamplough",
        "Y Daswani",
        "Shanzeen Shahzad",
        "M Bibi",
        "Chan Ka Man",
        "Iqra Sahar",
        "M Wai Siu"
      ]
    },
    "registry": {
      "people": {
        "C Sutthiruang": "f6ddfe08",
        "Chan Ka Man": "c4022bff",
        "Iqra Sahar": "aaccb8ca",
        "KY Chan": "6348c6e9",
        "LDVV Silva": "6e226c31",
        "M Bibi": "34f86a2d",
        "M Hill": "bf5e7711",
        "M Nayyar": "b7bccddb",
        "M Wai Siu": "74eecff4",
        "MBA Lamplough": "997fffbe",
        "N Boochatham": "58acb320",
        "N Chaiwai": "0825e4b3",
        "N Chantam": "b5626ff7",
        "N Koncharoenkai": "82c78412",
        "NT Miles": "d27d0835",
        "O Kamchomphu": "519b872a",
        "P Maya": "72eada4c",
        "S Chaturongrattana": "bd36bc39",
        "S Khiaoto": "3ac854ca",
        "S Tippoch": "9c4b58db",
        "Sarika Prasad": "8ff397fa",
        "Shanzeen Shahzad": "ce291858",
        "Shivani Mishra": "2982a0c7",
        "T Putthawong": "23e3f2d6",
        "Y Daswani": "2038a273",
        "YS To": "73db1940"
      }
    },
    "season": "2023",
    "team_type": "international",
    "teams": [
      "Thailand",
      "Hong Kong"
    ],
    "toss": {
      "decision": "field",
      "winner": "Hong Kong"
    },
    "venue": "UKM-YSD Cricket Oval, Bangi"
  },
  "innings": [
    {
      "team": "Thailand",
      "overs": [
        {
          "over": 0,
          "deliveries": [
            {
              "batter": "S Khiaoto",
              "bowler": "Iqra Sahar",
              "non_striker": "N Koncharoenkai",
              "runs": {
                "batter": 0,
                "extras": 0,
                "total": 0
              }
            },
            {
              "batter": "S Khiaoto",
              "bowler": "Iqra Sahar",
              "non_striker": "N Koncharoenkai",
              "runs": {
                "batter": 0,
                "extras": 0,
                "total": 0
              }
            },
            {
              "batter": "S Khiaoto",
              "bowler": "Iqra Sahar",
              "non_striker": "N Koncharoenkai",
              "runs": {
                "batter": 0,
                "extras": 0,
                "total": 0
              }
            },
            {
              "batter": "S Khiaoto",
              "bowler": "Iqra Sahar",
              "non_striker": "N Koncharoenkai",
              "runs": {
                "batter": 0,
                "extras": 0,
                "total": 0
              }
            },
            {
              "batter": "S Khiaoto",
              "bowler": "Iqra Sahar",
              "non_striker": "N Koncharoenkai",
              "runs": {
                "batter": 0,
                "extras": 0,
                "total": 0
              }
            },
            {
              "batter": "S Khiaoto",
              "bowler": "Iqra Sahar",
              "non_striker": "N Koncharoenkai",
              "runs": {
                "batter": 0,
                "extras": 0,
                "total": 0
              }
            }
          ]
        },
        {
          "over": 1,
          "deliveries": [
            {
              "batter": "N Koncharoenkai",
              "bowler": "M Wai Siu",
              "non_striker": "S Khiaoto",
              "runs": {
                "batter": 1,
                "extras": 0,
                "total": 1
              }
            },
            {
              "batter": "S Khiaoto",
              "bowler": "M Wai Siu",
              "non_striker": "N Koncharoenkai",
              "runs": {
                "batter": 1,
                "extras": 0,
                "total": 1
              }
            },
            {
              "batter": "N Koncharoenkai",
              "bowler": "M Wai Siu",
              "non_striker": "S Khiaoto",
              "runs": {
                "batter": 0,
                "extras": 0,
                "total": 0
              }
            },
            {
              "batter": "N Koncharoenkai",
              "bowler": "M Wai Siu",
              "non_striker": "S Khiaoto",
              "runs": {
                "batter": 0,
                "extras": 0,
                "total": 0
              }
            },
            {
              "batter": "N Koncharoenkai",
              "bowler": "M Wai Siu",
              "non_striker": "S Khiaoto",
              "runs": {
                "batter": 1,
                "extras": 0,
                "total": 1
              }
            },
            {
              "batter": "S Khiaoto",
              "bowler": "M Wai Siu",
              "non_striker": "N Koncharoenkai",
              "runs": {
                "batter": 1,
                "extras": 0,
                "total": 1
              }
            }
          ]
        },
        {
          "over": 2,
          "deliveries": [
            {
              "batter": "S Khiaoto",
              "bowler": "Iqra Sahar",
              "non_striker": "N Koncharoenkai",
              "runs": {
                "batter": 0,
                "extras": 0,
                "total": 0
              }
            },
            {
              "batter": "S Khiaoto",
              "bowler": "Iqra Sahar",
              "non_striker": "N Koncharoenkai",
              "runs": {
                "batter": 0,
                "extras": 0,
                "total": 0
              }
            },
            {
              "batter": "S Khiaoto",
              "bowler": "Iqra Sahar",
              "non_striker": "N Koncharoenkai",
              "runs": {
                "batter": 4,
                "extras": 0,
                "total": 4
              }
            },
            {
              "batter": "S Khiaoto",
              "bowler": "Iqra Sahar",
              "non_striker": "N Koncharoenkai",
              "runs": {
                "batter": 0,
                "extras": 0,
                "total": 0
              }
            },
            {
              "batter": "S Khiaoto",
              "bowler": "Iqra Sahar",
              "non_striker": "N Koncharoenkai",
              "runs": {
                "batter": 0,
                "extras": 0,
                "total": 0
              }
            },
            {
              "batter": "S Khiaoto",
              "bowler": "Iqra Sahar",
              "non_striker": "N Koncharoenkai",
              "runs": {
                "batter": 0,
                "extras": 0,
                "total": 0
              }
            }
          ]
        },
        {
          "over": 3,
          "deliveries": [
            {
              "batter": "N Koncharoenkai",
              "bowler": "M Wai Siu",
              "non_striker": "S Khiaoto",
              "runs": {
                "batter": 1,
                "extras": 0,
                "total": 1
              }
            },
            {
              "batter": "S Khiaoto",
              "bowler": "M Wai Siu",
              "non_striker": "N Koncharoenkai",
              "runs": {
                "batter": 0,
                "extras": 0,
                "total": 0
              },
              "wickets": [
                {
                  "player_out": "S Khiaoto",
                  "fielders": [
                    {
                      "name": "M Bibi"
                    }
                  ],
                  "kind": "caught"
                }
              ]
            },
            {
              "batter": "N Chantam",
              "bowler": "M Wai Siu",
              "non_striker": "N Koncharoenkai",
              "runs": {
                "batter": 4,
                "extras": 0,
                "total": 4
              }
            },
            {
              "batter": "N Chantam",
              "bowler": "M Wai Siu",
              "non_striker": "N Koncharoenkai",
              "runs": {
                "batter": 0,
                "extras": 0,
                "total": 0
              }
            },
            {
              "batter": "N Chantam",
              "bowler": "M Wai Siu",
              "non_striker": "N Koncharoenkai",
              "runs": {
                "batter": 0,
                "extras": 0,
                "total": 0
              }
            },
            {
              "batter": "N Chantam",
              "bowler": "M Wai Siu",
              "non_striker": "N Koncharoenkai",
              "runs": {
                "batter": 0,
                "extras": 0,
                "total": 0
              }
            }
          ]
        },
        {
          "over": 4,
          "deliveries": [
            {
              "batter": "N Koncharoenkai",
              "bowler": "Iqra Sahar",
              "non_striker": "N Chantam",
              "runs": {
                "batter": 0,
                "extras": 0,
                "total": 0
              }
            },
            {
              "batter": "N Koncharoenkai",
              "bowler": "Iqra Sahar",
              "non_striker": "N Chantam",
              "runs": {
                "batter": 0,
                "extras": 0,
                "total": 0
              }
            },
            {
              "batter": "N Koncharoenkai",
              "bowler": "Iqra Sahar",
              "non_striker": "N Chantam",
              "runs": {
                "batter": 4,
                "extras": 0,
                "total": 4
              }
            },
            {
              "batter": "N Koncharoenkai",
              "bowler": "Iqra Sahar",
              "non_striker": "N Chantam",
              "runs": {
                "batter": 0,
                "extras": 0,
                "total": 0
              }
            },
            {
              "batter": "N Koncharoenkai",
              "bowler": "Iqra Sahar",
              "non_striker": "N Chantam",
              "runs": {
                "batter": 4,
                "extras": 0,
                "total": 4
              }
            },
            {
              "batter": "N Koncharoenkai",
              "bowler": "Iqra Sahar",
              "non_striker": "N Chantam",
              "runs": {
                "batter": 1,
                "extras": 0,
                "total": 1
              }
            }
          ]
        },
        {
          "over": 5,
          "deliveries": [
            {
              "batter": "N Koncharoenkai",
              "bowler": "M Wai Siu",
              "non_striker": "N Chantam",
              "runs": {
                "batter": 0,
                "extras": 0,
                "total": 0
              }
            },
            {
              "batter": "N Koncharoenkai",
              "bowler": "M Wai Siu",
              "non_striker": "N Chantam",
              "runs": {
                "batter": 0,
                "extras": 0,
                "total": 0
              }
            },
            {
              "batter": "N Koncharoenkai",
              "bowler": "M Wai Siu",
              "non_striker": "N Chantam",
              "runs": {
                "batter": 1,
                "extras": 0,
                "total": 1
              }
            },
            {
              "batter": "N Chantam",
              "bowler": "M Wai Siu",
              "non_striker": "N Koncharoenkai",
              "runs": {
                "batter": 1,
                "extras": 0,
                "total": 1
              }
            },
            {
              "batter": "N Koncharoenkai",
              "bowler": "M Wai Siu",
              "non_striker": "N Chantam",
              "runs": {
                "batter": 0,
                "extras": 0,
                "total": 0
              }
            },
            {
              "batter": "N Koncharoenkai",
              "bowler": "M Wai Siu",
              "non_striker": "N Chantam",
              "runs": {
                "batter": 0,
                "extras": 0,
                "total": 0
              }
            }
          ]
        },
        {
          "over": 6,
          "deliveries": [
            {
              "batter": "N Chantam",
              "bowler": "Chan Ka Man",
              "non_striker": "N Koncharoenkai",
              "runs": {
                "batter": 0,
                "extras": 0,
                "total": 0
              }
            },
            {
              "batter": "N Chantam",
              "bowler": "Chan Ka Man",
              "non_striker": "N Koncharoenkai",
              "runs": {
                "batter": 0,
                "extras": 0,
                "total": 0
              }
            },
            {
              "batter": "N Chantam",
              "bowler": "Chan Ka Man",
              "non_striker": "N Koncharoenkai",
              "runs": {
                "batter": 1,
                "extras": 0,
                "total": 1
              }
            },
            {
              "batter": "N Koncharoenkai",
              "bowler": "Chan Ka Man",
              "non_striker": "N Chantam",
              "runs": {
                "batter": 4,
                "extras": 0,
                "total": 4
              }
            },
            {
              "batter": "N Koncharoenkai",
              "bowler": "Chan Ka Man",
              "non_striker": "N Chantam",
              "runs": {
                "batter": 1,
                "extras": 0,
                "total": 1
              }
            },
            {
              "batter": "N Chantam",
              "bowler": "Chan Ka Man",
              "non_striker": "N Koncharoenkai",
              "runs": {
                "batter": 0,
                "extras": 0,
                "total": 0
              }
            }
          ]
        },
        {
          "over": 7,
          "deliveries": [
            {
              "batter": "N Koncharoenkai",
              "bowler": "M Hill",
              "non_striker": "N Chantam",
              "runs": {
                "batter": 2,
                "extras": 0,
                "total": 2
              }
            },
            {
              "batter": "N Koncharoenkai",
              "bowler": "M Hill",
              "non_striker": "N Chantam",
              "runs": {
                "batter": 0,
                "extras": 0,
                "total": 0
              }
            },
            {
              "batter": "N Koncharoenkai",
              "bowler": "M Hill",
              "non_striker": "N Chantam",
              "runs": {
                "batter": 0,
                "extras": 0,
                "total": 0
              }
            },
            {
              "batter": "N Koncharoenkai",
              "bowler": "M Hill",
              "non_striker": "N Chantam",
              "runs": {
                "batter": 1,
                "extras": 0,
                "total": 1
              }
            },
            {
              "batter": "N Chantam",
              "bowler": "M Hill",
              "non_striker": "N Koncharoenkai",
              "runs": {
                "batter": 1,
                "extras": 0,
                "total": 1
              }
            },
            {
              "batter": "N Koncharoenkai",
              "bowler": "M Hill",
              "non_striker": "N Chantam",
              "runs": {
                "batter": 4,
                "extras": 0,
                "total": 4
              }
            }
          ]
        },
        {
          "over": 8,
          "deliveries": [
            {
              "batter": "N Chantam",
              "bowler": "KY Chan",
              "non_striker": "N Koncharoenkai",
              "runs": {
                "batter": 1,
                "extras": 0,
                "total": 1
              }
            },
            {
              "batter": "N Koncharoenkai",
              "bowler": "KY Chan",
              "non_striker": "N Chantam",
              "runs": {
                "batter": 1,
                "extras": 0,
                "total": 1
              }
            },
            {
              "batter": "N Chantam",
              "bowler": "KY Chan",
              "non_striker": "N Koncharoenkai",
              "runs": {
                "batter": 1,
                "extras": 0,
                "total": 1
              }
            },
            {
              "batter": "N Koncharoenkai",
              "bowler": "KY Chan",
              "non_striker": "N Chantam",
              "runs": {
                "batter": 1,
                "extras": 0,
                "total": 1
              }
            },
            {
              "batter": "N Chantam",
              "bowler": "KY Chan",
              "non_striker": "N Koncharoenkai",
              "runs": {
                "batter": 0,
                "extras": 0,
                "total": 0
              }
            },
            {
              "batter": "N Chantam",
              "bowler": "KY Chan",
              "non_striker": "N Koncharoenkai",
              "runs": {
                "batter": 0,
                "extras": 0,
                "total": 0
              }
            }
          ]
        },
        {
          "over": 9,
          "deliveries": [
            {
              "batter": "N Koncharoenkai",
              "bowler": "M Hill",
              "non_striker": "N Chantam",
              "runs": {
                "batter": 4,
                "extras": 0,
                "total": 4
              }
            },
            {
              "batter": "N Koncharoenkai",
              "bowler": "M Hill",
              "non_striker": "N Chantam",
              "runs": {
                "batter": 2,
                "extras": 0,
                "total": 2
              }
            },
            {
              "batter": "N Koncharoenkai",
              "bowler": "M Hill",
              "non_striker": "N Chantam",
              "runs": {
                "batter": 2,
                "extras": 0,
                "total": 2
              }
            },
            {
              "batter": "N Koncharoenkai",
              "bowler": "M Hill",
              "non_striker": "N Chantam",
              "runs": {
                "batter": 1,
                "extras": 0,
                "total": 1
              }
            },
            {
              "batter": "N Chantam",
              "bowler": "M Hill",
              "non_striker": "N Koncharoenkai",
              "runs": {
                "batter": 0,
                "extras": 0,
                "total": 0
              }
            },
            {
              "batter": "N Chantam",
              "bowler": "M Hill",
              "non_striker": "N Koncharoenkai",
              "runs": {
                "batter": 0,
                "extras": 0,
                "total": 0
              }
            }
          ]
        },
        {
          "over": 10,
          "deliveries": [
            {
              "batter": "N Koncharoenkai",
              "bowler": "KY Chan",
              "non_striker": "N Chantam",
              "runs": {
                "batter": 0,
                "extras": 0,
                "total": 0
              }
            },
            {
              "batter": "N Koncharoenkai",
              "bowler": "KY Chan",
              "non_striker": "N Chantam",
              "runs": {
                "batter": 0,
                "extras": 0,
                "total": 0
              }
            },
            {
              "batter": "N Koncharoenkai",
              "bowler": "KY Chan",
              "non_striker": "N Chantam",
              "runs": {
                "batter": 0,
                "extras": 0,
                "total": 0
              }
            },
            {
              "batter": "N Koncharoenkai",
              "bowler": "KY Chan",
              "non_striker": "N Chantam",
              "runs": {
                "batter": 0,
                "extras": 0,
                "total": 0
              }
            },
            {
              "batter": "N Koncharoenkai",
              "bowler": "KY Chan",
              "non_striker": "N Chantam",
              "runs": {
                "batter": 1,
                "extras": 0,
                "total": 1
              }
            },
            {
              "batter": "N Chantam",
              "bowler": "KY Chan",
              "non_striker": "N Koncharoenkai",
              "runs": {
                "batter": 1,
                "extras": 0,
                "total": 1
              }
            }
          ]
        },
        {
          "over": 11,
          "deliveries": [
            {
              "batter": "N Chantam",
              "bowler": "Chan Ka Man",
              "non_striker": "N Koncharoenkai",
              "runs": {
                "batter": 0,
                "extras": 0,
                "total": 0
              }
            },
            {
              "batter": "N Chantam",
              "bowler": "Chan Ka Man",
              "non_striker": "N Koncharoenkai",
              "runs": {
                "batter": 0,
                "extras": 0,
                "total": 0
              }
            },
            {
              "batter": "N Chantam",
              "bowler": "Chan Ka Man",
              "non_striker": "N Koncharoenkai",
              "runs": {
                "batter": 1,
                "extras": 0,
                "total": 1
              }
            },
            {
              "batter": "N Koncharoenkai",
              "bowler": "Chan Ka Man",
              "non_striker": "N Chantam",
              "runs": {
                "batter": 0,
                "extras": 0,
                "total": 0
              }
            },
            {
              "batter": "N Koncharoenkai",
              "bowler": "Chan Ka Man",
              "non_striker": "N Chantam",
              "runs": {
                "batter": 1,
                "extras": 0,
                "total": 1
              }
            },
            {
              "batter": "N Chantam",
              "bowler": "Chan Ka Man",
              "non_striker": "N Koncharoenkai",
              "runs": {
                "batter": 1,
                "extras": 0,
                "total": 1
              }
            }
          ]
        },
        {
          "over": 12,
          "deliveries": [
            {
              "batter": "N Chantam",
              "bowler": "KY Chan",
              "non_striker": "N Koncharoenkai",
              "runs": {
                "batter": 0,
                "extras": 0,
                "total": 0
              }
            },
            {
              "batter": "N Chantam",
              "bowler": "KY Chan",
              "non_striker": "N Koncharoenkai",
              "runs": {
                "batter": 0,
                "extras": 0,
                "total": 0
              }
            },
            {
              "batter": "N Chantam",
              "bowler": "KY Chan",
              "non_striker": "N Koncharoenkai",
              "runs": {
                "batter": 2,
                "extras": 0,
                "total": 2
              }
            },
            {
              "batter": "N Chantam",
              "bowler": "KY Chan",
              "non_striker": "N Koncharoenkai",
              "runs": {
                "batter": 0,
                "extras": 0,
                "total": 0
              }
            },
            {
              "batter": "N Chantam",
              "bowler": "KY Chan",
              "non_striker": "N Koncharoenkai",
              "runs": {
                "batter": 1,
                "extras": 0,
                "total": 1
              }
            },
            {
              "batter": "N Koncharoenkai",
              "bowler": "KY Chan",
              "non_striker": "N Chantam",
              "runs": {
                "batter": 0,
                "extras": 0,
                "total": 0
              }
            }
          ]
        },
        {
          "over": 13,
          "deliveries": [
            {
              "batter": "N Chantam",
              "bowler": "Chan Ka Man",
              "non_striker": "N Koncharoenkai",
              "runs": {
                "batter": 0,
                "extras": 0,
                "total": 0
              }
            },
            {
              "batter": "N Chantam",
              "bowler": "Chan Ka Man",
              "non_striker": "N Koncharoenkai",
              "runs": {
                "batter": 0,
                "extras": 0,
                "total": 0
              }
            },
            {
              "batter": "N Chantam",
              "bowler": "Chan Ka Man",
              "non_striker": "N Koncharoenkai",
              "runs": {
                "batter": 1,
                "extras": 0,
                "total": 1
              }
            },
            {
              "batter": "N Koncharoenkai",
              "bowler": "Chan Ka Man",
              "non_striker": "N Chantam",
              "runs": {
                "batter": 1,
                "extras": 0,
                "total": 1
              }
            },
            {
              "batter": "N Chantam",
              "bowler": "Chan Ka Man",
              "non_striker": "N Koncharoenkai",
              "runs": {
                "batter": 1,
                "extras": 0,
                "total": 1
              }
            },
            {
              "batter": "N Koncharoenkai",
              "bowler": "Chan Ka Man",
              "non_striker": "N Chantam",
              "runs": {
                "batter": 0,
                "extras": 0,
                "total": 0
              }
            }
          ]
        },
        {
          "over": 14,
          "deliveries": [
            {
              "batter": "N Chantam",
              "bowler": "M Bibi",
              "non_striker": "N Koncharoenkai",
              "runs": {
                "batter": 0,
                "extras": 0,
                "total": 0
              }
            },
            {
              "batter": "N Chantam",
              "bowler": "M Bibi",
              "non_striker": "N Koncharoenkai",
              "runs": {
                "batter": 2,
                "extras": 0,
                "total": 2
              }
            },
            {
              "batter": "N Chantam",
              "bowler": "M Bibi",
              "non_striker": "N Koncharoenkai",
              "runs": {
                "batter": 4,
                "extras": 0,
                "total": 4
              }
            },
            {
              "batter": "N Chantam",
              "bowler": "M Bibi",
              "non_striker": "N Koncharoenkai",
              "runs": {
                "batter": 0,
                "extras": 0,
                "total": 0
              },
              "wickets": [
                {
                  "player_out": "N Chantam",
                  "fielders": [
                    {
                      "name": "NT Miles"
                    }
                  ],
                  "kind": "caught"
                }
              ]
            },
            {
              "batter": "C Sutthiruang",
              "bowler": "M Bibi",
              "non_striker": "N Koncharoenkai",
              "runs": {
                "batter": 0,
                "extras": 0,
                "total": 0
              }
            },
            {
              "batter": "C Sutthiruang",
              "bowler": "M Bibi",
              "non_striker": "N Koncharoenkai",
              "runs": {
                "batter": 2,
                "extras": 0,
                "total": 2
              }
            }
          ]
        },
        {
          "over": 15,
          "deliveries": [
            {
              "batter": "N Koncharoenkai",
              "bowler": "M Wai Siu",
              "non_striker": "C Sutthiruang",
              "runs": {
                "batter": 4,
                "extras": 0,
                "total": 4
              }
            },
            {
              "batter": "N Koncharoenkai",
              "bowler": "M Wai Siu",
              "non_striker": "C Sutthiruang",
              "runs": {
                "batter": 1,
                "extras": 0,
                "total": 1
              }
            },
            {
              "batter": "C Sutthiruang",
              "bowler": "M Wai Siu",
              "non_striker": "N Koncharoenkai",
              "runs": {
                "batter": 0,
                "extras": 0,
                "total": 0
              }
            },
            {
              "batter": "C Sutthiruang",
              "bowler": "M Wai Siu",
              "non_striker": "N Koncharoenkai",
              "runs": {
                "batter": 1,
                "extras": 0,
                "total": 1
              }
            },
            {
              "batter": "N Koncharoenkai",
              "bowler": "M Wai Siu",
              "non_striker": "C Sutthiruang",
              "runs": {
                "batter": 1,
                "extras": 0,
                "total": 1
              }
            },
            {
              "batter": "C Sutthiruang",
              "bowler": "M Wai Siu",
              "non_striker": "N Koncharoenkai",
              "runs": {
                "batter": 0,
                "extras": 0,
                "total": 0
              }
            }
          ]
        },
        {
          "over": 16,
          "deliveries": [
            {
              "batter": "N Koncharoenkai",
              "bowler": "M Bibi",
              "non_striker": "C Sutthiruang",
              "runs": {
                "batter": 0,
                "extras": 0,
                "total": 0
              }
            },
            {
              "batter": "N Koncharoenkai",
              "bowler": "M Bibi",
              "non_striker": "C Sutthiruang",
              "runs": {
                "batter": 4,
                "extras": 0,
                "total": 4
              }
            },
            {
              "batter": "N Koncharoenkai",
              "bowler": "M Bibi",
              "non_striker": "C Sutthiruang",
              "runs": {
                "batter": 0,
                "extras": 0,
                "total": 0
              }
            },
            {
              "batter": "N Koncharoenkai",
              "bowler": "M Bibi",
              "non_striker": "C Sutthiruang",
              "runs": {
                "batter": 4,
                "extras": 0,
                "total": 4
              }
            },
            {
              "batter": "N Koncharoenkai",
              "bowler": "M Bibi",
              "non_striker": "C Sutthiruang",
              "runs": {
                "batter": 4,
                "extras": 0,
                "total": 4
              }
            },
            {
              "batter": "N Koncharoenkai",
              "bowler": "M Bibi",
              "non_striker": "C Sutthiruang",
              "runs": {
                "batter": 1,
                "extras": 0,
                "total": 1
              }
            }
          ]
        },
        {
          "over": 17,
          "deliveries": [
            {
              "batter": "N Koncharoenkai",
              "bowler": "M Hill",
              "non_striker": "C Sutthiruang",
              "runs": {
                "batter": 0,
                "extras": 0,
                "total": 0
              }
            },
            {
              "batter": "N Koncharoenkai",
              "bowler": "M Hill",
              "non_striker": "C Sutthiruang",
              "runs": {
                "batter": 2,
                "extras": 0,
                "total": 2
              }
            },
            {
              "batter": "N Koncharoenkai",
              "bowler": "M Hill",
              "non_striker": "C Sutthiruang",
              "runs": {
                "batter": 1,
                "extras": 0,
                "total": 1
              }
            },
            {
              "batter": "C Sutthiruang",
              "bowler": "M Hill",
              "non_striker": "N Koncharoenkai",
              "runs": {
                "batter": 4,
                "extras": 0,
                "total": 4
              }
            },
            {
              "batter": "C Sutthiruang",
              "bowler": "M Hill",
              "non_striker": "N Koncharoenkai",
              "runs": {
                "batter": 0,
                "extras": 0,
                "total": 0
              }
            },
            {
              "batter": "C Sutthiruang",
              "bowler": "M Hill",
              "non_striker": "N Koncharoenkai",
              "runs": {
                "batter": 1,
                "extras": 0,
                "total": 1
              }
            }
          ]
        },
        {
          "over": 18,
          "deliveries": [
            {
              "batter": "C Sutthiruang",
              "bowler": "KY Chan",
              "non_striker": "N Koncharoenkai",
              "runs": {
                "batter": 2,
                "extras": 0,
                "total": 2
              }
            },
            {
              "batter": "C Sutthiruang",
              "bowler": "KY Chan",
              "non_striker": "N Koncharoenkai",
              "runs": {
                "batter": 1,
                "extras": 0,
                "total": 1
              }
            },
            {
              "batter": "N Koncharoenkai",
              "bowler": "KY Chan",
              "non_striker": "C Sutthiruang",
              "runs": {
                "batter": 4,
                "extras": 0,
                "total": 4
              }
            },
            {
              "batter": "N Koncharoenkai",
              "bowler": "KY Chan",
              "non_striker": "C Sutthiruang",
              "runs": {
                "batter": 4,
                "extras": 0,
                "total": 4
              }
            },
            {
              "batter": "N Koncharoenkai",
              "bowler": "KY Chan",
              "non_striker": "C Sutthiruang",
              "runs": {
                "batter": 2,
                "extras": 0,
                "total": 2
              }
            },
            {
              "batter": "N Koncharoenkai",
              "bowler": "KY Chan",
              "non_striker": "C Sutthiruang",
              "runs": {
                "batter": 2,
                "extras": 0,
                "total": 2
              }
            }
          ]
        },
        {
          "over": 19,
          "deliveries": [
            {
              "batter": "C Sutthiruang",
              "bowler": "Chan Ka Man",
              "non_striker": "N Koncharoenkai",
              "runs": {
                "batter": 4,
                "extras": 0,
                "total": 4
              }
            },
            {
              "batter": "C Sutthiruang",
              "bowler": "Chan Ka Man",
              "non_striker": "N Koncharoenkai",
              "runs": {
                "batter": 1,
                "extras": 0,
                "total": 1
              }
            },
            {
              "batter": "N Koncharoenkai",
              "bowler": "Chan Ka Man",
              "non_striker": "C Sutthiruang",
              "runs": {
                "batter": 2,
                "extras": 0,
                "total": 2
              }
            },
            {
              "batter": "N Koncharoenkai",
              "bowler": "Chan Ka Man",
              "non_striker": "C Sutthiruang",
              "runs": {
                "batter": 0,
                "extras": 0,
                "total": 0
              }
            },
            {
              "batter": "N Koncharoenkai",
              "bowler": "Chan Ka Man",
              "non_striker": "C Sutthiruang",
              "runs": {
                "batter": 0,
                "extras": 0,
                "total": 0
              },
              "wickets": [
                {
                  "player_out": "N Koncharoenkai",
                  "fielders": [
                    {
                      "name": "Y Daswani"
                    }
                  ],
                  "kind": "stumped"
                }
              ]
            },
            {
              "batter": "P Maya",
              "bowler": "Chan Ka Man",
              "non_striker": "C Sutthiruang",
              "runs": {
                "batter": 1,
                "extras": 0,
                "total": 1
              },
              "wickets": [
                {
                  "player_out": "P Maya",
                  "fielders": [
                    {
                      "name": "M Bibi"
                    },
                    {
                      "name": "Chan Ka Man"
                    }
                  ],
                  "kind": "run out"
                }
              ]
            }
          ]
        }
      ],
      "powerplays": [
        {
          "from": 0.1,
          "to": 5.6,
          "type": "mandatory"
        }
      ]
    },
    {
      "team": "Hong Kong",
      "overs": [
        {
          "over": 0,
          "deliveries": [
            {
              "batter": "NT Miles",
              "bowler": "C Sutthiruang",
              "non_striker": "M Hill",
              "runs": {
                "batter": 0,
                "extras": 0,
                "total": 0
              }
            },
            {
              "batter": "NT Miles",
              "bowler": "C Sutthiruang",
              "non_striker": "M Hill",
              "runs": {
                "batter": 1,
                "extras": 0,
                "total": 1
              }
            },
            {
              "batter": "M Hill",
              "bowler": "C Sutthiruang",
              "non_striker": "NT Miles",
              "runs": {
                "batter": 0,
                "extras": 0,
                "total": 0
              }
            },
            {
              "batter": "M Hill",
              "bowler": "C Sutthiruang",
              "non_striker": "NT Miles",
              "runs": {
                "batter": 0,
                "extras": 0,
                "total": 0
              }
            },
            {
              "batter": "M Hill",
              "bowler": "C Sutthiruang",
              "non_striker": "NT Miles",
              "runs": {
                "batter": 0,
                "extras": 0,
                "total": 0
              }
            },
            {
              "batter": "M Hill",
              "bowler": "C Sutthiruang",
              "non_striker": "NT Miles",
              "runs": {
                "batter": 4,
                "extras": 0,
                "total": 4
              }
            }
          ]
        },
        {
          "over": 1,
          "deliveries": [
            {
              "batter": "NT Miles",
              "bowler": "N Boochatham",
              "non_striker": "M Hill",
              "runs": {
                "batter": 0,
                "extras": 0,
                "total": 0
              }
            },
            {
              "batter": "NT Miles",
              "bowler": "N Boochatham",
              "non_striker": "M Hill",
              "runs": {
                "batter": 0,
                "extras": 0,
                "total": 0
              }
            },
            {
              "batter": "NT Miles",
              "bowler": "N Boochatham",
              "non_striker": "M Hill",
              "runs": {
                "batter": 2,
                "extras": 0,
                "total": 2
              }
            },
            {
              "batter": "NT Miles",
              "bowler": "N Boochatham",
              "non_striker": "M Hill",
              "runs": {
                "batter": 0,
                "extras": 0,
                "total": 0
              }
            },
            {
              "batter": "NT Miles",
              "bowler": "N Boochatham",
              "non_striker": "M Hill",
              "runs": {
                "batter": 0,
                "extras": 0,
                "total": 0
              }
            },
            {
              "batter": "NT Miles",
              "bowler": "N Boochatham",
              "non_striker": "M Hill",
              "runs": {
                "batter": 0,
                "extras": 0,
                "total": 0
              }
            }
          ]
        },
        {
          "over": 2,
          "deliveries": [
            {
              "batter": "M Hill",
              "bowler": "C Sutthiruang",
              "non_striker": "NT Miles",
              "runs": {
                "batter": 4,
                "extras": 0,
                "total": 4
              }
            },
            {
              "batter": "M Hill",
              "bowler": "C Sutthiruang",
              "non_striker": "NT Miles",
              "runs": {
                "batter": 0,
                "extras": 0,
                "total": 0
              }
            },
            {
              "batter": "M Hill",
              "bowler": "C Sutthiruang",
              "non_striker": "NT Miles",
              "runs": {
                "batter": 1,
                "extras": 0,
                "total": 1
              }
            },
            {
              "batter": "NT Miles",
              "bowler": "C Sutthiruang",
              "non_striker": "M Hill",
              "runs": {
                "batter": 0,
                "extras": 0,
                "total": 0
              },
              "wickets": [
                {
                  "player_out": "NT Miles",
                  "kind": "lbw"
                }
              ]
            },
            {
              "batter": "YS To",
              "bowler": "C Sutthiruang",
              "non_striker": "M Hill",
              "runs": {
                "batter": 0,
                "extras": 0,
                "total": 0
              }
            },
            {
              "batter": "YS To",
              "bowler": "C Sutthiruang",
              "non_striker": "M Hill",
              "runs": {
                "batter": 0,
                "extras": 0,
                "total": 0
              }
            }
          ]
        },
        {
          "over": 3,
          "deliveries": [
            {
              "batter": "M Hill",
              "bowler": "N Boochatham",
              "non_striker": "YS To",
              "runs": {
                "batter": 0,
                "extras": 0,
                "total": 0
              }
            },
            {
              "batter": "M Hill",
              "bowler": "N Boochatham",
              "non_striker": "YS To",
              "runs": {
                "batter": 0,
                "extras": 0,
                "total": 0
              }
            },
            {
              "batter": "M Hill",
              "bowler": "N Boochatham",
              "non_striker": "YS To",
              "runs": {
                "batter": 0,
                "extras": 0,
                "total": 0
              }
            },
            {
              "batter": "M Hill",
              "bowler": "N Boochatham",
              "non_striker": "YS To",
              "runs": {
                "batter": 1,
                "extras": 0,
                "total": 1
              }
            },
            {
              "batter": "YS To",
              "bowler": "N Boochatham",
              "non_striker": "M Hill",
              "runs": {
                "batter": 0,
                "extras": 0,
                "total": 0
              }
            },
            {
              "batter": "YS To",
              "bowler": "N Boochatham",
              "non_striker": "M Hill",
              "runs": {
                "batter": 0,
                "extras": 0,
                "total": 0
              },
              "wickets": [
                {
                  "player_out": "YS To",
                  "kind": "bowled"
                }
              ]
            }
          ]
        },
        {
          "over": 4,
          "deliveries": [
            {
              "batter": "M Hill",
              "bowler": "T Putthawong",
              "non_striker": "KY Chan",
              "runs": {
                "batter": 0,
                "extras": 0,
                "total": 0
              }
            },
            {
              "batter": "M Hill",
              "bowler": "T Putthawong",
              "non_striker": "KY Chan",
              "runs": {
                "batter": 2,
                "extras": 0,
                "total": 2
              }
            },
            {
              "batter": "M Hill",
              "bowler": "T Putthawong",
              "extras": {
                "wides": 1
              },
              "non_striker": "KY Chan",
              "runs": {
                "batter": 0,
                "extras": 1,
                "total": 1
              }
            },
            {
              "batter": "M Hill",
              "bowler": "T Putthawong",
              "non_striker": "KY Chan",
              "runs": {
                "batter": 0,
                "extras": 0,
                "total": 0
              }
            },
            {
              "batter": "M Hill",
              "bowler": "T Putthawong",
              "non_striker": "KY Chan",
              "runs": {
                "batter": 0,
                "extras": 0,
                "total": 0
              }
            },
            {
              "batter": "M Hill",
              "bowler": "T Putthawong",
              "non_striker": "KY Chan",
              "runs": {
                "batter": 0,
                "extras": 0,
                "total": 0
              }
            },
            {
              "batter": "M Hill",
              "bowler": "T Putthawong",
              "non_striker": "KY Chan",
              "runs": {
                "batter": 1,
                "extras": 0,
                "total": 1
              }
            }
          ]
        },
        {
          "over": 5,
          "deliveries": [
            {
              "batter": "M Hill",
              "bowler": "N Boochatham",
              "non_striker": "KY Chan",
              "runs": {
                "batter": 0,
                "extras": 0,
                "total": 0
              }
            },
            {
              "batter": "M Hill",
              "bowler": "N Boochatham",
              "non_striker": "KY Chan",
              "runs": {
                "batter": 4,
                "extras": 0,
                "total": 4
              }
            },
            {
              "batter": "M Hill",
              "bowler": "N Boochatham",
              "non_striker": "KY Chan",
              "runs": {
                "batter": 0,
                "extras": 0,
                "total": 0
              },
              "wickets": [
                {
                  "player_out": "M Hill",
                  "fielders": [
                    {
                      "name": "O Kamchomphu"
                    }
                  ],
                  "kind": "caught"
                }
              ]
            },
            {
              "batter": "MBA Lamplough",
              "bowler": "N Boochatham",
              "non_striker": "KY Chan",
              "runs": {
                "batter": 0,
                "extras": 0,
                "total": 0
              }
            },
            {
              "batter": "MBA Lamplough",
              "bowler": "N Boochatham",
              "non_striker": "KY Chan",
              "runs": {
                "batter": 1,
                "extras": 0,
                "total": 1
              }
            },
            {
              "batter": "KY Chan",
              "bowler": "N Boochatham",
              "non_striker": "MBA Lamplough",
              "runs": {
                "batter": 0,
                "extras": 0,
                "total": 0
              }
            }
          ]
        },
        {
          "over": 6,
          "deliveries": [
            {
              "batter": "MBA Lamplough",
              "bowler": "T Putthawong",
              "non_striker": "KY Chan",
              "runs": {
                "batter": 0,
                "extras": 0,
                "total": 0
              }
            },
            {
              "batter": "MBA Lamplough",
              "bowler": "T Putthawong",
              "non_striker": "KY Chan",
              "runs": {
                "batter": 0,
                "extras": 0,
                "total": 0
              }
            },
            {
              "batter": "MBA Lamplough",
              "bowler": "T Putthawong",
              "non_striker": "KY Chan",
              "runs": {
                "batter": 1,
                "extras": 0,
                "total": 1
              }
            },
            {
              "batter": "KY Chan",
              "bowler": "T Putthawong",
              "non_striker": "MBA Lamplough",
              "runs": {
                "batter": 0,
                "extras": 0,
                "total": 0
              }
            },
            {
              "batter": "KY Chan",
              "bowler": "T Putthawong",
              "non_striker": "MBA Lamplough",
              "runs": {
                "batter": 0,
                "extras": 0,
                "total": 0
              }
            },
            {
              "batter": "KY Chan",
              "bowler": "T Putthawong",
              "non_striker": "MBA Lamplough",
              "runs": {
                "batter": 1,
                "extras": 0,
                "total": 1
              }
            }
          ]
        },
        {
          "over": 7,
          "deliveries": [
            {
              "batter": "KY Chan",
              "bowler": "S Chaturongrattana",
              "non_striker": "MBA Lamplough",
              "runs": {
                "batter": 0,
                "extras": 0,
                "total": 0
              }
            },
            {
              "batter": "KY Chan",
              "bowler": "S Chaturongrattana",
              "non_striker": "MBA Lamplough",
              "runs": {
                "batter": 0,
                "extras": 0,
                "total": 0
              }
            },
            {
              "batter": "KY Chan",
              "bowler": "S Chaturongrattana",
              "non_striker": "MBA Lamplough",
              "runs": {
                "batter": 2,
                "extras": 0,
                "total": 2
              }
            },
            {
              "batter": "KY Chan",
              "bowler": "S Chaturongrattana",
              "non_striker": "MBA Lamplough",
              "runs": {
                "batter": 0,
                "extras": 0,
                "total": 0
              }
            },
            {
              "batter": "KY Chan",
              "bowler": "S Chaturongrattana",
              "non_striker": "MBA Lamplough",
              "runs": {
                "batter": 1,
                "extras": 0,
                "total": 1
              }
            },
            {
              "batter": "MBA Lamplough",
              "bowler": "S Chaturongrattana",
              "non_striker": "KY Chan",
              "runs": {
                "batter": 0,
                "extras": 0,
                "total": 0
              }
            }
          ]
        },
        {
          "over": 8,
          "deliveries": [
            {
              "batter": "KY Chan",
              "bowler": "T Putthawong",
              "non_striker": "MBA Lamplough",
              "runs": {
                "batter": 1,
                "extras": 0,
                "total": 1
              }
            },
            {
              "batter": "MBA Lamplough",
              "bowler": "T Putthawong",
              "non_striker": "KY Chan",
              "runs": {
                "batter": 1,
                "extras": 0,
                "total": 1
              }
            },
            {
              "batter": "KY Chan",
              "bowler": "T Putthawong",
              "non_striker": "MBA Lamplough",
              "runs": {
                "batter": 0,
                "extras": 0,
                "total": 0
              }
            },
            {
              "batter": "KY Chan",
              "bowler": "T Putthawong",
              "non_striker": "MBA Lamplough",
              "runs": {
                "batter": 1,
                "extras": 0,
                "total": 1
              }
            },
            {
              "batter": "MBA Lamplough",
              "bowler": "T Putthawong",
              "non_striker": "KY Chan",
              "runs": {
                "batter": 2,
                "extras": 0,
                "total": 2
              }
            },
            {
              "batter": "MBA Lamplough",
              "bowler": "T Putthawong",
              "non_striker": "KY Chan",
              "runs": {
                "batter": 0,
                "extras": 0,
                "total": 0
              }
            }
          ]
        },
        {
          "over": 9,
          "deliveries": [
            {
              "batter": "KY Chan",
              "bowler": "S Chaturongrattana",
              "non_striker": "MBA Lamplough",
              "runs": {
                "batter": 0,
                "extras": 0,
                "total": 0
              }
            },
            {
              "batter": "KY Chan",
              "bowler": "S Chaturongrattana",
              "non_striker": "MBA Lamplough",
              "runs": {
                "batter": 0,
                "extras": 0,
                "total": 0
              },
              "wickets": [
                {
                  "player_out": "KY Chan",
                  "fielders": [
                    {
                      "name": "N Chantam"
                    },
                    {
                      "name": "S Chaturongrattana"
                    }
                  ],
                  "kind": "run out"
                }
              ]
            },
            {
              "batter": "MBA Lamplough",
              "bowler": "S Chaturongrattana",
              "non_striker": "Y Daswani",
              "runs": {
                "batter": 1,
                "extras": 0,
                "total": 1
              }
            },
            {
              "batter": "Y Daswani",
              "bowler": "S Chaturongrattana",
              "non_striker": "MBA Lamplough",
              "runs": {
                "batter": 0,
                "extras": 0,
                "total": 0
              }
            },
            {
              "batter": "Y Daswani",
              "bowler": "S Chaturongrattana",
              "non_striker": "MBA Lamplough",
              "runs": {
                "batter": 0,
                "extras": 0,
                "total": 0
              }
            },
            {
              "batter": "Y Daswani",
              "bowler": "S Chaturongrattana",
              "non_striker": "MBA Lamplough",
              "runs": {
                "batter": 0,
                "extras": 0,
                "total": 0
              }
            }
          ]
        },
        {
          "over": 10,
          "deliveries": [
            {
              "batter": "MBA Lamplough",
              "bowler": "P Maya",
              "non_striker": "Y Daswani",
              "runs": {
                "batter": 0,
                "extras": 0,
                "total": 0
              }
            },
            {
              "batter": "MBA Lamplough",
              "bowler": "P Maya",
              "non_striker": "Y Daswani",
              "runs": {
                "batter": 2,
                "extras": 0,
                "total": 2
              }
            },
            {
              "batter": "MBA Lamplough",
              "bowler": "P Maya",
              "non_striker": "Y Daswani",
              "runs": {
                "batter": 0,
                "extras": 0,
                "total": 0
              }
            },
            {
              "batter": "MBA Lamplough",
              "bowler": "P Maya",
              "non_striker": "Y Daswani",
              "runs": {
                "batter": 0,
                "extras": 0,
                "total": 0
              }
            },
            {
              "batter": "MBA Lamplough",
              "bowler": "P Maya",
              "non_striker": "Y Daswani",
              "runs": {
                "batter": 1,
                "extras": 0,
                "total": 1
              }
            },
            {
              "batter": "Y Daswani",
              "bowler": "P Maya",
              "non_striker": "MBA Lamplough",
              "runs": {
                "batter": 0,
                "extras": 0,
                "total": 0
              }
            }
          ]
        },
        {
          "over": 11,
          "deliveries": [
            {
              "batter": "MBA Lamplough",
              "bowler": "O Kamchomphu",
              "non_striker": "Y Daswani",
              "runs": {
                "batter": 4,
                "extras": 0,
                "total": 4
              }
            },
            {
              "batter": "MBA Lamplough",
              "bowler": "O Kamchomphu",
              "non_striker": "Y Daswani",
              "runs": {
                "batter": 0,
                "extras": 0,
                "total": 0
              }
            },
            {
              "batter": "MBA Lamplough",
              "bowler": "O Kamchomphu",
              "non_striker": "Y Daswani",
              "runs": {
                "batter": 1,
                "extras": 0,
                "total": 1
              }
            },
            {
              "batter": "Y Daswani",
              "bowler": "O Kamchomphu",
              "non_striker": "MBA Lamplough",
              "runs": {
                "batter": 1,
                "extras": 0,
                "total": 1
              }
            },
            {
              "batter": "MBA Lamplough",
              "bowler": "O Kamchomphu",
              "non_striker": "Y Daswani",
              "runs": {
                "batter": 0,
                "extras": 0,
                "total": 0
              }
            },
            {
              "batter": "MBA Lamplough",
              "bowler": "O Kamchomphu",
              "non_striker": "Y Daswani",
              "runs": {
                "batter": 1,
                "extras": 0,
                "total": 1
              }
            }
          ]
        },
        {
          "over": 12,
          "deliveries": [
            {
              "batter": "MBA Lamplough",
              "bowler": "P Maya",
              "non_striker": "Y Daswani",
              "runs": {
                "batter": 1,
                "extras": 0,
                "total": 1
              }
            },
            {
              "batter": "Y Daswani",
              "bowler": "P Maya",
              "non_striker": "MBA Lamplough",
              "runs": {
                "batter": 0,
                "extras": 0,
                "total": 0
              }
            },
            {
              "batter": "Y Daswani",
              "bowler": "P Maya",
              "non_striker": "MBA Lamplough",
              "runs": {
                "batter": 1,
                "extras": 0,
                "total": 1
              }
            },
            {
              "batter": "MBA Lamplough",
              "bowler": "P Maya",
              "non_striker": "Y Daswani",
              "runs": {
                "batter": 1,
                "extras": 0,
                "total": 1
              }
            },
            {
              "batter": "Y Daswani",
              "bowler": "P Maya",
              "non_striker": "MBA Lamplough",
              "runs": {
                "batter": 0,
                "extras": 0,
                "total": 0
              }
            },
            {
              "batter": "Y Daswani",
              "bowler": "P Maya",
              "non_striker": "MBA Lamplough",
              "runs": {
                "batter": 1,
                "extras": 0,
                "total": 1
              }
            }
          ]
        },
        {
          "over": 13,
          "deliveries": [
            {
              "batter": "Y Daswani",
              "bowler": "S Chaturongrattana",
              "non_striker": "MBA Lamplough",
              "runs": {
                "batter": 0,
                "extras": 0,
                "total": 0
              }
            },
            {
              "batter": "Y Daswani",
              "bowler": "S Chaturongrattana",
              "non_striker": "MBA Lamplough",
              "runs": {
                "batter": 0,
                "extras": 0,
                "total": 0
              }
            },
            {
              "batter": "Y Daswani",
              "bowler": "S Chaturongrattana",
              "non_striker": "MBA Lamplough",
              "runs": {
                "batter": 0,
                "extras": 0,
                "total": 0
              }
            },
            {
              "batter": "Y Daswani",
              "bowler": "S Chaturongrattana",
              "non_striker": "MBA Lamplough",
              "runs": {
                "batter": 0,
                "extras": 0,
                "total": 0
              }
            },
            {
              "batter": "Y Daswani",
              "bowler": "S Chaturongrattana",
              "non_striker": "MBA Lamplough",
              "runs": {
                "batter": 1,
                "extras": 0,
                "total": 1
              }
            },
            {
              "batter": "MBA Lamplough",
              "bowler": "S Chaturongrattana",
              "non_striker": "Y Daswani",
              "runs": {
                "batter": 0,
                "extras": 0,
                "total": 0
              }
            }
          ]
        },
        {
          "over": 14,
          "deliveries": [
            {
              "batter": "Y Daswani",
              "bowler": "P Maya",
              "non_striker": "MBA Lamplough",
              "runs": {
                "batter": 1,
                "extras": 0,
                "total": 1
              }
            },
            {
              "batter": "MBA Lamplough",
              "bowler": "P Maya",
              "non_striker": "Y Daswani",
              "runs": {
                "batter": 1,
                "extras": 0,
                "total": 1
              }
            },
            {
              "batter": "Y Daswani",
              "bowler": "P Maya",
              "non_striker": "MBA Lamplough",
              "runs": {
                "batter": 2,
                "extras": 0,
                "total": 2
              }
            },
            {
              "batter": "Y Daswani",
              "bowler": "P Maya",
              "non_striker": "MBA Lamplough",
              "runs": {
                "batter": 1,
                "extras": 0,
                "total": 1
              }
            },
            {
              "batter": "MBA Lamplough",
              "bowler": "P Maya",
              "non_striker": "Y Daswani",
              "runs": {
                "batter": 1,
                "extras": 0,
                "total": 1
              }
            },
            {
              "batter": "Y Daswani",
              "bowler": "P Maya",
              "non_striker": "MBA Lamplough",
              "runs": {
                "batter": 0,
                "extras": 0,
                "total": 0
              }
            }
          ]
        },
        {
          "over": 15,
          "deliveries": [
            {
              "batter": "MBA Lamplough",
              "bowler": "O Kamchomphu",
              "extras": {
                "legbyes": 1
              },
              "non_striker": "Y Daswani",
              "runs": {
                "batter": 0,
                "extras": 1,
                "total": 1
              }
            },
            {
              "batter": "Y Daswani",
              "bowler": "O Kamchomphu",
              "non_striker": "MBA Lamplough",
              "runs": {
                "batter": 1,
                "extras": 0,
                "total": 1
              }
            },
            {
              "batter": "MBA Lamplough",
              "bowler": "O Kamchomphu",
              "extras": {
                "byes": 1
              },
              "non_striker": "Y Daswani",
              "runs": {
                "batter": 0,
                "extras": 1,
                "total": 1
              }
            },
            {
              "batter": "Y Daswani",
              "bowler": "O Kamchomphu",
              "non_striker": "MBA Lamplough",
              "runs": {
                "batter": 1,
                "extras": 0,
                "total": 1
              }
            },
            {
              "batter": "MBA Lamplough",
              "bowler": "O Kamchomphu",
              "extras": {
                "legbyes": 1
              },
              "non_striker": "Y Daswani",
              "runs": {
                "batter": 0,
                "extras": 1,
                "total": 1
              }
            },
            {
              "batter": "Y Daswani",
              "bowler": "O Kamchomphu",
              "non_striker": "MBA Lamplough",
              "runs": {
                "batter": 1,
                "extras": 0,
                "total": 1
              }
            }
          ]
        },
        {
          "over": 16,
          "deliveries": [
            {
              "batter": "Y Daswani",
              "bowler": "S Chaturongrattana",
              "non_striker": "MBA Lamplough",
              "runs": {
                "batter": 0,
                "extras": 0,
                "total": 0
              },
              "wickets": [
                {
                  "player_out": "Y Daswani",
                  "kind": "bowled"
                }
              ]
            },
            {
              "batter": "Shanzeen Shahzad",
              "bowler": "S Chaturongrattana",
              "non_striker": "MBA Lamplough",
              "runs": {
                "batter": 0,
                "extras": 0,
                "total": 0
              }
            },
            {
              "batter": "Shanzeen Shahzad",
              "bowler": "S Chaturongrattana",
              "extras": {
                "legbyes": 1
              },
              "non_striker": "MBA Lamplough",
              "runs": {
                "batter": 0,
                "extras": 1,
                "total": 1
              }
            },
            {
              "batter": "MBA Lamplough",
              "bowler": "S Chaturongrattana",
              "non_striker": "Shanzeen Shahzad",
              "runs": {
                "batter": 0,
                "extras": 0,
                "total": 0
              },
              "wickets": [
                {
                  "player_out": "MBA Lamplough",
                  "kind": "bowled"
                }
              ]
            },
            {
              "batter": "M Bibi",
              "bowler": "S Chaturongrattana",
              "non_striker": "Shanzeen Shahzad",
              "runs": {
                "batter": 2,
                "extras": 0,
                "total": 2
              }
            },
            {
              "batter": "M Bibi",
              "bowler": "S Chaturongrattana",
              "non_striker": "Shanzeen Shahzad",
              "runs": {
                "batter": 2,
                "extras": 0,
                "total": 2
              }
            }
          ]
        },
        {
          "over": 17,
          "deliveries": [
            {
              "batter": "Shanzeen Shahzad",
              "bowler": "O Kamchomphu",
              "non_striker": "M Bibi",
              "runs": {
                "batter": 0,
                "extras": 0,
                "total": 0
              }
            },
            {
              "batter": "Shanzeen Shahzad",
              "bowler": "O Kamchomphu",
              "non_striker": "M Bibi",
              "runs": {
                "batter": 2,
                "extras": 0,
                "total": 2
              }
            },
            {
              "batter": "Shanzeen Shahzad",
              "bowler": "O Kamchomphu",
              "non_striker": "M Bibi",
              "runs": {
                "batter": 0,
                "extras": 0,
                "total": 0
              }
            },
            {
              "batter": "Shanzeen Shahzad",
              "bowler": "O Kamchomphu",
              "non_striker": "M Bibi",
              "runs": {
                "batter": 1,
                "extras": 0,
                "total": 1
              }
            },
            {
              "batter": "M Bibi",
              "bowler": "O Kamchomphu",
              "non_striker": "Shanzeen Shahzad",
              "runs": {
                "batter": 1,
                "extras": 0,
                "total": 1
              }
            },
            {
              "batter": "Shanzeen Shahzad",
              "bowler": "O Kamchomphu",
              "extras": {
                "wides": 2
              },
              "non_striker": "M Bibi",
              "runs": {
                "batter": 0,
                "extras": 2,
                "total": 2
              }
            },
            {
              "batter": "M Bibi",
              "bowler": "O Kamchomphu",
              "non_striker": "Shanzeen Shahzad",
              "runs": {
                "batter": 1,
                "extras": 0,
                "total": 1
              }
            }
          ]
        },
        {
          "over": 18,
          "deliveries": [
            {
              "batter": "M Bibi",
              "bowler": "T Putthawong",
              "non_striker": "Shanzeen Shahzad",
              "runs": {
                "batter": 0,
                "extras": 0,
                "total": 0
              }
            },
            {
              "batter": "M Bibi",
              "bowler": "T Putthawong",
              "non_striker": "Shanzeen Shahzad",
              "runs": {
                "batter": 1,
                "extras": 0,
                "total": 1
              }
            },
            {
              "batter": "Shanzeen Shahzad",
              "bowler": "T Putthawong",
              "non_striker": "M Bibi",
              "runs": {
                "batter": 1,
                "extras": 0,
                "total": 1
              }
            },
            {
              "batter": "M Bibi",
              "bowler": "T Putthawong",
              "non_striker": "Shanzeen Shahzad",
              "runs": {
                "batter": 0,
                "extras": 0,
                "total": 0
              }
            },
            {
              "batter": "M Bibi",
              "bowler": "T Putthawong",
              "non_striker": "Shanzeen Shahzad",
              "runs": {
                "batter": 0,
                "extras": 0,
                "total": 0
              }
            },
            {
              "batter": "M Bibi",
              "bowler": "T Putthawong",
              "non_striker": "Shanzeen Shahzad",
              "runs": {
                "batter": 2,
                "extras": 0,
                "total": 2
              }
            }
          ]
        },
        {
          "over": 19,
          "deliveries": [
            {
              "batter": "Shanzeen Shahzad",
              "bowler": "N Boochatham",
              "extras": {
                "legbyes": 1
              },
              "non_striker": "M Bibi",
              "runs": {
                "batter": 0,
                "extras": 1,
                "total": 1
              }
            },
            {
              "batter": "M Bibi",
              "bowler": "N Boochatham",
              "non_striker": "Shanzeen Shahzad",
              "runs": {
                "batter": 0,
                "extras": 0,
                "total": 0
              },
              "wickets": [
                {
                  "player_out": "M Bibi",
                  "kind": "bowled"
                }
              ]
            },
            {
              "batter": "Chan Ka Man",
              "bowler": "N Boochatham",
              "non_striker": "Shanzeen Shahzad",
              "runs": {
                "batter": 1,
                "extras": 0,
                "total": 1
              }
            },
            {
              "batter": "Shanzeen Shahzad",
              "bowler": "N Boochatham",
              "non_striker": "Chan Ka Man",
              "runs": {
                "batter": 0,
                "extras": 0,
                "total": 0
              },
              "wickets": [
                {
                  "player_out": "Chan Ka Man",
                  "fielders": [
                    {
                      "name": "P Maya"
                    },
                    {
                      "name": "S Khiaoto"
                    }
                  ],
                  "kind": "run out"
                }
              ]
            },
            {
              "batter": "Iqra Sahar",
              "bowler": "N Boochatham",
              "non_striker": "Shanzeen Shahzad",
              "runs": {
                "batter": 0,
                "extras": 0,
                "total": 0
              }
            },
            {
              "batter": "Iqra Sahar",
              "bowler": "N Boochatham",
              "non_striker": "Shanzeen Shahzad",
              "runs": {
                "batter": 0,
                "extras": 0,
                "total": 0
              },
              "wickets": [
                {
                  "player_out": "Iqra Sahar",
                  "fielders": [
                    {
                      "name": "S Khiaoto"
                    }
                  ],
                  "kind": "stumped"
                }
              ]
            }
          ]
        }
      ],
      "powerplays": [
        {
          "from": 0.1,
          "to": 5.6,
          "type": "mandatory"
        }
      ],
      "target": {
        "overs": 20,
        "runs": 122
      }
    }
  ]
}