{
  "meta": {
    "data_version": "1.1.0",
    "created": "2023-09-07",
    "revision": 1
  },
  "info": {
    "balls_per_over": 6,
    "city": "Port Vila",
    "dates": [
      "2023-09-07"
    ],
    "event": {
      "name": "ICC Women's T20 World Cup East Asia-Pacific Region Qualifier",
      "match_number": 14
    },
    "gender": "female",
    "match_type": "T20",
    "match_type_number": 1625,
    "officials": {
      "match_referees": [
        "RW Stratford"
      ],
      "reserve_umpires": [
        "L McCabe"
      ],
      "umpires": [
        "K Tanuvasa",
        "Kim Cotton"
      ]
    },
    "outcome": {
      "winner": "Indonesia",
      "by": {
        "wickets": 9
      }
    },
    "overs": 20,
    "player_of_match": [
      "NLKWR Dewi"
    ],
    "players": {
      "Japan": [
        "A Kano",
        "Erika Oda",
        "H Iwasaki",
        "A Chandel",
        "M Yanagida",
        "S Kato",
        "K Ota",
        "H Goto",
        "E Toguchi-Quinn",
        "Nonoha Yasumoto",
        "Seika Sumi"
      ],
      "Indonesia": [
        "NPAN Sakarini",
        "NLKWR Dewi",
        "M Corazon",
        "NW Sariani",
        "A Andriani",
        "KS Kasse",
        "RD Pangestuti",
        "NMP Suwandewi",
        "L Qiao",
        "Mia Arda",
        "SAN Maypriani"
      ]
    },
    "registry": {
      "people": {
        "A Andriani": "e697d88c",
        "A Chandel": "78fa5f6d",
        "A Kano": "e92841c0",
        "E Toguchi-Quinn": "d144423b",
        "Erika Oda": "4c8a1197",
        "H Goto": "b3af5bff",
        "H Iwasaki": "f2698c78",
        "K Ota": "211f48fe",
        "K Tanuvasa": "34fa0472",
        "KS Kasse": "007a3773",
        "Kim Cotton": "67a7c2ee",
        "L McCabe": "1dbc4a64",
        "L Qiao": "2b0deff9",
        "M Corazon": "0baa36e0",
        "M Yanagida": "f20e7e23",
        "Mia Arda": "6e60d58c",
        "NLKWR Dewi": "d04fc4a4",
        "NMP Suwandewi": "52b57a65",
        "NPAN Sakarini": "72b5decf",
        "NW Sariani": "e910d955",
        "Nonoha Yasumoto": "eb33378d",
        "RD Pangestuti": "63fc4b92",
        "RW Stratford": "85489579",
        "S Kato": "ef9ff861",
        "SAN Maypriani": "ad135bde",
        "Seika Sumi": "704b4c30"
      }
    },
    "season": "2023",
    "team_type": "international",
    "teams": [
      "Japan",
      "Indonesia"
    ],
    "toss": {
      "decision": "field",
      "winner": "Indonesia"
    },
    "venue": "Vanuatu Cricket Ground"
  },
  "innings": [
    {
      "team": "Japan",
      "overs": [
        {
          "over": 0,
          "deliveries": [
            {
              "batter": "A Kano",
              "bowler": "NMP Suwandewi",
              "non_striker": "Erika Oda",
              "runs": {
                "batter": 0,
                "extras": 0,
                "total": 0
              }
            },
            {
              "batter": "A Kano",
              "bowler": "NMP Suwandewi",
              "non_striker": "Erika Oda",
              "runs": {
                "batter": 0,
                "extras": 0,
                "total": 0
              }
            },
            {
              "batter": "A Kano",
              "bowler": "NMP Suwandewi",
              "non_striker": "Erika Oda",
              "runs": {
                "batter": 1,
                "extras": 0,
                "total": 1
              }
            },
            {
              "batter": "Erika Oda",
              "bowler": "NMP Suwandewi",
              "non_striker": "A Kano",
              "runs": {
                "batter": 0,
                "extras": 0,
                "total": 0
              }
            },
            {
              "batter": "Erika Oda",
              "bowler": "NMP Suwandewi",
              "non_striker": "A Kano",
              "runs": {
                "batter": 0,
                "extras": 0,
                "total": 0
              }
            },
            {
              "batter": "Erika Oda",
              "bowler": "NMP Suwandewi",
              "non_striker": "A Kano",
              "runs": {
                "batter": 1,
                "extras": 0,
                "total": 1
              }
            }
          ]
        },
        {
          "over": 1,
          "deliveries": [
            {
              "batter": "Erika Oda",
              "bowler": "NLKWR Dewi",
              "non_striker": "A Kano",
              "runs": {
                "batter": 0,
                "extras": 0,
                "total": 0
              }
            },
            {
              "batter": "Erika Oda",
              "bowler": "NLKWR Dewi",
              "non_striker": "A Kano",
              "runs": {
                "batter": 0,
                "extras": 0,
                "total": 0
              }
            },
            {
              "batter": "Erika Oda",
              "bowler": "NLKWR Dewi",
              "non_striker": "A Kano",
              "runs": {
                "batter": 0,
                "extras": 0,
                "total": 0
              }
            },
            {
              "batter": "Erika Oda",
              "bowler": "NLKWR Dewi",
              "non_striker": "A Kano",
              "runs": {
                "batter": 0,
                "extras": 0,
                "total": 0
              }
            },
            {
              "batter": "Erika Oda",
              "bowler": "NLKWR Dewi",
              "non_striker": "A Kano",
              "runs": {
                "batter": 0,
                "extras": 0,
                "total": 0
              }
            },
            {
              "batter": "Erika Oda",
              "bowler": "NLKWR Dewi",
              "non_striker": "A Kano",
              "runs": {
                "batter": 0,
                "extras": 0,
                "total": 0
              }
            }
          ]
        },
        {
          "over": 2,
          "deliveries": [
            {
              "batter": "A Kano",
              "bowler": "NMP Suwandewi",
              "non_striker": "Erika Oda",
              "runs": {
                "batter": 1,
                "extras": 0,
                "total": 1
              }
            },
            {
              "batter": "Erika Oda",
              "bowler": "NMP Suwandewi",
              "non_striker": "A Kano",
              "runs": {
                "batter": 1,
                "extras": 0,
                "total": 1
              }
            },
            {
              "batter": "A Kano",
              "bowler": "NMP Suwandewi",
              "non_striker": "Erika Oda",
              "runs": {
                "batter": 0,
                "extras": 0,
                "total": 0
              }
            },
            {
              "batter": "A Kano",
              "bowler": "NMP Suwandewi",
              "extras": {
                "noballs": 1
              },
              "non_striker": "Erika Oda",
              "runs": {
                "batter": 0,
                "extras": 1,
                "total": 1
              }
            },
            {
              "batter": "A Kano",
              "bowler": "NMP Suwandewi",
              "non_striker": "Erika Oda",
              "runs": {
                "batter": 0,
                "extras": 0,
                "total": 0
              }
            },
            {
              "batter": "A Kano",
              "bowler": "NMP Suwandewi",
              "non_striker": "Erika Oda",
              "runs": {
                "batter": 0,
                "extras": 0,
                "total": 0
              },
              "wickets": [
                {
                  "player_out": "A Kano",
                  "kind": "bowled"
                }
              ]
            },
            {
              "batter": "H Iwasaki",
              "bowler": "NMP Suwandewi",
              "non_striker": "Erika Oda",
              "runs": {
                "batter": 0,
                "extras": 0,
                "total": 0
              }
            }
          ]
        },
        {
          "over": 3,
          "deliveries": [
            {
              "batter": "Erika Oda",
              "bowler": "NLKWR Dewi",
              "non_striker": "H Iwasaki",
              "runs": {
                "batter": 4,
                "extras": 0,
                "total": 4
              }
            },
            {
              "batter": "Erika Oda",
              "bowler": "NLKWR Dewi",
              "non_striker": "H Iwasaki",
              "runs": {
                "batter": 0,
                "extras": 0,
                "total": 0
              }
            },
            {
              "batter": "Erika Oda",
              "bowler": "NLKWR Dewi",
              "non_striker": "H Iwasaki",
              "runs": {
                "batter": 0,
                "extras": 0,
                "total": 0
              }
            },
            {
              "batter": "Erika Oda",
              "bowler": "NLKWR Dewi",
              "non_striker": "H Iwasaki",
              "runs": {
                "batter": 1,
                "extras": 0,
                "total": 1
              }
            },
            {
              "batter": "H Iwasaki",
              "bowler": "NLKWR Dewi",
              "non_striker": "Erika Oda",
              "runs": {
                "batter": 0,
                "extras": 0,
                "total": 0
              },
              "wickets": [
                {
                  "player_out": "H Iwasaki",
                  "kind": "bowled"
                }
              ]
            },
            {
              "batter": "A Chandel",
              "bowler": "NLKWR Dewi",
              "non_striker": "Erika Oda",
              "runs": {
                "batter": 0,
                "extras": 0,
                "total": 0
              }
            }
          ]
        },
        {
          "over": 4,
          "deliveries": [
            {
              "batter": "Erika Oda",
              "bowler": "NMP Suwandewi",
              "non_striker": "A Chandel",
              "runs": {
                "batter": 0,
                "extras": 0,
                "total": 0
              }
            },
            {
              "batter": "Erika Oda",
              "bowler": "NMP Suwandewi",
              "non_striker": "A Chandel",
              "runs": {
                "batter": 0,
                "extras": 0,
                "total": 0
              }
            },
            {
              "batter": "Erika Oda",
              "bowler": "NMP Suwandewi",
              "non_striker": "A Chandel",
              "runs": {
                "batter": 0,
                "extras": 0,
                "total": 0
              }
            },
            {
              "batter": "Erika Oda",
              "bowler": "NMP Suwandewi",
              "non_striker": "A Chandel",
              "runs": {
                "batter": 1,
                "extras": 0,
                "total": 1
              }
            },
            {
              "batter": "A Chandel",
              "bowler": "NMP Suwandewi",
              "non_striker": "Erika Oda",
              "runs": {
                "batter": 0,
                "extras": 0,
                "total": 0
              }
            },
            {
              "batter": "A Chandel",
              "bowler": "NMP Suwandewi",
              "non_striker": "Erika Oda",
              "runs": {
                "batter": 0,
                "extras": 0,
                "total": 0
              }
            }
          ]
        },
        {
          "over": 5,
          "deliveries": [
            {
              "batter": "Erika Oda",
              "bowler": "NLKWR Dewi",
              "non_striker": "A Chandel",
              "runs": {
                "batter": 0,
                "extras": 0,
                "total": 0
              }
            },
            {
              "batter": "Erika Oda",
              "bowler": "NLKWR Dewi",
              "non_striker": "A Chandel",
              "runs": {
                "batter": 0,
                "extras": 0,
                "total": 0
              },
              "wickets": [
                {
                  "player_out": "Erika Oda",
                  "fielders": [
                    {
                      "name": "RD Pangestuti"
                    }
                  ],
                  "kind": "caught"
                }
              ]
            },
            {
              "batter": "M Yanagida",
              "bowler": "NLKWR Dewi",
              "non_striker": "A Chandel",
              "runs": {
                "batter": 0,
                "extras": 0,
                "total": 0
              }
            },
            {
              "batter": "M Yanagida",
              "bowler": "NLKWR Dewi",
              "non_striker": "A Chandel",
              "runs": {
                "batter": 1,
                "extras": 0,
                "total": 1
              }
            },
            {
              "batter": "A Chandel",
              "bowler": "NLKWR Dewi",
              "extras": {
                "wides": 1
              },
              "non_striker": "M Yanagida",
              "runs": {
                "batter": 0,
                "extras": 1,
                "total": 1
              }
            },
            {
              "batter": "A Chandel",
              "bowler": "NLKWR Dewi",
              "non_striker": "M Yanagida",
              "runs": {
                "batter": 0,
                "extras": 0,
                "total": 0
              }
            },
            {
              "batter": "A Chandel",
              "bowler": "NLKWR Dewi",
              "non_striker": "M Yanagida",
              "runs": {
                "batter": 0,
                "extras": 0,
                "total": 0
              }
            }
          ]
        },
        {
          "over": 6,
          "deliveries": [
            {
              "batter": "M Yanagida",
              "bowler": "A Andriani",
              "non_striker": "A Chandel",
              "runs": {
                "batter": 0,
                "extras": 0,
                "total": 0
              }
            },
            {
              "batter": "M Yanagida",
              "bowler": "A Andriani",
              "non_striker": "A Chandel",
              "runs": {
                "batter": 0,
                "extras": 0,
                "total": 0
              }
            },
            {
              "batter": "M Yanagida",
              "bowler": "A Andriani",
              "non_striker": "A Chandel",
              "runs": {
                "batter": 0,
                "extras": 0,
                "total": 0
              }
            },
            {
              "batter": "M Yanagida",
              "bowler": "A Andriani",
              "non_striker": "A Chandel",
              "runs": {
                "batter": 1,
                "extras": 0,
                "total": 1
              }
            },
            {
              "batter": "A Chandel",
              "bowler": "A Andriani",
              "extras": {
                "wides": 1
              },
              "non_striker": "M Yanagida",
              "runs": {
                "batter": 0,
                "extras": 1,
                "total": 1
              }
            },
            {
              "batter": "A Chandel",
              "bowler": "A Andriani",
              "non_striker": "M Yanagida",
              "runs": {
                "batter": 0,
                "extras": 0,
                "total": 0
              }
            },
            {
              "batter": "A Chandel",
              "bowler": "A Andriani",
              "non_striker": "M Yanagida",
              "runs": {
                "batter": 0,
                "extras": 0,
                "total": 0
              }
            }
          ]
        },
        {
          "over": 7,
          "deliveries": [
            {
              "batter": "M Yanagida",
              "bowler": "NW Sariani",
              "non_striker": "A Chandel",
              "runs": {
                "batter": 0,
                "extras": 0,
                "total": 0
              }
            },
            {
              "batter": "M Yanagida",
              "bowler": "NW Sariani",
              "non_striker": "A Chandel",
              "runs": {
                "batter": 0,
                "extras": 0,
                "total": 0
              }
            },
            {
              "batter": "M Yanagida",
              "bowler": "NW Sariani",
              "non_striker": "A Chandel",
              "runs": {
                "batter": 0,
                "extras": 0,
                "total": 0
              },
              "wickets": [
                {
                  "player_out": "M Yanagida",
                  "fielders": [
                    {
                      "name": "NPAN Sakarini"
                    }
                  ],
                  "kind": "caught"
                }
              ]
            },
            {
              "batter": "S Kato",
              "bowler": "NW Sariani",
              "non_striker": "A Chandel",
              "runs": {
                "batter": 0,
                "extras": 0,
                "total": 0
              }
            },
            {
              "batter": "S Kato",
              "bowler": "NW Sariani",
              "non_striker": "A Chandel",
              "runs": {
                "batter": 1,
                "extras": 0,
                "total": 1
              }
            },
            {
              "batter": "A Chandel",
              "bowler": "NW Sariani",
              "non_striker": "S Kato",
              "runs": {
                "batter": 0,
                "extras": 0,
                "total": 0
              }
            }
          ]
        },
        {
          "over": 8,
          "deliveries": [
            {
              "batter": "S Kato",
              "bowler": "A Andriani",
              "non_striker": "A Chandel",
              "runs": {
                "batter": 1,
                "extras": 0,
                "total": 1
              }
            },
            {
              "batter": "A Chandel",
              "bowler": "A Andriani",
              "non_striker": "S Kato",
              "runs": {
                "batter": 0,
                "extras": 0,
                "total": 0
              }
            },
            {
              "batter": "A Chandel",
              "bowler": "A Andriani",
              "non_striker": "S Kato",
              "runs": {
                "batter": 0,
                "extras": 0,
                "total": 0
              }
            },
            {
              "batter": "A Chandel",
              "bowler": "A Andriani",
              "non_striker": "S Kato",
              "runs": {
                "batter": 2,
                "extras": 0,
                "total": 2
              }
            },
            {
              "batter": "A Chandel",
              "bowler": "A Andriani",
              "non_striker": "S Kato",
              "runs": {
                "batter": 0,
                "extras": 0,
                "total": 0
              }
            },
            {
              "batter": "A Chandel",
              "bowler": "A Andriani",
              "non_striker": "S Kato",
              "runs": {
                "batter": 1,
                "extras": 0,
                "total": 1
              }
            }
          ]
        },
        {
          "over": 9,
          "deliveries": [
            {
              "batter": "A Chandel",
              "bowler": "NW Sariani",
              "non_striker": "S Kato",
              "runs": {
                "batter": 1,
                "extras": 0,
                "total": 1
              }
            },
            {
              "batter": "S Kato",
              "bowler": "NW Sariani",
              "non_striker": "A Chandel",
              "runs": {
                "batter": 1,
                "extras": 0,
                "total": 1
              }
            },
            {
              "batter": "A Chandel",
              "bowler": "NW Sariani",
              "non_striker": "S Kato",
              "runs": {
                "batter": 1,
                "extras": 0,
                "total": 1
              }
            },
            {
              "batter": "S Kato",
              "bowler": "NW Sariani",
              "non_striker": "A Chandel",
              "runs": {
                "batter": 0,
                "extras": 0,
                "total": 0
              }
            },
            {
              "batter": "S Kato",
              "bowler": "NW Sariani",
              "non_striker": "A Chandel",
              "runs": {
                "batter": 0,
                "extras": 0,
                "total": 0
              }
            },
            {
              "batter": "S Kato",
              "bowler": "NW Sariani",
              "non_striker": "A Chandel",
              "runs": {
                "batter": 1,
                "extras": 0,
                "total": 1
              }
            }
          ]
        },
        {
          "over": 10,
          "deliveries": [
            {
              "batter": "S Kato",
              "bowler": "A Andriani",
              "non_striker": "A Chandel",
              "runs": {
                "batter": 0,
                "extras": 0,
                "total": 0
              }
            },
            {
              "batter": "S Kato",
              "bowler": "A Andriani",
              "non_striker": "A Chandel",
              "runs": {
                "batter": 0,
                "extras": 0,
                "total": 0
              },
              "wickets": [
                {
                  "player_out": "S Kato",
                  "fielders": [
                    {
                      "name": "KS Kasse"
                    }
                  ],
                  "kind": "caught"
                }
              ]
            },
            {
              "batter": "K Ota",
              "bowler": "A Andriani",
              "non_striker": "A Chandel",
              "runs": {
                "batter": 2,
                "extras": 0,
                "total": 2
              }
            },
            {
              "batter": "K Ota",
              "bowler": "A Andriani",
              "non_striker": "A Chandel",
              "runs": {
                "batter": 0,
                "extras": 0,
                "total": 0
              }
            },
            {
              "batter": "K Ota",
              "bowler": "A Andriani",
              "non_striker": "A Chandel",
              "runs": {
                "batter": 0,
                "extras": 0,
                "total": 0
              }
            },
            {
              "batter": "K Ota",
              "bowler": "A Andriani",
              "non_striker": "A Chandel",
              "runs": {
                "batter": 1,
                "extras": 0,
                "total": 1
              }
            }
          ]
        },
        {
          "over": 11,
          "deliveries": [
            {
              "batter": "K Ota",
              "bowler": "NW Sariani",
              "extras": {
                "byes": 1
              },
              "non_striker": "A Chandel",
              "runs": {
                "batter": 0,
                "extras": 1,
                "total": 1
              }
            },
            {
              "batter": "A Chandel",
              "bowler": "NW Sariani",
              "non_striker": "K Ota",
              "runs": {
                "batter": 0,
                "extras": 0,
                "total": 0
              }
            },
            {
              "batter": "A Chandel",
              "bowler": "NW Sariani",
              "non_striker": "K Ota",
              "runs": {
                "batter": 0,
                "extras": 0,
                "total": 0
              }
            },
            {
              "batter": "A Chandel",
              "bowler": "NW Sariani",
              "extras": {
                "wides": 3
              },
              "non_striker": "K Ota",
              "runs": {
                "batter": 0,
                "extras": 3,
                "total": 3
              }
            },
            {
              "batter": "A Chandel",
              "bowler": "NW Sariani",
              "non_striker": "K Ota",
              "runs": {
                "batter": 0,
                "extras": 0,
                "total": 0
              }
            },
            {
              "batter": "A Chandel",
              "bowler": "NW Sariani",
              "non_striker": "K Ota",
              "runs": {
                "batter": 0,
                "extras": 0,
                "total": 0
              }
            },
            {
              "batter": "A Chandel",
              "bowler": "NW Sariani",
              "non_striker": "K Ota",
              "runs": {
                "batter": 0,
                "extras": 0,
                "total": 0
              }
            }
          ]
        },
        {
          "over": 12,
          "deliveries": [
            {
              "batter": "K Ota",
              "bowler": "A Andriani",
              "non_striker": "A Chandel",
              "runs": {
                "batter": 4,
                "extras": 0,
                "total": 4
              }
            },
            {
              "batter": "K Ota",
              "bowler": "A Andriani",
              "non_striker": "A Chandel",
              "runs": {
                "batter": 0,
                "extras": 0,
                "total": 0
              }
            },
            {
              "batter": "K Ota",
              "bowler": "A Andriani",
              "non_striker": "A Chandel",
              "runs": {
                "batter": 0,
                "extras": 0,
                "total": 0
              }
            },
            {
              "batter": "K Ota",
              "bowler": "A Andriani",
              "non_striker": "A Chandel",
              "runs": {
                "batter": 0,
                "extras": 0,
                "total": 0
              }
            },
            {
              "batter": "K Ota",
              "bowler": "A Andriani",
              "non_striker": "A Chandel",
              "runs": {
                "batter": 0,
                "extras": 0,
                "total": 0
              }
            },
            {
              "batter": "K Ota",
              "bowler": "A Andriani",
              "non_striker": "A Chandel",
              "runs": {
                "batter": 1,
                "extras": 0,
                "total": 1
              }
            }
          ]
        },
        {
          "over": 13,
          "deliveries": [
            {
              "batter": "K Ota",
              "bowler": "NW Sariani",
              "extras": {
                "byes": 1
              },
              "non_striker": "A Chandel",
              "runs": {
                "batter": 0,
                "extras": 1,
                "total": 1
              }
            },
            {
              "batter": "A Chandel",
              "bowler": "NW Sariani",
              "non_striker": "K Ota",
              "runs": {
                "batter": 0,
                "extras": 0,
                "total": 0
              }
            },
            {
              "batter": "A Chandel",
              "bowler": "NW Sariani",
              "non_striker": "K Ota",
              "runs": {
                "batter": 1,
                "extras": 0,
                "total": 1
              }
            },
            {
              "batter": "K Ota",
              "bowler": "NW Sariani",
              "non_striker": "A Chandel",
              "runs": {
                "batter": 0,
                "extras": 0,
                "total": 0
              }
            },
            {
              "batter": "K Ota",
              "bowler": "NW Sariani",
              "non_striker": "A Chandel",
              "runs": {
                "batter": 0,
                "extras": 0,
                "total": 0
              }
            },
            {
              "batter": "K Ota",
              "bowler": "NW Sariani",
              "non_striker": "A Chandel",
              "runs": {
                "batter": 1,
                "extras": 0,
                "total": 1
              }
            }
          ]
        },
        {
          "over": 14,
          "deliveries": [
            {
              "batter": "K Ota",
              "bowler": "SAN Maypriani",
              "non_striker": "A Chandel",
              "runs": {
                "batter": 0,
                "extras": 0,
                "total": 0
              }
            },
            {
              "batter": "K Ota",
              "bowler": "SAN Maypriani",
              "non_striker": "A Chandel",
              "runs": {
                "batter": 1,
                "extras": 0,
                "total": 1
              }
            },
            {
              "batter": "A Chandel",
              "bowler": "SAN Maypriani",
              "non_striker": "K Ota",
              "runs": {
                "batter": 0,
                "extras": 0,
                "total": 0
              }
            },
            {
              "batter": "A Chandel",
              "bowler": "SAN Maypriani",
              "non_striker": "K Ota",
              "runs": {
                "batter": 0,
                "extras": 0,
                "total": 0
              }
            },
            {
              "batter": "A Chandel",
              "bowler": "SAN Maypriani",
              "non_striker": "K Ota",
              "runs": {
                "batter": 0,
                "extras": 0,
                "total": 0
              }
            },
            {
              "batter": "A Chandel",
              "bowler": "SAN Maypriani",
              "non_striker": "K Ota",
              "runs": {
                "batter": 1,
                "extras": 0,
                "total": 1
              }
            }
          ]
        },
        {
          "over": 15,
          "deliveries": [
            {
              "batter": "A Chandel",
              "bowler": "RD Pangestuti",
              "non_striker": "K Ota",
              "runs": {
                "batter": 0,
                "extras": 0,
                "total": 0
              }
            },
            {
              "batter": "A Chandel",
              "bowler": "RD Pangestuti",
              "non_striker": "K Ota",
              "runs": {
                "batter": 1,
                "extras": 0,
                "total": 1
              }
            },
            {
              "batter": "K Ota",
              "bowler": "RD Pangestuti",
              "non_striker": "A Chandel",
              "runs": {
                "batter": 4,
                "extras": 0,
                "total": 4
              }
            },
            {
              "batter": "K Ota",
              "bowler": "RD Pangestuti",
              "non_striker": "A Chandel",
              "runs": {
                "batter": 1,
                "extras": 0,
                "total": 1
              }
            },
            {
              "batter": "A Chandel",
              "bowler": "RD Pangestuti",
              "non_striker": "K Ota",
              "runs": {
                "batter": 1,
                "extras": 0,
                "total": 1
              }
            },
            {
              "batter": "K Ota",
              "bowler": "RD Pangestuti",
              "non_striker": "A Chandel",
              "runs": {
                "batter": 0,
                "extras": 0,
                "total": 0
              }
            }
          ]
        },
        {
          "over": 16,
          "deliveries": [
            {
              "batter": "A Chandel",
              "bowler": "SAN Maypriani",
              "non_striker": "K Ota",
              "runs": {
                "batter": 0,
                "extras": 0,
                "total": 0
              }
            },
            {
              "batter": "A Chandel",
              "bowler": "SAN Maypriani",
              "non_striker": "K Ota",
              "runs": {
                "batter": 0,
                "extras": 0,
                "total": 0
              },
              "wickets": [
                {
                  "player_out": "A Chandel",
                  "fielders": [
                    {
                      "name": "NW Sariani"
                    }
                  ],
                  "kind": "caught"
                }
              ]
            },
            {
              "batter": "H Goto",
              "bowler": "SAN Maypriani",
              "non_striker": "K Ota",
              "runs": {
                "batter": 0,
                "extras": 0,
                "total": 0
              }
            },
            {
              "batter": "H Goto",
              "bowler": "SAN Maypriani",
              "non_striker": "K Ota",
              "runs": {
                "batter": 4,
                "extras": 0,
                "total": 4
              }
            },
            {
              "batter": "H Goto",
              "bowler": "SAN Maypriani",
              "non_striker": "K Ota",
              "runs": {
                "batter": 1,
                "extras": 0,
                "total": 1
              }
            },
            {
              "batter": "K Ota",
              "bowler": "SAN Maypriani",
              "non_striker": "H Goto",
              "runs": {
                "batter": 0,
                "extras": 0,
                "total": 0
              }
            }
          ]
        },
        {
          "over": 17,
          "deliveries": [
            {
              "batter": "H Goto",
              "bowler": "RD Pangestuti",
              "non_striker": "K Ota",
              "runs": {
                "batter": 0,
                "extras": 0,
                "total": 0
              }
            },
            {
              "batter": "H Goto",
              "bowler": "RD Pangestuti",
              "non_striker": "K Ota",
              "runs": {
                "batter": 0,
                "extras": 0,
                "total": 0
              }
            },
            {
              "batter": "H Goto",
              "bowler": "RD Pangestuti",
              "extras": {
                "legbyes": 1
              },
              "non_striker": "K Ota",
              "runs": {
                "batter": 0,
                "extras": 1,
                "total": 1
              }
            },
            {
              "batter": "K Ota",
              "bowler": "RD Pangestuti",
              "non_striker": "H Goto",
              "runs": {
                "batter": 2,
                "extras": 0,
                "total": 2
              }
            },
            {
              "batter": "K Ota",
              "bowler": "RD Pangestuti",
              "extras": {
                "wides": 1
              },
              "non_striker": "H Goto",
              "runs": {
                "batter": 0,
                "extras": 1,
                "total": 1
              }
            },
            {
              "batter": "K Ota",
              "bowler": "RD Pangestuti",
              "non_striker": "H Goto",
              "runs": {
                "batter": 1,
                "extras": 0,
                "total": 1
              }
            },
            {
              "batter": "H Goto",
              "bowler": "RD Pangestuti",
              "non_striker": "K Ota",
              "runs": {
                "batter": 0,
                "extras": 0,
                "total": 0
              }
            }
          ]
        },
        {
          "over": 18,
          "deliveries": [
            {
              "batter": "K Ota",
              "bowler": "NMP Suwandewi",
              "non_striker": "H Goto",
              "runs": {
                "batter": 1,
                "extras": 0,
                "total": 1
              }
            },
            {
              "batter": "H Goto",
              "bowler": "NMP Suwandewi",
              "non_striker": "K Ota",
              "runs": {
                "batter": 0,
                "extras": 0,
                "total": 0
              }
            },
            {
              "batter": "H Goto",
              "bowler": "NMP Suwandewi",
              "non_striker": "K Ota",
              "runs": {
                "batter": 0,
                "extras": 0,
                "total": 0
              }
            },
            {
              "batter": "H Goto",
              "bowler": "NMP Suwandewi",
              "non_striker": "K Ota",
              "runs": {
                "batter": 0,
                "extras": 0,
                "total": 0
              }
            },
            {
              "batter": "H Goto",
              "bowler": "NMP Suwandewi",
              "non_striker": "K Ota",
              "runs": {
                "batter": 1,
                "extras": 0,
                "total": 1
              }
            },
            {
              "batter": "K Ota",
              "bowler": "NMP Suwandewi",
              "extras": {
                "wides": 1
              },
              "non_striker": "H Goto",
              "runs": {
                "batter": 0,
                "extras": 1,
                "total": 1
              }
            },
            {
              "batter": "K Ota",
              "bowler": "NMP Suwandewi",
              "non_striker": "H Goto",
              "runs": {
                "batter": 1,
                "extras": 0,
                "total": 1
              }
            }
          ]
        },
        {
          "over": 19,
          "deliveries": [
            {
              "batter": "K Ota",
              "bowler": "NLKWR Dewi",
              "non_striker": "H Goto",
              "runs": {
                "batter": 0,
                "extras": 0,
                "total": 0
              }
            },
            {
              "batter": "K Ota",
              "bowler": "NLKWR Dewi",
              "non_striker": "H Goto",
              "runs": {
                "batter": 0,
                "extras": 0,
                "total": 0
              },
              "wickets": [
                {
                  "player_out": "K Ota",
                  "kind": "lbw"
                }
              ]
            },
            {
              "batter": "E Toguchi-Quinn",
              "bowler": "NLKWR Dewi",
              "non_striker": "H Goto",
              "runs": {
                "batter": 0,
                "extras": 0,
                "total": 0
              }
            },
            {
              "batter": "E Toguchi-Quinn",
              "bowler": "NLKWR Dewi",
              "non_striker": "H Goto",
              "runs": {
                "batter": 1,
                "extras": 0,
                "total": 1
              }
            },
            {
              "batter": "H Goto",
              "bowler": "NLKWR Dewi",
              "non_striker": "E Toguchi-Quinn",
              "runs": {
                "batter": 1,
                "extras": 0,
                "total": 1
              }
            },
            {
              "batter": "E Toguchi-Quinn",
              "bowler": "NLKWR Dewi",
              "non_striker": "H Goto",
              "runs": {
                "batter": 2,
                "extras": 0,
                "total": 2
              }
            }
          ]
        }
      ],
      "powerplays": [
        {
          "from": 0.1,
          "to": 5.7,
          "type": "mandatory"
        }
      ]
    },
    {
      "team": "Indonesia",
      "overs": [
        {
          "over": 0,
          "deliveries": [
            {
              "batter": "NPAN Sakarini",
              "bowler": "S Kato",
              "non_striker": "NLKWR Dewi",
              "runs": {
                "batter": 0,
                "extras": 0,
                "total": 0
              }
            },
            {
              "batter": "NPAN Sakarini",
              "bowler": "S Kato",
              "non_striker": "NLKWR Dewi",
              "runs": {
                "batter": 0,
                "extras": 0,
                "total": 0
              }
            },
            {
              "batter": "NPAN Sakarini",
              "bowler": "S Kato",
              "non_striker": "NLKWR Dewi",
              "runs": {
                "batter": 0,
                "extras": 0,
                "total": 0
              }
            },
            {
              "batter": "NPAN Sakarini",
              "bowler": "S Kato",
              "non_striker": "NLKWR Dewi",
              "runs": {
                "batter": 0,
                "extras": 0,
                "total": 0
              }
            },
            {
              "batter": "NPAN Sakarini",
              "bowler": "S Kato",
              "non_striker": "NLKWR Dewi",
              "runs": {
                "batter": 0,
                "extras": 0,
                "total": 0
              }
            },
            {
              "batter": "NPAN Sakarini",
              "bowler": "S Kato",
              "non_striker": "NLKWR Dewi",
              "runs": {
                "batter": 0,
                "extras": 0,
                "total": 0
              }
            }
          ]
        },
        {
          "over": 1,
          "deliveries": [
            {
              "batter": "NLKWR Dewi",
              "bowler": "A Chandel",
              "non_striker": "NPAN Sakarini",
              "runs": {
                "batter": 0,
                "extras": 0,
                "total": 0
              }
            },
            {
              "batter": "NLKWR Dewi",
              "bowler": "A Chandel",
              "non_striker": "NPAN Sakarini",
              "runs": {
                "batter": 0,
                "extras": 0,
                "total": 0
              }
            },
            {
              "batter": "NLKWR Dewi",
              "bowler": "A Chandel",
              "non_striker": "NPAN Sakarini",
              "runs": {
                "batter": 0,
                "extras": 0,
                "total": 0
              }
            },
            {
              "batter": "NLKWR Dewi",
              "bowler": "A Chandel",
              "non_striker": "NPAN Sakarini",
              "runs": {
                "batter": 1,
                "extras": 0,
                "total": 1
              }
            },
            {
              "batter": "NPAN Sakarini",
              "bowler": "A Chandel",
              "non_striker": "NLKWR Dewi",
              "runs": {
                "batter": 0,
                "extras": 0,
                "total": 0
              }
            },
            {
              "batter": "NPAN Sakarini",
              "bowler": "A Chandel",
              "extras": {
                "wides": 1
              },
              "non_striker": "NLKWR Dewi",
              "runs": {
                "batter": 0,
                "extras": 1,
                "total": 1
              }
            },
            {
              "batter": "NPAN Sakarini",
              "bowler": "A Chandel",
              "non_striker": "NLKWR Dewi",
              "runs": {
                "batter": 0,
                "extras": 0,
                "total": 0
              }
            }
          ]
        },
        {
          "over": 2,
          "deliveries": [
            {
              "batter": "NLKWR Dewi",
              "bowler": "S Kato",
              "non_striker": "NPAN Sakarini",
              "runs": {
                "batter": 1,
                "extras": 0,
                "total": 1
              }
            },
            {
              "batter": "NPAN Sakarini",
              "bowler": "S Kato",
              "non_striker": "NLKWR Dewi",
              "runs": {
                "batter": 0,
                "extras": 0,
                "total": 0
              }
            },
            {
              "batter": "NPAN Sakarini",
              "bowler": "S Kato",
              "non_striker": "NLKWR Dewi",
              "runs": {
                "batter": 0,
                "extras": 0,
                "total": 0
              }
            },
            {
              "batter": "NPAN Sakarini",
              "bowler": "S Kato",
              "non_striker": "NLKWR Dewi",
              "runs": {
                "batter": 0,
                "extras": 0,
                "total": 0
              }
            },
            {
              "batter": "NPAN Sakarini",
              "bowler": "S Kato",
              "non_striker": "NLKWR Dewi",
              "runs": {
                "batter": 0,
                "extras": 0,
                "total": 0
              }
            },
            {
              "batter": "NPAN Sakarini",
              "bowler": "S Kato",
              "non_striker": "NLKWR Dewi",
              "runs": {
                "batter": 0,
                "extras": 0,
                "total": 0
              }
            }
          ]
        },
        {
          "over": 3,
          "deliveries": [
            {
              "batter": "NLKWR Dewi",
              "bowler": "A Chandel",
              "non_striker": "NPAN Sakarini",
              "runs": {
                "batter": 0,
                "extras": 0,
                "total": 0
              }
            },
            {
              "batter": "NLKWR Dewi",
              "bowler": "A Chandel",
              "non_striker": "NPAN Sakarini",
              "runs": {
                "batter": 0,
                "extras": 0,
                "total": 0
              }
            },
            {
              "batter": "NLKWR Dewi",
              "bowler": "A Chandel",
              "non_striker": "NPAN Sakarini",
              "runs": {
                "batter": 1,
                "extras": 0,
                "total": 1
              }
            },
            {
              "batter": "NPAN Sakarini",
              "bowler": "A Chandel",
              "non_striker": "NLKWR Dewi",
              "runs": {
                "batter": 1,
                "extras": 0,
                "total": 1
              }
            },
            {
              "batter": "NLKWR Dewi",
              "bowler": "A Chandel",
              "non_striker": "NPAN Sakarini",
              "runs": {
                "batter": 0,
                "extras": 0,
                "total": 0
              }
            },
            {
              "batter": "NLKWR Dewi",
              "bowler": "A Chandel",
              "non_striker": "NPAN Sakarini",
              "runs": {
                "batter": 0,
                "extras": 0,
                "total": 0
              }
            }
          ]
        },
        {
          "over": 4,
          "deliveries": [
            {
              "batter": "NPAN Sakarini",
              "bowler": "S Kato",
              "non_striker": "NLKWR Dewi",
              "runs": {
                "batter": 0,
                "extras": 0,
                "total": 0
              }
            },
            {
              "batter": "NPAN Sakarini",
              "bowler": "S Kato",
              "non_striker": "NLKWR Dewi",
              "runs": {
                "batter": 4,
                "extras": 0,
                "total": 4
              }
            },
            {
              "batter": "NPAN Sakarini",
              "bowler": "S Kato",
              "non_striker": "NLKWR Dewi",
              "runs": {
                "batter": 1,
                "extras": 0,
                "total": 1
              }
            },
            {
              "batter": "NLKWR Dewi",
              "bowler": "S Kato",
              "non_striker": "NPAN Sakarini",
              "runs": {
                "batter": 1,
                "extras": 0,
                "total": 1
              }
            },
            {
              "batter": "NPAN Sakarini",
              "bowler": "S Kato",
              "non_striker": "NLKWR Dewi",
              "runs": {
                "batter": 1,
                "extras": 0,
                "total": 1
              }
            },
            {
              "batter": "NLKWR Dewi",
              "bowler": "S Kato",
              "non_striker": "NPAN Sakarini",
              "runs": {
                "batter": 0,
                "extras": 0,
                "total": 0
              }
            }
          ]
        },
        {
          "over": 5,
          "deliveries": [
            {
              "batter": "NPAN Sakarini",
              "bowler": "A Chandel",
              "non_striker": "NLKWR Dewi",
              "runs": {
                "batter": 0,
                "extras": 0,
                "total": 0
              }
            },
            {
              "batter": "NPAN Sakarini",
              "bowler": "A Chandel",
              "non_striker": "NLKWR Dewi",
              "runs": {
                "batter": 0,
                "extras": 0,
                "total": 0
              }
            },
            {
              "batter": "NPAN Sakarini",
              "bowler": "A Chandel",
              "non_striker": "NLKWR Dewi",
              "runs": {
                "batter": 1,
                "extras": 0,
                "total": 1
              }
            },
            {
              "batter": "NLKWR Dewi",
              "bowler": "A Chandel",
              "non_striker": "NPAN Sakarini",
              "runs": {
                "batter": 0,
                "extras": 0,
                "total": 0
              }
            },
            {
              "batter": "NLKWR Dewi",
              "bowler": "A Chandel",
              "non_striker": "NPAN Sakarini",
              "runs": {
                "batter": 4,
                "extras": 0,
                "total": 4
              }
            },
            {
              "batter": "NLKWR Dewi",
              "bowler": "A Chandel",
              "non_striker": "NPAN Sakarini",
              "runs": {
                "batter": 1,
                "extras": 0,
                "total": 1
              }
            }
          ]
        },
        {
          "over": 6,
          "deliveries": [
            {
              "batter": "NLKWR Dewi",
              "bowler": "K Ota",
              "extras": {
                "wides": 1
              },
              "non_striker": "NPAN Sakarini",
              "runs": {
                "batter": 0,
                "extras": 1,
                "total": 1
              }
            },
            {
              "batter": "NLKWR Dewi",
              "bowler": "K Ota",
              "non_striker": "NPAN Sakarini",
              "runs": {
                "batter": 0,
                "extras": 0,
                "total": 0
              }
            },
            {
              "batter": "NLKWR Dewi",
              "bowler": "K Ota",
              "non_striker": "NPAN Sakarini",
              "runs": {
                "batter": 1,
                "extras": 0,
                "total": 1
              }
            },
            {
              "batter": "NPAN Sakarini",
              "bowler": "K Ota",
              "non_striker": "NLKWR Dewi",
              "runs": {
                "batter": 0,
                "extras": 0,
                "total": 0
              }
            },
            {
              "batter": "NPAN Sakarini",
              "bowler": "K Ota",
              "non_striker": "NLKWR Dewi",
              "runs": {
                "batter": 0,
                "extras": 0,
                "total": 0
              }
            },
            {
              "batter": "NPAN Sakarini",
              "bowler": "K Ota",
              "non_striker": "NLKWR Dewi",
              "runs": {
                "batter": 0,
                "extras": 0,
                "total": 0
              }
            },
            {
              "batter": "NPAN Sakarini",
              "bowler": "K Ota",
              "non_striker": "NLKWR Dewi",
              "runs": {
                "batter": 1,
                "extras": 0,
                "total": 1
              }
            }
          ]
        },
        {
          "over": 7,
          "deliveries": [
            {
              "batter": "NPAN Sakarini",
              "bowler": "Nonoha Yasumoto",
              "non_striker": "NLKWR Dewi",
              "runs": {
                "batter": 1,
                "extras": 0,
                "total": 1
              }
            },
            {
              "batter": "NLKWR Dewi",
              "bowler": "Nonoha Yasumoto",
              "non_striker": "NPAN Sakarini",
              "runs": {
                "batter": 0,
                "extras": 0,
                "total": 0
              }
            },
            {
              "batter": "NLKWR Dewi",
              "bowler": "Nonoha Yasumoto",
              "non_striker": "NPAN Sakarini",
              "runs": {
                "batter": 0,
                "extras": 0,
                "total": 0
              }
            },
            {
              "batter": "NLKWR Dewi",
              "bowler": "Nonoha Yasumoto",
              "non_striker": "NPAN Sakarini",
              "runs": {
                "batter": 1,
                "extras": 0,
                "total": 1
              }
            },
            {
              "batter": "NPAN Sakarini",
              "bowler": "Nonoha Yasumoto",
              "non_striker": "NLKWR Dewi",
              "runs": {
                "batter": 0,
                "extras": 0,
                "total": 0
              }
            },
            {
              "batter": "NPAN Sakarini",
              "bowler": "Nonoha Yasumoto",
              "non_striker": "NLKWR Dewi",
              "runs": {
                "batter": 0,
                "extras": 0,
                "total": 0
              }
            }
          ]
        },
        {
          "over": 8,
          "deliveries": [
            {
              "batter": "NLKWR Dewi",
              "bowler": "K Ota",
              "non_striker": "NPAN Sakarini",
              "runs": {
                "batter": 0,
                "extras": 0,
                "total": 0
              }
            },
            {
              "batter": "NLKWR Dewi",
              "bowler": "K Ota",
              "non_striker": "NPAN Sakarini",
              "runs": {
                "batter": 0,
                "extras": 0,
                "total": 0
              }
            },
            {
              "batter": "NLKWR Dewi",
              "bowler": "K Ota",
              "extras": {
                "wides": 1
              },
              "non_striker": "NPAN Sakarini",
              "runs": {
                "batter": 0,
                "extras": 1,
                "total": 1
              }
            },
            {
              "batter": "NLKWR Dewi",
              "bowler": "K Ota",
              "non_striker": "NPAN Sakarini",
              "runs": {
                "batter": 1,
                "extras": 0,
                "total": 1
              }
            },
            {
              "batter": "NPAN Sakarini",
              "bowler": "K Ota",
              "non_striker": "NLKWR Dewi",
              "runs": {
                "batter": 4,
                "extras": 0,
                "total": 4
              }
            },
            {
              "batter": "NPAN Sakarini",
              "bowler": "K Ota",
              "non_striker": "NLKWR Dewi",
              "runs": {
                "batter": 0,
                "extras": 0,
                "total": 0
              }
            },
            {
              "batter": "NPAN Sakarini",
              "bowler": "K Ota",
              "non_striker": "NLKWR Dewi",
              "runs": {
                "batter": 1,
                "extras": 0,
                "total": 1
              }
            }
          ]
        },
        {
          "over": 9,
          "deliveries": [
            {
              "batter": "NPAN Sakarini",
              "bowler": "Nonoha Yasumoto",
              "non_striker": "NLKWR Dewi",
              "runs": {
                "batter": 4,
                "extras": 0,
                "total": 4
              }
            },
            {
              "batter": "NPAN Sakarini",
              "bowler": "Nonoha Yasumoto",
              "non_striker": "NLKWR Dewi",
              "runs": {
                "batter": 0,
                "extras": 0,
                "total": 0
              }
            },
            {
              "batter": "NPAN Sakarini",
              "bowler": "Nonoha Yasumoto",
              "extras": {
                "wides": 1
              },
              "non_striker": "NLKWR Dewi",
              "runs": {
                "batter": 0,
                "extras": 1,
                "total": 1
              }
            },
            {
              "batter": "NPAN Sakarini",
              "bowler": "Nonoha Yasumoto",
              "non_striker": "NLKWR Dewi",
              "runs": {
                "batter": 0,
                "extras": 0,
                "total": 0
              }
            },
            {
              "batter": "NPAN Sakarini",
              "bowler": "Nonoha Yasumoto",
              "non_striker": "NLKWR Dewi",
              "runs": {
                "batter": 1,
                "extras": 0,
                "total": 1
              }
            },
            {
              "batter": "NLKWR Dewi",
              "bowler": "Nonoha Yasumoto",
              "non_striker": "NPAN Sakarini",
              "runs": {
                "batter": 0,
                "extras": 0,
                "total": 0
              }
            },
            {
              "batter": "NLKWR Dewi",
              "bowler": "Nonoha Yasumoto",
              "non_striker": "NPAN Sakarini",
              "runs": {
                "batter": 0,
                "extras": 0,
                "total": 0
              }
            }
          ]
        },
        {
          "over": 10,
          "deliveries": [
            {
              "batter": "NPAN Sakarini",
              "bowler": "E Toguchi-Quinn",
              "non_striker": "NLKWR Dewi",
              "runs": {
                "batter": 1,
                "extras": 0,
                "total": 1
              }
            },
            {
              "batter": "NLKWR Dewi",
              "bowler": "E Toguchi-Quinn",
              "non_striker": "NPAN Sakarini",
              "runs": {
                "batter": 0,
                "extras": 0,
                "total": 0
              }
            },
            {
              "batter": "NLKWR Dewi",
              "bowler": "E Toguchi-Quinn",
              "non_striker": "NPAN Sakarini",
              "runs": {
                "batter": 1,
                "extras": 0,
                "total": 1
              }
            },
            {
              "batter": "NPAN Sakarini",
              "bowler": "E Toguchi-Quinn",
              "non_striker": "NLKWR Dewi",
              "runs": {
                "batter": 0,
                "extras": 0,
                "total": 0
              },
              "wickets": [
                {
                  "player_out": "NPAN Sakarini",
                  "fielders": [
                    {
                      "name": "S Kato"
                    }
                  ],
                  "kind": "caught"
                }
              ]
            },
            {
              "batter": "M Corazon",
              "bowler": "E Toguchi-Quinn",
              "non_striker": "NLKWR Dewi",
              "runs": {
                "batter": 0,
                "extras": 0,
                "total": 0
              }
            },
            {
              "batter": "M Corazon",
              "bowler": "E Toguchi-Quinn",
              "non_striker": "NLKWR Dewi",
              "runs": {
                "batter": 0,
                "extras": 0,
                "total": 0
              }
            }
          ]
        },
        {
          "over": 11,
          "deliveries": [
            {
              "batter": "NLKWR Dewi",
              "bowler": "Nonoha Yasumoto",
              "non_striker": "M Corazon",
              "runs": {
                "batter": 0,
                "extras": 0,
                "total": 0
              }
            },
            {
              "batter": "NLKWR Dewi",
              "bowler": "Nonoha Yasumoto",
              "non_striker": "M Corazon",
              "runs": {
                "batter": 0,
                "extras": 0,
                "total": 0
              }
            },
            {
              "batter": "NLKWR Dewi",
              "bowler": "Nonoha Yasumoto",
              "non_striker": "M Corazon",
              "runs": {
                "batter": 0,
                "extras": 0,
                "total": 0
              }
            },
            {
              "batter": "NLKWR Dewi",
              "bowler": "Nonoha Yasumoto",
              "extras": {
                "noballs": 1
              },
              "non_striker": "M Corazon",
              "runs": {
                "batter": 1,
                "extras": 1,
                "total": 2
              }
            },
            {
              "batter": "M Corazon",
              "bowler": "Nonoha Yasumoto",
              "non_striker": "NLKWR Dewi",
              "runs": {
                "batter": 1,
                "extras": 0,
                "total": 1
              }
            },
            {
              "batter": "NLKWR Dewi",
              "bowler": "Nonoha Yasumoto",
              "non_striker": "M Corazon",
              "runs": {
                "batter": 0,
                "extras": 0,
                "total": 0
              }
            },
            {
              "batter": "NLKWR Dewi",
              "bowler": "Nonoha Yasumoto",
              "non_striker": "M Corazon",
              "runs": {
                "batter": 1,
                "extras": 0,
                "total": 1
              }
            }
          ]
        },
        {
          "over": 12,
          "deliveries": [
            {
              "batter": "NLKWR Dewi",
              "bowler": "E Toguchi-Quinn",
              "non_striker": "M Corazon",
              "runs": {
                "batter": 1,
                "extras": 0,
                "total": 1
              }
            },
            {
              "batter": "M Corazon",
              "bowler": "E Toguchi-Quinn",
              "non_striker": "NLKWR Dewi",
              "runs": {
                "batter": 4,
                "extras": 0,
                "total": 4
              }
            },
            {
              "batter": "M Corazon",
              "bowler": "E Toguchi-Quinn",
              "non_striker": "NLKWR Dewi",
              "runs": {
                "batter": 1,
                "extras": 0,
                "total": 1
              }
            },
            {
              "batter": "NLKWR Dewi",
              "bowler": "E Toguchi-Quinn",
              "non_striker": "M Corazon",
              "runs": {
                "batter": 0,
                "extras": 0,
                "total": 0
              }
            },
            {
              "batter": "NLKWR Dewi",
              "bowler": "E Toguchi-Quinn",
              "non_striker": "M Corazon",
              "runs": {
                "batter": 1,
                "extras": 0,
                "total": 1
              }
            },
            {
              "batter": "M Corazon",
              "bowler": "E Toguchi-Quinn",
              "non_striker": "NLKWR Dewi",
              "runs": {
                "batter": 4,
                "extras": 0,
                "total": 4
              }
            }
          ]
        },
        {
          "over": 13,
          "deliveries": [
            {
              "batter": "NLKWR Dewi",
              "bowler": "Nonoha Yasumoto",
              "non_striker": "M Corazon",
              "runs": {
                "batter": 0,
                "extras": 0,
                "total": 0
              }
            },
            {
              "batter": "NLKWR Dewi",
              "bowler": "Nonoha Yasumoto",
              "non_striker": "M Corazon",
              "runs": {
                "batter": 1,
                "extras": 0,
                "total": 1
              }
            },
            {
              "batter": "M Corazon",
              "bowler": "Nonoha Yasumoto",
              "non_striker": "NLKWR Dewi",
              "runs": {
                "batter": 6,
                "extras": 0,
                "total": 6
              }
            },
            {
              "batter": "M Corazon",
              "bowler": "Nonoha Yasumoto",
              "non_striker": "NLKWR Dewi",
              "runs": {
                "batter": 0,
                "extras": 0,
                "total": 0
              }
            },
            {
              "batter": "M Corazon",
              "bowler": "Nonoha Yasumoto",
              "non_striker": "NLKWR Dewi",
              "runs": {
                "batter": 6,
                "extras": 0,
                "total": 6
              }
            },
            {
              "batter": "M Corazon",
              "bowler": "Nonoha Yasumoto",
              "non_striker": "NLKWR Dewi",
              "runs": {
                "batter": 4,
                "extras": 0,
                "total": 4
              }
            }
          ]
        }
      ],
      "powerplays": [
        {
          "from": 0.1,
          "to": 5.6,
          "type": "mandatory"
        }
      ],
      "target": {
        "overs": 20,
        "runs": 67
      }
    }
  ]
}