{
  "meta": {
    "data_version": "1.1.0",
    "created": "2023-09-13",
    "revision": 1
  },
  "info": {
    "balls_per_over": 6,
    "city": "Almeria",
    "dates": [
      "2023-09-12"
    ],
    "event": {
      "name": "ICC Women's T20 World Cup Europe Region Qualifier",
      "match_number": 12
    },
    "gender": "female",
    "match_type": "T20",
    "match_type_number": 1662,
    "officials": {
      "match_referees": [
        "DT Jukes"
      ],
      "reserve_umpires": [
        "HE Kearns"
      ],
      "umpires": [
        "Adnan Khan",
        "Rizwan Akram"
      ]
    },
    "outcome": {
      "winner": "Netherlands",
      "by": {
        "wickets": 6
      }
    },
    "overs": 20,
    "player_of_match": [
      "R Rijke"
    ],
    "players": {
      "Italy": [
        "AS Withanage",
        "M Rathnayake",
        "C Mahamalage",
        "K Peddrick",
        "EL Bartram",
        "Regina Khan",
        "D Nanayakkara",
        "G Batagoda",
        "S Kanankege",
        "S Toffoletto",
        "N Asuramanage"
      ],
      "Netherlands": [
        "IJR Zwilling",
        "EN Lynch",
        "HWA Landheer",
        "R Rijke",
        "CH van Koolwijk",
        "HDJ Siegers",
        "MM Dekeling",
        "C de Lange",
        "I van der Woning",
        "M Zwilling",
        "MIW van den Raad"
      ]
    },
    "registry": {
      "people": {
        "AS Withanage": "078f166f",
        "Adnan Khan": "45ec7a99",
        "C Mahamalage": "3250b7db",
        "C de Lange": "c6a019f5",
        "CH van Koolwijk": "27d5901c",
        "D Nanayakkara": "dbf22922",
        "DT Jukes": "7c215d14",
        "EL Bartram": "5fa7f030",
        "EN Lynch": "4d35d0b3",
        "G Batagoda": "f63ec2e5",
        "HDJ Siegers": "6d48df01",
        "HE Kearns": "fd4959c8",
        "HWA Landheer": "a6ec88f4",
        "I van der Woning": "5aa8574b",
        "IJR Zwilling": "47b32a5a",
        "K Peddrick": "a031b75e",
        "M Rathnayake": "a969dc4c",
        "M Zwilling": "560ef10a",
        "MIW van den Raad": "dead3b10",
        "MM Dekeling": "983a0c34",
        "N Asuramanage": "46dff613",
        "R Rijke": "42e4b276",
        "Regina Khan": "862f4427",
        "Rizwan Akram": "b5346f1e",
        "S Kanankege": "01815edc",
        "S Toffoletto": "9e498eac"
      }
    },
    "season": "2023",
    "team_type": "international",
    "teams": [
      "Italy",
      "Netherlands"
    ],
    "toss": {
      "decision": "bat",
      "winner": "Italy"
    },
    "venue": "Desert Springs Cricket Ground, Almeria"
  },
  "innings": [
    {
      "team": "Italy",
      "overs": [
        {
          "over": 0,
          "deliveries": [
            {
              "batter": "AS Withanage",
              "bowler": "IJR Zwilling",
              "non_striker": "M Rathnayake",
              "runs": {
                "batter": 1,
                "extras": 0,
                "total": 1
              }
            },
            {
              "batter": "M Rathnayake",
              "bowler": "IJR Zwilling",
              "non_striker": "AS Withanage",
              "runs": {
                "batter": 0,
                "extras": 0,
                "total": 0
              }
            },
            {
              "batter": "M Rathnayake",
              "bowler": "IJR Zwilling",
              "non_striker": "AS Withanage",
              "runs": {
                "batter": 0,
                "extras": 0,
                "total": 0
              }
            },
            {
              "batter": "M Rathnayake",
              "bowler": "IJR Zwilling",
              "non_striker": "AS Withanage",
              "runs": {
                "batter": 0,
                "extras": 0,
                "total": 0
              },
              "wickets": [
                {
                  "player_out": "M Rathnayake",
                  "kind": "bowled"
                }
              ]
            },
            {
              "batter": "C Mahamalage",
              "bowler": "IJR Zwilling",
              "extras": {
                "byes": 1
              },
              "non_striker": "AS Withanage",
              "runs": {
                "batter": 0,
                "extras": 1,
                "total": 1
              }
            },
            {
              "batter": "AS Withanage",
              "bowler": "IJR Zwilling",
              "non_striker": "C Mahamalage",
              "runs": {
                "batter": 0,
                "extras": 0,
                "total": 0
              }
            }
          ]
        },
        {
          "over": 1,
          "deliveries": [
            {
              "batter": "C Mahamalage",
              "bowler": "R Rijke",
              "non_striker": "AS Withanage",
              "runs": {
                "batter": 0,
                "extras": 0,
                "total": 0
              }
            },
            {
              "batter": "C Mahamalage",
              "bowler": "R Rijke",
              "extras": {
                "wides": 1
              },
              "non_striker": "AS Withanage",
              "runs": {
                "batter": 0,
                "extras": 1,
                "total": 1
              }
            },
            {
              "batter": "C Mahamalage",
              "bowler": "R Rijke",
              "non_striker": "AS Withanage",
              "runs": {
                "batter": 0,
                "extras": 0,
                "total": 0
              },
              "wickets": [
                {
                  "player_out": "C Mahamalage",
                  "fielders": [
                    {
                      "name": "HDJ Siegers"
                    }
                  ],
                  "kind": "caught"
                }
              ]
            },
            {
              "batter": "K Peddrick",
              "bowler": "R Rijke",
              "non_striker": "AS Withanage",
              "runs": {
                "batter": 0,
                "extras": 0,
                "total": 0
              }
            },
            {
              "batter": "K Peddrick",
              "bowler": "R Rijke",
              "non_striker": "AS Withanage",
              "runs": {
                "batter": 0,
                "extras": 0,
                "total": 0
              }
            },
            {
              "batter": "K Peddrick",
              "bowler": "R Rijke",
              "non_striker": "AS Withanage",
              "runs": {
                "batter": 0,
                "extras": 0,
                "total": 0
              }
            },
            {
              "batter": "K Peddrick",
              "bowler": "R Rijke",
              "non_striker": "AS Withanage",
              "runs": {
                "batter": 0,
                "extras": 0,
                "total": 0
              }
            }
          ]
        },
        {
          "over": 2,
          "deliveries": [
            {
              "batter": "AS Withanage",
              "bowler": "IJR Zwilling",
              "non_striker": "K Peddrick",
              "runs": {
                "batter": 0,
                "extras": 0,
                "total": 0
              }
            },
            {
              "batter": "AS Withanage",
              "bowler": "IJR Zwilling",
              "non_striker": "K Peddrick",
              "runs": {
                "batter": 0,
                "extras": 0,
                "total": 0
              }
            },
            {
              "batter": "AS Withanage",
              "bowler": "IJR Zwilling",
              "non_striker": "K Peddrick",
              "runs": {
                "batter": 0,
                "extras": 0,
                "total": 0
              }
            },
            {
              "batter": "AS Withanage",
              "bowler": "IJR Zwilling",
              "non_striker": "K Peddrick",
              "runs": {
                "batter": 1,
                "extras": 0,
                "total": 1
              }
            },
            {
              "batter": "K Peddrick",
              "bowler": "IJR Zwilling",
              "non_striker": "AS Withanage",
              "runs": {
                "batter": 1,
                "extras": 0,
                "total": 1
              }
            },
            {
              "batter": "AS Withanage",
              "bowler": "IJR Zwilling",
              "extras": {
                "legbyes": 1
              },
              "non_striker": "K Peddrick",
              "runs": {
                "batter": 0,
                "extras": 1,
                "total": 1
              }
            }
          ]
        },
        {
          "over": 3,
          "deliveries": [
            {
              "batter": "AS Withanage",
              "bowler": "R Rijke",
              "non_striker": "K Peddrick",
              "runs": {
                "batter": 0,
                "extras": 0,
                "total": 0
              }
            },
            {
              "batter": "AS Withanage",
              "bowler": "R Rijke",
              "non_striker": "K Peddrick",
              "runs": {
                "batter": 0,
                "extras": 0,
                "total": 0
              }
            },
            {
              "batter": "AS Withanage",
              "bowler": "R Rijke",
              "non_striker": "K Peddrick",
              "runs": {
                "batter": 1,
                "extras": 0,
                "total": 1
              }
            },
            {
              "batter": "K Peddrick",
              "bowler": "R Rijke",
              "non_striker": "AS Withanage",
              "runs": {
                "batter": 1,
                "extras": 0,
                "total": 1
              }
            },
            {
              "batter": "AS Withanage",
              "bowler": "R Rijke",
              "non_striker": "K Peddrick",
              "runs": {
                "batter": 0,
                "extras": 0,
                "total": 0
              }
            },
            {
              "batter": "AS Withanage",
              "bowler": "R Rijke",
              "non_striker": "K Peddrick",
              "runs": {
                "batter": 1,
                "extras": 0,
                "total": 1
              }
            }
          ]
        },
        {
          "over": 4,
          "deliveries": [
            {
              "batter": "AS Withanage",
              "bowler": "IJR Zwilling",
              "non_striker": "K Peddrick",
              "runs": {
                "batter": 0,
                "extras": 0,
                "total": 0
              }
            },
            {
              "batter": "AS Withanage",
              "bowler": "IJR Zwilling",
              "non_striker": "K Peddrick",
              "runs": {
                "batter": 0,
                "extras": 0,
                "total": 0
              }
            },
            {
              "batter": "AS Withanage",
              "bowler": "IJR Zwilling",
              "non_striker": "K Peddrick",
              "runs": {
                "batter": 0,
                "extras": 0,
                "total": 0
              }
            },
            {
              "batter": "AS Withanage",
              "bowler": "IJR Zwilling",
              "non_striker": "K Peddrick",
              "runs": {
                "batter": 0,
                "extras": 0,
                "total": 0
              }
            },
            {
              "batter": "AS Withanage",
              "bowler": "IJR Zwilling",
              "non_striker": "K Peddrick",
              "runs": {
                "batter": 0,
                "extras": 0,
                "total": 0
              }
            },
            {
              "batter": "AS Withanage",
              "bowler": "IJR Zwilling",
              "non_striker": "K Peddrick",
              "runs": {
                "batter": 0,
                "extras": 0,
                "total": 0
              }
            }
          ]
        },
        {
          "over": 5,
          "deliveries": [
            {
              "batter": "K Peddrick",
              "bowler": "R Rijke",
              "non_striker": "AS Withanage",
              "runs": {
                "batter": 0,
                "extras": 0,
                "total": 0
              }
            },
            {
              "batter": "K Peddrick",
              "bowler": "R Rijke",
              "non_striker": "AS Withanage",
              "runs": {
                "batter": 0,
                "extras": 0,
                "total": 0
              }
            },
            {
              "batter": "K Peddrick",
              "bowler": "R Rijke",
              "non_striker": "AS Withanage",
              "runs": {
                "batter": 1,
                "extras": 0,
                "total": 1
              }
            },
            {
              "batter": "AS Withanage",
              "bowler": "R Rijke",
              "non_striker": "K Peddrick",
              "runs": {
                "batter": 0,
                "extras": 0,
                "total": 0
              }
            },
            {
              "batter": "AS Withanage",
              "bowler": "R Rijke",
              "non_striker": "K Peddrick",
              "runs": {
                "batter": 0,
                "extras": 0,
                "total": 0
              }
            },
            {
              "batter": "AS Withanage",
              "bowler": "R Rijke",
              "non_striker": "K Peddrick",
              "runs": {
                "batter": 4,
                "extras": 0,
                "total": 4
              }
            }
          ]
        },
        {
          "over": 6,
          "deliveries": [
            {
              "batter": "K Peddrick",
              "bowler": "IJR Zwilling",
              "non_striker": "AS Withanage",
              "runs": {
                "batter": 0,
                "extras": 0,
                "total": 0
              }
            },
            {
              "batter": "K Peddrick",
              "bowler": "IJR Zwilling",
              "non_striker": "AS Withanage",
              "runs": {
                "batter": 0,
                "extras": 0,
                "total": 0
              }
            },
            {
              "batter": "K Peddrick",
              "bowler": "IJR Zwilling",
              "non_striker": "AS Withanage",
              "runs": {
                "batter": 0,
                "extras": 0,
                "total": 0
              }
            },
            {
              "batter": "K Peddrick",
              "bowler": "IJR Zwilling",
              "extras": {
                "wides": 1
              },
              "non_striker": "AS Withanage",
              "runs": {
                "batter": 0,
                "extras": 1,
                "total": 1
              }
            },
            {
              "batter": "K Peddrick",
              "bowler": "IJR Zwilling",
              "non_striker": "AS Withanage",
              "runs": {
                "batter": 0,
                "extras": 0,
                "total": 0
              }
            },
            {
              "batter": "K Peddrick",
              "bowler": "IJR Zwilling",
              "non_striker": "AS Withanage",
              "runs": {
                "batter": 1,
                "extras": 0,
                "total": 1
              }
            },
            {
              "batter": "AS Withanage",
              "bowler": "IJR Zwilling",
              "non_striker": "K Peddrick",
              "runs": {
                "batter": 0,
                "extras": 0,
                "total": 0
              }
            }
          ]
        },
        {
          "over": 7,
          "deliveries": [
            {
              "batter": "K Peddrick",
              "bowler": "C de Lange",
              "non_striker": "AS Withanage",
              "runs": {
                "batter": 0,
                "extras": 0,
                "total": 0
              }
            },
            {
              "batter": "K Peddrick",
              "bowler": "C de Lange",
              "non_striker": "AS Withanage",
              "runs": {
                "batter": 0,
                "extras": 0,
                "total": 0
              }
            },
            {
              "batter": "K Peddrick",
              "bowler": "C de Lange",
              "non_striker": "AS Withanage",
              "runs": {
                "batter": 0,
                "extras": 0,
                "total": 0
              }
            },
            {
              "batter": "K Peddrick",
              "bowler": "C de Lange",
              "non_striker": "AS Withanage",
              "runs": {
                "batter": 0,
                "extras": 0,
                "total": 0
              }
            },
            {
              "batter": "K Peddrick",
              "bowler": "C de Lange",
              "non_striker": "AS Withanage",
              "runs": {
                "batter": 0,
                "extras": 0,
                "total": 0
              }
            },
            {
              "batter": "K Peddrick",
              "bowler": "C de Lange",
              "non_striker": "AS Withanage",
              "runs": {
                "batter": 4,
                "extras": 0,
                "total": 4
              }
            }
          ]
        },
        {
          "over": 8,
          "deliveries": [
            {
              "batter": "AS Withanage",
              "bowler": "EN Lynch",
              "non_striker": "K Peddrick",
              "runs": {
                "batter": 0,
                "extras": 0,
                "total": 0
              }
            },
            {
              "batter": "AS Withanage",
              "bowler": "EN Lynch",
              "non_striker": "K Peddrick",
              "runs": {
                "batter": 4,
                "extras": 0,
                "total": 4
              }
            },
            {
              "batter": "AS Withanage",
              "bowler": "EN Lynch",
              "non_striker": "K Peddrick",
              "runs": {
                "batter": 0,
                "extras": 0,
                "total": 0
              }
            },
            {
              "batter": "AS Withanage",
              "bowler": "EN Lynch",
              "non_striker": "K Peddrick",
              "runs": {
                "batter": 0,
                "extras": 0,
                "total": 0
              },
              "wickets": [
                {
                  "player_out": "AS Withanage",
                  "fielders": [
                    {
                      "name": "M Zwilling"
                    }
                  ],
                  "kind": "caught"
                }
              ]
            },
            {
              "batter": "EL Bartram",
              "bowler": "EN Lynch",
              "non_striker": "K Peddrick",
              "runs": {
                "batter": 0,
                "extras": 0,
                "total": 0
              }
            },
            {
              "batter": "EL Bartram",
              "bowler": "EN Lynch",
              "non_striker": "K Peddrick",
              "runs": {
                "batter": 1,
                "extras": 0,
                "total": 1
              }
            }
          ]
        },
        {
          "over": 9,
          "deliveries": [
            {
              "batter": "EL Bartram",
              "bowler": "C de Lange",
              "non_striker": "K Peddrick",
              "runs": {
                "batter": 0,
                "extras": 0,
                "total": 0
              }
            },
            {
              "batter": "EL Bartram",
              "bowler": "C de Lange",
              "non_striker": "K Peddrick",
              "runs": {
                "batter": 0,
                "extras": 0,
                "total": 0
              }
            },
            {
              "batter": "EL Bartram",
              "bowler": "C de Lange",
              "non_striker": "K Peddrick",
              "runs": {
                "batter": 0,
                "extras": 0,
                "total": 0
              }
            },
            {
              "batter": "EL Bartram",
              "bowler": "C de Lange",
              "non_striker": "K Peddrick",
              "runs": {
                "batter": 1,
                "extras": 0,
                "total": 1
              }
            },
            {
              "batter": "K Peddrick",
              "bowler": "C de Lange",
              "non_striker": "EL Bartram",
              "runs": {
                "batter": 0,
                "extras": 0,
                "total": 0
              }
            },
            {
              "batter": "K Peddrick",
              "bowler": "C de Lange",
              "non_striker": "EL Bartram",
              "runs": {
                "batter": 1,
                "extras": 0,
                "total": 1
              },
              "wickets": [
                {
                  "player_out": "K Peddrick",
                  "fielders": [
                    {
                      "name": "HDJ Siegers"
                    },
                    {
                      "name": "M Zwilling"
                    }
                  ],
                  "kind": "run out"
                }
              ]
            }
          ]
        },
        {
          "over": 10,
          "deliveries": [
            {
              "batter": "EL Bartram",
              "bowler": "EN Lynch",
              "non_striker": "Regina Khan",
              "runs": {
                "batter": 4,
                "extras": 0,
                "total": 4
              }
            },
            {
              "batter": "EL Bartram",
              "bowler": "EN Lynch",
              "non_striker": "Regina Khan",
              "runs": {
                "batter": 1,
                "extras": 0,
                "total": 1
              }
            },
            {
              "batter": "Regina Khan",
              "bowler": "EN Lynch",
              "non_striker": "EL Bartram",
              "runs": {
                "batter": 0,
                "extras": 0,
                "total": 0
              }
            },
            {
              "batter": "Regina Khan",
              "bowler": "EN Lynch",
              "non_striker": "EL Bartram",
              "runs": {
                "batter": 0,
                "extras": 0,
                "total": 0
              }
            },
            {
              "batter": "Regina Khan",
              "bowler": "EN Lynch",
              "extras": {
                "legbyes": 1
              },
              "non_striker": "EL Bartram",
              "runs": {
                "batter": 0,
                "extras": 1,
                "total": 1
              }
            },
            {
              "batter": "EL Bartram",
              "bowler": "EN Lynch",
              "non_striker": "Regina Khan",
              "runs": {
                "batter": 0,
                "extras": 0,
                "total": 0
              }
            }
          ]
        },
        {
          "over": 11,
          "deliveries": [
            {
              "batter": "Regina Khan",
              "bowler": "C de Lange",
              "non_striker": "EL Bartram",
              "runs": {
                "batter": 0,
                "extras": 0,
                "total": 0
              }
            },
            {
              "batter": "Regina Khan",
              "bowler": "C de Lange",
              "non_striker": "EL Bartram",
              "runs": {
                "batter": 2,
                "extras": 0,
                "total": 2
              }
            },
            {
              "batter": "Regina Khan",
              "bowler": "C de Lange",
              "non_striker": "EL Bartram",
              "runs": {
                "batter": 1,
                "extras": 0,
                "total": 1
              }
            },
            {
              "batter": "EL Bartram",
              "bowler": "C de Lange",
              "non_striker": "Regina Khan",
              "runs": {
                "batter": 1,
                "extras": 0,
                "total": 1
              }
            },
            {
              "batter": "Regina Khan",
              "bowler": "C de Lange",
              "non_striker": "EL Bartram",
              "runs": {
                "batter": 1,
                "extras": 0,
                "total": 1
              }
            },
            {
              "batter": "EL Bartram",
              "bowler": "C de Lange",
              "non_striker": "Regina Khan",
              "runs": {
                "batter": 0,
                "extras": 0,
                "total": 0
              }
            }
          ]
        },
        {
          "over": 12,
          "deliveries": [
            {
              "batter": "Regina Khan",
              "bowler": "EN Lynch",
              "non_striker": "EL Bartram",
              "runs": {
                "batter": 1,
                "extras": 0,
                "total": 1
              }
            },
            {
              "batter": "EL Bartram",
              "bowler": "EN Lynch",
              "non_striker": "Regina Khan",
              "runs": {
                "batter": 1,
                "extras": 0,
                "total": 1
              }
            },
            {
              "batter": "Regina Khan",
              "bowler": "EN Lynch",
              "non_striker": "EL Bartram",
              "runs": {
                "batter": 1,
                "extras": 0,
                "total": 1
              }
            },
            {
              "batter": "EL Bartram",
              "bowler": "EN Lynch",
              "non_striker": "Regina Khan",
              "runs": {
                "batter": 4,
                "extras": 0,
                "total": 4
              }
            },
            {
              "batter": "EL Bartram",
              "bowler": "EN Lynch",
              "non_striker": "Regina Khan",
              "runs": {
                "batter": 0,
                "extras": 0,
                "total": 0
              }
            },
            {
              "batter": "EL Bartram",
              "bowler": "EN Lynch",
              "non_striker": "Regina Khan",
              "runs": {
                "batter": 0,
                "extras": 0,
                "total": 0
              }
            }
          ]
        },
        {
          "over": 13,
          "deliveries": [
            {
              "batter": "Regina Khan",
              "bowler": "C de Lange",
              "non_striker": "EL Bartram",
              "runs": {
                "batter": 0,
                "extras": 0,
                "total": 0
              }
            },
            {
              "batter": "Regina Khan",
              "bowler": "C de Lange",
              "non_striker": "EL Bartram",
              "runs": {
                "batter": 2,
                "extras": 0,
                "total": 2
              }
            },
            {
              "batter": "Regina Khan",
              "bowler": "C de Lange",
              "non_striker": "EL Bartram",
              "runs": {
                "batter": 4,
                "extras": 0,
                "total": 4
              }
            },
            {
              "batter": "Regina Khan",
              "bowler": "C de Lange",
              "non_striker": "EL Bartram",
              "runs": {
                "batter": 0,
                "extras": 0,
                "total": 0
              }
            },
            {
              "batter": "Regina Khan",
              "bowler": "C de Lange",
              "non_striker": "EL Bartram",
              "runs": {
                "batter": 0,
                "extras": 0,
                "total": 0
              }
            },
            {
              "batter": "Regina Khan",
              "bowler": "C de Lange",
              "non_striker": "EL Bartram",
              "runs": {
                "batter": 0,
                "extras": 0,
                "total": 0
              }
            }
          ]
        },
        {
          "over": 14,
          "deliveries": [
            {
              "batter": "EL Bartram",
              "bowler": "MM Dekeling",
              "non_striker": "Regina Khan",
              "runs": {
                "batter": 0,
                "extras": 0,
                "total": 0
              }
            },
            {
              "batter": "EL Bartram",
              "bowler": "MM Dekeling",
              "non_striker": "Regina Khan",
              "runs": {
                "batter": 4,
                "extras": 0,
                "total": 4
              }
            },
            {
              "batter": "EL Bartram",
              "bowler": "MM Dekeling",
              "non_striker": "Regina Khan",
              "runs": {
                "batter": 0,
                "extras": 0,
                "total": 0
              }
            },
            {
              "batter": "EL Bartram",
              "bowler": "MM Dekeling",
              "non_striker": "Regina Khan",
              "runs": {
                "batter": 1,
                "extras": 0,
                "total": 1
              }
            },
            {
              "batter": "Regina Khan",
              "bowler": "MM Dekeling",
              "non_striker": "EL Bartram",
              "runs": {
                "batter": 0,
                "extras": 0,
                "total": 0
              }
            },
            {
              "batter": "Regina Khan",
              "bowler": "MM Dekeling",
              "non_striker": "EL Bartram",
              "runs": {
                "batter": 0,
                "extras": 0,
                "total": 0
              }
            }
          ]
        },
        {
          "over": 15,
          "deliveries": [
            {
              "batter": "EL Bartram",
              "bowler": "M Zwilling",
              "extras": {
                "wides": 1
              },
              "non_striker": "Regina Khan",
              "runs": {
                "batter": 0,
                "extras": 1,
                "total": 1
              }
            },
            {
              "batter": "EL Bartram",
              "bowler": "M Zwilling",
              "non_striker": "Regina Khan",
              "runs": {
                "batter": 0,
                "extras": 0,
                "total": 0
              }
            },
            {
              "batter": "EL Bartram",
              "bowler": "M Zwilling",
              "non_striker": "Regina Khan",
              "runs": {
                "batter": 2,
                "extras": 0,
                "total": 2
              }
            },
            {
              "batter": "EL Bartram",
              "bowler": "M Zwilling",
              "extras": {
                "wides": 1
              },
              "non_striker": "Regina Khan",
              "runs": {
                "batter": 0,
                "extras": 1,
                "total": 1
              }
            },
            {
              "batter": "EL Bartram",
              "bowler": "M Zwilling",
              "non_striker": "Regina Khan",
              "runs": {
                "batter": 0,
                "extras": 0,
                "total": 0
              },
              "wickets": [
                {
                  "player_out": "EL Bartram",
                  "fielders": [
                    {
                      "name": "R Rijke"
                    }
                  ],
                  "kind": "caught"
                }
              ]
            },
            {
              "batter": "D Nanayakkara",
              "bowler": "M Zwilling",
              "non_striker": "Regina Khan",
              "runs": {
                "batter": 0,
                "extras": 0,
                "total": 0
              }
            },
            {
              "batter": "D Nanayakkara",
              "bowler": "M Zwilling",
              "non_striker": "Regina Khan",
              "runs": {
                "batter": 0,
                "extras": 0,
                "total": 0
              }
            },
            {
              "batter": "D Nanayakkara",
              "bowler": "M Zwilling",
              "non_striker": "Regina Khan",
              "runs": {
                "batter": 0,
                "extras": 0,
                "total": 0
              }
            }
          ]
        },
        {
          "over": 16,
          "deliveries": [
            {
              "batter": "Regina Khan",
              "bowler": "MM Dekeling",
              "non_striker": "D Nanayakkara",
              "runs": {
                "batter": 0,
                "extras": 0,
                "total": 0
              }
            },
            {
              "batter": "Regina Khan",
              "bowler": "MM Dekeling",
              "non_striker": "D Nanayakkara",
              "runs": {
                "batter": 0,
                "extras": 0,
                "total": 0
              }
            },
            {
              "batter": "Regina Khan",
              "bowler": "MM Dekeling",
              "non_striker": "D Nanayakkara",
              "runs": {
                "batter": 0,
                "extras": 0,
                "total": 0
              }
            },
            {
              "batter": "Regina Khan",
              "bowler": "MM Dekeling",
              "non_striker": "D Nanayakkara",
              "runs": {
                "batter": 0,
                "extras": 0,
                "total": 0
              }
            },
            {
              "batter": "Regina Khan",
              "bowler": "MM Dekeling",
              "non_striker": "D Nanayakkara",
              "runs": {
                "batter": 0,
                "extras": 0,
                "total": 0
              }
            },
            {
              "batter": "Regina Khan",
              "bowler": "MM Dekeling",
              "non_striker": "D Nanayakkara",
              "runs": {
                "batter": 0,
                "extras": 0,
                "total": 0
              }
            }
          ]
        },
        {
          "over": 17,
          "deliveries": [
            {
              "batter": "D Nanayakkara",
              "bowler": "M Zwilling",
              "non_striker": "Regina Khan",
              "runs": {
                "batter": 2,
                "extras": 0,
                "total": 2
              }
            },
            {
              "batter": "D Nanayakkara",
              "bowler": "M Zwilling",
              "extras": {
                "wides": 1
              },
              "non_striker": "Regina Khan",
              "runs": {
                "batter": 0,
                "extras": 1,
                "total": 1
              }
            },
            {
              "batter": "D Nanayakkara",
              "bowler": "M Zwilling",
              "non_striker": "Regina Khan",
              "runs": {
                "batter": 1,
                "extras": 0,
                "total": 1
              }
            },
            {
              "batter": "Regina Khan",
              "bowler": "M Zwilling",
              "non_striker": "D Nanayakkara",
              "runs": {
                "batter": 0,
                "extras": 0,
                "total": 0
              }
            },
            {
              "batter": "Regina Khan",
              "bowler": "M Zwilling",
              "non_striker": "D Nanayakkara",
              "runs": {
                "batter": 1,
                "extras": 0,
                "total": 1
              }
            },
            {
              "batter": "D Nanayakkara",
              "bowler": "M Zwilling",
              "non_striker": "Regina Khan",
              "runs": {
                "batter": 1,
                "extras": 0,
                "total": 1
              }
            },
            {
              "batter": "Regina Khan",
              "bowler": "M Zwilling",
              "non_striker": "D Nanayakkara",
              "runs": {
                "batter": 4,
                "extras": 0,
                "total": 4
              }
            }
          ]
        },
        {
          "over": 18,
          "deliveries": [
            {
              "batter": "D Nanayakkara",
              "bowler": "MM Dekeling",
              "non_striker": "Regina Khan",
              "runs": {
                "batter": 0,
                "extras": 0,
                "total": 0
              }
            },
            {
              "batter": "D Nanayakkara",
              "bowler": "MM Dekeling",
              "non_striker": "Regina Khan",
              "runs": {
                "batter": 1,
                "extras": 0,
                "total": 1
              }
            },
            {
              "batter": "Regina Khan",
              "bowler": "MM Dekeling",
              "non_striker": "D Nanayakkara",
              "runs": {
                "batter": 1,
                "extras": 0,
                "total": 1
              }
            },
            {
              "batter": "D Nanayakkara",
              "bowler": "MM Dekeling",
              "non_striker": "Regina Khan",
              "runs": {
                "batter": 0,
                "extras": 0,
                "total": 0
              },
              "wickets": [
                {
                  "player_out": "D Nanayakkara",
                  "fielders": [
                    {
                      "name": "HDJ Siegers"
                    }
                  ],
                  "kind": "stumped"
                }
              ]
            },
            {
              "batter": "G Batagoda",
              "bowler": "MM Dekeling",
              "non_striker": "Regina Khan",
              "runs": {
                "batter": 0,
                "extras": 0,
                "total": 0
              }
            },
            {
              "batter": "G Batagoda",
              "bowler": "MM Dekeling",
              "non_striker": "Regina Khan",
              "runs": {
                "batter": 1,
                "extras": 0,
                "total": 1
              }
            }
          ]
        },
        {
          "over": 19,
          "deliveries": [
            {
              "batter": "G Batagoda",
              "bowler": "R Rijke",
              "non_striker": "Regina Khan",
              "runs": {
                "batter": 1,
                "extras": 0,
                "total": 1
              }
            },
            {
              "batter": "Regina Khan",
              "bowler": "R Rijke",
              "non_striker": "G Batagoda",
              "runs": {
                "batter": 2,
                "extras": 0,
                "total": 2
              }
            },
            {
              "batter": "Regina Khan",
              "bowler": "R Rijke",
              "non_striker": "G Batagoda",
              "runs": {
                "batter": 1,
                "extras": 0,
                "total": 1
              }
            },
            {
              "batter": "G Batagoda",
              "bowler": "R Rijke",
              "non_striker": "Regina Khan",
              "runs": {
                "batter": 0,
                "extras": 0,
                "total": 0
              },
              "wickets": [
                {
                  "player_out": "G Batagoda",
                  "fielders": [
                    {
                      "name": "CH van Koolwijk"
                    }
                  ],
                  "kind": "caught"
                }
              ]
            },
            {
              "batter": "S Kanankege",
              "bowler": "R Rijke",
              "non_striker": "Regina Khan",
              "runs": {
                "batter": 1,
                "extras": 0,
                "total": 1
              }
            },
            {
              "batter": "Regina Khan",
              "bowler": "R Rijke",
              "non_striker": "S Kanankege",
              "runs": {
                "batter": 0,
                "extras": 0,
                "total": 0
              }
            }
          ]
        }
      ],
      "powerplays": [
        {
          "from": 0.1,
          "to": 5.6,
          "type": "mandatory"
        }
      ]
    },
    {
      "team": "Netherlands",
      "overs": [
        {
          "over": 0,
          "deliveries": [
            {
              "batter": "IJR Zwilling",
              "bowler": "EL Bartram",
              "non_striker": "EN Lynch",
              "runs": {
                "batter": 0,
                "extras": 0,
                "total": 0
              }
            },
            {
              "batter": "IJR Zwilling",
              "bowler": "EL Bartram",
              "non_striker": "EN Lynch",
              "runs": {
                "batter": 0,
                "extras": 0,
                "total": 0
              }
            },
            {
              "batter": "IJR Zwilling",
              "bowler": "EL Bartram",
              "non_striker": "EN Lynch",
              "runs": {
                "batter": 1,
                "extras": 0,
                "total": 1
              }
            },
            {
              "batter": "EN Lynch",
              "bowler": "EL Bartram",
              "extras": {
                "wides": 1
              },
              "non_striker": "IJR Zwilling",
              "runs": {
                "batter": 0,
                "extras": 1,
                "total": 1
              }
            },
            {
              "batter": "EN Lynch",
              "bowler": "EL Bartram",
              "non_striker": "IJR Zwilling",
              "runs": {
                "batter": 0,
                "extras": 0,
                "total": 0
              }
            },
            {
              "batter": "EN Lynch",
              "bowler": "EL Bartram",
              "non_striker": "IJR Zwilling",
              "runs": {
                "batter": 0,
                "extras": 0,
                "total": 0
              },
              "wickets": [
                {
                  "player_out": "EN Lynch",
                  "kind": "bowled"
                }
              ]
            },
            {
              "batter": "HWA Landheer",
              "bowler": "EL Bartram",
              "non_striker": "IJR Zwilling",
              "runs": {
                "batter": 0,
                "extras": 0,
                "total": 0
              }
            }
          ]
        },
        {
          "over": 1,
          "deliveries": [
            {
              "batter": "IJR Zwilling",
              "bowler": "Regina Khan",
              "non_striker": "HWA Landheer",
              "runs": {
                "batter": 0,
                "extras": 0,
                "total": 0
              }
            },
            {
              "batter": "IJR Zwilling",
              "bowler": "Regina Khan",
              "non_striker": "HWA Landheer",
              "runs": {
                "batter": 0,
                "extras": 0,
                "total": 0
              }
            },
            {
              "batter": "IJR Zwilling",
              "bowler": "Regina Khan",
              "non_striker": "HWA Landheer",
              "runs": {
                "batter": 0,
                "extras": 0,
                "total": 0
              }
            },
            {
              "batter": "IJR Zwilling",
              "bowler": "Regina Khan",
              "non_striker": "HWA Landheer",
              "runs": {
                "batter": 4,
                "extras": 0,
                "total": 4
              }
            },
            {
              "batter": "IJR Zwilling",
              "bowler": "Regina Khan",
              "non_striker": "HWA Landheer",
              "runs": {
                "batter": 2,
                "extras": 0,
                "total": 2
              }
            },
            {
              "batter": "IJR Zwilling",
              "bowler": "Regina Khan",
              "non_striker": "HWA Landheer",
              "runs": {
                "batter": 1,
                "extras": 0,
                "total": 1
              }
            }
          ]
        },
        {
          "over": 2,
          "deliveries": [
            {
              "batter": "IJR Zwilling",
              "bowler": "EL Bartram",
              "non_striker": "HWA Landheer",
              "runs": {
                "batter": 2,
                "extras": 0,
                "total": 2
              }
            },
            {
              "batter": "IJR Zwilling",
              "bowler": "EL Bartram",
              "non_striker": "HWA Landheer",
              "runs": {
                "batter": 1,
                "extras": 0,
                "total": 1
              }
            },
            {
              "batter": "HWA Landheer",
              "bowler": "EL Bartram",
              "non_striker": "IJR Zwilling",
              "runs": {
                "batter": 0,
                "extras": 0,
                "total": 0
              }
            },
            {
              "batter": "HWA Landheer",
              "bowler": "EL Bartram",
              "non_striker": "IJR Zwilling",
              "runs": {
                "batter": 0,
                "extras": 0,
                "total": 0
              }
            },
            {
              "batter": "HWA Landheer",
              "bowler": "EL Bartram",
              "non_striker": "IJR Zwilling",
              "runs": {
                "batter": 0,
                "extras": 0,
                "total": 0
              }
            },
            {
              "batter": "HWA Landheer",
              "bowler": "EL Bartram",
              "non_striker": "IJR Zwilling",
              "runs": {
                "batter": 0,
                "extras": 0,
                "total": 0
              },
              "wickets": [
                {
                  "player_out": "HWA Landheer",
                  "kind": "bowled"
                }
              ]
            }
          ]
        },
        {
          "over": 3,
          "deliveries": [
            {
              "batter": "IJR Zwilling",
              "bowler": "Regina Khan",
              "non_striker": "R Rijke",
              "runs": {
                "batter": 0,
                "extras": 0,
                "total": 0
              }
            },
            {
              "batter": "IJR Zwilling",
              "bowler": "Regina Khan",
              "non_striker": "R Rijke",
              "runs": {
                "batter": 1,
                "extras": 0,
                "total": 1
              }
            },
            {
              "batter": "R Rijke",
              "bowler": "Regina Khan",
              "non_striker": "IJR Zwilling",
              "runs": {
                "batter": 0,
                "extras": 0,
                "total": 0
              }
            },
            {
              "batter": "R Rijke",
              "bowler": "Regina Khan",
              "non_striker": "IJR Zwilling",
              "runs": {
                "batter": 1,
                "extras": 0,
                "total": 1
              }
            },
            {
              "batter": "IJR Zwilling",
              "bowler": "Regina Khan",
              "non_striker": "R Rijke",
              "runs": {
                "batter": 1,
                "extras": 0,
                "total": 1
              }
            },
            {
              "batter": "R Rijke",
              "bowler": "Regina Khan",
              "non_striker": "IJR Zwilling",
              "runs": {
                "batter": 4,
                "extras": 0,
                "total": 4
              }
            }
          ]
        },
        {
          "over": 4,
          "deliveries": [
            {
              "batter": "IJR Zwilling",
              "bowler": "EL Bartram",
              "non_striker": "R Rijke",
              "runs": {
                "batter": 0,
                "extras": 0,
                "total": 0
              }
            },
            {
              "batter": "IJR Zwilling",
              "bowler": "EL Bartram",
              "non_striker": "R Rijke",
              "runs": {
                "batter": 0,
                "extras": 0,
                "total": 0
              }
            },
            {
              "batter": "IJR Zwilling",
              "bowler": "EL Bartram",
              "non_striker": "R Rijke",
              "runs": {
                "batter": 0,
                "extras": 0,
                "total": 0
              }
            },
            {
              "batter": "IJR Zwilling",
              "bowler": "EL Bartram",
              "non_striker": "R Rijke",
              "runs": {
                "batter": 4,
                "extras": 0,
                "total": 4
              }
            },
            {
              "batter": "IJR Zwilling",
              "bowler": "EL Bartram",
              "non_striker": "R Rijke",
              "runs": {
                "batter": 0,
                "extras": 0,
                "total": 0
              }
            },
            {
              "batter": "IJR Zwilling",
              "bowler": "EL Bartram",
              "non_striker": "R Rijke",
              "runs": {
                "batter": 0,
                "extras": 0,
                "total": 0
              }
            }
          ]
        },
        {
          "over": 5,
          "deliveries": [
            {
              "batter": "R Rijke",
              "bowler": "Regina Khan",
              "non_striker": "IJR Zwilling",
              "runs": {
                "batter": 2,
                "extras": 0,
                "total": 2
              }
            },
            {
              "batter": "R Rijke",
              "bowler": "Regina Khan",
              "non_striker": "IJR Zwilling",
              "runs": {
                "batter": 4,
                "extras": 0,
                "total": 4
              }
            },
            {
              "batter": "R Rijke",
              "bowler": "Regina Khan",
              "non_striker": "IJR Zwilling",
              "runs": {
                "batter": 0,
                "extras": 0,
                "total": 0
              }
            },
            {
              "batter": "R Rijke",
              "bowler": "Regina Khan",
              "non_striker": "IJR Zwilling",
              "runs": {
                "batter": 2,
                "extras": 0,
                "total": 2
              }
            },
            {
              "batter": "R Rijke",
              "bowler": "Regina Khan",
              "non_striker": "IJR Zwilling",
              "runs": {
                "batter": 4,
                "extras": 0,
                "total": 4
              }
            },
            {
              "batter": "R Rijke",
              "bowler": "Regina Khan",
              "non_striker": "IJR Zwilling",
              "runs": {
                "batter": 0,
                "extras": 0,
                "total": 0
              }
            }
          ]
        },
        {
          "over": 6,
          "deliveries": [
            {
              "batter": "IJR Zwilling",
              "bowler": "EL Bartram",
              "non_striker": "R Rijke",
              "runs": {
                "batter": 0,
                "extras": 0,
                "total": 0
              }
            },
            {
              "batter": "IJR Zwilling",
              "bowler": "EL Bartram",
              "non_striker": "R Rijke",
              "runs": {
                "batter": 1,
                "extras": 0,
                "total": 1
              }
            },
            {
              "batter": "R Rijke",
              "bowler": "EL Bartram",
              "non_striker": "IJR Zwilling",
              "runs": {
                "batter": 1,
                "extras": 0,
                "total": 1
              }
            },
            {
              "batter": "IJR Zwilling",
              "bowler": "EL Bartram",
              "non_striker": "R Rijke",
              "runs": {
                "batter": 0,
                "extras": 0,
                "total": 0
              }
            },
            {
              "batter": "IJR Zwilling",
              "bowler": "EL Bartram",
              "non_striker": "R Rijke",
              "runs": {
                "batter": 0,
                "extras": 0,
                "total": 0
              }
            },
            {
              "batter": "IJR Zwilling",
              "bowler": "EL Bartram",
              "non_striker": "R Rijke",
              "runs": {
                "batter": 1,
                "extras": 0,
                "total": 1
              }
            }
          ]
        },
        {
          "over": 7,
          "deliveries": [
            {
              "batter": "IJR Zwilling",
              "bowler": "K Peddrick",
              "extras": {
                "wides": 1
              },
              "non_striker": "R Rijke",
              "runs": {
                "batter": 0,
                "extras": 1,
                "total": 1
              }
            },
            {
              "batter": "IJR Zwilling",
              "bowler": "K Peddrick",
              "non_striker": "R Rijke",
              "runs": {
                "batter": 2,
                "extras": 0,
                "total": 2
              }
            },
            {
              "batter": "IJR Zwilling",
              "bowler": "K Peddrick",
              "extras": {
                "wides": 1
              },
              "non_striker": "R Rijke",
              "runs": {
                "batter": 0,
                "extras": 1,
                "total": 1
              }
            },
            {
              "batter": "IJR Zwilling",
              "bowler": "K Peddrick",
              "non_striker": "R Rijke",
              "runs": {
                "batter": 4,
                "extras": 0,
                "total": 4
              }
            },
            {
              "batter": "IJR Zwilling",
              "bowler": "K Peddrick",
              "extras": {
                "wides": 1
              },
              "non_striker": "R Rijke",
              "runs": {
                "batter": 0,
                "extras": 1,
                "total": 1
              }
            },
            {
              "batter": "IJR Zwilling",
              "bowler": "K Peddrick",
              "non_striker": "R Rijke",
              "runs": {
                "batter": 1,
                "extras": 0,
                "total": 1
              }
            },
            {
              "batter": "R Rijke",
              "bowler": "K Peddrick",
              "non_striker": "IJR Zwilling",
              "runs": {
                "batter": 2,
                "extras": 0,
                "total": 2
              }
            },
            {
              "batter": "R Rijke",
              "bowler": "K Peddrick",
              "non_striker": "IJR Zwilling",
              "runs": {
                "batter": 1,
                "extras": 0,
                "total": 1
              }
            },
            {
              "batter": "IJR Zwilling",
              "bowler": "K Peddrick",
              "extras": {
                "wides": 1
              },
              "non_striker": "R Rijke",
              "runs": {
                "batter": 0,
                "extras": 1,
                "total": 1
              }
            },
            {
              "batter": "IJR Zwilling",
              "bowler": "K Peddrick",
              "extras": {
                "wides": 3
              },
              "non_striker": "R Rijke",
              "runs": {
                "batter": 0,
                "extras": 3,
                "total": 3
              }
            },
            {
              "batter": "IJR Zwilling",
              "bowler": "K Peddrick",
              "non_striker": "R Rijke",
              "runs": {
                "batter": 2,
                "extras": 0,
                "total": 2
              }
            }
          ]
        },
        {
          "over": 8,
          "deliveries": [
            {
              "batter": "R Rijke",
              "bowler": "C Mahamalage",
              "non_striker": "IJR Zwilling",
              "runs": {
                "batter": 1,
                "extras": 0,
                "total": 1
              }
            },
            {
              "batter": "IJR Zwilling",
              "bowler": "C Mahamalage",
              "non_striker": "R Rijke",
              "runs": {
                "batter": 0,
                "extras": 0,
                "total": 0
              }
            },
            {
              "batter": "IJR Zwilling",
              "bowler": "C Mahamalage",
              "non_striker": "R Rijke",
              "runs": {
                "batter": 2,
                "extras": 0,
                "total": 2
              }
            },
            {
              "batter": "IJR Zwilling",
              "bowler": "C Mahamalage",
              "non_striker": "R Rijke",
              "runs": {
                "batter": 1,
                "extras": 0,
                "total": 1
              },
              "wickets": [
                {
                  "player_out": "IJR Zwilling",
                  "fielders": [
                    {
                      "name": "C Mahamalage"
                    },
                    {
                      "name": "EL Bartram"
                    }
                  ],
                  "kind": "run out"
                }
              ]
            },
            {
              "batter": "CH van Koolwijk",
              "bowler": "C Mahamalage",
              "non_striker": "R Rijke",
              "runs": {
                "batter": 1,
                "extras": 0,
                "total": 1
              }
            },
            {
              "batter": "R Rijke",
              "bowler": "C Mahamalage",
              "non_striker": "CH van Koolwijk",
              "runs": {
                "batter": 1,
                "extras": 0,
                "total": 1
              }
            }
          ]
        },
        {
          "over": 9,
          "deliveries": [
            {
              "batter": "R Rijke",
              "bowler": "N Asuramanage",
              "non_striker": "CH van Koolwijk",
              "runs": {
                "batter": 0,
                "extras": 0,
                "total": 0
              }
            },
            {
              "batter": "R Rijke",
              "bowler": "N Asuramanage",
              "non_striker": "CH van Koolwijk",
              "runs": {
                "batter": 4,
                "extras": 0,
                "total": 4
              }
            },
            {
              "batter": "R Rijke",
              "bowler": "N Asuramanage",
              "non_striker": "CH van Koolwijk",
              "runs": {
                "batter": 1,
                "extras": 0,
                "total": 1
              }
            },
            {
              "batter": "CH van Koolwijk",
              "bowler": "N Asuramanage",
              "non_striker": "R Rijke",
              "runs": {
                "batter": 1,
                "extras": 0,
                "total": 1
              }
            },
            {
              "batter": "R Rijke",
              "bowler": "N Asuramanage",
              "non_striker": "CH van Koolwijk",
              "runs": {
                "batter": 6,
                "extras": 0,
                "total": 6
              }
            },
            {
              "batter": "R Rijke",
              "bowler": "N Asuramanage",
              "non_striker": "CH van Koolwijk",
              "runs": {
                "batter": 2,
                "extras": 0,
                "total": 2
              }
            }
          ]
        },
        {
          "over": 10,
          "deliveries": [
            {
              "batter": "CH van Koolwijk",
              "bowler": "S Kanankege",
              "non_striker": "R Rijke",
              "runs": {
                "batter": 1,
                "extras": 0,
                "total": 1
              },
              "wickets": [
                {
                  "player_out": "R Rijke",
                  "fielders": [
                    {
                      "name": "D Nanayakkara"
                    },
                    {
                      "name": "S Kanankege"
                    }
                  ],
                  "kind": "run out"
                }
              ]
            },
            {
              "batter": "CH van Koolwijk",
              "bowler": "S Kanankege",
              "non_striker": "HDJ Siegers",
              "runs": {
                "batter": 0,
                "extras": 0,
                "total": 0
              }
            },
            {
              "batter": "CH van Koolwijk",
              "bowler": "S Kanankege",
              "non_striker": "HDJ Siegers",
              "runs": {
                "batter": 1,
                "extras": 0,
                "total": 1
              }
            }
          ]
        }
      ],
      "powerplays": [
        {
          "from": 0.1,
          "to": 5.6,
          "type": "mandatory"
        }
      ],
      "target": {
        "overs": 20,
        "runs": 79
      }
    }
  ]
}