{
  "meta": {
    "data_version": "1.1.0",
    "created": "2023-12-17",
    "revision": 1
  },
  "info": {
    "balls_per_over": 6,
    "city": "Entebbe",
    "dates": [
      "2023-12-17"
    ],
    "event": {
      "name": "ICC Women's T20 World Cup Africa Region Qualifier",
      "stage": "Final"
    },
    "gender": "female",
    "match_type": "T20",
    "match_type_number": 1724,
    "officials": {
      "match_referees": [
        "O Chirombe"
      ],
      "reserve_umpires": [
        "Habib Enesi"
      ],
      "umpires": [
        "Claus Schumacher",
        "N Perera"
      ]
    },
    "outcome": {
      "winner": "Zimbabwe",
      "by": {
        "wickets": 6
      }
    },
    "overs": 20,
    "player_of_match": [
      "P Marange"
    ],
    "players": {
      "Uganda": [
        "K Awino",
        "P Alako",
        "S Nampiina",
        "J Mbabazi",
        "R Musamali",
        "I Nakisuuyi",
        "M Ariokot",
        "C Aweko",
        "I Alumo",
        "E Anyipo",
        "S Akiteng"
      ],
      "Zimbabwe": [
        "M Musonda",
        "M Mupachikwa",
        "CS Mugeri-Tiripano",
        "A Ndiraya",
        "K Ndlovu",
        "J Nkomo",
        "P Marange",
        "N Sibanda",
        "L Tshuma",
        "N Gwanzura",
        "CT Dhururu"
      ]
    },
    "registry": {
      "people": {
        "A Ndiraya": "c8e6bddd",
        "C Aweko": "01c1b96c",
        "CS Mugeri-Tiripano": "99c86133",
        "CT Dhururu": "8d7fba79",
        "Claus Schumacher": "85645e62",
        "E Anyipo": "d9e5ecb4",
        "Habib Enesi": "fb35ab1f",
        "I Alumo": "6edd8b10",
        "I Nakisuuyi": "2f145a4f",
        "J Mbabazi": "aaa6e84c",
        "J Nkomo": "36dfa62e",
        "K Awino": "c4e7749a",
        "K Ndlovu": "8d25271a",
        "L Tshuma": "f281dd00",
        "M Ariokot": "c328bc6c",
        "M Mupachikwa": "6657b319",
        "M Musonda": "94b52754",
        "N Gwanzura": "9c2e3040",
        "N Perera": "129709f9",
        "N Sibanda": "edf62a25",
        "O Chirombe": "6345307f",
        "P Alako": "fcf37e14",
        "P Marange": "a4f1fdd4",
        "R Musamali": "017cadb2",
        "S Akiteng": "cf92d76b",
        "S Nampiina": "91d9aa26"
      }
    },
    "season": "2023/24",
    "team_type": "international",
    "teams": [
      "Uganda",
      "Zimbabwe"
    ],
    "toss": {
      "decision": "field",
      "winner": "Zimbabwe"
    },
    "venue": "Entebbe Cricket Oval"
  },
  "innings": [
    {
      "team": "Uganda",
      "overs": [
        {
          "over": 0,
          "deliveries": [
            {
              "batter": "K Awino",
              "bowler": "N Sibanda",
              "non_striker": "P Alako",
              "runs": {
                "batter": 0,
                "extras": 0,
                "total": 0
              }
            },
            {
              "batter": "K Awino",
              "bowler": "N Sibanda",
              "non_striker": "P Alako",
              "runs": {
                "batter": 0,
                "extras": 0,
                "total": 0
              }
            },
            {
              "batter": "K Awino",
              "bowler": "N Sibanda",
              "non_striker": "P Alako",
              "runs": {
                "batter": 1,
                "extras": 0,
                "total": 1
              }
            },
            {
              "batter": "P Alako",
              "bowler": "N Sibanda",
              "non_striker": "K Awino",
              "runs": {
                "batter": 0,
                "extras": 0,
                "total": 0
              }
            },
            {
              "batter": "P Alako",
              "bowler": "N Sibanda",
              "non_striker": "K Awino",
              "runs": {
                "batter": 0,
                "extras": 0,
                "total": 0
              }
            },
            {
              "batter": "P Alako",
              "bowler": "N Sibanda",
              "non_striker": "K Awino",
              "runs": {
                "batter": 0,
                "extras": 0,
                "total": 0
              }
            }
          ]
        },
        {
          "over": 1,
          "deliveries": [
            {
              "batter": "K Awino",
              "bowler": "P Marange",
              "non_striker": "P Alako",
              "runs": {
                "batter": 0,
                "extras": 0,
                "total": 0
              }
            },
            {
              "batter": "K Awino",
              "bowler": "P Marange",
              "non_striker": "P Alako",
              "runs": {
                "batter": 0,
                "extras": 0,
                "total": 0
              }
            },
            {
              "batter": "K Awino",
              "bowler": "P Marange",
              "non_striker": "P Alako",
              "runs": {
                "batter": 0,
                "extras": 0,
                "total": 0
              }
            },
            {
              "batter": "K Awino",
              "bowler": "P Marange",
              "non_striker": "P Alako",
              "runs": {
                "batter": 0,
                "extras": 0,
                "total": 0
              }
            },
            {
              "batter": "K Awino",
              "bowler": "P Marange",
              "non_striker": "P Alako",
              "runs": {
                "batter": 0,
                "extras": 0,
                "total": 0
              }
            },
            {
              "batter": "K Awino",
              "bowler": "P Marange",
              "non_striker": "P Alako",
              "runs": {
                "batter": 0,
                "extras": 0,
                "total": 0
              }
            }
          ]
        },
        {
          "over": 2,
          "deliveries": [
            {
              "batter": "P Alako",
              "bowler": "J Nkomo",
              "non_striker": "K Awino",
              "runs": {
                "batter": 0,
                "extras": 0,
                "total": 0
              }
            },
            {
              "batter": "P Alako",
              "bowler": "J Nkomo",
              "non_striker": "K Awino",
              "runs": {
                "batter": 0,
                "extras": 0,
                "total": 0
              }
            },
            {
              "batter": "P Alako",
              "bowler": "J Nkomo",
              "non_striker": "K Awino",
              "runs": {
                "batter": 0,
                "extras": 0,
                "total": 0
              }
            },
            {
              "batter": "P Alako",
              "bowler": "J Nkomo",
              "non_striker": "K Awino",
              "runs": {
                "batter": 1,
                "extras": 0,
                "total": 1
              }
            },
            {
              "batter": "K Awino",
              "bowler": "J Nkomo",
              "non_striker": "P Alako",
              "runs": {
                "batter": 0,
                "extras": 0,
                "total": 0
              }
            },
            {
              "batter": "K Awino",
              "bowler": "J Nkomo",
              "non_striker": "P Alako",
              "runs": {
                "batter": 1,
                "extras": 0,
                "total": 1
              }
            }
          ]
        },
        {
          "over": 3,
          "deliveries": [
            {
              "batter": "K Awino",
              "bowler": "K Ndlovu",
              "non_striker": "P Alako",
              "runs": {
                "batter": 0,
                "extras": 0,
                "total": 0
              }
            },
            {
              "batter": "K Awino",
              "bowler": "K Ndlovu",
              "non_striker": "P Alako",
              "runs": {
                "batter": 0,
                "extras": 0,
                "total": 0
              }
            },
            {
              "batter": "K Awino",
              "bowler": "K Ndlovu",
              "non_striker": "P Alako",
              "runs": {
                "batter": 0,
                "extras": 0,
                "total": 0
              }
            },
            {
              "batter": "K Awino",
              "bowler": "K Ndlovu",
              "non_striker": "P Alako",
              "runs": {
                "batter": 0,
                "extras": 0,
                "total": 0
              }
            },
            {
              "batter": "K Awino",
              "bowler": "K Ndlovu",
              "non_striker": "P Alako",
              "runs": {
                "batter": 0,
                "extras": 0,
                "total": 0
              }
            },
            {
              "batter": "K Awino",
              "bowler": "K Ndlovu",
              "non_striker": "P Alako",
              "runs": {
                "batter": 0,
                "extras": 0,
                "total": 0
              }
            }
          ]
        },
        {
          "over": 4,
          "deliveries": [
            {
              "batter": "P Alako",
              "bowler": "N Sibanda",
              "non_striker": "K Awino",
              "runs": {
                "batter": 1,
                "extras": 0,
                "total": 1
              }
            },
            {
              "batter": "K Awino",
              "bowler": "N Sibanda",
              "non_striker": "P Alako",
              "runs": {
                "batter": 0,
                "extras": 0,
                "total": 0
              }
            },
            {
              "batter": "K Awino",
              "bowler": "N Sibanda",
              "non_striker": "P Alako",
              "runs": {
                "batter": 0,
                "extras": 0,
                "total": 0
              }
            },
            {
              "batter": "K Awino",
              "bowler": "N Sibanda",
              "non_striker": "P Alako",
              "runs": {
                "batter": 0,
                "extras": 0,
                "total": 0
              }
            },
            {
              "batter": "K Awino",
              "bowler": "N Sibanda",
              "non_striker": "P Alako",
              "runs": {
                "batter": 0,
                "extras": 0,
                "total": 0
              }
            },
            {
              "batter": "K Awino",
              "bowler": "N Sibanda",
              "non_striker": "P Alako",
              "runs": {
                "batter": 2,
                "extras": 0,
                "total": 2
              },
              "wickets": [
                {
                  "player_out": "P Alako",
                  "fielders": [
                    {
                      "name": "L Tshuma"
                    }
                  ],
                  "kind": "run out"
                }
              ]
            }
          ]
        },
        {
          "over": 5,
          "deliveries": [
            {
              "batter": "K Awino",
              "bowler": "J Nkomo",
              "non_striker": "S Nampiina",
              "runs": {
                "batter": 0,
                "extras": 0,
                "total": 0
              }
            },
            {
              "batter": "K Awino",
              "bowler": "J Nkomo",
              "non_striker": "S Nampiina",
              "runs": {
                "batter": 0,
                "extras": 0,
                "total": 0
              }
            },
            {
              "batter": "K Awino",
              "bowler": "J Nkomo",
              "non_striker": "S Nampiina",
              "runs": {
                "batter": 0,
                "extras": 0,
                "total": 0
              }
            },
            {
              "batter": "K Awino",
              "bowler": "J Nkomo",
              "extras": {
                "wides": 1
              },
              "non_striker": "S Nampiina",
              "runs": {
                "batter": 0,
                "extras": 1,
                "total": 1
              }
            },
            {
              "batter": "K Awino",
              "bowler": "J Nkomo",
              "non_striker": "S Nampiina",
              "runs": {
                "batter": 0,
                "extras": 0,
                "total": 0
              }
            },
            {
              "batter": "K Awino",
              "bowler": "J Nkomo",
              "non_striker": "S Nampiina",
              "runs": {
                "batter": 1,
                "extras": 0,
                "total": 1
              }
            },
            {
              "batter": "S Nampiina",
              "bowler": "J Nkomo",
              "non_striker": "K Awino",
              "runs": {
                "batter": 1,
                "extras": 0,
                "total": 1
              }
            }
          ]
        },
        {
          "over": 6,
          "deliveries": [
            {
              "batter": "S Nampiina",
              "bowler": "P Marange",
              "non_striker": "K Awino",
              "runs": {
                "batter": 0,
                "extras": 0,
                "total": 0
              }
            },
            {
              "batter": "S Nampiina",
              "bowler": "P Marange",
              "non_striker": "K Awino",
              "runs": {
                "batter": 0,
                "extras": 0,
                "total": 0
              }
            },
            {
              "batter": "S Nampiina",
              "bowler": "P Marange",
              "non_striker": "K Awino",
              "runs": {
                "batter": 1,
                "extras": 0,
                "total": 1
              }
            },
            {
              "batter": "K Awino",
              "bowler": "P Marange",
              "non_striker": "S Nampiina",
              "runs": {
                "batter": 0,
                "extras": 0,
                "total": 0
              }
            },
            {
              "batter": "K Awino",
              "bowler": "P Marange",
              "non_striker": "S Nampiina",
              "runs": {
                "batter": 0,
                "extras": 0,
                "total": 0
              },
              "wickets": [
                {
                  "player_out": "K Awino",
                  "fielders": [
                    {
                      "name": "J Nkomo"
                    }
                  ],
                  "kind": "caught"
                }
              ]
            },
            {
              "batter": "J Mbabazi",
              "bowler": "P Marange",
              "non_striker": "S Nampiina",
              "runs": {
                "batter": 1,
                "extras": 0,
                "total": 1
              }
            }
          ]
        },
        {
          "over": 7,
          "deliveries": [
            {
              "batter": "J Mbabazi",
              "bowler": "K Ndlovu",
              "extras": {
                "noballs": 1
              },
              "non_striker": "S Nampiina",
              "runs": {
                "batter": 0,
                "extras": 1,
                "total": 1
              }
            },
            {
              "batter": "J Mbabazi",
              "bowler": "K Ndlovu",
              "non_striker": "S Nampiina",
              "runs": {
                "batter": 1,
                "extras": 0,
                "total": 1
              }
            },
            {
              "batter": "S Nampiina",
              "bowler": "K Ndlovu",
              "extras": {
                "noballs": 1
              },
              "non_striker": "J Mbabazi",
              "runs": {
                "batter": 4,
                "extras": 1,
                "total": 5
              }
            },
            {
              "batter": "S Nampiina",
              "bowler": "K Ndlovu",
              "non_striker": "J Mbabazi",
              "runs": {
                "batter": 4,
                "extras": 0,
                "total": 4
              }
            },
            {
              "batter": "S Nampiina",
              "bowler": "K Ndlovu",
              "extras": {
                "wides": 1
              },
              "non_striker": "J Mbabazi",
              "runs": {
                "batter": 0,
                "extras": 1,
                "total": 1
              }
            },
            {
              "batter": "S Nampiina",
              "bowler": "K Ndlovu",
              "non_striker": "J Mbabazi",
              "runs": {
                "batter": 0,
                "extras": 0,
                "total": 0
              }
            },
            {
              "batter": "S Nampiina",
              "bowler": "K Ndlovu",
              "non_striker": "J Mbabazi",
              "runs": {
                "batter": 1,
                "extras": 0,
                "total": 1
              }
            },
            {
              "batter": "J Mbabazi",
              "bowler": "K Ndlovu",
              "non_striker": "S Nampiina",
              "runs": {
                "batter": 1,
                "extras": 0,
                "total": 1
              }
            },
            {
              "batter": "S Nampiina",
              "bowler": "K Ndlovu",
              "non_striker": "J Mbabazi",
              "runs": {
                "batter": 1,
                "extras": 0,
                "total": 1
              }
            }
          ]
        },
        {
          "over": 8,
          "deliveries": [
            {
              "batter": "S Nampiina",
              "bowler": "N Sibanda",
              "non_striker": "J Mbabazi",
              "runs": {
                "batter": 1,
                "extras": 0,
                "total": 1
              },
              "wickets": [
                {
                  "player_out": "J Mbabazi",
                  "fielders": [
                    {
                      "name": "N Sibanda"
                    },
                    {
                      "name": "L Tshuma"
                    }
                  ],
                  "kind": "run out"
                }
              ]
            },
            {
              "batter": "S Nampiina",
              "bowler": "N Sibanda",
              "non_striker": "R Musamali",
              "runs": {
                "batter": 0,
                "extras": 0,
                "total": 0
              }
            },
            {
              "batter": "S Nampiina",
              "bowler": "N Sibanda",
              "non_striker": "R Musamali",
              "runs": {
                "batter": 0,
                "extras": 0,
                "total": 0
              }
            },
            {
              "batter": "S Nampiina",
              "bowler": "N Sibanda",
              "non_striker": "R Musamali",
              "runs": {
                "batter": 1,
                "extras": 0,
                "total": 1
              }
            },
            {
              "batter": "R Musamali",
              "bowler": "N Sibanda",
              "non_striker": "S Nampiina",
              "runs": {
                "batter": 0,
                "extras": 0,
                "total": 0
              }
            },
            {
              "batter": "R Musamali",
              "bowler": "N Sibanda",
              "non_striker": "S Nampiina",
              "runs": {
                "batter": 0,
                "extras": 0,
                "total": 0
              }
            }
          ]
        },
        {
          "over": 9,
          "deliveries": [
            {
              "batter": "S Nampiina",
              "bowler": "L Tshuma",
              "non_striker": "R Musamali",
              "runs": {
                "batter": 0,
                "extras": 0,
                "total": 0
              }
            },
            {
              "batter": "S Nampiina",
              "bowler": "L Tshuma",
              "non_striker": "R Musamali",
              "runs": {
                "batter": 2,
                "extras": 0,
                "total": 2
              }
            },
            {
              "batter": "S Nampiina",
              "bowler": "L Tshuma",
              "non_striker": "R Musamali",
              "runs": {
                "batter": 2,
                "extras": 0,
                "total": 2
              }
            },
            {
              "batter": "S Nampiina",
              "bowler": "L Tshuma",
              "non_striker": "R Musamali",
              "runs": {
                "batter": 2,
                "extras": 0,
                "total": 2
              }
            },
            {
              "batter": "S Nampiina",
              "bowler": "L Tshuma",
              "non_striker": "R Musamali",
              "runs": {
                "batter": 1,
                "extras": 0,
                "total": 1
              }
            },
            {
              "batter": "R Musamali",
              "bowler": "L Tshuma",
              "non_striker": "S Nampiina",
              "runs": {
                "batter": 0,
                "extras": 0,
                "total": 0
              }
            }
          ]
        },
        {
          "over": 10,
          "deliveries": [
            {
              "batter": "S Nampiina",
              "bowler": "A Ndiraya",
              "non_striker": "R Musamali",
              "runs": {
                "batter": 1,
                "extras": 0,
                "total": 1
              }
            },
            {
              "batter": "R Musamali",
              "bowler": "A Ndiraya",
              "non_striker": "S Nampiina",
              "runs": {
                "batter": 1,
                "extras": 0,
                "total": 1
              }
            },
            {
              "batter": "S Nampiina",
              "bowler": "A Ndiraya",
              "non_striker": "R Musamali",
              "runs": {
                "batter": 1,
                "extras": 0,
                "total": 1
              }
            },
            {
              "batter": "R Musamali",
              "bowler": "A Ndiraya",
              "non_striker": "S Nampiina",
              "runs": {
                "batter": 0,
                "extras": 0,
                "total": 0
              }
            },
            {
              "batter": "R Musamali",
              "bowler": "A Ndiraya",
              "non_striker": "S Nampiina",
              "runs": {
                "batter": 1,
                "extras": 0,
                "total": 1
              }
            },
            {
              "batter": "S Nampiina",
              "bowler": "A Ndiraya",
              "non_striker": "R Musamali",
              "runs": {
                "batter": 0,
                "extras": 0,
                "total": 0
              }
            }
          ]
        },
        {
          "over": 11,
          "deliveries": [
            {
              "batter": "R Musamali",
              "bowler": "J Nkomo",
              "extras": {
                "wides": 2
              },
              "non_striker": "S Nampiina",
              "runs": {
                "batter": 0,
                "extras": 2,
                "total": 2
              }
            },
            {
              "batter": "S Nampiina",
              "bowler": "J Nkomo",
              "non_striker": "R Musamali",
              "runs": {
                "batter": 1,
                "extras": 0,
                "total": 1
              }
            },
            {
              "batter": "R Musamali",
              "bowler": "J Nkomo",
              "non_striker": "S Nampiina",
              "runs": {
                "batter": 1,
                "extras": 0,
                "total": 1
              }
            },
            {
              "batter": "S Nampiina",
              "bowler": "J Nkomo",
              "non_striker": "R Musamali",
              "runs": {
                "batter": 1,
                "extras": 0,
                "total": 1
              }
            },
            {
              "batter": "R Musamali",
              "bowler": "J Nkomo",
              "non_striker": "S Nampiina",
              "runs": {
                "batter": 1,
                "extras": 0,
                "total": 1
              }
            },
            {
              "batter": "S Nampiina",
              "bowler": "J Nkomo",
              "non_striker": "R Musamali",
              "runs": {
                "batter": 1,
                "extras": 0,
                "total": 1
              }
            },
            {
              "batter": "R Musamali",
              "bowler": "J Nkomo",
              "non_striker": "S Nampiina",
              "runs": {
                "batter": 1,
                "extras": 0,
                "total": 1
              }
            }
          ]
        },
        {
          "over": 12,
          "deliveries": [
            {
              "batter": "R Musamali",
              "bowler": "N Gwanzura",
              "non_striker": "S Nampiina",
              "runs": {
                "batter": 0,
                "extras": 0,
                "total": 0
              }
            },
            {
              "batter": "R Musamali",
              "bowler": "N Gwanzura",
              "non_striker": "S Nampiina",
              "runs": {
                "batter": 3,
                "extras": 0,
                "total": 3
              }
            },
            {
              "batter": "S Nampiina",
              "bowler": "N Gwanzura",
              "non_striker": "R Musamali",
              "runs": {
                "batter": 0,
                "extras": 0,
                "total": 0
              }
            },
            {
              "batter": "S Nampiina",
              "bowler": "N Gwanzura",
              "non_striker": "R Musamali",
              "runs": {
                "batter": 0,
                "extras": 0,
                "total": 0
              },
              "wickets": [
                {
                  "player_out": "S Nampiina",
                  "kind": "lbw"
                }
              ]
            },
            {
              "batter": "I Nakisuuyi",
              "bowler": "N Gwanzura",
              "non_striker": "R Musamali",
              "runs": {
                "batter": 0,
                "extras": 0,
                "total": 0
              }
            },
            {
              "batter": "I Nakisuuyi",
              "bowler": "N Gwanzura",
              "non_striker": "R Musamali",
              "runs": {
                "batter": 0,
                "extras": 0,
                "total": 0
              }
            }
          ]
        },
        {
          "over": 13,
          "deliveries": [
            {
              "batter": "R Musamali",
              "bowler": "K Ndlovu",
              "non_striker": "I Nakisuuyi",
              "runs": {
                "batter": 0,
                "extras": 0,
                "total": 0
              }
            },
            {
              "batter": "R Musamali",
              "bowler": "K Ndlovu",
              "extras": {
                "byes": 1
              },
              "non_striker": "I Nakisuuyi",
              "runs": {
                "batter": 0,
                "extras": 1,
                "total": 1
              }
            },
            {
              "batter": "I Nakisuuyi",
              "bowler": "K Ndlovu",
              "non_striker": "R Musamali",
              "runs": {
                "batter": 0,
                "extras": 0,
                "total": 0
              }
            },
            {
              "batter": "I Nakisuuyi",
              "bowler": "K Ndlovu",
              "non_striker": "R Musamali",
              "runs": {
                "batter": 0,
                "extras": 0,
                "total": 0
              }
            },
            {
              "batter": "I Nakisuuyi",
              "bowler": "K Ndlovu",
              "non_striker": "R Musamali",
              "runs": {
                "batter": 0,
                "extras": 0,
                "total": 0
              }
            },
            {
              "batter": "I Nakisuuyi",
              "bowler": "K Ndlovu",
              "non_striker": "R Musamali",
              "runs": {
                "batter": 0,
                "extras": 0,
                "total": 0
              }
            }
          ]
        },
        {
          "over": 14,
          "deliveries": [
            {
              "batter": "R Musamali",
              "bowler": "P Marange",
              "non_striker": "I Nakisuuyi",
              "runs": {
                "batter": 0,
                "extras": 0,
                "total": 0
              }
            },
            {
              "batter": "R Musamali",
              "bowler": "P Marange",
              "non_striker": "I Nakisuuyi",
              "runs": {
                "batter": 0,
                "extras": 0,
                "total": 0
              }
            },
            {
              "batter": "R Musamali",
              "bowler": "P Marange",
              "non_striker": "I Nakisuuyi",
              "runs": {
                "batter": 0,
                "extras": 0,
                "total": 0
              }
            },
            {
              "batter": "R Musamali",
              "bowler": "P Marange",
              "non_striker": "I Nakisuuyi",
              "runs": {
                "batter": 0,
                "extras": 0,
                "total": 0
              }
            },
            {
              "batter": "R Musamali",
              "bowler": "P Marange",
              "non_striker": "I Nakisuuyi",
              "runs": {
                "batter": 3,
                "extras": 0,
                "total": 3
              }
            },
            {
              "batter": "I Nakisuuyi",
              "bowler": "P Marange",
              "non_striker": "R Musamali",
              "runs": {
                "batter": 0,
                "extras": 0,
                "total": 0
              }
            }
          ]
        },
        {
          "over": 15,
          "deliveries": [
            {
              "batter": "R Musamali",
              "bowler": "K Ndlovu",
              "non_striker": "I Nakisuuyi",
              "runs": {
                "batter": 4,
                "extras": 0,
                "total": 4
              }
            },
            {
              "batter": "R Musamali",
              "bowler": "K Ndlovu",
              "extras": {
                "wides": 1
              },
              "non_striker": "I Nakisuuyi",
              "runs": {
                "batter": 0,
                "extras": 1,
                "total": 1
              }
            },
            {
              "batter": "R Musamali",
              "bowler": "K Ndlovu",
              "non_striker": "I Nakisuuyi",
              "runs": {
                "batter": 1,
                "extras": 0,
                "total": 1
              }
            },
            {
              "batter": "I Nakisuuyi",
              "bowler": "K Ndlovu",
              "non_striker": "R Musamali",
              "runs": {
                "batter": 0,
                "extras": 0,
                "total": 0
              }
            },
            {
              "batter": "I Nakisuuyi",
              "bowler": "K Ndlovu",
              "non_striker": "R Musamali",
              "runs": {
                "batter": 0,
                "extras": 0,
                "total": 0
              }
            },
            {
              "batter": "I Nakisuuyi",
              "bowler": "K Ndlovu",
              "extras": {
                "byes": 1
              },
              "non_striker": "R Musamali",
              "runs": {
                "batter": 0,
                "extras": 1,
                "total": 1
              }
            },
            {
              "batter": "R Musamali",
              "bowler": "K Ndlovu",
              "non_striker": "I Nakisuuyi",
              "runs": {
                "batter": 2,
                "extras": 0,
                "total": 2
              }
            }
          ]
        },
        {
          "over": 16,
          "deliveries": [
            {
              "batter": "I Nakisuuyi",
              "bowler": "L Tshuma",
              "non_striker": "R Musamali",
              "runs": {
                "batter": 1,
                "extras": 0,
                "total": 1
              }
            },
            {
              "batter": "R Musamali",
              "bowler": "L Tshuma",
              "non_striker": "I Nakisuuyi",
              "runs": {
                "batter": 1,
                "extras": 0,
                "total": 1
              }
            },
            {
              "batter": "I Nakisuuyi",
              "bowler": "L Tshuma",
              "non_striker": "R Musamali",
              "runs": {
                "batter": 4,
                "extras": 0,
                "total": 4
              }
            },
            {
              "batter": "I Nakisuuyi",
              "bowler": "L Tshuma",
              "non_striker": "R Musamali",
              "runs": {
                "batter": 0,
                "extras": 0,
                "total": 0
              },
              "wickets": [
                {
                  "player_out": "I Nakisuuyi",
                  "kind": "caught and bowled"
                }
              ]
            },
            {
              "batter": "M Ariokot",
              "bowler": "L Tshuma",
              "non_striker": "R Musamali",
              "runs": {
                "batter": 0,
                "extras": 0,
                "total": 0
              }
            },
            {
              "batter": "M Ariokot",
              "bowler": "L Tshuma",
              "non_striker": "R Musamali",
              "runs": {
                "batter": 0,
                "extras": 0,
                "total": 0
              }
            }
          ]
        },
        {
          "over": 17,
          "deliveries": [
            {
              "batter": "R Musamali",
              "bowler": "A Ndiraya",
              "non_striker": "M Ariokot",
              "runs": {
                "batter": 0,
                "extras": 0,
                "total": 0
              }
            },
            {
              "batter": "R Musamali",
              "bowler": "A Ndiraya",
              "non_striker": "M Ariokot",
              "runs": {
                "batter": 0,
                "extras": 0,
                "total": 0
              }
            },
            {
              "batter": "R Musamali",
              "bowler": "A Ndiraya",
              "non_striker": "M Ariokot",
              "runs": {
                "batter": 1,
                "extras": 0,
                "total": 1
              }
            },
            {
              "batter": "M Ariokot",
              "bowler": "A Ndiraya",
              "non_striker": "R Musamali",
              "runs": {
                "batter": 0,
                "extras": 0,
                "total": 0
              }
            },
            {
              "batter": "M Ariokot",
              "bowler": "A Ndiraya",
              "non_striker": "R Musamali",
              "runs": {
                "batter": 1,
                "extras": 0,
                "total": 1
              }
            },
            {
              "batter": "R Musamali",
              "bowler": "A Ndiraya",
              "non_striker": "M Ariokot",
              "runs": {
                "batter": 1,
                "extras": 0,
                "total": 1
              }
            }
          ]
        },
        {
          "over": 18,
          "deliveries": [
            {
              "batter": "R Musamali",
              "bowler": "P Marange",
              "extras": {
                "wides": 1
              },
              "non_striker": "M Ariokot",
              "runs": {
                "batter": 0,
                "extras": 1,
                "total": 1
              }
            },
            {
              "batter": "R Musamali",
              "bowler": "P Marange",
              "non_striker": "M Ariokot",
              "runs": {
                "batter": 1,
                "extras": 0,
                "total": 1
              }
            },
            {
              "batter": "M Ariokot",
              "bowler": "P Marange",
              "non_striker": "R Musamali",
              "runs": {
                "batter": 0,
                "extras": 0,
                "total": 0
              },
              "wickets": [
                {
                  "player_out": "M Ariokot",
                  "kind": "lbw"
                }
              ]
            },
            {
              "batter": "C Aweko",
              "bowler": "P Marange",
              "non_striker": "R Musamali",
              "runs": {
                "batter": 0,
                "extras": 0,
                "total": 0
              }
            },
            {
              "batter": "C Aweko",
              "bowler": "P Marange",
              "non_striker": "R Musamali",
              "runs": {
                "batter": 0,
                "extras": 0,
                "total": 0
              },
              "wickets": [
                {
                  "player_out": "C Aweko",
                  "kind": "lbw"
                }
              ]
            },
            {
              "batter": "I Alumo",
              "bowler": "P Marange",
              "non_striker": "R Musamali",
              "runs": {
                "batter": 0,
                "extras": 0,
                "total": 0
              },
              "wickets": [
                {
                  "player_out": "I Alumo",
                  "fielders": [
                    {
                      "name": "CT Dhururu"
                    }
                  ],
                  "kind": "caught"
                }
              ]
            },
            {
              "batter": "E Anyipo",
              "bowler": "P Marange",
              "non_striker": "R Musamali",
              "runs": {
                "batter": 0,
                "extras": 0,
                "total": 0
              },
              "wickets": [
                {
                  "player_out": "E Anyipo",
                  "fielders": [
                    {
                      "name": "CT Dhururu"
                    }
                  ],
                  "kind": "caught"
                }
              ]
            }
          ]
        },
        {
          "over": 19,
          "deliveries": [
            {
              "batter": "R Musamali",
              "bowler": "A Ndiraya",
              "non_striker": "S Akiteng",
              "runs": {
                "batter": 0,
                "extras": 0,
                "total": 0
              }
            },
            {
              "batter": "R Musamali",
              "bowler": "A Ndiraya",
              "non_striker": "S Akiteng",
              "runs": {
                "batter": 1,
                "extras": 0,
                "total": 1
              }
            },
            {
              "batter": "S Akiteng",
              "bowler": "A Ndiraya",
              "non_striker": "R Musamali",
              "runs": {
                "batter": 1,
                "extras": 0,
                "total": 1
              }
            },
            {
              "batter": "R Musamali",
              "bowler": "A Ndiraya",
              "non_striker": "S Akiteng",
              "runs": {
                "batter": 1,
                "extras": 0,
                "total": 1
              }
            },
            {
              "batter": "S Akiteng",
              "bowler": "A Ndiraya",
              "non_striker": "R Musamali",
              "runs": {
                "batter": 1,
                "extras": 0,
                "total": 1
              }
            },
            {
              "batter": "R Musamali",
              "bowler": "A Ndiraya",
              "non_striker": "S Akiteng",
              "runs": {
                "batter": 1,
                "extras": 0,
                "total": 1
              },
              "wickets": [
                {
                  "player_out": "S Akiteng",
                  "fielders": [
                    {
                      "name": "A Ndiraya"
                    },
                    {
                      "name": "P Marange"
                    }
                  ],
                  "kind": "run out"
                }
              ]
            }
          ]
        }
      ],
      "powerplays": [
        {
          "from": 0.1,
          "to": 5.7,
          "type": "mandatory"
        }
      ]
    },
    {
      "team": "Zimbabwe",
      "overs": [
        {
          "over": 0,
          "deliveries": [
            {
              "batter": "M Musonda",
              "bowler": "E Anyipo",
              "non_striker": "M Mupachikwa",
              "runs": {
                "batter": 1,
                "extras": 0,
                "total": 1
              }
            },
            {
              "batter": "M Mupachikwa",
              "bowler": "E Anyipo",
              "non_striker": "M Musonda",
              "runs": {
                "batter": 4,
                "extras": 0,
                "total": 4
              }
            },
            {
              "batter": "M Mupachikwa",
              "bowler": "E Anyipo",
              "non_striker": "M Musonda",
              "runs": {
                "batter": 0,
                "extras": 0,
                "total": 0
              }
            },
            {
              "batter": "M Mupachikwa",
              "bowler": "E Anyipo",
              "non_striker": "M Musonda",
              "runs": {
                "batter": 0,
                "extras": 0,
                "total": 0
              }
            },
            {
              "batter": "M Mupachikwa",
              "bowler": "E Anyipo",
              "non_striker": "M Musonda",
              "runs": {
                "batter": 1,
                "extras": 0,
                "total": 1
              }
            },
            {
              "batter": "M Musonda",
              "bowler": "E Anyipo",
              "non_striker": "M Mupachikwa",
              "runs": {
                "batter": 1,
                "extras": 0,
                "total": 1
              }
            }
          ]
        },
        {
          "over": 1,
          "deliveries": [
            {
              "batter": "M Musonda",
              "bowler": "I Alumo",
              "non_striker": "M Mupachikwa",
              "runs": {
                "batter": 0,
                "extras": 0,
                "total": 0
              }
            },
            {
              "batter": "M Musonda",
              "bowler": "I Alumo",
              "extras": {
                "wides": 1
              },
              "non_striker": "M Mupachikwa",
              "runs": {
                "batter": 0,
                "extras": 1,
                "total": 1
              }
            },
            {
              "batter": "M Musonda",
              "bowler": "I Alumo",
              "non_striker": "M Mupachikwa",
              "runs": {
                "batter": 4,
                "extras": 0,
                "total": 4
              }
            },
            {
              "batter": "M Musonda",
              "bowler": "I Alumo",
              "non_striker": "M Mupachikwa",
              "runs": {
                "batter": 0,
                "extras": 0,
                "total": 0
              }
            },
            {
              "batter": "M Musonda",
              "bowler": "I Alumo",
              "non_striker": "M Mupachikwa",
              "runs": {
                "batter": 4,
                "extras": 0,
                "total": 4
              }
            },
            {
              "batter": "M Musonda",
              "bowler": "I Alumo",
              "non_striker": "M Mupachikwa",
              "runs": {
                "batter": 0,
                "extras": 0,
                "total": 0
              }
            },
            {
              "batter": "M Musonda",
              "bowler": "I Alumo",
              "non_striker": "M Mupachikwa",
              "runs": {
                "batter": 4,
                "extras": 0,
                "total": 4
              }
            }
          ]
        },
        {
          "over": 2,
          "deliveries": [
            {
              "batter": "M Mupachikwa",
              "bowler": "C Aweko",
              "non_striker": "M Musonda",
              "runs": {
                "batter": 2,
                "extras": 0,
                "total": 2
              }
            },
            {
              "batter": "M Mupachikwa",
              "bowler": "C Aweko",
              "non_striker": "M Musonda",
              "runs": {
                "batter": 0,
                "extras": 0,
                "total": 0
              }
            },
            {
              "batter": "M Mupachikwa",
              "bowler": "C Aweko",
              "non_striker": "M Musonda",
              "runs": {
                "batter": 1,
                "extras": 0,
                "total": 1
              }
            },
            {
              "batter": "M Musonda",
              "bowler": "C Aweko",
              "non_striker": "M Mupachikwa",
              "runs": {
                "batter": 1,
                "extras": 0,
                "total": 1
              }
            },
            {
              "batter": "M Mupachikwa",
              "bowler": "C Aweko",
              "non_striker": "M Musonda",
              "runs": {
                "batter": 0,
                "extras": 0,
                "total": 0
              }
            },
            {
              "batter": "M Mupachikwa",
              "bowler": "C Aweko",
              "non_striker": "M Musonda",
              "runs": {
                "batter": 1,
                "extras": 0,
                "total": 1
              }
            }
          ]
        },
        {
          "over": 3,
          "deliveries": [
            {
              "batter": "M Mupachikwa",
              "bowler": "J Mbabazi",
              "non_striker": "M Musonda",
              "runs": {
                "batter": 0,
                "extras": 0,
                "total": 0
              }
            },
            {
              "batter": "M Mupachikwa",
              "bowler": "J Mbabazi",
              "non_striker": "M Musonda",
              "runs": {
                "batter": 1,
                "extras": 0,
                "total": 1
              }
            },
            {
              "batter": "M Musonda",
              "bowler": "J Mbabazi",
              "non_striker": "M Mupachikwa",
              "runs": {
                "batter": 0,
                "extras": 0,
                "total": 0
              }
            },
            {
              "batter": "M Musonda",
              "bowler": "J Mbabazi",
              "non_striker": "M Mupachikwa",
              "runs": {
                "batter": 0,
                "extras": 0,
                "total": 0
              }
            },
            {
              "batter": "M Musonda",
              "bowler": "J Mbabazi",
              "non_striker": "M Mupachikwa",
              "runs": {
                "batter": 0,
                "extras": 0,
                "total": 0
              }
            },
            {
              "batter": "M Musonda",
              "bowler": "J Mbabazi",
              "non_striker": "M Mupachikwa",
              "runs": {
                "batter": 1,
                "extras": 0,
                "total": 1
              }
            }
          ]
        },
        {
          "over": 4,
          "deliveries": [
            {
              "batter": "M Musonda",
              "bowler": "C Aweko",
              "non_striker": "M Mupachikwa",
              "runs": {
                "batter": 0,
                "extras": 0,
                "total": 0
              }
            },
            {
              "batter": "M Musonda",
              "bowler": "C Aweko",
              "non_striker": "M Mupachikwa",
              "runs": {
                "batter": 4,
                "extras": 0,
                "total": 4
              }
            },
            {
              "batter": "M Musonda",
              "bowler": "C Aweko",
              "non_striker": "M Mupachikwa",
              "runs": {
                "batter": 1,
                "extras": 0,
                "total": 1
              }
            },
            {
              "batter": "M Mupachikwa",
              "bowler": "C Aweko",
              "non_striker": "M Musonda",
              "runs": {
                "batter": 0,
                "extras": 0,
                "total": 0
              }
            },
            {
              "batter": "M Mupachikwa",
              "bowler": "C Aweko",
              "non_striker": "M Musonda",
              "runs": {
                "batter": 0,
                "extras": 0,
                "total": 0
              }
            },
            {
              "batter": "M Mupachikwa",
              "bowler": "C Aweko",
              "non_striker": "M Musonda",
              "runs": {
                "batter": 0,
                "extras": 0,
                "total": 0
              }
            }
          ]
        },
        {
          "over": 5,
          "deliveries": [
            {
              "batter": "M Musonda",
              "bowler": "J Mbabazi",
              "non_striker": "M Mupachikwa",
              "runs": {
                "batter": 0,
                "extras": 0,
                "total": 0
              },
              "wickets": [
                {
                  "player_out": "M Musonda",
                  "fielders": [
                    {
                      "name": "E Anyipo"
                    }
                  ],
                  "kind": "caught"
                }
              ]
            },
            {
              "batter": "CS Mugeri-Tiripano",
              "bowler": "J Mbabazi",
              "non_striker": "M Mupachikwa",
              "runs": {
                "batter": 0,
                "extras": 0,
                "total": 0
              }
            },
            {
              "batter": "CS Mugeri-Tiripano",
              "bowler": "J Mbabazi",
              "non_striker": "M Mupachikwa",
              "runs": {
                "batter": 0,
                "extras": 0,
                "total": 0
              }
            },
            {
              "batter": "CS Mugeri-Tiripano",
              "bowler": "J Mbabazi",
              "non_striker": "M Mupachikwa",
              "runs": {
                "batter": 0,
                "extras": 0,
                "total": 0
              }
            },
            {
              "batter": "CS Mugeri-Tiripano",
              "bowler": "J Mbabazi",
              "non_striker": "M Mupachikwa",
              "runs": {
                "batter": 0,
                "extras": 0,
                "total": 0
              }
            },
            {
              "batter": "CS Mugeri-Tiripano",
              "bowler": "J Mbabazi",
              "non_striker": "M Mupachikwa",
              "runs": {
                "batter": 1,
                "extras": 0,
                "total": 1
              }
            }
          ]
        },
        {
          "over": 6,
          "deliveries": [
            {
              "batter": "CS Mugeri-Tiripano",
              "bowler": "S Akiteng",
              "non_striker": "M Mupachikwa",
              "runs": {
                "batter": 0,
                "extras": 0,
                "total": 0
              }
            },
            {
              "batter": "CS Mugeri-Tiripano",
              "bowler": "S Akiteng",
              "non_striker": "M Mupachikwa",
              "runs": {
                "batter": 0,
                "extras": 0,
                "total": 0
              }
            },
            {
              "batter": "CS Mugeri-Tiripano",
              "bowler": "S Akiteng",
              "non_striker": "M Mupachikwa",
              "runs": {
                "batter": 4,
                "extras": 0,
                "total": 4
              }
            },
            {
              "batter": "CS Mugeri-Tiripano",
              "bowler": "S Akiteng",
              "non_striker": "M Mupachikwa",
              "runs": {
                "batter": 0,
                "extras": 0,
                "total": 0
              }
            },
            {
              "batter": "CS Mugeri-Tiripano",
              "bowler": "S Akiteng",
              "non_striker": "M Mupachikwa",
              "runs": {
                "batter": 0,
                "extras": 0,
                "total": 0
              }
            },
            {
              "batter": "CS Mugeri-Tiripano",
              "bowler": "S Akiteng",
              "non_striker": "M Mupachikwa",
              "runs": {
                "batter": 0,
                "extras": 0,
                "total": 0
              }
            }
          ]
        },
        {
          "over": 7,
          "deliveries": [
            {
              "batter": "M Mupachikwa",
              "bowler": "J Mbabazi",
              "non_striker": "CS Mugeri-Tiripano",
              "runs": {
                "batter": 0,
                "extras": 0,
                "total": 0
              }
            },
            {
              "batter": "M Mupachikwa",
              "bowler": "J Mbabazi",
              "non_striker": "CS Mugeri-Tiripano",
              "runs": {
                "batter": 0,
                "extras": 0,
                "total": 0
              }
            },
            {
              "batter": "M Mupachikwa",
              "bowler": "J Mbabazi",
              "non_striker": "CS Mugeri-Tiripano",
              "runs": {
                "batter": 1,
                "extras": 0,
                "total": 1
              }
            },
            {
              "batter": "CS Mugeri-Tiripano",
              "bowler": "J Mbabazi",
              "non_striker": "M Mupachikwa",
              "runs": {
                "batter": 1,
                "extras": 0,
                "total": 1
              }
            },
            {
              "batter": "M Mupachikwa",
              "bowler": "J Mbabazi",
              "non_striker": "CS Mugeri-Tiripano",
              "runs": {
                "batter": 0,
                "extras": 0,
                "total": 0
              }
            },
            {
              "batter": "M Mupachikwa",
              "bowler": "J Mbabazi",
              "non_striker": "CS Mugeri-Tiripano",
              "runs": {
                "batter": 0,
                "extras": 0,
                "total": 0
              }
            }
          ]
        },
        {
          "over": 8,
          "deliveries": [
            {
              "batter": "CS Mugeri-Tiripano",
              "bowler": "S Akiteng",
              "non_striker": "M Mupachikwa",
              "runs": {
                "batter": 3,
                "extras": 0,
                "total": 3
              }
            },
            {
              "batter": "M Mupachikwa",
              "bowler": "S Akiteng",
              "non_striker": "CS Mugeri-Tiripano",
              "runs": {
                "batter": 0,
                "extras": 0,
                "total": 0
              }
            },
            {
              "batter": "M Mupachikwa",
              "bowler": "S Akiteng",
              "non_striker": "CS Mugeri-Tiripano",
              "runs": {
                "batter": 0,
                "extras": 0,
                "total": 0
              }
            },
            {
              "batter": "M Mupachikwa",
              "bowler": "S Akiteng",
              "non_striker": "CS Mugeri-Tiripano",
              "runs": {
                "batter": 1,
                "extras": 0,
                "total": 1
              }
            },
            {
              "batter": "CS Mugeri-Tiripano",
              "bowler": "S Akiteng",
              "non_striker": "M Mupachikwa",
              "runs": {
                "batter": 1,
                "extras": 0,
                "total": 1
              }
            },
            {
              "batter": "M Mupachikwa",
              "bowler": "S Akiteng",
              "non_striker": "CS Mugeri-Tiripano",
              "runs": {
                "batter": 2,
                "extras": 0,
                "total": 2
              }
            }
          ]
        },
        {
          "over": 9,
          "deliveries": [
            {
              "batter": "CS Mugeri-Tiripano",
              "bowler": "C Aweko",
              "non_striker": "M Mupachikwa",
              "runs": {
                "batter": 0,
                "extras": 0,
                "total": 0
              },
              "wickets": [
                {
                  "player_out": "CS Mugeri-Tiripano",
                  "fielders": [
                    {
                      "name": "M Ariokot"
                    }
                  ],
                  "kind": "caught"
                }
              ]
            },
            {
              "batter": "A Ndiraya",
              "bowler": "C Aweko",
              "non_striker": "M Mupachikwa",
              "runs": {
                "batter": 2,
                "extras": 0,
                "total": 2
              }
            },
            {
              "batter": "A Ndiraya",
              "bowler": "C Aweko",
              "non_striker": "M Mupachikwa",
              "runs": {
                "batter": 1,
                "extras": 0,
                "total": 1
              }
            },
            {
              "batter": "M Mupachikwa",
              "bowler": "C Aweko",
              "non_striker": "A Ndiraya",
              "runs": {
                "batter": 4,
                "extras": 0,
                "total": 4
              }
            },
            {
              "batter": "M Mupachikwa",
              "bowler": "C Aweko",
              "non_striker": "A Ndiraya",
              "runs": {
                "batter": 1,
                "extras": 0,
                "total": 1
              }
            },
            {
              "batter": "A Ndiraya",
              "bowler": "C Aweko",
              "non_striker": "M Mupachikwa",
              "runs": {
                "batter": 1,
                "extras": 0,
                "total": 1
              }
            }
          ]
        },
        {
          "over": 10,
          "deliveries": [
            {
              "batter": "A Ndiraya",
              "bowler": "S Akiteng",
              "non_striker": "M Mupachikwa",
              "runs": {
                "batter": 0,
                "extras": 0,
                "total": 0
              }
            },
            {
              "batter": "A Ndiraya",
              "bowler": "S Akiteng",
              "non_striker": "M Mupachikwa",
              "runs": {
                "batter": 1,
                "extras": 0,
                "total": 1
              }
            },
            {
              "batter": "M Mupachikwa",
              "bowler": "S Akiteng",
              "non_striker": "A Ndiraya",
              "runs": {
                "batter": 0,
                "extras": 0,
                "total": 0
              }
            },
            {
              "batter": "M Mupachikwa",
              "bowler": "S Akiteng",
              "non_striker": "A Ndiraya",
              "runs": {
                "batter": 2,
                "extras": 0,
                "total": 2
              }
            },
            {
              "batter": "M Mupachikwa",
              "bowler": "S Akiteng",
              "non_striker": "A Ndiraya",
              "runs": {
                "batter": 1,
                "extras": 0,
                "total": 1
              }
            },
            {
              "batter": "A Ndiraya",
              "bowler": "S Akiteng",
              "non_striker": "M Mupachikwa",
              "runs": {
                "batter": 2,
                "extras": 0,
                "total": 2
              }
            }
          ]
        },
        {
          "over": 11,
          "deliveries": [
            {
              "batter": "M Mupachikwa",
              "bowler": "R Musamali",
              "non_striker": "A Ndiraya",
              "runs": {
                "batter": 0,
                "extras": 0,
                "total": 0
              }
            },
            {
              "batter": "M Mupachikwa",
              "bowler": "R Musamali",
              "non_striker": "A Ndiraya",
              "runs": {
                "batter": 0,
                "extras": 0,
                "total": 0
              },
              "wickets": [
                {
                  "player_out": "M Mupachikwa",
                  "kind": "bowled"
                }
              ]
            },
            {
              "batter": "K Ndlovu",
              "bowler": "R Musamali",
              "extras": {
                "wides": 1
              },
              "non_striker": "A Ndiraya",
              "runs": {
                "batter": 0,
                "extras": 1,
                "total": 1
              }
            },
            {
              "batter": "K Ndlovu",
              "bowler": "R Musamali",
              "non_striker": "A Ndiraya",
              "runs": {
                "batter": 0,
                "extras": 0,
                "total": 0
              }
            },
            {
              "batter": "K Ndlovu",
              "bowler": "R Musamali",
              "non_striker": "A Ndiraya",
              "runs": {
                "batter": 1,
                "extras": 0,
                "total": 1
              }
            },
            {
              "batter": "A Ndiraya",
              "bowler": "R Musamali",
              "extras": {
                "wides": 1
              },
              "non_striker": "K Ndlovu",
              "runs": {
                "batter": 0,
                "extras": 1,
                "total": 1
              }
            },
            {
              "batter": "A Ndiraya",
              "bowler": "R Musamali",
              "non_striker": "K Ndlovu",
              "runs": {
                "batter": 0,
                "extras": 0,
                "total": 0
              }
            },
            {
              "batter": "A Ndiraya",
              "bowler": "R Musamali",
              "non_striker": "K Ndlovu",
              "runs": {
                "batter": 1,
                "extras": 0,
                "total": 1
              }
            }
          ]
        },
        {
          "over": 12,
          "deliveries": [
            {
              "batter": "A Ndiraya",
              "bowler": "E Anyipo",
              "non_striker": "K Ndlovu",
              "runs": {
                "batter": 1,
                "extras": 0,
                "total": 1
              }
            },
            {
              "batter": "K Ndlovu",
              "bowler": "E Anyipo",
              "extras": {
                "wides": 1
              },
              "non_striker": "A Ndiraya",
              "runs": {
                "batter": 0,
                "extras": 1,
                "total": 1
              }
            },
            {
              "batter": "K Ndlovu",
              "bowler": "E Anyipo",
              "non_striker": "A Ndiraya",
              "runs": {
                "batter": 0,
                "extras": 0,
                "total": 0
              }
            },
            {
              "batter": "K Ndlovu",
              "bowler": "E Anyipo",
              "non_striker": "A Ndiraya",
              "runs": {
                "batter": 1,
                "extras": 0,
                "total": 1
              }
            },
            {
              "batter": "A Ndiraya",
              "bowler": "E Anyipo",
              "non_striker": "K Ndlovu",
              "runs": {
                "batter": 1,
                "extras": 0,
                "total": 1
              }
            },
            {
              "batter": "K Ndlovu",
              "bowler": "E Anyipo",
              "non_striker": "A Ndiraya",
              "runs": {
                "batter": 4,
                "extras": 0,
                "total": 4
              }
            },
            {
              "batter": "K Ndlovu",
              "bowler": "E Anyipo",
              "non_striker": "A Ndiraya",
              "runs": {
                "batter": 0,
                "extras": 0,
                "total": 0
              }
            }
          ]
        },
        {
          "over": 13,
          "deliveries": [
            {
              "batter": "A Ndiraya",
              "bowler": "R Musamali",
              "non_striker": "K Ndlovu",
              "runs": {
                "batter": 0,
                "extras": 0,
                "total": 0
              },
              "wickets": [
                {
                  "player_out": "A Ndiraya",
                  "kind": "caught and bowled"
                }
              ]
            },
            {
              "batter": "J Nkomo",
              "bowler": "R Musamali",
              "non_striker": "K Ndlovu",
              "runs": {
                "batter": 0,
                "extras": 0,
                "total": 0
              }
            },
            {
              "batter": "J Nkomo",
              "bowler": "R Musamali",
              "non_striker": "K Ndlovu",
              "runs": {
                "batter": 1,
                "extras": 0,
                "total": 1
              }
            },
            {
              "batter": "K Ndlovu",
              "bowler": "R Musamali",
              "non_striker": "J Nkomo",
              "runs": {
                "batter": 2,
                "extras": 0,
                "total": 2
              }
            },
            {
              "batter": "K Ndlovu",
              "bowler": "R Musamali",
              "non_striker": "J Nkomo",
              "runs": {
                "batter": 0,
                "extras": 0,
                "total": 0
              }
            },
            {
              "batter": "K Ndlovu",
              "bowler": "R Musamali",
              "extras": {
                "legbyes": 1
              },
              "non_striker": "J Nkomo",
              "runs": {
                "batter": 0,
                "extras": 1,
                "total": 1
              }
            }
          ]
        },
        {
          "over": 14,
          "deliveries": [
            {
              "batter": "K Ndlovu",
              "bowler": "J Mbabazi",
              "non_striker": "J Nkomo",
              "runs": {
                "batter": 1,
                "extras": 0,
                "total": 1
              }
            },
            {
              "batter": "J Nkomo",
              "bowler": "J Mbabazi",
              "non_striker": "K Ndlovu",
              "runs": {
                "batter": 1,
                "extras": 0,
                "total": 1
              }
            },
            {
              "batter": "K Ndlovu",
              "bowler": "J Mbabazi",
              "non_striker": "J Nkomo",
              "runs": {
                "batter": 0,
                "extras": 0,
                "total": 0
              }
            },
            {
              "batter": "K Ndlovu",
              "bowler": "J Mbabazi",
              "non_striker": "J Nkomo",
              "runs": {
                "batter": 6,
                "extras": 0,
                "total": 6
              }
            }
          ]
        }
      ],
      "powerplays": [
        {
          "from": 0.1,
          "to": 5.6,
          "type": "mandatory"
        }
      ],
      "target": {
        "overs": 20,
        "runs": 80
      }
    }
  ]
}