{
  "meta": {
    "data_version": "1.1.0",
    "created": "2023-12-26",
    "revision": 1
  },
  "info": {
    "balls_per_over": 6,
    "city": "Bali",
    "dates": [
      "2023-12-24"
    ],
    "event": {
      "name": "Philippines tour of Indonesia",
      "match_number": 4
    },
    "gender": "male",
    "match_type": "T20",
    "match_type_number": 2419,
    "officials": {
      "umpires": [
        "F Shony",
        "Yousuf Wadu"
      ]
    },
    "outcome": {
      "winner": "Philippines",
      "by": {
        "wickets": 8
      }
    },
    "overs": 20,
    "player_of_match": [
      "HER Tyler"
    ],
    "players": {
      "Indonesia": [
        "KD Kesuma",
        "Anjar Tadarus",
        "GD Arta",
        "IK Gamantika",
        "IKEG Artawan",
        "F Banunaek",
        "DJ Hawoe",
        "Ahmad Ramdoni",
        "GY Prastama",
        "AA Rahayu",
        "RM Koda"
      ],
      "Philippines": [
        "HER Tyler",
        "Kulwinderjeet Singh",
        "M Podosky",
        "AS Samra",
        "DC Smith",
        "J Alegra",
        "GR Russ",
        "Huzaifa Mohammed",
        "ASF Sirah",
        "KDA Lukies",
        "LJ Myott"
      ]
    },
    "registry": {
      "people": {
        "AA Rahayu": "2327fdc7",
        "AS Samra": "bf976fb0",
        "ASF Sirah": "06bcade5",
        "Ahmad Ramdoni": "b5f30525",
        "Anjar Tadarus": "72275237",
        "DC Smith": "a968d39b",
        "DJ Hawoe": "a62f55ba",
        "F Banunaek": "3c8faed4",
        "F Shony": "85712af4",
        "GD Arta": "e969e580",
        "GR Russ": "1f28fdfd",
        "GY Prastama": "d9cdf81e",
        "HER Tyler": "0ba9de33",
        "Huzaifa Mohammed": "65a29a30",
        "IK Gamantika": "4d7c5b56",
        "IKEG Artawan": "190957d2",
        "J Alegra": "ac6be7ed",
        "KD Kesuma": "4b349dc0",
        "KDA Lukies": "14af45c4",
        "Kulwinderjeet Singh": "f4d1184a",
        "LJ Myott": "3f9d95f9",
        "M Podosky": "c46999c7",
        "RM Koda": "f0a45427",
        "Yousuf Wadu": "cf41005c"
      }
    },
    "season": "2023/24",
    "team_type": "international",
    "teams": [
      "Indonesia",
      "Philippines"
    ],
    "toss": {
      "decision": "field",
      "winner": "Philippines"
    },
    "venue": "Udayana Cricket Ground"
  },
  "innings": [
    {
      "team": "Indonesia",
      "overs": [
        {
          "over": 0,
          "deliveries": [
            {
              "batter": "KD Kesuma",
              "bowler": "KDA Lukies",
              "non_striker": "Anjar Tadarus",
              "runs": {
                "batter": 0,
                "extras": 0,
                "total": 0
              }
            },
            {
              "batter": "KD Kesuma",
              "bowler": "KDA Lukies",
              "non_striker": "Anjar Tadarus",
              "runs": {
                "batter": 6,
                "extras": 0,
                "total": 6
              }
            },
            {
              "batter": "KD Kesuma",
              "bowler": "KDA Lukies",
              "non_striker": "Anjar Tadarus",
              "runs": {
                "batter": 0,
                "extras": 0,
                "total": 0
              }
            },
            {
              "batter": "KD Kesuma",
              "bowler": "KDA Lukies",
              "non_striker": "Anjar Tadarus",
              "runs": {
                "batter": 0,
                "extras": 0,
                "total": 0
              }
            },
            {
              "batter": "KD Kesuma",
              "bowler": "KDA Lukies",
              "non_striker": "Anjar Tadarus",
              "runs": {
                "batter": 0,
                "extras": 0,
                "total": 0
              }
            },
            {
              "batter": "KD Kesuma",
              "bowler": "KDA Lukies",
              "non_striker": "Anjar Tadarus",
              "runs": {
                "batter": 0,
                "extras": 0,
                "total": 0
              }
            }
          ]
        },
        {
          "over": 1,
          "deliveries": [
            {
              "batter": "Anjar Tadarus",
              "bowler": "HER Tyler",
              "non_striker": "KD Kesuma",
              "runs": {
                "batter": 0,
                "extras": 0,
                "total": 0
              }
            },
            {
              "batter": "Anjar Tadarus",
              "bowler": "HER Tyler",
              "non_striker": "KD Kesuma",
              "runs": {
                "batter": 0,
                "extras": 0,
                "total": 0
              }
            },
            {
              "batter": "Anjar Tadarus",
              "bowler": "HER Tyler",
              "non_striker": "KD Kesuma",
              "runs": {
                "batter": 0,
                "extras": 0,
                "total": 0
              }
            },
            {
              "batter": "Anjar Tadarus",
              "bowler": "HER Tyler",
              "non_striker": "KD Kesuma",
              "runs": {
                "batter": 1,
                "extras": 0,
                "total": 1
              }
            },
            {
              "batter": "KD Kesuma",
              "bowler": "HER Tyler",
              "non_striker": "Anjar Tadarus",
              "runs": {
                "batter": 0,
                "extras": 0,
                "total": 0
              }
            },
            {
              "batter": "KD Kesuma",
              "bowler": "HER Tyler",
              "non_striker": "Anjar Tadarus",
              "runs": {
                "batter": 0,
                "extras": 0,
                "total": 0
              }
            }
          ]
        },
        {
          "over": 2,
          "deliveries": [
            {
              "batter": "Anjar Tadarus",
              "bowler": "KDA Lukies",
              "non_striker": "KD Kesuma",
              "runs": {
                "batter": 4,
                "extras": 0,
                "total": 4
              }
            },
            {
              "batter": "Anjar Tadarus",
              "bowler": "KDA Lukies",
              "non_striker": "KD Kesuma",
              "runs": {
                "batter": 0,
                "extras": 0,
                "total": 0
              }
            },
            {
              "batter": "Anjar Tadarus",
              "bowler": "KDA Lukies",
              "non_striker": "KD Kesuma",
              "runs": {
                "batter": 0,
                "extras": 0,
                "total": 0
              }
            },
            {
              "batter": "Anjar Tadarus",
              "bowler": "KDA Lukies",
              "non_striker": "KD Kesuma",
              "runs": {
                "batter": 0,
                "extras": 0,
                "total": 0
              }
            },
            {
              "batter": "Anjar Tadarus",
              "bowler": "KDA Lukies",
              "non_striker": "KD Kesuma",
              "runs": {
                "batter": 0,
                "extras": 0,
                "total": 0
              }
            },
            {
              "batter": "Anjar Tadarus",
              "bowler": "KDA Lukies",
              "non_striker": "KD Kesuma",
              "runs": {
                "batter": 0,
                "extras": 0,
                "total": 0
              }
            }
          ]
        },
        {
          "over": 3,
          "deliveries": [
            {
              "batter": "KD Kesuma",
              "bowler": "Huzaifa Mohammed",
              "non_striker": "Anjar Tadarus",
              "runs": {
                "batter": 0,
                "extras": 0,
                "total": 0
              }
            },
            {
              "batter": "KD Kesuma",
              "bowler": "Huzaifa Mohammed",
              "non_striker": "Anjar Tadarus",
              "runs": {
                "batter": 0,
                "extras": 0,
                "total": 0
              }
            },
            {
              "batter": "KD Kesuma",
              "bowler": "Huzaifa Mohammed",
              "non_striker": "Anjar Tadarus",
              "runs": {
                "batter": 0,
                "extras": 0,
                "total": 0
              }
            },
            {
              "batter": "KD Kesuma",
              "bowler": "Huzaifa Mohammed",
              "non_striker": "Anjar Tadarus",
              "runs": {
                "batter": 1,
                "extras": 0,
                "total": 1
              }
            },
            {
              "batter": "Anjar Tadarus",
              "bowler": "Huzaifa Mohammed",
              "non_striker": "KD Kesuma",
              "runs": {
                "batter": 0,
                "extras": 0,
                "total": 0
              }
            },
            {
              "batter": "Anjar Tadarus",
              "bowler": "Huzaifa Mohammed",
              "non_striker": "KD Kesuma",
              "runs": {
                "batter": 1,
                "extras": 0,
                "total": 1
              }
            }
          ]
        },
        {
          "over": 4,
          "deliveries": [
            {
              "batter": "Anjar Tadarus",
              "bowler": "LJ Myott",
              "non_striker": "KD Kesuma",
              "runs": {
                "batter": 2,
                "extras": 0,
                "total": 2
              }
            },
            {
              "batter": "Anjar Tadarus",
              "bowler": "LJ Myott",
              "non_striker": "KD Kesuma",
              "runs": {
                "batter": 0,
                "extras": 0,
                "total": 0
              }
            },
            {
              "batter": "Anjar Tadarus",
              "bowler": "LJ Myott",
              "non_striker": "KD Kesuma",
              "runs": {
                "batter": 1,
                "extras": 0,
                "total": 1
              }
            },
            {
              "batter": "KD Kesuma",
              "bowler": "LJ Myott",
              "non_striker": "Anjar Tadarus",
              "runs": {
                "batter": 4,
                "extras": 0,
                "total": 4
              }
            },
            {
              "batter": "KD Kesuma",
              "bowler": "LJ Myott",
              "non_striker": "Anjar Tadarus",
              "runs": {
                "batter": 0,
                "extras": 0,
                "total": 0
              }
            },
            {
              "batter": "KD Kesuma",
              "bowler": "LJ Myott",
              "non_striker": "Anjar Tadarus",
              "runs": {
                "batter": 6,
                "extras": 0,
                "total": 6
              }
            }
          ]
        },
        {
          "over": 5,
          "deliveries": [
            {
              "batter": "Anjar Tadarus",
              "bowler": "Huzaifa Mohammed",
              "extras": {
                "legbyes": 1
              },
              "non_striker": "KD Kesuma",
              "runs": {
                "batter": 0,
                "extras": 1,
                "total": 1
              }
            },
            {
              "batter": "KD Kesuma",
              "bowler": "Huzaifa Mohammed",
              "non_striker": "Anjar Tadarus",
              "runs": {
                "batter": 0,
                "extras": 0,
                "total": 0
              }
            },
            {
              "batter": "KD Kesuma",
              "bowler": "Huzaifa Mohammed",
              "non_striker": "Anjar Tadarus",
              "runs": {
                "batter": 4,
                "extras": 0,
                "total": 4
              }
            },
            {
              "batter": "KD Kesuma",
              "bowler": "Huzaifa Mohammed",
              "non_striker": "Anjar Tadarus",
              "runs": {
                "batter": 0,
                "extras": 0,
                "total": 0
              }
            },
            {
              "batter": "KD Kesuma",
              "bowler": "Huzaifa Mohammed",
              "extras": {
                "byes": 1
              },
              "non_striker": "Anjar Tadarus",
              "runs": {
                "batter": 0,
                "extras": 1,
                "total": 1
              }
            },
            {
              "batter": "Anjar Tadarus",
              "bowler": "Huzaifa Mohammed",
              "non_striker": "KD Kesuma",
              "runs": {
                "batter": 0,
                "extras": 0,
                "total": 0
              }
            }
          ]
        },
        {
          "over": 6,
          "deliveries": [
            {
              "batter": "KD Kesuma",
              "bowler": "LJ Myott",
              "non_striker": "Anjar Tadarus",
              "runs": {
                "batter": 1,
                "extras": 0,
                "total": 1
              }
            },
            {
              "batter": "Anjar Tadarus",
              "bowler": "LJ Myott",
              "non_striker": "KD Kesuma",
              "runs": {
                "batter": 0,
                "extras": 0,
                "total": 0
              },
              "wickets": [
                {
                  "player_out": "Anjar Tadarus",
                  "fielders": [
                    {
                      "name": "ASF Sirah"
                    }
                  ],
                  "kind": "caught"
                }
              ]
            },
            {
              "batter": "GD Arta",
              "bowler": "LJ Myott",
              "non_striker": "KD Kesuma",
              "runs": {
                "batter": 1,
                "extras": 0,
                "total": 1
              }
            },
            {
              "batter": "KD Kesuma",
              "bowler": "LJ Myott",
              "non_striker": "GD Arta",
              "runs": {
                "batter": 0,
                "extras": 0,
                "total": 0
              }
            },
            {
              "batter": "KD Kesuma",
              "bowler": "LJ Myott",
              "non_striker": "GD Arta",
              "runs": {
                "batter": 1,
                "extras": 0,
                "total": 1
              }
            },
            {
              "batter": "GD Arta",
              "bowler": "LJ Myott",
              "non_striker": "KD Kesuma",
              "runs": {
                "batter": 0,
                "extras": 0,
                "total": 0
              }
            }
          ]
        },
        {
          "over": 7,
          "deliveries": [
            {
              "batter": "KD Kesuma",
              "bowler": "Huzaifa Mohammed",
              "non_striker": "GD Arta",
              "runs": {
                "batter": 1,
                "extras": 0,
                "total": 1
              }
            },
            {
              "batter": "GD Arta",
              "bowler": "Huzaifa Mohammed",
              "non_striker": "KD Kesuma",
              "runs": {
                "batter": 0,
                "extras": 0,
                "total": 0
              }
            },
            {
              "batter": "GD Arta",
              "bowler": "Huzaifa Mohammed",
              "non_striker": "KD Kesuma",
              "runs": {
                "batter": 0,
                "extras": 0,
                "total": 0
              }
            },
            {
              "batter": "GD Arta",
              "bowler": "Huzaifa Mohammed",
              "non_striker": "KD Kesuma",
              "runs": {
                "batter": 0,
                "extras": 0,
                "total": 0
              }
            },
            {
              "batter": "GD Arta",
              "bowler": "Huzaifa Mohammed",
              "non_striker": "KD Kesuma",
              "runs": {
                "batter": 2,
                "extras": 0,
                "total": 2
              }
            },
            {
              "batter": "GD Arta",
              "bowler": "Huzaifa Mohammed",
              "non_striker": "KD Kesuma",
              "runs": {
                "batter": 1,
                "extras": 0,
                "total": 1
              }
            }
          ]
        },
        {
          "over": 8,
          "deliveries": [
            {
              "batter": "GD Arta",
              "bowler": "LJ Myott",
              "non_striker": "KD Kesuma",
              "runs": {
                "batter": 2,
                "extras": 0,
                "total": 2
              }
            },
            {
              "batter": "GD Arta",
              "bowler": "LJ Myott",
              "non_striker": "KD Kesuma",
              "runs": {
                "batter": 0,
                "extras": 0,
                "total": 0
              }
            },
            {
              "batter": "GD Arta",
              "bowler": "LJ Myott",
              "non_striker": "KD Kesuma",
              "runs": {
                "batter": 0,
                "extras": 0,
                "total": 0
              }
            },
            {
              "batter": "GD Arta",
              "bowler": "LJ Myott",
              "non_striker": "KD Kesuma",
              "runs": {
                "batter": 1,
                "extras": 0,
                "total": 1
              }
            },
            {
              "batter": "KD Kesuma",
              "bowler": "LJ Myott",
              "non_striker": "GD Arta",
              "runs": {
                "batter": 0,
                "extras": 0,
                "total": 0
              }
            },
            {
              "batter": "KD Kesuma",
              "bowler": "LJ Myott",
              "non_striker": "GD Arta",
              "runs": {
                "batter": 1,
                "extras": 0,
                "total": 1
              }
            }
          ]
        },
        {
          "over": 9,
          "deliveries": [
            {
              "batter": "KD Kesuma",
              "bowler": "HER Tyler",
              "non_striker": "GD Arta",
              "runs": {
                "batter": 0,
                "extras": 0,
                "total": 0
              },
              "wickets": [
                {
                  "player_out": "KD Kesuma",
                  "kind": "bowled"
                }
              ]
            },
            {
              "batter": "IK Gamantika",
              "bowler": "HER Tyler",
              "non_striker": "GD Arta",
              "runs": {
                "batter": 1,
                "extras": 0,
                "total": 1
              }
            },
            {
              "batter": "GD Arta",
              "bowler": "HER Tyler",
              "non_striker": "IK Gamantika",
              "runs": {
                "batter": 1,
                "extras": 0,
                "total": 1
              }
            },
            {
              "batter": "IK Gamantika",
              "bowler": "HER Tyler",
              "non_striker": "GD Arta",
              "runs": {
                "batter": 2,
                "extras": 0,
                "total": 2
              }
            },
            {
              "batter": "IK Gamantika",
              "bowler": "HER Tyler",
              "non_striker": "GD Arta",
              "runs": {
                "batter": 4,
                "extras": 0,
                "total": 4
              }
            },
            {
              "batter": "IK Gamantika",
              "bowler": "HER Tyler",
              "non_striker": "GD Arta",
              "runs": {
                "batter": 0,
                "extras": 0,
                "total": 0
              }
            }
          ]
        },
        {
          "over": 10,
          "deliveries": [
            {
              "batter": "GD Arta",
              "bowler": "ASF Sirah",
              "non_striker": "IK Gamantika",
              "runs": {
                "batter": 0,
                "extras": 0,
                "total": 0
              },
              "wickets": [
                {
                  "player_out": "GD Arta",
                  "kind": "caught and bowled"
                }
              ]
            },
            {
              "batter": "IKEG Artawan",
              "bowler": "ASF Sirah",
              "non_striker": "IK Gamantika",
              "runs": {
                "batter": 0,
                "extras": 0,
                "total": 0
              }
            },
            {
              "batter": "IKEG Artawan",
              "bowler": "ASF Sirah",
              "non_striker": "IK Gamantika",
              "runs": {
                "batter": 1,
                "extras": 0,
                "total": 1
              }
            },
            {
              "batter": "IK Gamantika",
              "bowler": "ASF Sirah",
              "non_striker": "IKEG Artawan",
              "runs": {
                "batter": 0,
                "extras": 0,
                "total": 0
              }
            },
            {
              "batter": "IK Gamantika",
              "bowler": "ASF Sirah",
              "non_striker": "IKEG Artawan",
              "runs": {
                "batter": 6,
                "extras": 0,
                "total": 6
              }
            },
            {
              "batter": "IK Gamantika",
              "bowler": "ASF Sirah",
              "non_striker": "IKEG Artawan",
              "runs": {
                "batter": 4,
                "extras": 0,
                "total": 4
              }
            }
          ]
        },
        {
          "over": 11,
          "deliveries": [
            {
              "batter": "IKEG Artawan",
              "bowler": "HER Tyler",
              "non_striker": "IK Gamantika",
              "runs": {
                "batter": 0,
                "extras": 0,
                "total": 0
              }
            },
            {
              "batter": "IKEG Artawan",
              "bowler": "HER Tyler",
              "non_striker": "IK Gamantika",
              "runs": {
                "batter": 1,
                "extras": 0,
                "total": 1
              }
            },
            {
              "batter": "IK Gamantika",
              "bowler": "HER Tyler",
              "non_striker": "IKEG Artawan",
              "runs": {
                "batter": 0,
                "extras": 0,
                "total": 0
              },
              "wickets": [
                {
                  "player_out": "IKEG Artawan",
                  "fielders": [
                    {
                      "name": "HER Tyler"
                    },
                    {
                      "name": "ASF Sirah"
                    }
                  ],
                  "kind": "run out"
                }
              ]
            },
            {
              "batter": "IK Gamantika",
              "bowler": "HER Tyler",
              "non_striker": "F Banunaek",
              "runs": {
                "batter": 0,
                "extras": 0,
                "total": 0
              }
            },
            {
              "batter": "IK Gamantika",
              "bowler": "HER Tyler",
              "non_striker": "F Banunaek",
              "runs": {
                "batter": 4,
                "extras": 0,
                "total": 4
              }
            },
            {
              "batter": "IK Gamantika",
              "bowler": "HER Tyler",
              "non_striker": "F Banunaek",
              "runs": {
                "batter": 1,
                "extras": 0,
                "total": 1
              }
            }
          ]
        },
        {
          "over": 12,
          "deliveries": [
            {
              "batter": "IK Gamantika",
              "bowler": "ASF Sirah",
              "non_striker": "F Banunaek",
              "runs": {
                "batter": 1,
                "extras": 0,
                "total": 1
              }
            },
            {
              "batter": "F Banunaek",
              "bowler": "ASF Sirah",
              "non_striker": "IK Gamantika",
              "runs": {
                "batter": 0,
                "extras": 0,
                "total": 0
              }
            },
            {
              "batter": "F Banunaek",
              "bowler": "ASF Sirah",
              "non_striker": "IK Gamantika",
              "runs": {
                "batter": 1,
                "extras": 0,
                "total": 1
              }
            },
            {
              "batter": "IK Gamantika",
              "bowler": "ASF Sirah",
              "non_striker": "F Banunaek",
              "runs": {
                "batter": 1,
                "extras": 0,
                "total": 1
              }
            },
            {
              "batter": "F Banunaek",
              "bowler": "ASF Sirah",
              "non_striker": "IK Gamantika",
              "runs": {
                "batter": 1,
                "extras": 0,
                "total": 1
              }
            },
            {
              "batter": "IK Gamantika",
              "bowler": "ASF Sirah",
              "non_striker": "F Banunaek",
              "runs": {
                "batter": 1,
                "extras": 0,
                "total": 1
              }
            }
          ]
        },
        {
          "over": 13,
          "deliveries": [
            {
              "batter": "IK Gamantika",
              "bowler": "KDA Lukies",
              "non_striker": "F Banunaek",
              "runs": {
                "batter": 0,
                "extras": 0,
                "total": 0
              }
            },
            {
              "batter": "IK Gamantika",
              "bowler": "KDA Lukies",
              "non_striker": "F Banunaek",
              "runs": {
                "batter": 0,
                "extras": 0,
                "total": 0
              }
            },
            {
              "batter": "IK Gamantika",
              "bowler": "KDA Lukies",
              "non_striker": "F Banunaek",
              "runs": {
                "batter": 1,
                "extras": 0,
                "total": 1
              }
            },
            {
              "batter": "F Banunaek",
              "bowler": "KDA Lukies",
              "non_striker": "IK Gamantika",
              "runs": {
                "batter": 2,
                "extras": 0,
                "total": 2
              }
            },
            {
              "batter": "F Banunaek",
              "bowler": "KDA Lukies",
              "extras": {
                "wides": 1
              },
              "non_striker": "IK Gamantika",
              "runs": {
                "batter": 0,
                "extras": 1,
                "total": 1
              }
            },
            {
              "batter": "F Banunaek",
              "bowler": "KDA Lukies",
              "non_striker": "IK Gamantika",
              "runs": {
                "batter": 1,
                "extras": 0,
                "total": 1
              }
            },
            {
              "batter": "IK Gamantika",
              "bowler": "KDA Lukies",
              "non_striker": "F Banunaek",
              "runs": {
                "batter": 1,
                "extras": 0,
                "total": 1
              }
            }
          ]
        },
        {
          "over": 14,
          "deliveries": [
            {
              "batter": "IK Gamantika",
              "bowler": "ASF Sirah",
              "non_striker": "F Banunaek",
              "runs": {
                "batter": 6,
                "extras": 0,
                "total": 6
              }
            },
            {
              "batter": "IK Gamantika",
              "bowler": "ASF Sirah",
              "non_striker": "F Banunaek",
              "runs": {
                "batter": 1,
                "extras": 0,
                "total": 1
              }
            },
            {
              "batter": "F Banunaek",
              "bowler": "ASF Sirah",
              "non_striker": "IK Gamantika",
              "runs": {
                "batter": 1,
                "extras": 0,
                "total": 1
              }
            },
            {
              "batter": "IK Gamantika",
              "bowler": "ASF Sirah",
              "non_striker": "F Banunaek",
              "runs": {
                "batter": 2,
                "extras": 0,
                "total": 2
              }
            },
            {
              "batter": "IK Gamantika",
              "bowler": "ASF Sirah",
              "non_striker": "F Banunaek",
              "runs": {
                "batter": 1,
                "extras": 0,
                "total": 1
              },
              "wickets": [
                {
                  "player_out": "F Banunaek",
                  "fielders": [
                    {
                      "name": "ASF Sirah"
                    },
                    {
                      "name": "KDA Lukies"
                    }
                  ],
                  "kind": "run out"
                }
              ]
            },
            {
              "batter": "IK Gamantika",
              "bowler": "ASF Sirah",
              "non_striker": "DJ Hawoe",
              "runs": {
                "batter": 0,
                "extras": 0,
                "total": 0
              }
            }
          ]
        },
        {
          "over": 15,
          "deliveries": [
            {
              "batter": "DJ Hawoe",
              "bowler": "KDA Lukies",
              "non_striker": "IK Gamantika",
              "runs": {
                "batter": 1,
                "extras": 0,
                "total": 1
              }
            },
            {
              "batter": "IK Gamantika",
              "bowler": "KDA Lukies",
              "extras": {
                "byes": 1
              },
              "non_striker": "DJ Hawoe",
              "runs": {
                "batter": 0,
                "extras": 1,
                "total": 1
              }
            },
            {
              "batter": "DJ Hawoe",
              "bowler": "KDA Lukies",
              "non_striker": "IK Gamantika",
              "runs": {
                "batter": 1,
                "extras": 0,
                "total": 1
              }
            },
            {
              "batter": "IK Gamantika",
              "bowler": "KDA Lukies",
              "non_striker": "DJ Hawoe",
              "runs": {
                "batter": 0,
                "extras": 0,
                "total": 0
              }
            },
            {
              "batter": "IK Gamantika",
              "bowler": "KDA Lukies",
              "non_striker": "DJ Hawoe",
              "runs": {
                "batter": 0,
                "extras": 0,
                "total": 0
              },
              "wickets": [
                {
                  "player_out": "IK Gamantika",
                  "kind": "lbw"
                }
              ]
            },
            {
              "batter": "Ahmad Ramdoni",
              "bowler": "KDA Lukies",
              "non_striker": "DJ Hawoe",
              "runs": {
                "batter": 0,
                "extras": 0,
                "total": 0
              }
            }
          ]
        },
        {
          "over": 16,
          "deliveries": [
            {
              "batter": "DJ Hawoe",
              "bowler": "ASF Sirah",
              "non_striker": "Ahmad Ramdoni",
              "runs": {
                "batter": 0,
                "extras": 0,
                "total": 0
              }
            },
            {
              "batter": "DJ Hawoe",
              "bowler": "ASF Sirah",
              "non_striker": "Ahmad Ramdoni",
              "runs": {
                "batter": 6,
                "extras": 0,
                "total": 6
              }
            },
            {
              "batter": "DJ Hawoe",
              "bowler": "ASF Sirah",
              "non_striker": "Ahmad Ramdoni",
              "runs": {
                "batter": 0,
                "extras": 0,
                "total": 0
              },
              "wickets": [
                {
                  "player_out": "DJ Hawoe",
                  "fielders": [
                    {
                      "name": "J Alegra"
                    }
                  ],
                  "kind": "caught"
                }
              ]
            },
            {
              "batter": "GY Prastama",
              "bowler": "ASF Sirah",
              "non_striker": "Ahmad Ramdoni",
              "runs": {
                "batter": 1,
                "extras": 0,
                "total": 1
              }
            },
            {
              "batter": "Ahmad Ramdoni",
              "bowler": "ASF Sirah",
              "non_striker": "GY Prastama",
              "runs": {
                "batter": 0,
                "extras": 0,
                "total": 0
              }
            },
            {
              "batter": "Ahmad Ramdoni",
              "bowler": "ASF Sirah",
              "non_striker": "GY Prastama",
              "runs": {
                "batter": 1,
                "extras": 0,
                "total": 1
              }
            }
          ]
        },
        {
          "over": 17,
          "deliveries": [
            {
              "batter": "Ahmad Ramdoni",
              "bowler": "LJ Myott",
              "non_striker": "GY Prastama",
              "runs": {
                "batter": 0,
                "extras": 0,
                "total": 0
              }
            },
            {
              "batter": "Ahmad Ramdoni",
              "bowler": "LJ Myott",
              "non_striker": "GY Prastama",
              "runs": {
                "batter": 1,
                "extras": 0,
                "total": 1
              }
            },
            {
              "batter": "GY Prastama",
              "bowler": "LJ Myott",
              "non_striker": "Ahmad Ramdoni",
              "runs": {
                "batter": 1,
                "extras": 0,
                "total": 1
              }
            },
            {
              "batter": "Ahmad Ramdoni",
              "bowler": "LJ Myott",
              "non_striker": "GY Prastama",
              "runs": {
                "batter": 2,
                "extras": 0,
                "total": 2
              }
            },
            {
              "batter": "Ahmad Ramdoni",
              "bowler": "LJ Myott",
              "non_striker": "GY Prastama",
              "runs": {
                "batter": 1,
                "extras": 0,
                "total": 1
              }
            },
            {
              "batter": "GY Prastama",
              "bowler": "LJ Myott",
              "non_striker": "Ahmad Ramdoni",
              "runs": {
                "batter": 1,
                "extras": 0,
                "total": 1
              }
            }
          ]
        },
        {
          "over": 18,
          "deliveries": [
            {
              "batter": "GY Prastama",
              "bowler": "Huzaifa Mohammed",
              "non_striker": "Ahmad Ramdoni",
              "runs": {
                "batter": 0,
                "extras": 0,
                "total": 0
              }
            },
            {
              "batter": "GY Prastama",
              "bowler": "Huzaifa Mohammed",
              "non_striker": "Ahmad Ramdoni",
              "runs": {
                "batter": 0,
                "extras": 0,
                "total": 0
              }
            },
            {
              "batter": "GY Prastama",
              "bowler": "Huzaifa Mohammed",
              "non_striker": "Ahmad Ramdoni",
              "runs": {
                "batter": 0,
                "extras": 0,
                "total": 0
              }
            },
            {
              "batter": "GY Prastama",
              "bowler": "Huzaifa Mohammed",
              "non_striker": "Ahmad Ramdoni",
              "runs": {
                "batter": 0,
                "extras": 0,
                "total": 0
              },
              "wickets": [
                {
                  "player_out": "GY Prastama",
                  "fielders": [
                    {
                      "name": "GR Russ"
                    }
                  ],
                  "kind": "stumped"
                }
              ]
            },
            {
              "batter": "AA Rahayu",
              "bowler": "Huzaifa Mohammed",
              "non_striker": "Ahmad Ramdoni",
              "runs": {
                "batter": 0,
                "extras": 0,
                "total": 0
              }
            },
            {
              "batter": "AA Rahayu",
              "bowler": "Huzaifa Mohammed",
              "non_striker": "Ahmad Ramdoni",
              "runs": {
                "batter": 0,
                "extras": 0,
                "total": 0
              }
            }
          ]
        },
        {
          "over": 19,
          "deliveries": [
            {
              "batter": "Ahmad Ramdoni",
              "bowler": "HER Tyler",
              "extras": {
                "wides": 1
              },
              "non_striker": "AA Rahayu",
              "runs": {
                "batter": 0,
                "extras": 1,
                "total": 1
              }
            },
            {
              "batter": "Ahmad Ramdoni",
              "bowler": "HER Tyler",
              "non_striker": "AA Rahayu",
              "runs": {
                "batter": 2,
                "extras": 0,
                "total": 2
              }
            },
            {
              "batter": "Ahmad Ramdoni",
              "bowler": "HER Tyler",
              "non_striker": "AA Rahayu",
              "runs": {
                "batter": 6,
                "extras": 0,
                "total": 6
              }
            },
            {
              "batter": "Ahmad Ramdoni",
              "bowler": "HER Tyler",
              "non_striker": "AA Rahayu",
              "runs": {
                "batter": 2,
                "extras": 0,
                "total": 2
              }
            },
            {
              "batter": "Ahmad Ramdoni",
              "bowler": "HER Tyler",
              "extras": {
                "legbyes": 1
              },
              "non_striker": "AA Rahayu",
              "runs": {
                "batter": 0,
                "extras": 1,
                "total": 1
              }
            },
            {
              "batter": "AA Rahayu",
              "bowler": "HER Tyler",
              "non_striker": "Ahmad Ramdoni",
              "runs": {
                "batter": 0,
                "extras": 0,
                "total": 0
              },
              "wickets": [
                {
                  "player_out": "AA Rahayu",
                  "fielders": [
                    {
                      "name": "M Podosky"
                    }
                  ],
                  "kind": "caught"
                }
              ]
            },
            {
              "batter": "RM Koda",
              "bowler": "HER Tyler",
              "non_striker": "Ahmad Ramdoni",
              "runs": {
                "batter": 0,
                "extras": 0,
                "total": 0
              },
              "wickets": [
                {
                  "player_out": "RM Koda",
                  "fielders": [
                    {
                      "name": "GR Russ"
                    }
                  ],
                  "kind": "caught"
                }
              ]
            }
          ]
        }
      ],
      "powerplays": [
        {
          "from": 0.1,
          "to": 5.6,
          "type": "mandatory"
        }
      ]
    },
    {
      "team": "Philippines",
      "overs": [
        {
          "over": 0,
          "deliveries": [
            {
              "batter": "HER Tyler",
              "bowler": "RM Koda",
              "non_striker": "Kulwinderjeet Singh",
              "runs": {
                "batter": 4,
                "extras": 0,
                "total": 4
              }
            },
            {
              "batter": "HER Tyler",
              "bowler": "RM Koda",
              "non_striker": "Kulwinderjeet Singh",
              "runs": {
                "batter": 1,
                "extras": 0,
                "total": 1
              }
            },
            {
              "batter": "Kulwinderjeet Singh",
              "bowler": "RM Koda",
              "non_striker": "HER Tyler",
              "runs": {
                "batter": 0,
                "extras": 0,
                "total": 0
              }
            },
            {
              "batter": "Kulwinderjeet Singh",
              "bowler": "RM Koda",
              "non_striker": "HER Tyler",
              "runs": {
                "batter": 1,
                "extras": 0,
                "total": 1
              }
            },
            {
              "batter": "HER Tyler",
              "bowler": "RM Koda",
              "non_striker": "Kulwinderjeet Singh",
              "runs": {
                "batter": 0,
                "extras": 0,
                "total": 0
              }
            },
            {
              "batter": "HER Tyler",
              "bowler": "RM Koda",
              "non_striker": "Kulwinderjeet Singh",
              "runs": {
                "batter": 0,
                "extras": 0,
                "total": 0
              }
            }
          ]
        },
        {
          "over": 1,
          "deliveries": [
            {
              "batter": "Kulwinderjeet Singh",
              "bowler": "DJ Hawoe",
              "non_striker": "HER Tyler",
              "runs": {
                "batter": 1,
                "extras": 0,
                "total": 1
              }
            },
            {
              "batter": "HER Tyler",
              "bowler": "DJ Hawoe",
              "non_striker": "Kulwinderjeet Singh",
              "runs": {
                "batter": 6,
                "extras": 0,
                "total": 6
              }
            },
            {
              "batter": "HER Tyler",
              "bowler": "DJ Hawoe",
              "non_striker": "Kulwinderjeet Singh",
              "runs": {
                "batter": 6,
                "extras": 0,
                "total": 6
              }
            },
            {
              "batter": "HER Tyler",
              "bowler": "DJ Hawoe",
              "non_striker": "Kulwinderjeet Singh",
              "runs": {
                "batter": 0,
                "extras": 0,
                "total": 0
              }
            },
            {
              "batter": "HER Tyler",
              "bowler": "DJ Hawoe",
              "non_striker": "Kulwinderjeet Singh",
              "runs": {
                "batter": 0,
                "extras": 0,
                "total": 0
              },
              "wickets": [
                {
                  "player_out": "HER Tyler",
                  "fielders": [
                    {
                      "name": "GY Prastama"
                    }
                  ],
                  "kind": "caught"
                }
              ]
            },
            {
              "batter": "M Podosky",
              "bowler": "DJ Hawoe",
              "non_striker": "Kulwinderjeet Singh",
              "runs": {
                "batter": 1,
                "extras": 0,
                "total": 1
              }
            }
          ]
        },
        {
          "over": 2,
          "deliveries": [
            {
              "batter": "M Podosky",
              "bowler": "RM Koda",
              "non_striker": "Kulwinderjeet Singh",
              "runs": {
                "batter": 0,
                "extras": 0,
                "total": 0
              }
            },
            {
              "batter": "M Podosky",
              "bowler": "RM Koda",
              "non_striker": "Kulwinderjeet Singh",
              "runs": {
                "batter": 4,
                "extras": 0,
                "total": 4
              }
            },
            {
              "batter": "M Podosky",
              "bowler": "RM Koda",
              "non_striker": "Kulwinderjeet Singh",
              "runs": {
                "batter": 0,
                "extras": 0,
                "total": 0
              }
            },
            {
              "batter": "M Podosky",
              "bowler": "RM Koda",
              "non_striker": "Kulwinderjeet Singh",
              "runs": {
                "batter": 6,
                "extras": 0,
                "total": 6
              }
            },
            {
              "batter": "M Podosky",
              "bowler": "RM Koda",
              "non_striker": "Kulwinderjeet Singh",
              "runs": {
                "batter": 4,
                "extras": 0,
                "total": 4
              }
            },
            {
              "batter": "M Podosky",
              "bowler": "RM Koda",
              "non_striker": "Kulwinderjeet Singh",
              "runs": {
                "batter": 6,
                "extras": 0,
                "total": 6
              }
            }
          ]
        },
        {
          "over": 3,
          "deliveries": [
            {
              "batter": "Kulwinderjeet Singh",
              "bowler": "F Banunaek",
              "extras": {
                "legbyes": 1
              },
              "non_striker": "M Podosky",
              "runs": {
                "batter": 0,
                "extras": 1,
                "total": 1
              }
            },
            {
              "batter": "M Podosky",
              "bowler": "F Banunaek",
              "non_striker": "Kulwinderjeet Singh",
              "runs": {
                "batter": 6,
                "extras": 0,
                "total": 6
              }
            },
            {
              "batter": "M Podosky",
              "bowler": "F Banunaek",
              "non_striker": "Kulwinderjeet Singh",
              "runs": {
                "batter": 0,
                "extras": 0,
                "total": 0
              }
            },
            {
              "batter": "M Podosky",
              "bowler": "F Banunaek",
              "non_striker": "Kulwinderjeet Singh",
              "runs": {
                "batter": 6,
                "extras": 0,
                "total": 6
              }
            },
            {
              "batter": "M Podosky",
              "bowler": "F Banunaek",
              "non_striker": "Kulwinderjeet Singh",
              "runs": {
                "batter": 0,
                "extras": 0,
                "total": 0
              },
              "wickets": [
                {
                  "player_out": "M Podosky",
                  "fielders": [
                    {
                      "name": "Anjar Tadarus"
                    }
                  ],
                  "kind": "caught"
                }
              ]
            },
            {
              "batter": "AS Samra",
              "bowler": "F Banunaek",
              "non_striker": "Kulwinderjeet Singh",
              "runs": {
                "batter": 0,
                "extras": 0,
                "total": 0
              }
            }
          ]
        },
        {
          "over": 4,
          "deliveries": [
            {
              "batter": "Kulwinderjeet Singh",
              "bowler": "IK Gamantika",
              "non_striker": "AS Samra",
              "runs": {
                "batter": 0,
                "extras": 0,
                "total": 0
              }
            },
            {
              "batter": "Kulwinderjeet Singh",
              "bowler": "IK Gamantika",
              "non_striker": "AS Samra",
              "runs": {
                "batter": 4,
                "extras": 0,
                "total": 4
              }
            },
            {
              "batter": "Kulwinderjeet Singh",
              "bowler": "IK Gamantika",
              "non_striker": "AS Samra",
              "runs": {
                "batter": 4,
                "extras": 0,
                "total": 4
              }
            },
            {
              "batter": "Kulwinderjeet Singh",
              "bowler": "IK Gamantika",
              "non_striker": "AS Samra",
              "runs": {
                "batter": 4,
                "extras": 0,
                "total": 4
              }
            },
            {
              "batter": "Kulwinderjeet Singh",
              "bowler": "IK Gamantika",
              "non_striker": "AS Samra",
              "runs": {
                "batter": 4,
                "extras": 0,
                "total": 4
              }
            },
            {
              "batter": "Kulwinderjeet Singh",
              "bowler": "IK Gamantika",
              "non_striker": "AS Samra",
              "runs": {
                "batter": 0,
                "extras": 0,
                "total": 0
              }
            }
          ]
        },
        {
          "over": 5,
          "deliveries": [
            {
              "batter": "AS Samra",
              "bowler": "F Banunaek",
              "non_striker": "Kulwinderjeet Singh",
              "runs": {
                "batter": 6,
                "extras": 0,
                "total": 6
              }
            },
            {
              "batter": "AS Samra",
              "bowler": "F Banunaek",
              "non_striker": "Kulwinderjeet Singh",
              "runs": {
                "batter": 0,
                "extras": 0,
                "total": 0
              }
            },
            {
              "batter": "AS Samra",
              "bowler": "F Banunaek",
              "non_striker": "Kulwinderjeet Singh",
              "runs": {
                "batter": 6,
                "extras": 0,
                "total": 6
              }
            },
            {
              "batter": "AS Samra",
              "bowler": "F Banunaek",
              "non_striker": "Kulwinderjeet Singh",
              "runs": {
                "batter": 4,
                "extras": 0,
                "total": 4
              }
            },
            {
              "batter": "AS Samra",
              "bowler": "F Banunaek",
              "non_striker": "Kulwinderjeet Singh",
              "runs": {
                "batter": 0,
                "extras": 0,
                "total": 0
              }
            },
            {
              "batter": "AS Samra",
              "bowler": "F Banunaek",
              "non_striker": "Kulwinderjeet Singh",
              "runs": {
                "batter": 6,
                "extras": 0,
                "total": 6
              }
            }
          ]
        },
        {
          "over": 6,
          "deliveries": [
            {
              "batter": "Kulwinderjeet Singh",
              "bowler": "IKEG Artawan",
              "non_striker": "AS Samra",
              "runs": {
                "batter": 0,
                "extras": 0,
                "total": 0
              }
            },
            {
              "batter": "Kulwinderjeet Singh",
              "bowler": "IKEG Artawan",
              "non_striker": "AS Samra",
              "runs": {
                "batter": 1,
                "extras": 0,
                "total": 1
              }
            },
            {
              "batter": "AS Samra",
              "bowler": "IKEG Artawan",
              "non_striker": "Kulwinderjeet Singh",
              "runs": {
                "batter": 6,
                "extras": 0,
                "total": 6
              }
            },
            {
              "batter": "AS Samra",
              "bowler": "IKEG Artawan",
              "non_striker": "Kulwinderjeet Singh",
              "runs": {
                "batter": 1,
                "extras": 0,
                "total": 1
              }
            },
            {
              "batter": "Kulwinderjeet Singh",
              "bowler": "IKEG Artawan",
              "non_striker": "AS Samra",
              "runs": {
                "batter": 6,
                "extras": 0,
                "total": 6
              }
            },
            {
              "batter": "Kulwinderjeet Singh",
              "bowler": "IKEG Artawan",
              "non_striker": "AS Samra",
              "runs": {
                "batter": 1,
                "extras": 0,
                "total": 1
              }
            }
          ]
        },
        {
          "over": 7,
          "deliveries": [
            {
              "batter": "Kulwinderjeet Singh",
              "bowler": "AA Rahayu",
              "non_striker": "AS Samra",
              "runs": {
                "batter": 1,
                "extras": 0,
                "total": 1
              }
            },
            {
              "batter": "AS Samra",
              "bowler": "AA Rahayu",
              "non_striker": "Kulwinderjeet Singh",
              "runs": {
                "batter": 1,
                "extras": 0,
                "total": 1
              }
            },
            {
              "batter": "Kulwinderjeet Singh",
              "bowler": "AA Rahayu",
              "non_striker": "AS Samra",
              "runs": {
                "batter": 6,
                "extras": 0,
                "total": 6
              }
            },
            {
              "batter": "Kulwinderjeet Singh",
              "bowler": "AA Rahayu",
              "extras": {
                "wides": 1
              },
              "non_striker": "AS Samra",
              "runs": {
                "batter": 0,
                "extras": 1,
                "total": 1
              }
            },
            {
              "batter": "Kulwinderjeet Singh",
              "bowler": "AA Rahayu",
              "non_striker": "AS Samra",
              "runs": {
                "batter": 4,
                "extras": 0,
                "total": 4
              }
            },
            {
              "batter": "Kulwinderjeet Singh",
              "bowler": "AA Rahayu",
              "non_striker": "AS Samra",
              "runs": {
                "batter": 4,
                "extras": 0,
                "total": 4
              }
            }
          ]
        }
      ],
      "powerplays": [
        {
          "from": 0.1,
          "to": 5.6,
          "type": "mandatory"
        }
      ],
      "target": {
        "overs": 20,
        "runs": 120
      }
    }
  ]
}