{
  "meta": {
    "data_version": "1.1.0",
    "created": "2024-02-12",
    "revision": 1
  },
  "info": {
    "balls_per_over": 6,
    "city": "Bangi",
    "dates": [
      "2024-02-11"
    ],
    "event": {
      "name": "Asian Cricket Council Women's Premier Cup",
      "match_number": 13,
      "group": "A"
    },
    "gender": "female",
    "match_type": "T20",
    "match_type_number": 1766,
    "officials": {
      "match_referees": [
        "B Ramani"
      ],
      "reserve_umpires": [
        "Shivani Mishra"
      ],
      "umpires": [
        "L Poobalan",
        "RK Yadav"
      ]
    },
    "outcome": {
      "winner": "Myanmar",
      "by": {
        "wickets": 5
      }
    },
    "overs": 20,
    "player_of_match": [
      "ZT Kyaw"
    ],
    "players": {
      "Singapore": [
        "RR Seth",
        "Shafina Mahesh",
        "Ada Bhasin",
        "Vinu Kumar",
        "Vathana Sreemurugavel",
        "Riyaa Bhasin",
        "GK Diviya",
        "Damini Ramesh",
        "S Merican",
        "PSR Gurusinghe",
        "JS Pooranakaran"
      ],
      "Myanmar": [
        "KM Myat",
        "HH Aung",
        "TT Soe",
        "ZT Kyaw",
        "LL Htun",
        "ZL Win",
        "MPP San",
        "TT Aung",
        "ZL Thoon",
        "SY Win",
        "Thae Thae Po"
      ]
    },
    "registry": {
      "people": {
        "Ada Bhasin": "b1c113d7",
        "B Ramani": "92ad5353",
        "Damini Ramesh": "c4480b25",
        "GK Diviya": "992979fa",
        "HH Aung": "860042f6",
        "JS Pooranakaran": "417bde96",
        "KM Myat": "c1b4e25c",
        "L Poobalan": "93cc9718",
        "LL Htun": "ec687c3a",
        "MPP San": "5bc290a2",
        "PSR Gurusinghe": "591a7004",
        "RK Yadav": "a872bd90",
        "RR Seth": "7ccc0a38",
        "Riyaa Bhasin": "3ff26cea",
        "S Merican": "f3f6f5a0",
        "SY Win": "33d65ab4",
        "Shafina Mahesh": "0c40b02d",
        "Shivani Mishra": "2982a0c7",
        "TT Aung": "57fb24e6",
        "TT Soe": "59f44fde",
        "Thae Thae Po": "48a372a4",
        "Vathana Sreemurugavel": "eb2d1983",
        "Vinu Kumar": "3775b9f9",
        "ZL Thoon": "8d0543ce",
        "ZL Win": "b5714cf9",
        "ZT Kyaw": "cdf63aaa"
      }
    },
    "season": "2023/24",
    "team_type": "international",
    "teams": [
      "Singapore",
      "Myanmar"
    ],
    "toss": {
      "decision": "bat",
      "winner": "Singapore"
    },
    "venue": "YSD-UKM Cricket Oval, Bangi"
  },
  "innings": [
    {
      "team": "Singapore",
      "overs": [
        {
          "over": 0,
          "deliveries": [
            {
              "batter": "RR Seth",
              "bowler": "ZL Thoon",
              "extras": {
                "wides": 1
              },
              "non_striker": "Shafina Mahesh",
              "runs": {
                "batter": 0,
                "extras": 1,
                "total": 1
              }
            },
            {
              "batter": "RR Seth",
              "bowler": "ZL Thoon",
              "extras": {
                "wides": 2
              },
              "non_striker": "Shafina Mahesh",
              "runs": {
                "batter": 0,
                "extras": 2,
                "total": 2
              }
            },
            {
              "batter": "Shafina Mahesh",
              "bowler": "ZL Thoon",
              "extras": {
                "wides": 1
              },
              "non_striker": "RR Seth",
              "runs": {
                "batter": 0,
                "extras": 1,
                "total": 1
              }
            },
            {
              "batter": "Shafina Mahesh",
              "bowler": "ZL Thoon",
              "non_striker": "RR Seth",
              "runs": {
                "batter": 0,
                "extras": 0,
                "total": 0
              }
            },
            {
              "batter": "Shafina Mahesh",
              "bowler": "ZL Thoon",
              "extras": {
                "wides": 1
              },
              "non_striker": "RR Seth",
              "runs": {
                "batter": 0,
                "extras": 1,
                "total": 1
              }
            },
            {
              "batter": "Shafina Mahesh",
              "bowler": "ZL Thoon",
              "non_striker": "RR Seth",
              "runs": {
                "batter": 0,
                "extras": 0,
                "total": 0
              }
            },
            {
              "batter": "Shafina Mahesh",
              "bowler": "ZL Thoon",
              "non_striker": "RR Seth",
              "runs": {
                "batter": 0,
                "extras": 0,
                "total": 0
              }
            },
            {
              "batter": "Shafina Mahesh",
              "bowler": "ZL Thoon",
              "non_striker": "RR Seth",
              "runs": {
                "batter": 0,
                "extras": 0,
                "total": 0
              }
            },
            {
              "batter": "Shafina Mahesh",
              "bowler": "ZL Thoon",
              "non_striker": "RR Seth",
              "runs": {
                "batter": 0,
                "extras": 0,
                "total": 0
              }
            },
            {
              "batter": "Shafina Mahesh",
              "bowler": "ZL Thoon",
              "extras": {
                "wides": 1
              },
              "non_striker": "RR Seth",
              "runs": {
                "batter": 0,
                "extras": 1,
                "total": 1
              }
            },
            {
              "batter": "Shafina Mahesh",
              "bowler": "ZL Thoon",
              "non_striker": "RR Seth",
              "runs": {
                "batter": 0,
                "extras": 0,
                "total": 0
              }
            }
          ]
        },
        {
          "over": 1,
          "deliveries": [
            {
              "batter": "RR Seth",
              "bowler": "TT Soe",
              "non_striker": "Shafina Mahesh",
              "runs": {
                "batter": 0,
                "extras": 0,
                "total": 0
              }
            },
            {
              "batter": "RR Seth",
              "bowler": "TT Soe",
              "non_striker": "Shafina Mahesh",
              "runs": {
                "batter": 0,
                "extras": 0,
                "total": 0
              },
              "wickets": [
                {
                  "player_out": "Shafina Mahesh",
                  "fielders": [
                    {
                      "name": "HH Aung"
                    }
                  ],
                  "kind": "run out"
                }
              ]
            },
            {
              "batter": "RR Seth",
              "bowler": "TT Soe",
              "extras": {
                "wides": 1
              },
              "non_striker": "Ada Bhasin",
              "runs": {
                "batter": 0,
                "extras": 1,
                "total": 1
              }
            },
            {
              "batter": "RR Seth",
              "bowler": "TT Soe",
              "non_striker": "Ada Bhasin",
              "runs": {
                "batter": 1,
                "extras": 0,
                "total": 1
              }
            },
            {
              "batter": "Ada Bhasin",
              "bowler": "TT Soe",
              "non_striker": "RR Seth",
              "runs": {
                "batter": 0,
                "extras": 0,
                "total": 0
              }
            },
            {
              "batter": "Ada Bhasin",
              "bowler": "TT Soe",
              "non_striker": "RR Seth",
              "runs": {
                "batter": 0,
                "extras": 0,
                "total": 0
              }
            },
            {
              "batter": "Ada Bhasin",
              "bowler": "TT Soe",
              "extras": {
                "wides": 1
              },
              "non_striker": "RR Seth",
              "runs": {
                "batter": 0,
                "extras": 1,
                "total": 1
              }
            },
            {
              "batter": "Ada Bhasin",
              "bowler": "TT Soe",
              "non_striker": "RR Seth",
              "runs": {
                "batter": 0,
                "extras": 0,
                "total": 0
              }
            }
          ]
        },
        {
          "over": 2,
          "deliveries": [
            {
              "batter": "RR Seth",
              "bowler": "ZL Thoon",
              "non_striker": "Ada Bhasin",
              "runs": {
                "batter": 1,
                "extras": 0,
                "total": 1
              }
            },
            {
              "batter": "Ada Bhasin",
              "bowler": "ZL Thoon",
              "non_striker": "RR Seth",
              "runs": {
                "batter": 1,
                "extras": 0,
                "total": 1
              }
            },
            {
              "batter": "RR Seth",
              "bowler": "ZL Thoon",
              "non_striker": "Ada Bhasin",
              "runs": {
                "batter": 0,
                "extras": 0,
                "total": 0
              }
            },
            {
              "batter": "RR Seth",
              "bowler": "ZL Thoon",
              "non_striker": "Ada Bhasin",
              "runs": {
                "batter": 0,
                "extras": 0,
                "total": 0
              }
            },
            {
              "batter": "RR Seth",
              "bowler": "ZL Thoon",
              "extras": {
                "wides": 1
              },
              "non_striker": "Ada Bhasin",
              "runs": {
                "batter": 0,
                "extras": 1,
                "total": 1
              }
            },
            {
              "batter": "RR Seth",
              "bowler": "ZL Thoon",
              "non_striker": "Ada Bhasin",
              "runs": {
                "batter": 0,
                "extras": 0,
                "total": 0
              }
            },
            {
              "batter": "RR Seth",
              "bowler": "ZL Thoon",
              "extras": {
                "wides": 1
              },
              "non_striker": "Ada Bhasin",
              "runs": {
                "batter": 0,
                "extras": 1,
                "total": 1
              }
            },
            {
              "batter": "RR Seth",
              "bowler": "ZL Thoon",
              "extras": {
                "wides": 1
              },
              "non_striker": "Ada Bhasin",
              "runs": {
                "batter": 0,
                "extras": 1,
                "total": 1
              }
            },
            {
              "batter": "RR Seth",
              "bowler": "ZL Thoon",
              "non_striker": "Ada Bhasin",
              "runs": {
                "batter": 0,
                "extras": 0,
                "total": 0
              }
            }
          ]
        },
        {
          "over": 3,
          "deliveries": [
            {
              "batter": "Ada Bhasin",
              "bowler": "TT Soe",
              "non_striker": "RR Seth",
              "runs": {
                "batter": 0,
                "extras": 0,
                "total": 0
              }
            },
            {
              "batter": "Ada Bhasin",
              "bowler": "TT Soe",
              "extras": {
                "wides": 1
              },
              "non_striker": "RR Seth",
              "runs": {
                "batter": 0,
                "extras": 1,
                "total": 1
              }
            },
            {
              "batter": "Ada Bhasin",
              "bowler": "TT Soe",
              "non_striker": "RR Seth",
              "runs": {
                "batter": 1,
                "extras": 0,
                "total": 1
              }
            },
            {
              "batter": "RR Seth",
              "bowler": "TT Soe",
              "non_striker": "Ada Bhasin",
              "runs": {
                "batter": 0,
                "extras": 0,
                "total": 0
              }
            },
            {
              "batter": "RR Seth",
              "bowler": "TT Soe",
              "non_striker": "Ada Bhasin",
              "runs": {
                "batter": 0,
                "extras": 0,
                "total": 0
              }
            },
            {
              "batter": "RR Seth",
              "bowler": "TT Soe",
              "non_striker": "Ada Bhasin",
              "runs": {
                "batter": 0,
                "extras": 0,
                "total": 0
              }
            },
            {
              "batter": "RR Seth",
              "bowler": "TT Soe",
              "non_striker": "Ada Bhasin",
              "runs": {
                "batter": 0,
                "extras": 0,
                "total": 0
              }
            }
          ]
        },
        {
          "over": 4,
          "deliveries": [
            {
              "batter": "Ada Bhasin",
              "bowler": "LL Htun",
              "non_striker": "RR Seth",
              "runs": {
                "batter": 1,
                "extras": 0,
                "total": 1
              }
            },
            {
              "batter": "RR Seth",
              "bowler": "LL Htun",
              "non_striker": "Ada Bhasin",
              "runs": {
                "batter": 1,
                "extras": 0,
                "total": 1
              }
            },
            {
              "batter": "Ada Bhasin",
              "bowler": "LL Htun",
              "non_striker": "RR Seth",
              "runs": {
                "batter": 0,
                "extras": 0,
                "total": 0
              }
            },
            {
              "batter": "Ada Bhasin",
              "bowler": "LL Htun",
              "non_striker": "RR Seth",
              "runs": {
                "batter": 2,
                "extras": 0,
                "total": 2
              }
            },
            {
              "batter": "Ada Bhasin",
              "bowler": "LL Htun",
              "non_striker": "RR Seth",
              "runs": {
                "batter": 0,
                "extras": 0,
                "total": 0
              }
            },
            {
              "batter": "Ada Bhasin",
              "bowler": "LL Htun",
              "non_striker": "RR Seth",
              "runs": {
                "batter": 0,
                "extras": 0,
                "total": 0
              }
            }
          ]
        },
        {
          "over": 5,
          "deliveries": [
            {
              "batter": "RR Seth",
              "bowler": "TT Soe",
              "extras": {
                "wides": 1
              },
              "non_striker": "Ada Bhasin",
              "runs": {
                "batter": 0,
                "extras": 1,
                "total": 1
              }
            },
            {
              "batter": "RR Seth",
              "bowler": "TT Soe",
              "non_striker": "Ada Bhasin",
              "runs": {
                "batter": 1,
                "extras": 0,
                "total": 1
              }
            },
            {
              "batter": "Ada Bhasin",
              "bowler": "TT Soe",
              "non_striker": "RR Seth",
              "runs": {
                "batter": 0,
                "extras": 0,
                "total": 0
              }
            },
            {
              "batter": "Ada Bhasin",
              "bowler": "TT Soe",
              "non_striker": "RR Seth",
              "runs": {
                "batter": 0,
                "extras": 0,
                "total": 0
              }
            },
            {
              "batter": "Ada Bhasin",
              "bowler": "TT Soe",
              "non_striker": "RR Seth",
              "runs": {
                "batter": 0,
                "extras": 0,
                "total": 0
              }
            },
            {
              "batter": "Ada Bhasin",
              "bowler": "TT Soe",
              "non_striker": "RR Seth",
              "runs": {
                "batter": 0,
                "extras": 0,
                "total": 0
              }
            },
            {
              "batter": "Ada Bhasin",
              "bowler": "TT Soe",
              "non_striker": "RR Seth",
              "runs": {
                "batter": 0,
                "extras": 0,
                "total": 0
              }
            }
          ]
        },
        {
          "over": 6,
          "deliveries": [
            {
              "batter": "RR Seth",
              "bowler": "LL Htun",
              "non_striker": "Ada Bhasin",
              "runs": {
                "batter": 1,
                "extras": 0,
                "total": 1
              }
            },
            {
              "batter": "Ada Bhasin",
              "bowler": "LL Htun",
              "non_striker": "RR Seth",
              "runs": {
                "batter": 0,
                "extras": 0,
                "total": 0
              }
            },
            {
              "batter": "Ada Bhasin",
              "bowler": "LL Htun",
              "non_striker": "RR Seth",
              "runs": {
                "batter": 4,
                "extras": 0,
                "total": 4
              }
            },
            {
              "batter": "Ada Bhasin",
              "bowler": "LL Htun",
              "non_striker": "RR Seth",
              "runs": {
                "batter": 0,
                "extras": 0,
                "total": 0
              }
            },
            {
              "batter": "Ada Bhasin",
              "bowler": "LL Htun",
              "non_striker": "RR Seth",
              "runs": {
                "batter": 1,
                "extras": 0,
                "total": 1
              }
            },
            {
              "batter": "RR Seth",
              "bowler": "LL Htun",
              "non_striker": "Ada Bhasin",
              "runs": {
                "batter": 1,
                "extras": 0,
                "total": 1
              }
            }
          ]
        },
        {
          "over": 7,
          "deliveries": [
            {
              "batter": "RR Seth",
              "bowler": "SY Win",
              "non_striker": "Ada Bhasin",
              "runs": {
                "batter": 1,
                "extras": 0,
                "total": 1
              }
            },
            {
              "batter": "Ada Bhasin",
              "bowler": "SY Win",
              "non_striker": "RR Seth",
              "runs": {
                "batter": 0,
                "extras": 0,
                "total": 0
              }
            },
            {
              "batter": "Ada Bhasin",
              "bowler": "SY Win",
              "extras": {
                "wides": 1
              },
              "non_striker": "RR Seth",
              "runs": {
                "batter": 0,
                "extras": 1,
                "total": 1
              }
            },
            {
              "batter": "Ada Bhasin",
              "bowler": "SY Win",
              "extras": {
                "byes": 2
              },
              "non_striker": "RR Seth",
              "runs": {
                "batter": 0,
                "extras": 2,
                "total": 2
              }
            },
            {
              "batter": "Ada Bhasin",
              "bowler": "SY Win",
              "non_striker": "RR Seth",
              "runs": {
                "batter": 1,
                "extras": 0,
                "total": 1
              }
            },
            {
              "batter": "RR Seth",
              "bowler": "SY Win",
              "non_striker": "Ada Bhasin",
              "runs": {
                "batter": 0,
                "extras": 0,
                "total": 0
              },
              "wickets": [
                {
                  "player_out": "RR Seth",
                  "fielders": [
                    {
                      "name": "KM Myat"
                    }
                  ],
                  "kind": "caught"
                }
              ]
            },
            {
              "batter": "Vinu Kumar",
              "bowler": "SY Win",
              "non_striker": "Ada Bhasin",
              "runs": {
                "batter": 1,
                "extras": 0,
                "total": 1
              }
            }
          ]
        },
        {
          "over": 8,
          "deliveries": [
            {
              "batter": "Vinu Kumar",
              "bowler": "ZL Thoon",
              "non_striker": "Ada Bhasin",
              "runs": {
                "batter": 1,
                "extras": 0,
                "total": 1
              }
            },
            {
              "batter": "Ada Bhasin",
              "bowler": "ZL Thoon",
              "non_striker": "Vinu Kumar",
              "runs": {
                "batter": 0,
                "extras": 0,
                "total": 0
              }
            },
            {
              "batter": "Ada Bhasin",
              "bowler": "ZL Thoon",
              "non_striker": "Vinu Kumar",
              "runs": {
                "batter": 0,
                "extras": 0,
                "total": 0
              }
            },
            {
              "batter": "Ada Bhasin",
              "bowler": "ZL Thoon",
              "non_striker": "Vinu Kumar",
              "runs": {
                "batter": 1,
                "extras": 0,
                "total": 1
              }
            },
            {
              "batter": "Vinu Kumar",
              "bowler": "ZL Thoon",
              "non_striker": "Ada Bhasin",
              "runs": {
                "batter": 0,
                "extras": 0,
                "total": 0
              }
            },
            {
              "batter": "Vinu Kumar",
              "bowler": "ZL Thoon",
              "non_striker": "Ada Bhasin",
              "runs": {
                "batter": 0,
                "extras": 0,
                "total": 0
              }
            }
          ]
        },
        {
          "over": 9,
          "deliveries": [
            {
              "batter": "Ada Bhasin",
              "bowler": "SY Win",
              "non_striker": "Vinu Kumar",
              "runs": {
                "batter": 0,
                "extras": 0,
                "total": 0
              }
            },
            {
              "batter": "Ada Bhasin",
              "bowler": "SY Win",
              "non_striker": "Vinu Kumar",
              "runs": {
                "batter": 0,
                "extras": 0,
                "total": 0
              }
            },
            {
              "batter": "Ada Bhasin",
              "bowler": "SY Win",
              "non_striker": "Vinu Kumar",
              "runs": {
                "batter": 1,
                "extras": 0,
                "total": 1
              }
            },
            {
              "batter": "Vinu Kumar",
              "bowler": "SY Win",
              "non_striker": "Ada Bhasin",
              "runs": {
                "batter": 0,
                "extras": 0,
                "total": 0
              }
            },
            {
              "batter": "Vinu Kumar",
              "bowler": "SY Win",
              "non_striker": "Ada Bhasin",
              "runs": {
                "batter": 0,
                "extras": 0,
                "total": 0
              }
            },
            {
              "batter": "Vinu Kumar",
              "bowler": "SY Win",
              "non_striker": "Ada Bhasin",
              "runs": {
                "batter": 0,
                "extras": 0,
                "total": 0
              }
            }
          ]
        },
        {
          "over": 10,
          "deliveries": [
            {
              "batter": "Ada Bhasin",
              "bowler": "LL Htun",
              "non_striker": "Vinu Kumar",
              "runs": {
                "batter": 1,
                "extras": 0,
                "total": 1
              }
            },
            {
              "batter": "Vinu Kumar",
              "bowler": "LL Htun",
              "non_striker": "Ada Bhasin",
              "runs": {
                "batter": 0,
                "extras": 0,
                "total": 0
              }
            },
            {
              "batter": "Vinu Kumar",
              "bowler": "LL Htun",
              "non_striker": "Ada Bhasin",
              "runs": {
                "batter": 0,
                "extras": 0,
                "total": 0
              }
            },
            {
              "batter": "Vinu Kumar",
              "bowler": "LL Htun",
              "non_striker": "Ada Bhasin",
              "runs": {
                "batter": 2,
                "extras": 0,
                "total": 2
              }
            },
            {
              "batter": "Vinu Kumar",
              "bowler": "LL Htun",
              "non_striker": "Ada Bhasin",
              "runs": {
                "batter": 0,
                "extras": 0,
                "total": 0
              }
            },
            {
              "batter": "Vinu Kumar",
              "bowler": "LL Htun",
              "non_striker": "Ada Bhasin",
              "runs": {
                "batter": 4,
                "extras": 0,
                "total": 4
              }
            }
          ]
        },
        {
          "over": 11,
          "deliveries": [
            {
              "batter": "Ada Bhasin",
              "bowler": "SY Win",
              "non_striker": "Vinu Kumar",
              "runs": {
                "batter": 0,
                "extras": 0,
                "total": 0
              }
            },
            {
              "batter": "Ada Bhasin",
              "bowler": "SY Win",
              "non_striker": "Vinu Kumar",
              "runs": {
                "batter": 0,
                "extras": 0,
                "total": 0
              }
            },
            {
              "batter": "Ada Bhasin",
              "bowler": "SY Win",
              "non_striker": "Vinu Kumar",
              "runs": {
                "batter": 0,
                "extras": 0,
                "total": 0
              }
            },
            {
              "batter": "Ada Bhasin",
              "bowler": "SY Win",
              "non_striker": "Vinu Kumar",
              "runs": {
                "batter": 0,
                "extras": 0,
                "total": 0
              }
            },
            {
              "batter": "Ada Bhasin",
              "bowler": "SY Win",
              "non_striker": "Vinu Kumar",
              "runs": {
                "batter": 2,
                "extras": 0,
                "total": 2
              }
            },
            {
              "batter": "Ada Bhasin",
              "bowler": "SY Win",
              "non_striker": "Vinu Kumar",
              "runs": {
                "batter": 4,
                "extras": 0,
                "total": 4
              }
            }
          ]
        },
        {
          "over": 12,
          "deliveries": [
            {
              "batter": "Vinu Kumar",
              "bowler": "ZT Kyaw",
              "non_striker": "Ada Bhasin",
              "runs": {
                "batter": 1,
                "extras": 0,
                "total": 1
              }
            },
            {
              "batter": "Ada Bhasin",
              "bowler": "ZT Kyaw",
              "non_striker": "Vinu Kumar",
              "runs": {
                "batter": 0,
                "extras": 0,
                "total": 0
              }
            },
            {
              "batter": "Ada Bhasin",
              "bowler": "ZT Kyaw",
              "non_striker": "Vinu Kumar",
              "runs": {
                "batter": 2,
                "extras": 0,
                "total": 2
              }
            },
            {
              "batter": "Ada Bhasin",
              "bowler": "ZT Kyaw",
              "extras": {
                "wides": 1
              },
              "non_striker": "Vinu Kumar",
              "runs": {
                "batter": 0,
                "extras": 1,
                "total": 1
              }
            },
            {
              "batter": "Ada Bhasin",
              "bowler": "ZT Kyaw",
              "non_striker": "Vinu Kumar",
              "runs": {
                "batter": 0,
                "extras": 0,
                "total": 0
              }
            },
            {
              "batter": "Ada Bhasin",
              "bowler": "ZT Kyaw",
              "extras": {
                "wides": 1
              },
              "non_striker": "Vinu Kumar",
              "runs": {
                "batter": 0,
                "extras": 1,
                "total": 1
              }
            },
            {
              "batter": "Ada Bhasin",
              "bowler": "ZT Kyaw",
              "non_striker": "Vinu Kumar",
              "runs": {
                "batter": 1,
                "extras": 0,
                "total": 1
              }
            },
            {
              "batter": "Vinu Kumar",
              "bowler": "ZT Kyaw",
              "extras": {
                "wides": 1
              },
              "non_striker": "Ada Bhasin",
              "runs": {
                "batter": 0,
                "extras": 1,
                "total": 1
              }
            },
            {
              "batter": "Vinu Kumar",
              "bowler": "ZT Kyaw",
              "non_striker": "Ada Bhasin",
              "runs": {
                "batter": 0,
                "extras": 0,
                "total": 0
              }
            }
          ]
        },
        {
          "over": 13,
          "deliveries": [
            {
              "batter": "Ada Bhasin",
              "bowler": "TT Soe",
              "non_striker": "Vinu Kumar",
              "runs": {
                "batter": 1,
                "extras": 0,
                "total": 1
              }
            },
            {
              "batter": "Vinu Kumar",
              "bowler": "TT Soe",
              "non_striker": "Ada Bhasin",
              "runs": {
                "batter": 0,
                "extras": 0,
                "total": 0
              },
              "wickets": [
                {
                  "player_out": "Vinu Kumar",
                  "fielders": [
                    {
                      "name": "Thae Thae Po"
                    }
                  ],
                  "kind": "stumped"
                }
              ]
            },
            {
              "batter": "Vathana Sreemurugavel",
              "bowler": "TT Soe",
              "non_striker": "Ada Bhasin",
              "runs": {
                "batter": 0,
                "extras": 0,
                "total": 0
              }
            },
            {
              "batter": "Vathana Sreemurugavel",
              "bowler": "TT Soe",
              "non_striker": "Ada Bhasin",
              "runs": {
                "batter": 0,
                "extras": 0,
                "total": 0
              }
            },
            {
              "batter": "Vathana Sreemurugavel",
              "bowler": "TT Soe",
              "non_striker": "Ada Bhasin",
              "runs": {
                "batter": 1,
                "extras": 0,
                "total": 1
              }
            },
            {
              "batter": "Ada Bhasin",
              "bowler": "TT Soe",
              "non_striker": "Vathana Sreemurugavel",
              "runs": {
                "batter": 0,
                "extras": 0,
                "total": 0
              }
            }
          ]
        },
        {
          "over": 14,
          "deliveries": [
            {
              "batter": "Vathana Sreemurugavel",
              "bowler": "ZT Kyaw",
              "non_striker": "Ada Bhasin",
              "runs": {
                "batter": 0,
                "extras": 0,
                "total": 0
              },
              "wickets": [
                {
                  "player_out": "Ada Bhasin",
                  "fielders": [
                    {
                      "name": "MPP San"
                    }
                  ],
                  "kind": "run out"
                }
              ]
            },
            {
              "batter": "Riyaa Bhasin",
              "bowler": "ZT Kyaw",
              "non_striker": "Vathana Sreemurugavel",
              "runs": {
                "batter": 0,
                "extras": 0,
                "total": 0
              }
            },
            {
              "batter": "Riyaa Bhasin",
              "bowler": "ZT Kyaw",
              "non_striker": "Vathana Sreemurugavel",
              "runs": {
                "batter": 1,
                "extras": 0,
                "total": 1
              }
            },
            {
              "batter": "Vathana Sreemurugavel",
              "bowler": "ZT Kyaw",
              "non_striker": "Riyaa Bhasin",
              "runs": {
                "batter": 0,
                "extras": 0,
                "total": 0
              },
              "wickets": [
                {
                  "player_out": "Vathana Sreemurugavel",
                  "fielders": [
                    {
                      "name": "ZL Thoon"
                    }
                  ],
                  "kind": "caught"
                }
              ]
            },
            {
              "batter": "GK Diviya",
              "bowler": "ZT Kyaw",
              "extras": {
                "wides": 1
              },
              "non_striker": "Riyaa Bhasin",
              "runs": {
                "batter": 0,
                "extras": 1,
                "total": 1
              }
            },
            {
              "batter": "GK Diviya",
              "bowler": "ZT Kyaw",
              "non_striker": "Riyaa Bhasin",
              "runs": {
                "batter": 1,
                "extras": 0,
                "total": 1
              }
            },
            {
              "batter": "Riyaa Bhasin",
              "bowler": "ZT Kyaw",
              "non_striker": "GK Diviya",
              "runs": {
                "batter": 0,
                "extras": 0,
                "total": 0
              },
              "wickets": [
                {
                  "player_out": "Riyaa Bhasin",
                  "kind": "bowled"
                }
              ]
            }
          ]
        },
        {
          "over": 15,
          "deliveries": [
            {
              "batter": "GK Diviya",
              "bowler": "SY Win",
              "extras": {
                "wides": 1
              },
              "non_striker": "Damini Ramesh",
              "runs": {
                "batter": 0,
                "extras": 1,
                "total": 1
              }
            },
            {
              "batter": "GK Diviya",
              "bowler": "SY Win",
              "non_striker": "Damini Ramesh",
              "runs": {
                "batter": 0,
                "extras": 0,
                "total": 0
              }
            },
            {
              "batter": "GK Diviya",
              "bowler": "SY Win",
              "non_striker": "Damini Ramesh",
              "runs": {
                "batter": 1,
                "extras": 0,
                "total": 1
              }
            },
            {
              "batter": "Damini Ramesh",
              "bowler": "SY Win",
              "non_striker": "GK Diviya",
              "runs": {
                "batter": 1,
                "extras": 0,
                "total": 1
              }
            },
            {
              "batter": "GK Diviya",
              "bowler": "SY Win",
              "non_striker": "Damini Ramesh",
              "runs": {
                "batter": 0,
                "extras": 0,
                "total": 0
              }
            },
            {
              "batter": "GK Diviya",
              "bowler": "SY Win",
              "non_striker": "Damini Ramesh",
              "runs": {
                "batter": 1,
                "extras": 0,
                "total": 1
              }
            },
            {
              "batter": "Damini Ramesh",
              "bowler": "SY Win",
              "non_striker": "GK Diviya",
              "runs": {
                "batter": 1,
                "extras": 0,
                "total": 1
              }
            }
          ]
        },
        {
          "over": 16,
          "deliveries": [
            {
              "batter": "Damini Ramesh",
              "bowler": "ZT Kyaw",
              "extras": {
                "wides": 1
              },
              "non_striker": "GK Diviya",
              "runs": {
                "batter": 0,
                "extras": 1,
                "total": 1
              }
            },
            {
              "batter": "Damini Ramesh",
              "bowler": "ZT Kyaw",
              "non_striker": "GK Diviya",
              "runs": {
                "batter": 0,
                "extras": 0,
                "total": 0
              }
            },
            {
              "batter": "Damini Ramesh",
              "bowler": "ZT Kyaw",
              "non_striker": "GK Diviya",
              "runs": {
                "batter": 0,
                "extras": 0,
                "total": 0
              }
            },
            {
              "batter": "Damini Ramesh",
              "bowler": "ZT Kyaw",
              "extras": {
                "wides": 1
              },
              "non_striker": "GK Diviya",
              "runs": {
                "batter": 0,
                "extras": 1,
                "total": 1
              }
            },
            {
              "batter": "Damini Ramesh",
              "bowler": "ZT Kyaw",
              "non_striker": "GK Diviya",
              "runs": {
                "batter": 0,
                "extras": 0,
                "total": 0
              }
            },
            {
              "batter": "Damini Ramesh",
              "bowler": "ZT Kyaw",
              "non_striker": "GK Diviya",
              "runs": {
                "batter": 1,
                "extras": 0,
                "total": 1
              }
            },
            {
              "batter": "GK Diviya",
              "bowler": "ZT Kyaw",
              "non_striker": "Damini Ramesh",
              "runs": {
                "batter": 0,
                "extras": 0,
                "total": 0
              }
            },
            {
              "batter": "GK Diviya",
              "bowler": "ZT Kyaw",
              "non_striker": "Damini Ramesh",
              "runs": {
                "batter": 1,
                "extras": 0,
                "total": 1
              }
            }
          ]
        },
        {
          "over": 17,
          "deliveries": [
            {
              "batter": "GK Diviya",
              "bowler": "LL Htun",
              "non_striker": "Damini Ramesh",
              "runs": {
                "batter": 0,
                "extras": 0,
                "total": 0
              }
            },
            {
              "batter": "GK Diviya",
              "bowler": "LL Htun",
              "non_striker": "Damini Ramesh",
              "runs": {
                "batter": 2,
                "extras": 0,
                "total": 2
              }
            },
            {
              "batter": "GK Diviya",
              "bowler": "LL Htun",
              "non_striker": "Damini Ramesh",
              "runs": {
                "batter": 0,
                "extras": 0,
                "total": 0
              }
            },
            {
              "batter": "GK Diviya",
              "bowler": "LL Htun",
              "non_striker": "Damini Ramesh",
              "runs": {
                "batter": 0,
                "extras": 0,
                "total": 0
              }
            },
            {
              "batter": "GK Diviya",
              "bowler": "LL Htun",
              "non_striker": "Damini Ramesh",
              "runs": {
                "batter": 0,
                "extras": 0,
                "total": 0
              }
            },
            {
              "batter": "GK Diviya",
              "bowler": "LL Htun",
              "non_striker": "Damini Ramesh",
              "runs": {
                "batter": 1,
                "extras": 0,
                "total": 1
              }
            }
          ]
        },
        {
          "over": 18,
          "deliveries": [
            {
              "batter": "GK Diviya",
              "bowler": "ZT Kyaw",
              "extras": {
                "wides": 1
              },
              "non_striker": "Damini Ramesh",
              "runs": {
                "batter": 0,
                "extras": 1,
                "total": 1
              }
            },
            {
              "batter": "GK Diviya",
              "bowler": "ZT Kyaw",
              "non_striker": "Damini Ramesh",
              "runs": {
                "batter": 1,
                "extras": 0,
                "total": 1
              }
            },
            {
              "batter": "Damini Ramesh",
              "bowler": "ZT Kyaw",
              "extras": {
                "byes": 2
              },
              "non_striker": "GK Diviya",
              "runs": {
                "batter": 0,
                "extras": 2,
                "total": 2
              }
            },
            {
              "batter": "Damini Ramesh",
              "bowler": "ZT Kyaw",
              "non_striker": "GK Diviya",
              "runs": {
                "batter": 0,
                "extras": 0,
                "total": 0
              }
            },
            {
              "batter": "Damini Ramesh",
              "bowler": "ZT Kyaw",
              "non_striker": "GK Diviya",
              "runs": {
                "batter": 0,
                "extras": 0,
                "total": 0
              },
              "wickets": [
                {
                  "player_out": "Damini Ramesh",
                  "fielders": [
                    {
                      "name": "Thae Thae Po"
                    }
                  ],
                  "kind": "caught"
                }
              ]
            },
            {
              "batter": "S Merican",
              "bowler": "ZT Kyaw",
              "non_striker": "GK Diviya",
              "runs": {
                "batter": 0,
                "extras": 0,
                "total": 0
              }
            },
            {
              "batter": "S Merican",
              "bowler": "ZT Kyaw",
              "extras": {
                "wides": 1
              },
              "non_striker": "GK Diviya",
              "runs": {
                "batter": 0,
                "extras": 1,
                "total": 1
              }
            },
            {
              "batter": "S Merican",
              "bowler": "ZT Kyaw",
              "non_striker": "GK Diviya",
              "runs": {
                "batter": 0,
                "extras": 0,
                "total": 0
              }
            }
          ]
        },
        {
          "over": 19,
          "deliveries": [
            {
              "batter": "GK Diviya",
              "bowler": "ZL Thoon",
              "non_striker": "S Merican",
              "runs": {
                "batter": 0,
                "extras": 0,
                "total": 0
              }
            },
            {
              "batter": "GK Diviya",
              "bowler": "ZL Thoon",
              "non_striker": "S Merican",
              "runs": {
                "batter": 1,
                "extras": 0,
                "total": 1
              }
            },
            {
              "batter": "S Merican",
              "bowler": "ZL Thoon",
              "non_striker": "GK Diviya",
              "runs": {
                "batter": 0,
                "extras": 0,
                "total": 0
              }
            },
            {
              "batter": "S Merican",
              "bowler": "ZL Thoon",
              "extras": {
                "wides": 1
              },
              "non_striker": "GK Diviya",
              "runs": {
                "batter": 0,
                "extras": 1,
                "total": 1
              }
            },
            {
              "batter": "S Merican",
              "bowler": "ZL Thoon",
              "non_striker": "GK Diviya",
              "runs": {
                "batter": 1,
                "extras": 0,
                "total": 1
              }
            },
            {
              "batter": "GK Diviya",
              "bowler": "ZL Thoon",
              "non_striker": "S Merican",
              "runs": {
                "batter": 2,
                "extras": 0,
                "total": 2
              }
            },
            {
              "batter": "GK Diviya",
              "bowler": "ZL Thoon",
              "non_striker": "S Merican",
              "runs": {
                "batter": 2,
                "extras": 0,
                "total": 2
              },
              "wickets": [
                {
                  "player_out": "S Merican",
                  "fielders": [
                    {
                      "name": "ZT Kyaw"
                    }
                  ],
                  "kind": "run out"
                }
              ]
            }
          ]
        }
      ],
      "powerplays": [
        {
          "from": 0.1,
          "to": 5.7,
          "type": "mandatory"
        }
      ]
    },
    {
      "team": "Myanmar",
      "overs": [
        {
          "over": 0,
          "deliveries": [
            {
              "batter": "KM Myat",
              "bowler": "Damini Ramesh",
              "non_striker": "HH Aung",
              "runs": {
                "batter": 0,
                "extras": 0,
                "total": 0
              }
            },
            {
              "batter": "KM Myat",
              "bowler": "Damini Ramesh",
              "non_striker": "HH Aung",
              "runs": {
                "batter": 0,
                "extras": 0,
                "total": 0
              }
            },
            {
              "batter": "KM Myat",
              "bowler": "Damini Ramesh",
              "non_striker": "HH Aung",
              "runs": {
                "batter": 1,
                "extras": 0,
                "total": 1
              }
            },
            {
              "batter": "HH Aung",
              "bowler": "Damini Ramesh",
              "extras": {
                "wides": 1
              },
              "non_striker": "KM Myat",
              "runs": {
                "batter": 0,
                "extras": 1,
                "total": 1
              }
            },
            {
              "batter": "HH Aung",
              "bowler": "Damini Ramesh",
              "non_striker": "KM Myat",
              "runs": {
                "batter": 2,
                "extras": 0,
                "total": 2
              }
            },
            {
              "batter": "HH Aung",
              "bowler": "Damini Ramesh",
              "non_striker": "KM Myat",
              "runs": {
                "batter": 2,
                "extras": 0,
                "total": 2
              }
            },
            {
              "batter": "HH Aung",
              "bowler": "Damini Ramesh",
              "extras": {
                "wides": 1
              },
              "non_striker": "KM Myat",
              "runs": {
                "batter": 0,
                "extras": 1,
                "total": 1
              }
            },
            {
              "batter": "HH Aung",
              "bowler": "Damini Ramesh",
              "extras": {
                "wides": 1
              },
              "non_striker": "KM Myat",
              "runs": {
                "batter": 0,
                "extras": 1,
                "total": 1
              }
            },
            {
              "batter": "HH Aung",
              "bowler": "Damini Ramesh",
              "non_striker": "KM Myat",
              "runs": {
                "batter": 1,
                "extras": 0,
                "total": 1
              }
            }
          ]
        },
        {
          "over": 1,
          "deliveries": [
            {
              "batter": "HH Aung",
              "bowler": "GK Diviya",
              "non_striker": "KM Myat",
              "runs": {
                "batter": 0,
                "extras": 0,
                "total": 0
              }
            },
            {
              "batter": "HH Aung",
              "bowler": "GK Diviya",
              "non_striker": "KM Myat",
              "runs": {
                "batter": 0,
                "extras": 0,
                "total": 0
              },
              "wickets": [
                {
                  "player_out": "HH Aung",
                  "fielders": [
                    {
                      "name": "Vinu Kumar"
                    }
                  ],
                  "kind": "caught"
                }
              ]
            },
            {
              "batter": "TT Soe",
              "bowler": "GK Diviya",
              "non_striker": "KM Myat",
              "runs": {
                "batter": 4,
                "extras": 0,
                "total": 4
              }
            },
            {
              "batter": "TT Soe",
              "bowler": "GK Diviya",
              "non_striker": "KM Myat",
              "runs": {
                "batter": 0,
                "extras": 0,
                "total": 0
              }
            },
            {
              "batter": "TT Soe",
              "bowler": "GK Diviya",
              "non_striker": "KM Myat",
              "runs": {
                "batter": 0,
                "extras": 0,
                "total": 0
              }
            },
            {
              "batter": "TT Soe",
              "bowler": "GK Diviya",
              "extras": {
                "wides": 1
              },
              "non_striker": "KM Myat",
              "runs": {
                "batter": 0,
                "extras": 1,
                "total": 1
              }
            },
            {
              "batter": "TT Soe",
              "bowler": "GK Diviya",
              "non_striker": "KM Myat",
              "runs": {
                "batter": 0,
                "extras": 0,
                "total": 0
              }
            }
          ]
        },
        {
          "over": 2,
          "deliveries": [
            {
              "batter": "KM Myat",
              "bowler": "Shafina Mahesh",
              "extras": {
                "wides": 1
              },
              "non_striker": "TT Soe",
              "runs": {
                "batter": 0,
                "extras": 1,
                "total": 1
              }
            },
            {
              "batter": "KM Myat",
              "bowler": "Shafina Mahesh",
              "non_striker": "TT Soe",
              "runs": {
                "batter": 4,
                "extras": 0,
                "total": 4
              }
            },
            {
              "batter": "KM Myat",
              "bowler": "Shafina Mahesh",
              "non_striker": "TT Soe",
              "runs": {
                "batter": 0,
                "extras": 0,
                "total": 0
              }
            },
            {
              "batter": "KM Myat",
              "bowler": "Shafina Mahesh",
              "non_striker": "TT Soe",
              "runs": {
                "batter": 0,
                "extras": 0,
                "total": 0
              }
            },
            {
              "batter": "KM Myat",
              "bowler": "Shafina Mahesh",
              "non_striker": "TT Soe",
              "runs": {
                "batter": 4,
                "extras": 0,
                "total": 4
              }
            },
            {
              "batter": "KM Myat",
              "bowler": "Shafina Mahesh",
              "non_striker": "TT Soe",
              "runs": {
                "batter": 0,
                "extras": 0,
                "total": 0
              }
            },
            {
              "batter": "KM Myat",
              "bowler": "Shafina Mahesh",
              "non_striker": "TT Soe",
              "runs": {
                "batter": 1,
                "extras": 0,
                "total": 1
              }
            }
          ]
        },
        {
          "over": 3,
          "deliveries": [
            {
              "batter": "KM Myat",
              "bowler": "GK Diviya",
              "non_striker": "TT Soe",
              "runs": {
                "batter": 0,
                "extras": 0,
                "total": 0
              }
            },
            {
              "batter": "KM Myat",
              "bowler": "GK Diviya",
              "non_striker": "TT Soe",
              "runs": {
                "batter": 1,
                "extras": 0,
                "total": 1
              }
            },
            {
              "batter": "TT Soe",
              "bowler": "GK Diviya",
              "non_striker": "KM Myat",
              "runs": {
                "batter": 2,
                "extras": 0,
                "total": 2
              }
            },
            {
              "batter": "TT Soe",
              "bowler": "GK Diviya",
              "non_striker": "KM Myat",
              "runs": {
                "batter": 0,
                "extras": 0,
                "total": 0
              }
            },
            {
              "batter": "TT Soe",
              "bowler": "GK Diviya",
              "non_striker": "KM Myat",
              "runs": {
                "batter": 0,
                "extras": 0,
                "total": 0
              }
            },
            {
              "batter": "TT Soe",
              "bowler": "GK Diviya",
              "non_striker": "KM Myat",
              "runs": {
                "batter": 0,
                "extras": 0,
                "total": 0
              }
            }
          ]
        },
        {
          "over": 4,
          "deliveries": [
            {
              "batter": "KM Myat",
              "bowler": "Shafina Mahesh",
              "non_striker": "TT Soe",
              "runs": {
                "batter": 0,
                "extras": 0,
                "total": 0
              }
            },
            {
              "batter": "KM Myat",
              "bowler": "Shafina Mahesh",
              "non_striker": "TT Soe",
              "runs": {
                "batter": 4,
                "extras": 0,
                "total": 4
              }
            },
            {
              "batter": "KM Myat",
              "bowler": "Shafina Mahesh",
              "non_striker": "TT Soe",
              "runs": {
                "batter": 1,
                "extras": 0,
                "total": 1
              }
            },
            {
              "batter": "TT Soe",
              "bowler": "Shafina Mahesh",
              "non_striker": "KM Myat",
              "runs": {
                "batter": 0,
                "extras": 0,
                "total": 0
              },
              "wickets": [
                {
                  "player_out": "TT Soe",
                  "kind": "bowled"
                }
              ]
            },
            {
              "batter": "ZT Kyaw",
              "bowler": "Shafina Mahesh",
              "non_striker": "KM Myat",
              "runs": {
                "batter": 0,
                "extras": 0,
                "total": 0
              }
            },
            {
              "batter": "ZT Kyaw",
              "bowler": "Shafina Mahesh",
              "non_striker": "KM Myat",
              "runs": {
                "batter": 2,
                "extras": 0,
                "total": 2
              }
            }
          ]
        },
        {
          "over": 5,
          "deliveries": [
            {
              "batter": "KM Myat",
              "bowler": "Ada Bhasin",
              "non_striker": "ZT Kyaw",
              "runs": {
                "batter": 1,
                "extras": 0,
                "total": 1
              }
            },
            {
              "batter": "ZT Kyaw",
              "bowler": "Ada Bhasin",
              "extras": {
                "wides": 1
              },
              "non_striker": "KM Myat",
              "runs": {
                "batter": 0,
                "extras": 1,
                "total": 1
              }
            },
            {
              "batter": "ZT Kyaw",
              "bowler": "Ada Bhasin",
              "non_striker": "KM Myat",
              "runs": {
                "batter": 0,
                "extras": 0,
                "total": 0
              }
            },
            {
              "batter": "ZT Kyaw",
              "bowler": "Ada Bhasin",
              "non_striker": "KM Myat",
              "runs": {
                "batter": 0,
                "extras": 0,
                "total": 0
              }
            },
            {
              "batter": "ZT Kyaw",
              "bowler": "Ada Bhasin",
              "non_striker": "KM Myat",
              "runs": {
                "batter": 0,
                "extras": 0,
                "total": 0
              }
            },
            {
              "batter": "ZT Kyaw",
              "bowler": "Ada Bhasin",
              "non_striker": "KM Myat",
              "runs": {
                "batter": 1,
                "extras": 0,
                "total": 1
              }
            },
            {
              "batter": "KM Myat",
              "bowler": "Ada Bhasin",
              "non_striker": "ZT Kyaw",
              "runs": {
                "batter": 4,
                "extras": 0,
                "total": 4
              }
            }
          ]
        },
        {
          "over": 6,
          "deliveries": [
            {
              "batter": "ZT Kyaw",
              "bowler": "Vinu Kumar",
              "non_striker": "KM Myat",
              "runs": {
                "batter": 0,
                "extras": 0,
                "total": 0
              }
            },
            {
              "batter": "ZT Kyaw",
              "bowler": "Vinu Kumar",
              "non_striker": "KM Myat",
              "runs": {
                "batter": 2,
                "extras": 0,
                "total": 2
              }
            },
            {
              "batter": "ZT Kyaw",
              "bowler": "Vinu Kumar",
              "non_striker": "KM Myat",
              "runs": {
                "batter": 1,
                "extras": 0,
                "total": 1
              }
            },
            {
              "batter": "KM Myat",
              "bowler": "Vinu Kumar",
              "non_striker": "ZT Kyaw",
              "runs": {
                "batter": 1,
                "extras": 0,
                "total": 1
              }
            },
            {
              "batter": "ZT Kyaw",
              "bowler": "Vinu Kumar",
              "non_striker": "KM Myat",
              "runs": {
                "batter": 4,
                "extras": 0,
                "total": 4
              }
            },
            {
              "batter": "ZT Kyaw",
              "bowler": "Vinu Kumar",
              "non_striker": "KM Myat",
              "runs": {
                "batter": 1,
                "extras": 0,
                "total": 1
              }
            }
          ]
        },
        {
          "over": 7,
          "deliveries": [
            {
              "batter": "ZT Kyaw",
              "bowler": "Ada Bhasin",
              "extras": {
                "wides": 1
              },
              "non_striker": "KM Myat",
              "runs": {
                "batter": 0,
                "extras": 1,
                "total": 1
              }
            },
            {
              "batter": "ZT Kyaw",
              "bowler": "Ada Bhasin",
              "non_striker": "KM Myat",
              "runs": {
                "batter": 0,
                "extras": 0,
                "total": 0
              }
            },
            {
              "batter": "ZT Kyaw",
              "bowler": "Ada Bhasin",
              "non_striker": "KM Myat",
              "runs": {
                "batter": 0,
                "extras": 0,
                "total": 0
              }
            },
            {
              "batter": "ZT Kyaw",
              "bowler": "Ada Bhasin",
              "non_striker": "KM Myat",
              "runs": {
                "batter": 1,
                "extras": 0,
                "total": 1
              }
            },
            {
              "batter": "KM Myat",
              "bowler": "Ada Bhasin",
              "non_striker": "ZT Kyaw",
              "runs": {
                "batter": 0,
                "extras": 0,
                "total": 0
              }
            },
            {
              "batter": "KM Myat",
              "bowler": "Ada Bhasin",
              "non_striker": "ZT Kyaw",
              "runs": {
                "batter": 1,
                "extras": 0,
                "total": 1
              }
            },
            {
              "batter": "ZT Kyaw",
              "bowler": "Ada Bhasin",
              "non_striker": "KM Myat",
              "runs": {
                "batter": 2,
                "extras": 0,
                "total": 2
              }
            }
          ]
        },
        {
          "over": 8,
          "deliveries": [
            {
              "batter": "KM Myat",
              "bowler": "Vinu Kumar",
              "non_striker": "ZT Kyaw",
              "runs": {
                "batter": 1,
                "extras": 0,
                "total": 1
              }
            },
            {
              "batter": "ZT Kyaw",
              "bowler": "Vinu Kumar",
              "non_striker": "KM Myat",
              "runs": {
                "batter": 0,
                "extras": 0,
                "total": 0
              }
            },
            {
              "batter": "ZT Kyaw",
              "bowler": "Vinu Kumar",
              "non_striker": "KM Myat",
              "runs": {
                "batter": 1,
                "extras": 0,
                "total": 1
              }
            },
            {
              "batter": "KM Myat",
              "bowler": "Vinu Kumar",
              "extras": {
                "wides": 1
              },
              "non_striker": "ZT Kyaw",
              "runs": {
                "batter": 0,
                "extras": 1,
                "total": 1
              }
            },
            {
              "batter": "KM Myat",
              "bowler": "Vinu Kumar",
              "non_striker": "ZT Kyaw",
              "runs": {
                "batter": 0,
                "extras": 0,
                "total": 0
              }
            },
            {
              "batter": "KM Myat",
              "bowler": "Vinu Kumar",
              "non_striker": "ZT Kyaw",
              "runs": {
                "batter": 4,
                "extras": 0,
                "total": 4
              }
            },
            {
              "batter": "KM Myat",
              "bowler": "Vinu Kumar",
              "non_striker": "ZT Kyaw",
              "runs": {
                "batter": 0,
                "extras": 0,
                "total": 0
              }
            }
          ]
        },
        {
          "over": 9,
          "deliveries": [
            {
              "batter": "ZT Kyaw",
              "bowler": "GK Diviya",
              "non_striker": "KM Myat",
              "runs": {
                "batter": 1,
                "extras": 0,
                "total": 1
              }
            },
            {
              "batter": "KM Myat",
              "bowler": "GK Diviya",
              "non_striker": "ZT Kyaw",
              "runs": {
                "batter": 0,
                "extras": 0,
                "total": 0
              }
            },
            {
              "batter": "KM Myat",
              "bowler": "GK Diviya",
              "non_striker": "ZT Kyaw",
              "runs": {
                "batter": 0,
                "extras": 0,
                "total": 0
              }
            },
            {
              "batter": "KM Myat",
              "bowler": "GK Diviya",
              "non_striker": "ZT Kyaw",
              "runs": {
                "batter": 0,
                "extras": 0,
                "total": 0
              }
            },
            {
              "batter": "KM Myat",
              "bowler": "GK Diviya",
              "non_striker": "ZT Kyaw",
              "runs": {
                "batter": 0,
                "extras": 0,
                "total": 0
              }
            },
            {
              "batter": "KM Myat",
              "bowler": "GK Diviya",
              "non_striker": "ZT Kyaw",
              "runs": {
                "batter": 0,
                "extras": 0,
                "total": 0
              }
            }
          ]
        },
        {
          "over": 10,
          "deliveries": [
            {
              "batter": "ZT Kyaw",
              "bowler": "JS Pooranakaran",
              "non_striker": "KM Myat",
              "runs": {
                "batter": 1,
                "extras": 0,
                "total": 1
              }
            },
            {
              "batter": "KM Myat",
              "bowler": "JS Pooranakaran",
              "non_striker": "ZT Kyaw",
              "runs": {
                "batter": 0,
                "extras": 0,
                "total": 0
              },
              "wickets": [
                {
                  "player_out": "KM Myat",
                  "kind": "lbw"
                }
              ]
            },
            {
              "batter": "LL Htun",
              "bowler": "JS Pooranakaran",
              "extras": {
                "wides": 1
              },
              "non_striker": "ZT Kyaw",
              "runs": {
                "batter": 0,
                "extras": 1,
                "total": 1
              }
            },
            {
              "batter": "LL Htun",
              "bowler": "JS Pooranakaran",
              "non_striker": "ZT Kyaw",
              "runs": {
                "batter": 0,
                "extras": 0,
                "total": 0
              }
            },
            {
              "batter": "LL Htun",
              "bowler": "JS Pooranakaran",
              "non_striker": "ZT Kyaw",
              "runs": {
                "batter": 0,
                "extras": 0,
                "total": 0
              }
            },
            {
              "batter": "LL Htun",
              "bowler": "JS Pooranakaran",
              "non_striker": "ZT Kyaw",
              "runs": {
                "batter": 1,
                "extras": 0,
                "total": 1
              }
            },
            {
              "batter": "ZT Kyaw",
              "bowler": "JS Pooranakaran",
              "non_striker": "LL Htun",
              "runs": {
                "batter": 0,
                "extras": 0,
                "total": 0
              }
            }
          ]
        },
        {
          "over": 11,
          "deliveries": [
            {
              "batter": "LL Htun",
              "bowler": "Riyaa Bhasin",
              "extras": {
                "wides": 1
              },
              "non_striker": "ZT Kyaw",
              "runs": {
                "batter": 0,
                "extras": 1,
                "total": 1
              }
            },
            {
              "batter": "LL Htun",
              "bowler": "Riyaa Bhasin",
              "extras": {
                "wides": 1
              },
              "non_striker": "ZT Kyaw",
              "runs": {
                "batter": 0,
                "extras": 1,
                "total": 1
              }
            },
            {
              "batter": "LL Htun",
              "bowler": "Riyaa Bhasin",
              "non_striker": "ZT Kyaw",
              "runs": {
                "batter": 0,
                "extras": 0,
                "total": 0
              }
            },
            {
              "batter": "LL Htun",
              "bowler": "Riyaa Bhasin",
              "non_striker": "ZT Kyaw",
              "runs": {
                "batter": 0,
                "extras": 0,
                "total": 0
              }
            },
            {
              "batter": "LL Htun",
              "bowler": "Riyaa Bhasin",
              "non_striker": "ZT Kyaw",
              "runs": {
                "batter": 1,
                "extras": 0,
                "total": 1
              }
            },
            {
              "batter": "ZT Kyaw",
              "bowler": "Riyaa Bhasin",
              "non_striker": "LL Htun",
              "runs": {
                "batter": 0,
                "extras": 0,
                "total": 0
              }
            },
            {
              "batter": "ZT Kyaw",
              "bowler": "Riyaa Bhasin",
              "non_striker": "LL Htun",
              "runs": {
                "batter": 0,
                "extras": 0,
                "total": 0
              }
            },
            {
              "batter": "ZT Kyaw",
              "bowler": "Riyaa Bhasin",
              "non_striker": "LL Htun",
              "runs": {
                "batter": 4,
                "extras": 0,
                "total": 4
              }
            }
          ]
        },
        {
          "over": 12,
          "deliveries": [
            {
              "batter": "LL Htun",
              "bowler": "JS Pooranakaran",
              "non_striker": "ZT Kyaw",
              "runs": {
                "batter": 0,
                "extras": 0,
                "total": 0
              }
            },
            {
              "batter": "LL Htun",
              "bowler": "JS Pooranakaran",
              "extras": {
                "wides": 1
              },
              "non_striker": "ZT Kyaw",
              "runs": {
                "batter": 0,
                "extras": 1,
                "total": 1
              }
            },
            {
              "batter": "LL Htun",
              "bowler": "JS Pooranakaran",
              "non_striker": "ZT Kyaw",
              "runs": {
                "batter": 0,
                "extras": 0,
                "total": 0
              },
              "wickets": [
                {
                  "player_out": "LL Htun",
                  "fielders": [
                    {
                      "name": "PSR Gurusinghe"
                    }
                  ],
                  "kind": "stumped"
                }
              ]
            },
            {
              "batter": "ZL Win",
              "bowler": "JS Pooranakaran",
              "extras": {
                "wides": 1
              },
              "non_striker": "ZT Kyaw",
              "runs": {
                "batter": 0,
                "extras": 1,
                "total": 1
              }
            },
            {
              "batter": "ZL Win",
              "bowler": "JS Pooranakaran",
              "extras": {
                "wides": 1
              },
              "non_striker": "ZT Kyaw",
              "runs": {
                "batter": 0,
                "extras": 1,
                "total": 1
              }
            },
            {
              "batter": "ZL Win",
              "bowler": "JS Pooranakaran",
              "non_striker": "ZT Kyaw",
              "runs": {
                "batter": 1,
                "extras": 0,
                "total": 1
              }
            },
            {
              "batter": "ZT Kyaw",
              "bowler": "JS Pooranakaran",
              "extras": {
                "wides": 1
              },
              "non_striker": "ZL Win",
              "runs": {
                "batter": 0,
                "extras": 1,
                "total": 1
              }
            },
            {
              "batter": "ZT Kyaw",
              "bowler": "JS Pooranakaran",
              "non_striker": "ZL Win",
              "runs": {
                "batter": 2,
                "extras": 0,
                "total": 2
              }
            },
            {
              "batter": "ZT Kyaw",
              "bowler": "JS Pooranakaran",
              "extras": {
                "wides": 1
              },
              "non_striker": "ZL Win",
              "runs": {
                "batter": 0,
                "extras": 1,
                "total": 1
              }
            },
            {
              "batter": "ZT Kyaw",
              "bowler": "JS Pooranakaran",
              "non_striker": "ZL Win",
              "runs": {
                "batter": 0,
                "extras": 0,
                "total": 0
              }
            },
            {
              "batter": "ZT Kyaw",
              "bowler": "JS Pooranakaran",
              "extras": {
                "wides": 1
              },
              "non_striker": "ZL Win",
              "runs": {
                "batter": 0,
                "extras": 1,
                "total": 1
              }
            },
            {
              "batter": "ZT Kyaw",
              "bowler": "JS Pooranakaran",
              "extras": {
                "wides": 1
              },
              "non_striker": "ZL Win",
              "runs": {
                "batter": 0,
                "extras": 1,
                "total": 1
              }
            },
            {
              "batter": "ZT Kyaw",
              "bowler": "JS Pooranakaran",
              "non_striker": "ZL Win",
              "runs": {
                "batter": 1,
                "extras": 0,
                "total": 1
              }
            }
          ]
        },
        {
          "over": 13,
          "deliveries": [
            {
              "batter": "ZT Kyaw",
              "bowler": "GK Diviya",
              "non_striker": "ZL Win",
              "runs": {
                "batter": 2,
                "extras": 0,
                "total": 2
              }
            },
            {
              "batter": "ZT Kyaw",
              "bowler": "GK Diviya",
              "non_striker": "ZL Win",
              "runs": {
                "batter": 0,
                "extras": 0,
                "total": 0
              }
            },
            {
              "batter": "ZT Kyaw",
              "bowler": "GK Diviya",
              "non_striker": "ZL Win",
              "runs": {
                "batter": 0,
                "extras": 0,
                "total": 0
              }
            },
            {
              "batter": "ZT Kyaw",
              "bowler": "GK Diviya",
              "non_striker": "ZL Win",
              "runs": {
                "batter": 0,
                "extras": 0,
                "total": 0
              },
              "wickets": [
                {
                  "player_out": "ZT Kyaw",
                  "kind": "bowled"
                }
              ]
            },
            {
              "batter": "MPP San",
              "bowler": "GK Diviya",
              "non_striker": "ZL Win",
              "runs": {
                "batter": 0,
                "extras": 0,
                "total": 0
              }
            },
            {
              "batter": "MPP San",
              "bowler": "GK Diviya",
              "non_striker": "ZL Win",
              "runs": {
                "batter": 0,
                "extras": 0,
                "total": 0
              }
            }
          ]
        },
        {
          "over": 14,
          "deliveries": [
            {
              "batter": "ZL Win",
              "bowler": "Shafina Mahesh",
              "non_striker": "MPP San",
              "runs": {
                "batter": 0,
                "extras": 0,
                "total": 0
              }
            },
            {
              "batter": "ZL Win",
              "bowler": "Shafina Mahesh",
              "non_striker": "MPP San",
              "runs": {
                "batter": 1,
                "extras": 0,
                "total": 1
              }
            },
            {
              "batter": "MPP San",
              "bowler": "Shafina Mahesh",
              "non_striker": "ZL Win",
              "runs": {
                "batter": 1,
                "extras": 0,
                "total": 1
              }
            }
          ]
        }
      ],
      "powerplays": [
        {
          "from": 0.1,
          "to": 5.7,
          "type": "mandatory"
        }
      ],
      "target": {
        "overs": 20,
        "runs": 88
      }
    }
  ]
}