{
  "meta": {
    "data_version": "1.1.0",
    "created": "2024-03-01",
    "revision": 1
  },
  "info": {
    "balls_per_over": 6,
    "city": "Doha",
    "dates": [
      "2024-03-01"
    ],
    "event": {
      "name": "Hong Kong tour of Qatar",
      "match_number": 3
    },
    "gender": "male",
    "match_type": "T20",
    "match_type_number": 2491,
    "officials": {
      "reserve_umpires": [
        "Riyaz Kurupkar"
      ],
      "umpires": [
        "Abdul Jabbar",
        "Muhammad Usman"
      ]
    },
    "outcome": {
      "result": "tie",
      "eliminator": "Hong Kong"
    },
    "overs": 20,
    "player_of_match": [
      "Dhananjay Rao"
    ],
    "players": {
      "Qatar": [
        "Adnan Mirza",
        "Saqlain Arshad",
        "I Liyanage",
        "MM Baig",
        "Muhammad Tanveer",
        "Amir Farooq",
        "Shahzaib Jamil",
        "H Rathod",
        "P Gopalkrishnan",
        "Gayan Munaweera",
        "Muhammad Jabir"
      ],
      "Hong Kong": [
        "M Coetzee",
        "Nizakat Khan",
        "Anshuman Rath",
        "Babar Hayat",
        "Aizaz Khan",
        "Yasim Murtaza",
        "Zeeshan Ali",
        "Nasrulla Rana",
        "Ehsan Khan",
        "Dhananjay Rao",
        "A Shukla"
      ]
    },
    "registry": {
      "people": {
        "A Shukla": "a1e80d06",
        "Abdul Jabbar": "3f4b9ae5",
        "Adnan Mirza": "745c3cbc",
        "Aizaz Khan": "f6c2659d",
        "Amir Farooq": "6e991bd4",
        "Anshuman Rath": "552b228c",
        "Babar Hayat": "fbb657bb",
        "Dhananjay Rao": "6a11facf",
        "Ehsan Khan": "d3851cd8",
        "Gayan Munaweera": "62141a22",
        "H Rathod": "1f943bef",
        "I Liyanage": "826e1017",
        "M Coetzee": "3f149080",
        "MM Baig": "add288ea",
        "Muhammad Jabir": "b67af1c4",
        "Muhammad Tanveer": "aef39fe4",
        "Muhammad Usman": "05b35689",
        "Nasrulla Rana": "9ffb7550",
        "Nizakat Khan": "e3eb9e46",
        "P Gopalkrishnan": "872d51a6",
        "Riyaz Kurupkar": "3ebebb18",
        "Saqlain Arshad": "71ad618b",
        "Shahzaib Jamil": "fbb6d1a7",
        "Yasim Murtaza": "c9d05f1a",
        "Zeeshan Ali": "987187b9"
      }
    },
    "season": "2023/24",
    "team_type": "international",
    "teams": [
      "Qatar",
      "Hong Kong"
    ],
    "toss": {
      "decision": "field",
      "winner": "Hong Kong"
    },
    "venue": "West End Park International Cricket Stadium, Doha"
  },
  "innings": [
    {
      "team": "Qatar",
      "overs": [
        {
          "over": 0,
          "deliveries": [
            {
              "batter": "Adnan Mirza",
              "bowler": "Dhananjay Rao",
              "non_striker": "Saqlain Arshad",
              "runs": {
                "batter": 1,
                "extras": 0,
                "total": 1
              }
            },
            {
              "batter": "Saqlain Arshad",
              "bowler": "Dhananjay Rao",
              "non_striker": "Adnan Mirza",
              "runs": {
                "batter": 1,
                "extras": 0,
                "total": 1
              }
            },
            {
              "batter": "Adnan Mirza",
              "bowler": "Dhananjay Rao",
              "non_striker": "Saqlain Arshad",
              "runs": {
                "batter": 0,
                "extras": 0,
                "total": 0
              }
            },
            {
              "batter": "Adnan Mirza",
              "bowler": "Dhananjay Rao",
              "non_striker": "Saqlain Arshad",
              "runs": {
                "batter": 0,
                "extras": 0,
                "total": 0
              },
              "wickets": [
                {
                  "player_out": "Adnan Mirza",
                  "fielders": [
                    {
                      "name": "A Shukla"
                    }
                  ],
                  "kind": "caught"
                }
              ]
            },
            {
              "batter": "I Liyanage",
              "bowler": "Dhananjay Rao",
              "non_striker": "Saqlain Arshad",
              "runs": {
                "batter": 0,
                "extras": 0,
                "total": 0
              }
            },
            {
              "batter": "I Liyanage",
              "bowler": "Dhananjay Rao",
              "non_striker": "Saqlain Arshad",
              "runs": {
                "batter": 0,
                "extras": 0,
                "total": 0
              }
            }
          ]
        },
        {
          "over": 1,
          "deliveries": [
            {
              "batter": "Saqlain Arshad",
              "bowler": "A Shukla",
              "non_striker": "I Liyanage",
              "runs": {
                "batter": 1,
                "extras": 0,
                "total": 1
              }
            },
            {
              "batter": "I Liyanage",
              "bowler": "A Shukla",
              "non_striker": "Saqlain Arshad",
              "runs": {
                "batter": 1,
                "extras": 0,
                "total": 1
              }
            },
            {
              "batter": "Saqlain Arshad",
              "bowler": "A Shukla",
              "non_striker": "I Liyanage",
              "runs": {
                "batter": 4,
                "extras": 0,
                "total": 4
              }
            },
            {
              "batter": "Saqlain Arshad",
              "bowler": "A Shukla",
              "non_striker": "I Liyanage",
              "runs": {
                "batter": 1,
                "extras": 0,
                "total": 1
              }
            },
            {
              "batter": "I Liyanage",
              "bowler": "A Shukla",
              "non_striker": "Saqlain Arshad",
              "runs": {
                "batter": 0,
                "extras": 0,
                "total": 0
              }
            },
            {
              "batter": "I Liyanage",
              "bowler": "A Shukla",
              "non_striker": "Saqlain Arshad",
              "runs": {
                "batter": 1,
                "extras": 0,
                "total": 1
              }
            }
          ]
        },
        {
          "over": 2,
          "deliveries": [
            {
              "batter": "I Liyanage",
              "bowler": "Dhananjay Rao",
              "non_striker": "Saqlain Arshad",
              "runs": {
                "batter": 1,
                "extras": 0,
                "total": 1
              }
            },
            {
              "batter": "Saqlain Arshad",
              "bowler": "Dhananjay Rao",
              "non_striker": "I Liyanage",
              "runs": {
                "batter": 1,
                "extras": 0,
                "total": 1
              }
            },
            {
              "batter": "I Liyanage",
              "bowler": "Dhananjay Rao",
              "non_striker": "Saqlain Arshad",
              "runs": {
                "batter": 0,
                "extras": 0,
                "total": 0
              },
              "wickets": [
                {
                  "player_out": "I Liyanage",
                  "kind": "bowled"
                }
              ]
            },
            {
              "batter": "MM Baig",
              "bowler": "Dhananjay Rao",
              "non_striker": "Saqlain Arshad",
              "runs": {
                "batter": 0,
                "extras": 0,
                "total": 0
              },
              "wickets": [
                {
                  "player_out": "MM Baig",
                  "kind": "bowled"
                }
              ]
            },
            {
              "batter": "Muhammad Tanveer",
              "bowler": "Dhananjay Rao",
              "non_striker": "Saqlain Arshad",
              "runs": {
                "batter": 0,
                "extras": 0,
                "total": 0
              }
            },
            {
              "batter": "Muhammad Tanveer",
              "bowler": "Dhananjay Rao",
              "non_striker": "Saqlain Arshad",
              "runs": {
                "batter": 4,
                "extras": 0,
                "total": 4
              }
            }
          ]
        },
        {
          "over": 3,
          "deliveries": [
            {
              "batter": "Saqlain Arshad",
              "bowler": "A Shukla",
              "non_striker": "Muhammad Tanveer",
              "runs": {
                "batter": 1,
                "extras": 0,
                "total": 1
              }
            },
            {
              "batter": "Muhammad Tanveer",
              "bowler": "A Shukla",
              "non_striker": "Saqlain Arshad",
              "runs": {
                "batter": 0,
                "extras": 0,
                "total": 0
              }
            },
            {
              "batter": "Muhammad Tanveer",
              "bowler": "A Shukla",
              "non_striker": "Saqlain Arshad",
              "runs": {
                "batter": 0,
                "extras": 0,
                "total": 0
              }
            },
            {
              "batter": "Muhammad Tanveer",
              "bowler": "A Shukla",
              "non_striker": "Saqlain Arshad",
              "runs": {
                "batter": 0,
                "extras": 0,
                "total": 0
              }
            },
            {
              "batter": "Muhammad Tanveer",
              "bowler": "A Shukla",
              "non_striker": "Saqlain Arshad",
              "runs": {
                "batter": 1,
                "extras": 0,
                "total": 1
              }
            },
            {
              "batter": "Saqlain Arshad",
              "bowler": "A Shukla",
              "non_striker": "Muhammad Tanveer",
              "runs": {
                "batter": 0,
                "extras": 0,
                "total": 0
              },
              "wickets": [
                {
                  "player_out": "Saqlain Arshad",
                  "fielders": [
                    {
                      "name": "M Coetzee"
                    }
                  ],
                  "kind": "caught"
                }
              ]
            }
          ]
        },
        {
          "over": 4,
          "deliveries": [
            {
              "batter": "Muhammad Tanveer",
              "bowler": "Dhananjay Rao",
              "extras": {
                "legbyes": 1
              },
              "non_striker": "Amir Farooq",
              "runs": {
                "batter": 0,
                "extras": 1,
                "total": 1
              }
            },
            {
              "batter": "Amir Farooq",
              "bowler": "Dhananjay Rao",
              "non_striker": "Muhammad Tanveer",
              "runs": {
                "batter": 0,
                "extras": 0,
                "total": 0
              }
            },
            {
              "batter": "Amir Farooq",
              "bowler": "Dhananjay Rao",
              "non_striker": "Muhammad Tanveer",
              "runs": {
                "batter": 0,
                "extras": 0,
                "total": 0
              }
            },
            {
              "batter": "Amir Farooq",
              "bowler": "Dhananjay Rao",
              "non_striker": "Muhammad Tanveer",
              "runs": {
                "batter": 0,
                "extras": 0,
                "total": 0
              }
            },
            {
              "batter": "Amir Farooq",
              "bowler": "Dhananjay Rao",
              "non_striker": "Muhammad Tanveer",
              "runs": {
                "batter": 4,
                "extras": 0,
                "total": 4
              }
            },
            {
              "batter": "Amir Farooq",
              "bowler": "Dhananjay Rao",
              "non_striker": "Muhammad Tanveer",
              "runs": {
                "batter": 1,
                "extras": 0,
                "total": 1
              }
            }
          ]
        },
        {
          "over": 5,
          "deliveries": [
            {
              "batter": "Amir Farooq",
              "bowler": "Ehsan Khan",
              "non_striker": "Muhammad Tanveer",
              "runs": {
                "batter": 0,
                "extras": 0,
                "total": 0
              }
            },
            {
              "batter": "Amir Farooq",
              "bowler": "Ehsan Khan",
              "non_striker": "Muhammad Tanveer",
              "runs": {
                "batter": 0,
                "extras": 0,
                "total": 0
              }
            },
            {
              "batter": "Amir Farooq",
              "bowler": "Ehsan Khan",
              "non_striker": "Muhammad Tanveer",
              "runs": {
                "batter": 1,
                "extras": 0,
                "total": 1
              }
            },
            {
              "batter": "Muhammad Tanveer",
              "bowler": "Ehsan Khan",
              "non_striker": "Amir Farooq",
              "runs": {
                "batter": 0,
                "extras": 0,
                "total": 0
              }
            },
            {
              "batter": "Muhammad Tanveer",
              "bowler": "Ehsan Khan",
              "non_striker": "Amir Farooq",
              "runs": {
                "batter": 1,
                "extras": 0,
                "total": 1
              }
            },
            {
              "batter": "Amir Farooq",
              "bowler": "Ehsan Khan",
              "non_striker": "Muhammad Tanveer",
              "runs": {
                "batter": 1,
                "extras": 0,
                "total": 1
              }
            }
          ]
        },
        {
          "over": 6,
          "deliveries": [
            {
              "batter": "Amir Farooq",
              "bowler": "Dhananjay Rao",
              "non_striker": "Muhammad Tanveer",
              "runs": {
                "batter": 0,
                "extras": 0,
                "total": 0
              }
            },
            {
              "batter": "Amir Farooq",
              "bowler": "Dhananjay Rao",
              "non_striker": "Muhammad Tanveer",
              "runs": {
                "batter": 0,
                "extras": 0,
                "total": 0
              },
              "wickets": [
                {
                  "player_out": "Amir Farooq",
                  "fielders": [
                    {
                      "name": "Nasrulla Rana"
                    }
                  ],
                  "kind": "caught"
                }
              ]
            },
            {
              "batter": "Shahzaib Jamil",
              "bowler": "Dhananjay Rao",
              "non_striker": "Muhammad Tanveer",
              "runs": {
                "batter": 0,
                "extras": 0,
                "total": 0
              }
            },
            {
              "batter": "Shahzaib Jamil",
              "bowler": "Dhananjay Rao",
              "non_striker": "Muhammad Tanveer",
              "runs": {
                "batter": 0,
                "extras": 0,
                "total": 0
              }
            },
            {
              "batter": "Shahzaib Jamil",
              "bowler": "Dhananjay Rao",
              "non_striker": "Muhammad Tanveer",
              "runs": {
                "batter": 0,
                "extras": 0,
                "total": 0
              }
            },
            {
              "batter": "Shahzaib Jamil",
              "bowler": "Dhananjay Rao",
              "non_striker": "Muhammad Tanveer",
              "runs": {
                "batter": 0,
                "extras": 0,
                "total": 0
              }
            }
          ]
        },
        {
          "over": 7,
          "deliveries": [
            {
              "batter": "Muhammad Tanveer",
              "bowler": "Ehsan Khan",
              "non_striker": "Shahzaib Jamil",
              "runs": {
                "batter": 0,
                "extras": 0,
                "total": 0
              }
            },
            {
              "batter": "Muhammad Tanveer",
              "bowler": "Ehsan Khan",
              "non_striker": "Shahzaib Jamil",
              "runs": {
                "batter": 1,
                "extras": 0,
                "total": 1
              }
            },
            {
              "batter": "Shahzaib Jamil",
              "bowler": "Ehsan Khan",
              "non_striker": "Muhammad Tanveer",
              "runs": {
                "batter": 4,
                "extras": 0,
                "total": 4
              }
            },
            {
              "batter": "Shahzaib Jamil",
              "bowler": "Ehsan Khan",
              "non_striker": "Muhammad Tanveer",
              "runs": {
                "batter": 1,
                "extras": 0,
                "total": 1
              }
            },
            {
              "batter": "Muhammad Tanveer",
              "bowler": "Ehsan Khan",
              "non_striker": "Shahzaib Jamil",
              "runs": {
                "batter": 0,
                "extras": 0,
                "total": 0
              }
            },
            {
              "batter": "Muhammad Tanveer",
              "bowler": "Ehsan Khan",
              "non_striker": "Shahzaib Jamil",
              "runs": {
                "batter": 1,
                "extras": 0,
                "total": 1
              }
            }
          ]
        },
        {
          "over": 8,
          "deliveries": [
            {
              "batter": "Muhammad Tanveer",
              "bowler": "Nasrulla Rana",
              "non_striker": "Shahzaib Jamil",
              "runs": {
                "batter": 0,
                "extras": 0,
                "total": 0
              }
            },
            {
              "batter": "Muhammad Tanveer",
              "bowler": "Nasrulla Rana",
              "non_striker": "Shahzaib Jamil",
              "runs": {
                "batter": 4,
                "extras": 0,
                "total": 4
              }
            },
            {
              "batter": "Muhammad Tanveer",
              "bowler": "Nasrulla Rana",
              "non_striker": "Shahzaib Jamil",
              "runs": {
                "batter": 0,
                "extras": 0,
                "total": 0
              }
            },
            {
              "batter": "Muhammad Tanveer",
              "bowler": "Nasrulla Rana",
              "non_striker": "Shahzaib Jamil",
              "runs": {
                "batter": 6,
                "extras": 0,
                "total": 6
              }
            },
            {
              "batter": "Muhammad Tanveer",
              "bowler": "Nasrulla Rana",
              "non_striker": "Shahzaib Jamil",
              "runs": {
                "batter": 1,
                "extras": 0,
                "total": 1
              }
            },
            {
              "batter": "Shahzaib Jamil",
              "bowler": "Nasrulla Rana",
              "non_striker": "Muhammad Tanveer",
              "runs": {
                "batter": 0,
                "extras": 0,
                "total": 0
              }
            }
          ]
        },
        {
          "over": 9,
          "deliveries": [
            {
              "batter": "Muhammad Tanveer",
              "bowler": "Ehsan Khan",
              "non_striker": "Shahzaib Jamil",
              "runs": {
                "batter": 0,
                "extras": 0,
                "total": 0
              },
              "wickets": [
                {
                  "player_out": "Muhammad Tanveer",
                  "kind": "bowled"
                }
              ]
            },
            {
              "batter": "H Rathod",
              "bowler": "Ehsan Khan",
              "non_striker": "Shahzaib Jamil",
              "runs": {
                "batter": 0,
                "extras": 0,
                "total": 0
              }
            },
            {
              "batter": "H Rathod",
              "bowler": "Ehsan Khan",
              "non_striker": "Shahzaib Jamil",
              "runs": {
                "batter": 1,
                "extras": 0,
                "total": 1
              }
            },
            {
              "batter": "Shahzaib Jamil",
              "bowler": "Ehsan Khan",
              "non_striker": "H Rathod",
              "runs": {
                "batter": 1,
                "extras": 0,
                "total": 1
              }
            },
            {
              "batter": "H Rathod",
              "bowler": "Ehsan Khan",
              "non_striker": "Shahzaib Jamil",
              "runs": {
                "batter": 0,
                "extras": 0,
                "total": 0
              }
            },
            {
              "batter": "H Rathod",
              "bowler": "Ehsan Khan",
              "non_striker": "Shahzaib Jamil",
              "runs": {
                "batter": 0,
                "extras": 0,
                "total": 0
              }
            }
          ]
        },
        {
          "over": 10,
          "deliveries": [
            {
              "batter": "Shahzaib Jamil",
              "bowler": "Nasrulla Rana",
              "non_striker": "H Rathod",
              "runs": {
                "batter": 1,
                "extras": 0,
                "total": 1
              }
            },
            {
              "batter": "H Rathod",
              "bowler": "Nasrulla Rana",
              "non_striker": "Shahzaib Jamil",
              "runs": {
                "batter": 0,
                "extras": 0,
                "total": 0
              }
            },
            {
              "batter": "H Rathod",
              "bowler": "Nasrulla Rana",
              "non_striker": "Shahzaib Jamil",
              "runs": {
                "batter": 0,
                "extras": 0,
                "total": 0
              }
            },
            {
              "batter": "H Rathod",
              "bowler": "Nasrulla Rana",
              "non_striker": "Shahzaib Jamil",
              "runs": {
                "batter": 1,
                "extras": 0,
                "total": 1
              }
            },
            {
              "batter": "Shahzaib Jamil",
              "bowler": "Nasrulla Rana",
              "non_striker": "H Rathod",
              "runs": {
                "batter": 1,
                "extras": 0,
                "total": 1
              }
            },
            {
              "batter": "H Rathod",
              "bowler": "Nasrulla Rana",
              "non_striker": "Shahzaib Jamil",
              "runs": {
                "batter": 0,
                "extras": 0,
                "total": 0
              }
            }
          ]
        },
        {
          "over": 11,
          "deliveries": [
            {
              "batter": "Shahzaib Jamil",
              "bowler": "Ehsan Khan",
              "non_striker": "H Rathod",
              "runs": {
                "batter": 1,
                "extras": 0,
                "total": 1
              }
            },
            {
              "batter": "H Rathod",
              "bowler": "Ehsan Khan",
              "non_striker": "Shahzaib Jamil",
              "runs": {
                "batter": 0,
                "extras": 0,
                "total": 0
              }
            },
            {
              "batter": "H Rathod",
              "bowler": "Ehsan Khan",
              "non_striker": "Shahzaib Jamil",
              "runs": {
                "batter": 0,
                "extras": 0,
                "total": 0
              }
            },
            {
              "batter": "H Rathod",
              "bowler": "Ehsan Khan",
              "non_striker": "Shahzaib Jamil",
              "runs": {
                "batter": 0,
                "extras": 0,
                "total": 0
              }
            },
            {
              "batter": "H Rathod",
              "bowler": "Ehsan Khan",
              "non_striker": "Shahzaib Jamil",
              "runs": {
                "batter": 2,
                "extras": 0,
                "total": 2
              }
            },
            {
              "batter": "H Rathod",
              "bowler": "Ehsan Khan",
              "non_striker": "Shahzaib Jamil",
              "runs": {
                "batter": 0,
                "extras": 0,
                "total": 0
              }
            }
          ]
        },
        {
          "over": 12,
          "deliveries": [
            {
              "batter": "Shahzaib Jamil",
              "bowler": "Aizaz Khan",
              "non_striker": "H Rathod",
              "runs": {
                "batter": 1,
                "extras": 0,
                "total": 1
              }
            },
            {
              "batter": "H Rathod",
              "bowler": "Aizaz Khan",
              "extras": {
                "wides": 1
              },
              "non_striker": "Shahzaib Jamil",
              "runs": {
                "batter": 0,
                "extras": 1,
                "total": 1
              }
            },
            {
              "batter": "H Rathod",
              "bowler": "Aizaz Khan",
              "non_striker": "Shahzaib Jamil",
              "runs": {
                "batter": 0,
                "extras": 0,
                "total": 0
              },
              "wickets": [
                {
                  "player_out": "Shahzaib Jamil",
                  "fielders": [
                    {
                      "name": "M Coetzee"
                    }
                  ],
                  "kind": "run out"
                }
              ]
            },
            {
              "batter": "P Gopalkrishnan",
              "bowler": "Aizaz Khan",
              "non_striker": "H Rathod",
              "runs": {
                "batter": 0,
                "extras": 0,
                "total": 0
              }
            },
            {
              "batter": "P Gopalkrishnan",
              "bowler": "Aizaz Khan",
              "extras": {
                "wides": 1
              },
              "non_striker": "H Rathod",
              "runs": {
                "batter": 0,
                "extras": 1,
                "total": 1
              }
            },
            {
              "batter": "P Gopalkrishnan",
              "bowler": "Aizaz Khan",
              "non_striker": "H Rathod",
              "runs": {
                "batter": 0,
                "extras": 0,
                "total": 0
              },
              "wickets": [
                {
                  "player_out": "P Gopalkrishnan",
                  "fielders": [
                    {
                      "name": "Zeeshan Ali"
                    }
                  ],
                  "kind": "caught"
                }
              ]
            },
            {
              "batter": "Gayan Munaweera",
              "bowler": "Aizaz Khan",
              "non_striker": "H Rathod",
              "runs": {
                "batter": 0,
                "extras": 0,
                "total": 0
              }
            },
            {
              "batter": "Gayan Munaweera",
              "bowler": "Aizaz Khan",
              "non_striker": "H Rathod",
              "runs": {
                "batter": 4,
                "extras": 0,
                "total": 4
              }
            }
          ]
        },
        {
          "over": 13,
          "deliveries": [
            {
              "batter": "H Rathod",
              "bowler": "Yasim Murtaza",
              "non_striker": "Gayan Munaweera",
              "runs": {
                "batter": 0,
                "extras": 0,
                "total": 0
              }
            },
            {
              "batter": "H Rathod",
              "bowler": "Yasim Murtaza",
              "non_striker": "Gayan Munaweera",
              "runs": {
                "batter": 0,
                "extras": 0,
                "total": 0
              }
            },
            {
              "batter": "H Rathod",
              "bowler": "Yasim Murtaza",
              "non_striker": "Gayan Munaweera",
              "runs": {
                "batter": 1,
                "extras": 0,
                "total": 1
              }
            },
            {
              "batter": "Gayan Munaweera",
              "bowler": "Yasim Murtaza",
              "non_striker": "H Rathod",
              "runs": {
                "batter": 2,
                "extras": 0,
                "total": 2
              }
            },
            {
              "batter": "Gayan Munaweera",
              "bowler": "Yasim Murtaza",
              "non_striker": "H Rathod",
              "runs": {
                "batter": 0,
                "extras": 0,
                "total": 0
              }
            },
            {
              "batter": "Gayan Munaweera",
              "bowler": "Yasim Murtaza",
              "non_striker": "H Rathod",
              "runs": {
                "batter": 1,
                "extras": 0,
                "total": 1
              }
            }
          ]
        },
        {
          "over": 14,
          "deliveries": [
            {
              "batter": "Gayan Munaweera",
              "bowler": "Aizaz Khan",
              "non_striker": "H Rathod",
              "runs": {
                "batter": 1,
                "extras": 0,
                "total": 1
              }
            },
            {
              "batter": "H Rathod",
              "bowler": "Aizaz Khan",
              "non_striker": "Gayan Munaweera",
              "runs": {
                "batter": 0,
                "extras": 0,
                "total": 0
              }
            },
            {
              "batter": "H Rathod",
              "bowler": "Aizaz Khan",
              "non_striker": "Gayan Munaweera",
              "runs": {
                "batter": 4,
                "extras": 0,
                "total": 4
              }
            },
            {
              "batter": "H Rathod",
              "bowler": "Aizaz Khan",
              "non_striker": "Gayan Munaweera",
              "runs": {
                "batter": 4,
                "extras": 0,
                "total": 4
              }
            },
            {
              "batter": "H Rathod",
              "bowler": "Aizaz Khan",
              "extras": {
                "wides": 1
              },
              "non_striker": "Gayan Munaweera",
              "runs": {
                "batter": 0,
                "extras": 1,
                "total": 1
              }
            },
            {
              "batter": "H Rathod",
              "bowler": "Aizaz Khan",
              "non_striker": "Gayan Munaweera",
              "runs": {
                "batter": 0,
                "extras": 0,
                "total": 0
              }
            },
            {
              "batter": "H Rathod",
              "bowler": "Aizaz Khan",
              "non_striker": "Gayan Munaweera",
              "runs": {
                "batter": 1,
                "extras": 0,
                "total": 1
              }
            }
          ]
        },
        {
          "over": 15,
          "deliveries": [
            {
              "batter": "H Rathod",
              "bowler": "Yasim Murtaza",
              "extras": {
                "legbyes": 1
              },
              "non_striker": "Gayan Munaweera",
              "runs": {
                "batter": 0,
                "extras": 1,
                "total": 1
              }
            },
            {
              "batter": "Gayan Munaweera",
              "bowler": "Yasim Murtaza",
              "non_striker": "H Rathod",
              "runs": {
                "batter": 4,
                "extras": 0,
                "total": 4
              }
            },
            {
              "batter": "Gayan Munaweera",
              "bowler": "Yasim Murtaza",
              "non_striker": "H Rathod",
              "runs": {
                "batter": 1,
                "extras": 0,
                "total": 1
              }
            },
            {
              "batter": "H Rathod",
              "bowler": "Yasim Murtaza",
              "non_striker": "Gayan Munaweera",
              "runs": {
                "batter": 0,
                "extras": 0,
                "total": 0
              }
            },
            {
              "batter": "H Rathod",
              "bowler": "Yasim Murtaza",
              "non_striker": "Gayan Munaweera",
              "runs": {
                "batter": 6,
                "extras": 0,
                "total": 6
              }
            },
            {
              "batter": "H Rathod",
              "bowler": "Yasim Murtaza",
              "non_striker": "Gayan Munaweera",
              "runs": {
                "batter": 2,
                "extras": 0,
                "total": 2
              }
            }
          ]
        },
        {
          "over": 16,
          "deliveries": [
            {
              "batter": "Gayan Munaweera",
              "bowler": "Nasrulla Rana",
              "non_striker": "H Rathod",
              "runs": {
                "batter": 1,
                "extras": 0,
                "total": 1
              }
            },
            {
              "batter": "H Rathod",
              "bowler": "Nasrulla Rana",
              "non_striker": "Gayan Munaweera",
              "runs": {
                "batter": 1,
                "extras": 0,
                "total": 1
              }
            },
            {
              "batter": "Gayan Munaweera",
              "bowler": "Nasrulla Rana",
              "non_striker": "H Rathod",
              "runs": {
                "batter": 1,
                "extras": 0,
                "total": 1
              }
            },
            {
              "batter": "H Rathod",
              "bowler": "Nasrulla Rana",
              "non_striker": "Gayan Munaweera",
              "runs": {
                "batter": 1,
                "extras": 0,
                "total": 1
              }
            },
            {
              "batter": "Gayan Munaweera",
              "bowler": "Nasrulla Rana",
              "non_striker": "H Rathod",
              "runs": {
                "batter": 0,
                "extras": 0,
                "total": 0
              }
            },
            {
              "batter": "Gayan Munaweera",
              "bowler": "Nasrulla Rana",
              "non_striker": "H Rathod",
              "runs": {
                "batter": 1,
                "extras": 0,
                "total": 1
              }
            }
          ]
        },
        {
          "over": 17,
          "deliveries": [
            {
              "batter": "Gayan Munaweera",
              "bowler": "A Shukla",
              "non_striker": "H Rathod",
              "runs": {
                "batter": 0,
                "extras": 0,
                "total": 0
              }
            },
            {
              "batter": "Gayan Munaweera",
              "bowler": "A Shukla",
              "non_striker": "H Rathod",
              "runs": {
                "batter": 0,
                "extras": 0,
                "total": 0
              }
            },
            {
              "batter": "Gayan Munaweera",
              "bowler": "A Shukla",
              "non_striker": "H Rathod",
              "runs": {
                "batter": 4,
                "extras": 0,
                "total": 4
              }
            },
            {
              "batter": "Gayan Munaweera",
              "bowler": "A Shukla",
              "non_striker": "H Rathod",
              "runs": {
                "batter": 1,
                "extras": 0,
                "total": 1
              }
            },
            {
              "batter": "H Rathod",
              "bowler": "A Shukla",
              "extras": {
                "wides": 1
              },
              "non_striker": "Gayan Munaweera",
              "runs": {
                "batter": 0,
                "extras": 1,
                "total": 1
              }
            },
            {
              "batter": "H Rathod",
              "bowler": "A Shukla",
              "extras": {
                "wides": 1
              },
              "non_striker": "Gayan Munaweera",
              "runs": {
                "batter": 0,
                "extras": 1,
                "total": 1
              }
            },
            {
              "batter": "H Rathod",
              "bowler": "A Shukla",
              "non_striker": "Gayan Munaweera",
              "runs": {
                "batter": 4,
                "extras": 0,
                "total": 4
              }
            },
            {
              "batter": "H Rathod",
              "bowler": "A Shukla",
              "non_striker": "Gayan Munaweera",
              "runs": {
                "batter": 6,
                "extras": 0,
                "total": 6
              }
            }
          ]
        },
        {
          "over": 18,
          "deliveries": [
            {
              "batter": "Gayan Munaweera",
              "bowler": "Nasrulla Rana",
              "non_striker": "H Rathod",
              "runs": {
                "batter": 1,
                "extras": 0,
                "total": 1
              }
            },
            {
              "batter": "H Rathod",
              "bowler": "Nasrulla Rana",
              "non_striker": "Gayan Munaweera",
              "runs": {
                "batter": 6,
                "extras": 0,
                "total": 6
              }
            },
            {
              "batter": "H Rathod",
              "bowler": "Nasrulla Rana",
              "non_striker": "Gayan Munaweera",
              "runs": {
                "batter": 1,
                "extras": 0,
                "total": 1
              }
            },
            {
              "batter": "Gayan Munaweera",
              "bowler": "Nasrulla Rana",
              "non_striker": "H Rathod",
              "runs": {
                "batter": 0,
                "extras": 0,
                "total": 0
              },
              "wickets": [
                {
                  "player_out": "Gayan Munaweera",
                  "fielders": [
                    {
                      "name": "Babar Hayat"
                    }
                  ],
                  "kind": "caught"
                }
              ]
            },
            {
              "batter": "Muhammad Jabir",
              "bowler": "Nasrulla Rana",
              "non_striker": "H Rathod",
              "runs": {
                "batter": 0,
                "extras": 0,
                "total": 0
              }
            },
            {
              "batter": "Muhammad Jabir",
              "bowler": "Nasrulla Rana",
              "non_striker": "H Rathod",
              "runs": {
                "batter": 0,
                "extras": 0,
                "total": 0
              }
            }
          ]
        },
        {
          "over": 19,
          "deliveries": [
            {
              "batter": "H Rathod",
              "bowler": "A Shukla",
              "non_striker": "Muhammad Jabir",
              "runs": {
                "batter": 0,
                "extras": 0,
                "total": 0
              }
            },
            {
              "batter": "H Rathod",
              "bowler": "A Shukla",
              "non_striker": "Muhammad Jabir",
              "runs": {
                "batter": 2,
                "extras": 0,
                "total": 2
              }
            },
            {
              "batter": "H Rathod",
              "bowler": "A Shukla",
              "non_striker": "Muhammad Jabir",
              "runs": {
                "batter": 0,
                "extras": 0,
                "total": 0
              }
            },
            {
              "batter": "H Rathod",
              "bowler": "A Shukla",
              "non_striker": "Muhammad Jabir",
              "runs": {
                "batter": 4,
                "extras": 0,
                "total": 4
              }
            },
            {
              "batter": "H Rathod",
              "bowler": "A Shukla",
              "non_striker": "Muhammad Jabir",
              "runs": {
                "batter": 0,
                "extras": 0,
                "total": 0
              }
            },
            {
              "batter": "H Rathod",
              "bowler": "A Shukla",
              "non_striker": "Muhammad Jabir",
              "runs": {
                "batter": 0,
                "extras": 0,
                "total": 0
              },
              "wickets": [
                {
                  "player_out": "H Rathod",
                  "fielders": [
                    {
                      "name": "Babar Hayat"
                    }
                  ],
                  "kind": "caught"
                }
              ]
            }
          ]
        }
      ],
      "powerplays": [
        {
          "from": 0.1,
          "to": 5.6,
          "type": "mandatory"
        }
      ]
    },
    {
      "team": "Hong Kong",
      "overs": [
        {
          "over": 0,
          "deliveries": [
            {
              "batter": "M Coetzee",
              "bowler": "Amir Farooq",
              "non_striker": "Nizakat Khan",
              "runs": {
                "batter": 0,
                "extras": 0,
                "total": 0
              }
            },
            {
              "batter": "M Coetzee",
              "bowler": "Amir Farooq",
              "non_striker": "Nizakat Khan",
              "runs": {
                "batter": 0,
                "extras": 0,
                "total": 0
              }
            },
            {
              "batter": "M Coetzee",
              "bowler": "Amir Farooq",
              "non_striker": "Nizakat Khan",
              "runs": {
                "batter": 4,
                "extras": 0,
                "total": 4
              }
            },
            {
              "batter": "M Coetzee",
              "bowler": "Amir Farooq",
              "non_striker": "Nizakat Khan",
              "runs": {
                "batter": 4,
                "extras": 0,
                "total": 4
              }
            },
            {
              "batter": "M Coetzee",
              "bowler": "Amir Farooq",
              "non_striker": "Nizakat Khan",
              "runs": {
                "batter": 0,
                "extras": 0,
                "total": 0
              }
            },
            {
              "batter": "M Coetzee",
              "bowler": "Amir Farooq",
              "non_striker": "Nizakat Khan",
              "runs": {
                "batter": 0,
                "extras": 0,
                "total": 0
              }
            }
          ]
        },
        {
          "over": 1,
          "deliveries": [
            {
              "batter": "Nizakat Khan",
              "bowler": "Muhammad Jabir",
              "non_striker": "M Coetzee",
              "runs": {
                "batter": 1,
                "extras": 0,
                "total": 1
              }
            },
            {
              "batter": "M Coetzee",
              "bowler": "Muhammad Jabir",
              "non_striker": "Nizakat Khan",
              "runs": {
                "batter": 1,
                "extras": 0,
                "total": 1
              }
            },
            {
              "batter": "Nizakat Khan",
              "bowler": "Muhammad Jabir",
              "non_striker": "M Coetzee",
              "runs": {
                "batter": 0,
                "extras": 0,
                "total": 0
              }
            },
            {
              "batter": "Nizakat Khan",
              "bowler": "Muhammad Jabir",
              "non_striker": "M Coetzee",
              "runs": {
                "batter": 0,
                "extras": 0,
                "total": 0
              }
            },
            {
              "batter": "Nizakat Khan",
              "bowler": "Muhammad Jabir",
              "non_striker": "M Coetzee",
              "runs": {
                "batter": 1,
                "extras": 0,
                "total": 1
              }
            },
            {
              "batter": "M Coetzee",
              "bowler": "Muhammad Jabir",
              "non_striker": "Nizakat Khan",
              "runs": {
                "batter": 0,
                "extras": 0,
                "total": 0
              }
            }
          ]
        },
        {
          "over": 2,
          "deliveries": [
            {
              "batter": "Nizakat Khan",
              "bowler": "Amir Farooq",
              "non_striker": "M Coetzee",
              "runs": {
                "batter": 0,
                "extras": 0,
                "total": 0
              },
              "wickets": [
                {
                  "player_out": "Nizakat Khan",
                  "kind": "bowled"
                }
              ]
            },
            {
              "batter": "Anshuman Rath",
              "bowler": "Amir Farooq",
              "non_striker": "M Coetzee",
              "runs": {
                "batter": 0,
                "extras": 0,
                "total": 0
              }
            },
            {
              "batter": "Anshuman Rath",
              "bowler": "Amir Farooq",
              "non_striker": "M Coetzee",
              "runs": {
                "batter": 0,
                "extras": 0,
                "total": 0
              }
            },
            {
              "batter": "Anshuman Rath",
              "bowler": "Amir Farooq",
              "non_striker": "M Coetzee",
              "runs": {
                "batter": 0,
                "extras": 0,
                "total": 0
              }
            },
            {
              "batter": "Anshuman Rath",
              "bowler": "Amir Farooq",
              "non_striker": "M Coetzee",
              "runs": {
                "batter": 0,
                "extras": 0,
                "total": 0
              }
            },
            {
              "batter": "Anshuman Rath",
              "bowler": "Amir Farooq",
              "non_striker": "M Coetzee",
              "runs": {
                "batter": 1,
                "extras": 0,
                "total": 1
              }
            }
          ]
        },
        {
          "over": 3,
          "deliveries": [
            {
              "batter": "Anshuman Rath",
              "bowler": "Muhammad Jabir",
              "extras": {
                "legbyes": 1
              },
              "non_striker": "M Coetzee",
              "runs": {
                "batter": 0,
                "extras": 1,
                "total": 1
              }
            },
            {
              "batter": "M Coetzee",
              "bowler": "Muhammad Jabir",
              "extras": {
                "noballs": 1
              },
              "non_striker": "Anshuman Rath",
              "runs": {
                "batter": 4,
                "extras": 1,
                "total": 5
              }
            },
            {
              "batter": "M Coetzee",
              "bowler": "Muhammad Jabir",
              "non_striker": "Anshuman Rath",
              "runs": {
                "batter": 1,
                "extras": 0,
                "total": 1
              }
            },
            {
              "batter": "Anshuman Rath",
              "bowler": "Muhammad Jabir",
              "non_striker": "M Coetzee",
              "runs": {
                "batter": 1,
                "extras": 0,
                "total": 1
              }
            },
            {
              "batter": "M Coetzee",
              "bowler": "Muhammad Jabir",
              "non_striker": "Anshuman Rath",
              "runs": {
                "batter": 4,
                "extras": 0,
                "total": 4
              }
            },
            {
              "batter": "M Coetzee",
              "bowler": "Muhammad Jabir",
              "non_striker": "Anshuman Rath",
              "runs": {
                "batter": 0,
                "extras": 0,
                "total": 0
              }
            },
            {
              "batter": "M Coetzee",
              "bowler": "Muhammad Jabir",
              "non_striker": "Anshuman Rath",
              "runs": {
                "batter": 1,
                "extras": 0,
                "total": 1
              }
            }
          ]
        },
        {
          "over": 4,
          "deliveries": [
            {
              "batter": "M Coetzee",
              "bowler": "Amir Farooq",
              "non_striker": "Anshuman Rath",
              "runs": {
                "batter": 1,
                "extras": 0,
                "total": 1
              }
            },
            {
              "batter": "Anshuman Rath",
              "bowler": "Amir Farooq",
              "non_striker": "M Coetzee",
              "runs": {
                "batter": 0,
                "extras": 0,
                "total": 0
              }
            },
            {
              "batter": "Anshuman Rath",
              "bowler": "Amir Farooq",
              "non_striker": "M Coetzee",
              "runs": {
                "batter": 0,
                "extras": 0,
                "total": 0
              }
            },
            {
              "batter": "Anshuman Rath",
              "bowler": "Amir Farooq",
              "non_striker": "M Coetzee",
              "runs": {
                "batter": 1,
                "extras": 0,
                "total": 1
              }
            },
            {
              "batter": "M Coetzee",
              "bowler": "Amir Farooq",
              "non_striker": "Anshuman Rath",
              "runs": {
                "batter": 0,
                "extras": 0,
                "total": 0
              }
            },
            {
              "batter": "M Coetzee",
              "bowler": "Amir Farooq",
              "non_striker": "Anshuman Rath",
              "runs": {
                "batter": 4,
                "extras": 0,
                "total": 4
              }
            }
          ]
        },
        {
          "over": 5,
          "deliveries": [
            {
              "batter": "Anshuman Rath",
              "bowler": "MM Baig",
              "non_striker": "M Coetzee",
              "runs": {
                "batter": 3,
                "extras": 0,
                "total": 3
              }
            },
            {
              "batter": "M Coetzee",
              "bowler": "MM Baig",
              "non_striker": "Anshuman Rath",
              "runs": {
                "batter": 0,
                "extras": 0,
                "total": 0
              }
            },
            {
              "batter": "M Coetzee",
              "bowler": "MM Baig",
              "non_striker": "Anshuman Rath",
              "runs": {
                "batter": 4,
                "extras": 0,
                "total": 4
              }
            },
            {
              "batter": "M Coetzee",
              "bowler": "MM Baig",
              "non_striker": "Anshuman Rath",
              "runs": {
                "batter": 2,
                "extras": 0,
                "total": 2
              }
            },
            {
              "batter": "M Coetzee",
              "bowler": "MM Baig",
              "non_striker": "Anshuman Rath",
              "runs": {
                "batter": 1,
                "extras": 0,
                "total": 1
              }
            },
            {
              "batter": "Anshuman Rath",
              "bowler": "MM Baig",
              "non_striker": "M Coetzee",
              "runs": {
                "batter": 1,
                "extras": 0,
                "total": 1
              }
            }
          ]
        },
        {
          "over": 6,
          "deliveries": [
            {
              "batter": "Anshuman Rath",
              "bowler": "Gayan Munaweera",
              "non_striker": "M Coetzee",
              "runs": {
                "batter": 0,
                "extras": 0,
                "total": 0
              }
            },
            {
              "batter": "Anshuman Rath",
              "bowler": "Gayan Munaweera",
              "non_striker": "M Coetzee",
              "runs": {
                "batter": 0,
                "extras": 0,
                "total": 0
              }
            },
            {
              "batter": "Anshuman Rath",
              "bowler": "Gayan Munaweera",
              "non_striker": "M Coetzee",
              "runs": {
                "batter": 0,
                "extras": 0,
                "total": 0
              },
              "wickets": [
                {
                  "player_out": "Anshuman Rath",
                  "kind": "lbw"
                }
              ]
            },
            {
              "batter": "Babar Hayat",
              "bowler": "Gayan Munaweera",
              "non_striker": "M Coetzee",
              "runs": {
                "batter": 0,
                "extras": 0,
                "total": 0
              }
            },
            {
              "batter": "Babar Hayat",
              "bowler": "Gayan Munaweera",
              "non_striker": "M Coetzee",
              "runs": {
                "batter": 1,
                "extras": 0,
                "total": 1
              }
            },
            {
              "batter": "M Coetzee",
              "bowler": "Gayan Munaweera",
              "non_striker": "Babar Hayat",
              "runs": {
                "batter": 0,
                "extras": 0,
                "total": 0
              }
            }
          ]
        },
        {
          "over": 7,
          "deliveries": [
            {
              "batter": "Babar Hayat",
              "bowler": "MM Baig",
              "non_striker": "M Coetzee",
              "runs": {
                "batter": 1,
                "extras": 0,
                "total": 1
              },
              "wickets": [
                {
                  "player_out": "M Coetzee",
                  "fielders": [
                    {
                      "name": "MM Baig"
                    },
                    {
                      "name": "Shahzaib Jamil"
                    }
                  ],
                  "kind": "run out"
                }
              ]
            },
            {
              "batter": "Aizaz Khan",
              "bowler": "MM Baig",
              "extras": {
                "legbyes": 1
              },
              "non_striker": "Babar Hayat",
              "runs": {
                "batter": 0,
                "extras": 1,
                "total": 1
              }
            },
            {
              "batter": "Babar Hayat",
              "bowler": "MM Baig",
              "non_striker": "Aizaz Khan",
              "runs": {
                "batter": 3,
                "extras": 0,
                "total": 3
              }
            },
            {
              "batter": "Aizaz Khan",
              "bowler": "MM Baig",
              "non_striker": "Babar Hayat",
              "runs": {
                "batter": 1,
                "extras": 0,
                "total": 1
              }
            },
            {
              "batter": "Babar Hayat",
              "bowler": "MM Baig",
              "non_striker": "Aizaz Khan",
              "runs": {
                "batter": 0,
                "extras": 0,
                "total": 0
              }
            },
            {
              "batter": "Babar Hayat",
              "bowler": "MM Baig",
              "non_striker": "Aizaz Khan",
              "runs": {
                "batter": 1,
                "extras": 0,
                "total": 1
              }
            }
          ]
        },
        {
          "over": 8,
          "deliveries": [
            {
              "batter": "Babar Hayat",
              "bowler": "Gayan Munaweera",
              "non_striker": "Aizaz Khan",
              "runs": {
                "batter": 0,
                "extras": 0,
                "total": 0
              }
            },
            {
              "batter": "Babar Hayat",
              "bowler": "Gayan Munaweera",
              "non_striker": "Aizaz Khan",
              "runs": {
                "batter": 0,
                "extras": 0,
                "total": 0
              }
            },
            {
              "batter": "Babar Hayat",
              "bowler": "Gayan Munaweera",
              "non_striker": "Aizaz Khan",
              "runs": {
                "batter": 0,
                "extras": 0,
                "total": 0
              }
            },
            {
              "batter": "Babar Hayat",
              "bowler": "Gayan Munaweera",
              "non_striker": "Aizaz Khan",
              "runs": {
                "batter": 2,
                "extras": 0,
                "total": 2
              }
            },
            {
              "batter": "Babar Hayat",
              "bowler": "Gayan Munaweera",
              "non_striker": "Aizaz Khan",
              "runs": {
                "batter": 1,
                "extras": 0,
                "total": 1
              }
            },
            {
              "batter": "Aizaz Khan",
              "bowler": "Gayan Munaweera",
              "non_striker": "Babar Hayat",
              "runs": {
                "batter": 0,
                "extras": 0,
                "total": 0
              }
            }
          ]
        },
        {
          "over": 9,
          "deliveries": [
            {
              "batter": "Babar Hayat",
              "bowler": "Adnan Mirza",
              "non_striker": "Aizaz Khan",
              "runs": {
                "batter": 1,
                "extras": 0,
                "total": 1
              }
            },
            {
              "batter": "Aizaz Khan",
              "bowler": "Adnan Mirza",
              "non_striker": "Babar Hayat",
              "runs": {
                "batter": 1,
                "extras": 0,
                "total": 1
              }
            },
            {
              "batter": "Babar Hayat",
              "bowler": "Adnan Mirza",
              "non_striker": "Aizaz Khan",
              "runs": {
                "batter": 2,
                "extras": 0,
                "total": 2
              }
            },
            {
              "batter": "Babar Hayat",
              "bowler": "Adnan Mirza",
              "non_striker": "Aizaz Khan",
              "runs": {
                "batter": 1,
                "extras": 0,
                "total": 1
              }
            },
            {
              "batter": "Aizaz Khan",
              "bowler": "Adnan Mirza",
              "non_striker": "Babar Hayat",
              "runs": {
                "batter": 0,
                "extras": 0,
                "total": 0
              }
            },
            {
              "batter": "Aizaz Khan",
              "bowler": "Adnan Mirza",
              "non_striker": "Babar Hayat",
              "runs": {
                "batter": 0,
                "extras": 0,
                "total": 0
              },
              "wickets": [
                {
                  "player_out": "Aizaz Khan",
                  "fielders": [
                    {
                      "name": "Shahzaib Jamil"
                    }
                  ],
                  "kind": "caught"
                }
              ]
            }
          ]
        },
        {
          "over": 10,
          "deliveries": [
            {
              "batter": "Babar Hayat",
              "bowler": "MM Baig",
              "non_striker": "Yasim Murtaza",
              "runs": {
                "batter": 0,
                "extras": 0,
                "total": 0
              }
            },
            {
              "batter": "Babar Hayat",
              "bowler": "MM Baig",
              "non_striker": "Yasim Murtaza",
              "runs": {
                "batter": 1,
                "extras": 0,
                "total": 1
              }
            },
            {
              "batter": "Yasim Murtaza",
              "bowler": "MM Baig",
              "non_striker": "Babar Hayat",
              "runs": {
                "batter": 0,
                "extras": 0,
                "total": 0
              }
            },
            {
              "batter": "Yasim Murtaza",
              "bowler": "MM Baig",
              "non_striker": "Babar Hayat",
              "runs": {
                "batter": 0,
                "extras": 0,
                "total": 0
              }
            },
            {
              "batter": "Yasim Murtaza",
              "bowler": "MM Baig",
              "non_striker": "Babar Hayat",
              "runs": {
                "batter": 1,
                "extras": 0,
                "total": 1
              }
            },
            {
              "batter": "Babar Hayat",
              "bowler": "MM Baig",
              "non_striker": "Yasim Murtaza",
              "runs": {
                "batter": 0,
                "extras": 0,
                "total": 0
              },
              "wickets": [
                {
                  "player_out": "Babar Hayat",
                  "kind": "lbw"
                }
              ]
            }
          ]
        },
        {
          "over": 11,
          "deliveries": [
            {
              "batter": "Yasim Murtaza",
              "bowler": "Adnan Mirza",
              "non_striker": "Zeeshan Ali",
              "runs": {
                "batter": 0,
                "extras": 0,
                "total": 0
              }
            },
            {
              "batter": "Yasim Murtaza",
              "bowler": "Adnan Mirza",
              "non_striker": "Zeeshan Ali",
              "runs": {
                "batter": 1,
                "extras": 0,
                "total": 1
              }
            },
            {
              "batter": "Zeeshan Ali",
              "bowler": "Adnan Mirza",
              "non_striker": "Yasim Murtaza",
              "runs": {
                "batter": 1,
                "extras": 0,
                "total": 1
              }
            },
            {
              "batter": "Yasim Murtaza",
              "bowler": "Adnan Mirza",
              "non_striker": "Zeeshan Ali",
              "runs": {
                "batter": 1,
                "extras": 0,
                "total": 1
              }
            },
            {
              "batter": "Zeeshan Ali",
              "bowler": "Adnan Mirza",
              "non_striker": "Yasim Murtaza",
              "runs": {
                "batter": 4,
                "extras": 0,
                "total": 4
              }
            },
            {
              "batter": "Zeeshan Ali",
              "bowler": "Adnan Mirza",
              "non_striker": "Yasim Murtaza",
              "runs": {
                "batter": 0,
                "extras": 0,
                "total": 0
              }
            }
          ]
        },
        {
          "over": 12,
          "deliveries": [
            {
              "batter": "Yasim Murtaza",
              "bowler": "MM Baig",
              "non_striker": "Zeeshan Ali",
              "runs": {
                "batter": 1,
                "extras": 0,
                "total": 1
              }
            },
            {
              "batter": "Zeeshan Ali",
              "bowler": "MM Baig",
              "non_striker": "Yasim Murtaza",
              "runs": {
                "batter": 1,
                "extras": 0,
                "total": 1
              }
            },
            {
              "batter": "Yasim Murtaza",
              "bowler": "MM Baig",
              "non_striker": "Zeeshan Ali",
              "runs": {
                "batter": 1,
                "extras": 0,
                "total": 1
              }
            },
            {
              "batter": "Zeeshan Ali",
              "bowler": "MM Baig",
              "non_striker": "Yasim Murtaza",
              "runs": {
                "batter": 0,
                "extras": 0,
                "total": 0
              }
            },
            {
              "batter": "Zeeshan Ali",
              "bowler": "MM Baig",
              "non_striker": "Yasim Murtaza",
              "runs": {
                "batter": 1,
                "extras": 0,
                "total": 1
              }
            },
            {
              "batter": "Yasim Murtaza",
              "bowler": "MM Baig",
              "non_striker": "Zeeshan Ali",
              "runs": {
                "batter": 0,
                "extras": 0,
                "total": 0
              }
            }
          ]
        },
        {
          "over": 13,
          "deliveries": [
            {
              "batter": "Zeeshan Ali",
              "bowler": "Adnan Mirza",
              "non_striker": "Yasim Murtaza",
              "runs": {
                "batter": 0,
                "extras": 0,
                "total": 0
              }
            },
            {
              "batter": "Zeeshan Ali",
              "bowler": "Adnan Mirza",
              "non_striker": "Yasim Murtaza",
              "runs": {
                "batter": 0,
                "extras": 0,
                "total": 0
              }
            },
            {
              "batter": "Zeeshan Ali",
              "bowler": "Adnan Mirza",
              "non_striker": "Yasim Murtaza",
              "runs": {
                "batter": 0,
                "extras": 0,
                "total": 0
              }
            },
            {
              "batter": "Zeeshan Ali",
              "bowler": "Adnan Mirza",
              "non_striker": "Yasim Murtaza",
              "runs": {
                "batter": 1,
                "extras": 0,
                "total": 1
              }
            },
            {
              "batter": "Yasim Murtaza",
              "bowler": "Adnan Mirza",
              "non_striker": "Zeeshan Ali",
              "runs": {
                "batter": 0,
                "extras": 0,
                "total": 0
              }
            },
            {
              "batter": "Yasim Murtaza",
              "bowler": "Adnan Mirza",
              "non_striker": "Zeeshan Ali",
              "runs": {
                "batter": 2,
                "extras": 0,
                "total": 2
              }
            }
          ]
        },
        {
          "over": 14,
          "deliveries": [
            {
              "batter": "Zeeshan Ali",
              "bowler": "Amir Farooq",
              "non_striker": "Yasim Murtaza",
              "runs": {
                "batter": 1,
                "extras": 0,
                "total": 1
              }
            },
            {
              "batter": "Yasim Murtaza",
              "bowler": "Amir Farooq",
              "non_striker": "Zeeshan Ali",
              "runs": {
                "batter": 0,
                "extras": 0,
                "total": 0
              }
            },
            {
              "batter": "Yasim Murtaza",
              "bowler": "Amir Farooq",
              "non_striker": "Zeeshan Ali",
              "runs": {
                "batter": 0,
                "extras": 0,
                "total": 0
              }
            },
            {
              "batter": "Yasim Murtaza",
              "bowler": "Amir Farooq",
              "non_striker": "Zeeshan Ali",
              "runs": {
                "batter": 1,
                "extras": 0,
                "total": 1
              }
            },
            {
              "batter": "Zeeshan Ali",
              "bowler": "Amir Farooq",
              "non_striker": "Yasim Murtaza",
              "runs": {
                "batter": 1,
                "extras": 0,
                "total": 1
              }
            },
            {
              "batter": "Yasim Murtaza",
              "bowler": "Amir Farooq",
              "non_striker": "Zeeshan Ali",
              "runs": {
                "batter": 1,
                "extras": 0,
                "total": 1
              }
            }
          ]
        },
        {
          "over": 15,
          "deliveries": [
            {
              "batter": "Yasim Murtaza",
              "bowler": "Adnan Mirza",
              "non_striker": "Zeeshan Ali",
              "runs": {
                "batter": 1,
                "extras": 0,
                "total": 1
              }
            },
            {
              "batter": "Zeeshan Ali",
              "bowler": "Adnan Mirza",
              "non_striker": "Yasim Murtaza",
              "runs": {
                "batter": 4,
                "extras": 0,
                "total": 4
              }
            },
            {
              "batter": "Zeeshan Ali",
              "bowler": "Adnan Mirza",
              "non_striker": "Yasim Murtaza",
              "runs": {
                "batter": 3,
                "extras": 0,
                "total": 3
              }
            },
            {
              "batter": "Yasim Murtaza",
              "bowler": "Adnan Mirza",
              "non_striker": "Zeeshan Ali",
              "runs": {
                "batter": 6,
                "extras": 0,
                "total": 6
              }
            },
            {
              "batter": "Yasim Murtaza",
              "bowler": "Adnan Mirza",
              "non_striker": "Zeeshan Ali",
              "runs": {
                "batter": 1,
                "extras": 0,
                "total": 1
              }
            },
            {
              "batter": "Zeeshan Ali",
              "bowler": "Adnan Mirza",
              "non_striker": "Yasim Murtaza",
              "runs": {
                "batter": 1,
                "extras": 0,
                "total": 1
              }
            }
          ]
        },
        {
          "over": 16,
          "deliveries": [
            {
              "batter": "Zeeshan Ali",
              "bowler": "Muhammad Jabir",
              "non_striker": "Yasim Murtaza",
              "runs": {
                "batter": 4,
                "extras": 0,
                "total": 4
              }
            },
            {
              "batter": "Zeeshan Ali",
              "bowler": "Muhammad Jabir",
              "extras": {
                "legbyes": 1
              },
              "non_striker": "Yasim Murtaza",
              "runs": {
                "batter": 0,
                "extras": 1,
                "total": 1
              }
            },
            {
              "batter": "Yasim Murtaza",
              "bowler": "Muhammad Jabir",
              "extras": {
                "noballs": 1
              },
              "non_striker": "Zeeshan Ali",
              "runs": {
                "batter": 1,
                "extras": 1,
                "total": 2
              }
            },
            {
              "batter": "Zeeshan Ali",
              "bowler": "Muhammad Jabir",
              "extras": {
                "legbyes": 1
              },
              "non_striker": "Yasim Murtaza",
              "runs": {
                "batter": 0,
                "extras": 1,
                "total": 1
              }
            },
            {
              "batter": "Yasim Murtaza",
              "bowler": "Muhammad Jabir",
              "non_striker": "Zeeshan Ali",
              "runs": {
                "batter": 1,
                "extras": 0,
                "total": 1
              }
            },
            {
              "batter": "Zeeshan Ali",
              "bowler": "Muhammad Jabir",
              "non_striker": "Yasim Murtaza",
              "runs": {
                "batter": 1,
                "extras": 0,
                "total": 1
              }
            },
            {
              "batter": "Yasim Murtaza",
              "bowler": "Muhammad Jabir",
              "non_striker": "Zeeshan Ali",
              "runs": {
                "batter": 4,
                "extras": 0,
                "total": 4
              }
            }
          ]
        },
        {
          "over": 17,
          "deliveries": [
            {
              "batter": "Zeeshan Ali",
              "bowler": "Gayan Munaweera",
              "non_striker": "Yasim Murtaza",
              "runs": {
                "batter": 1,
                "extras": 0,
                "total": 1
              }
            },
            {
              "batter": "Yasim Murtaza",
              "bowler": "Gayan Munaweera",
              "non_striker": "Zeeshan Ali",
              "runs": {
                "batter": 0,
                "extras": 0,
                "total": 0
              }
            },
            {
              "batter": "Yasim Murtaza",
              "bowler": "Gayan Munaweera",
              "non_striker": "Zeeshan Ali",
              "runs": {
                "batter": 4,
                "extras": 0,
                "total": 4
              }
            },
            {
              "batter": "Yasim Murtaza",
              "bowler": "Gayan Munaweera",
              "non_striker": "Zeeshan Ali",
              "runs": {
                "batter": 0,
                "extras": 0,
                "total": 0
              }
            },
            {
              "batter": "Yasim Murtaza",
              "bowler": "Gayan Munaweera",
              "non_striker": "Zeeshan Ali",
              "runs": {
                "batter": 1,
                "extras": 0,
                "total": 1
              }
            },
            {
              "batter": "Zeeshan Ali",
              "bowler": "Gayan Munaweera",
              "non_striker": "Yasim Murtaza",
              "runs": {
                "batter": 4,
                "extras": 0,
                "total": 4
              }
            }
          ]
        },
        {
          "over": 18,
          "deliveries": [
            {
              "batter": "Yasim Murtaza",
              "bowler": "P Gopalkrishnan",
              "non_striker": "Zeeshan Ali",
              "runs": {
                "batter": 1,
                "extras": 0,
                "total": 1
              }
            },
            {
              "batter": "Zeeshan Ali",
              "bowler": "P Gopalkrishnan",
              "non_striker": "Yasim Murtaza",
              "runs": {
                "batter": 0,
                "extras": 0,
                "total": 0
              }
            },
            {
              "batter": "Zeeshan Ali",
              "bowler": "P Gopalkrishnan",
              "extras": {
                "legbyes": 1
              },
              "non_striker": "Yasim Murtaza",
              "runs": {
                "batter": 0,
                "extras": 1,
                "total": 1
              }
            },
            {
              "batter": "Yasim Murtaza",
              "bowler": "P Gopalkrishnan",
              "non_striker": "Zeeshan Ali",
              "runs": {
                "batter": 0,
                "extras": 0,
                "total": 0
              },
              "wickets": [
                {
                  "player_out": "Yasim Murtaza",
                  "fielders": [
                    {
                      "name": "Muhammad Tanveer"
                    }
                  ],
                  "kind": "caught"
                }
              ]
            },
            {
              "batter": "Nasrulla Rana",
              "bowler": "P Gopalkrishnan",
              "non_striker": "Zeeshan Ali",
              "runs": {
                "batter": 0,
                "extras": 0,
                "total": 0
              }
            },
            {
              "batter": "Nasrulla Rana",
              "bowler": "P Gopalkrishnan",
              "non_striker": "Zeeshan Ali",
              "runs": {
                "batter": 4,
                "extras": 0,
                "total": 4
              }
            }
          ]
        },
        {
          "over": 19,
          "deliveries": [
            {
              "batter": "Zeeshan Ali",
              "bowler": "H Rathod",
              "non_striker": "Nasrulla Rana",
              "runs": {
                "batter": 0,
                "extras": 0,
                "total": 0
              }
            },
            {
              "batter": "Zeeshan Ali",
              "bowler": "H Rathod",
              "non_striker": "Nasrulla Rana",
              "runs": {
                "batter": 1,
                "extras": 0,
                "total": 1
              }
            },
            {
              "batter": "Nasrulla Rana",
              "bowler": "H Rathod",
              "non_striker": "Zeeshan Ali",
              "runs": {
                "batter": 0,
                "extras": 0,
                "total": 0
              }
            },
            {
              "batter": "Nasrulla Rana",
              "bowler": "H Rathod",
              "non_striker": "Zeeshan Ali",
              "runs": {
                "batter": 0,
                "extras": 0,
                "total": 0
              }
            },
            {
              "batter": "Nasrulla Rana",
              "bowler": "H Rathod",
              "non_striker": "Zeeshan Ali",
              "runs": {
                "batter": 0,
                "extras": 0,
                "total": 0
              },
              "wickets": [
                {
                  "player_out": "Nasrulla Rana",
                  "fielders": [
                    {
                      "name": "MM Baig"
                    }
                  ],
                  "kind": "caught"
                }
              ]
            },
            {
              "batter": "Ehsan Khan",
              "bowler": "H Rathod",
              "non_striker": "Zeeshan Ali",
              "runs": {
                "batter": 0,
                "extras": 0,
                "total": 0
              },
              "wickets": [
                {
                  "player_out": "Ehsan Khan",
                  "fielders": [
                    {
                      "name": "Shahzaib Jamil"
                    }
                  ],
                  "kind": "caught"
                }
              ]
            }
          ]
        }
      ],
      "powerplays": [
        {
          "from": 0.1,
          "to": 5.6,
          "type": "mandatory"
        }
      ],
      "target": {
        "overs": 20,
        "runs": 126
      }
    },
    {
      "team": "Hong Kong",
      "overs": [
        {
          "over": 0,
          "deliveries": [
            {
              "batter": "Babar Hayat",
              "bowler": "Amir Farooq",
              "non_striker": "M Coetzee",
              "runs": {
                "batter": 2,
                "extras": 0,
                "total": 2
              }
            },
            {
              "batter": "Babar Hayat",
              "bowler": "Amir Farooq",
              "non_striker": "M Coetzee",
              "runs": {
                "batter": 6,
                "extras": 0,
                "total": 6
              }
            },
            {
              "batter": "Babar Hayat",
              "bowler": "Amir Farooq",
              "non_striker": "M Coetzee",
              "runs": {
                "batter": 2,
                "extras": 0,
                "total": 2
              }
            },
            {
              "batter": "Babar Hayat",
              "bowler": "Amir Farooq",
              "non_striker": "M Coetzee",
              "runs": {
                "batter": 2,
                "extras": 0,
                "total": 2
              }
            },
            {
              "batter": "Babar Hayat",
              "bowler": "Amir Farooq",
              "non_striker": "M Coetzee",
              "runs": {
                "batter": 6,
                "extras": 0,
                "total": 6
              }
            },
            {
              "batter": "Babar Hayat",
              "bowler": "Amir Farooq",
              "non_striker": "M Coetzee",
              "runs": {
                "batter": 3,
                "extras": 0,
                "total": 3
              }
            }
          ]
        }
      ],
      "super_over": true
    },
    {
      "team": "Qatar",
      "overs": [
        {
          "over": 0,
          "deliveries": [
            {
              "batter": "Muhammad Tanveer",
              "bowler": "Ehsan Khan",
              "non_striker": "Saqlain Arshad",
              "runs": {
                "batter": 0,
                "extras": 0,
                "total": 0
              }
            },
            {
              "batter": "Muhammad Tanveer",
              "bowler": "Ehsan Khan",
              "non_striker": "Saqlain Arshad",
              "runs": {
                "batter": 0,
                "extras": 0,
                "total": 0
              },
              "wickets": [
                {
                  "player_out": "Muhammad Tanveer",
                  "fielders": [
                    {
                      "name": "Aizaz Khan"
                    }
                  ],
                  "kind": "caught"
                }
              ]
            },
            {
              "batter": "Adnan Mirza",
              "bowler": "Ehsan Khan",
              "non_striker": "Saqlain Arshad",
              "runs": {
                "batter": 0,
                "extras": 0,
                "total": 0
              }
            },
            {
              "batter": "Adnan Mirza",
              "bowler": "Ehsan Khan",
              "non_striker": "Saqlain Arshad",
              "runs": {
                "batter": 1,
                "extras": 0,
                "total": 1
              }
            },
            {
              "batter": "Saqlain Arshad",
              "bowler": "Ehsan Khan",
              "non_striker": "Adnan Mirza",
              "runs": {
                "batter": 1,
                "extras": 0,
                "total": 1
              }
            },
            {
              "batter": "Adnan Mirza",
              "bowler": "Ehsan Khan",
              "non_striker": "Saqlain Arshad",
              "runs": {
                "batter": 1,
                "extras": 0,
                "total": 1
              }
            }
          ]
        }
      ],
      "super_over": true
    }
  ]
}