{
  "meta": {
    "data_version": "1.1.0",
    "created": "2024-02-29",
    "revision": 1
  },
  "info": {
    "balls_per_over": 6,
    "city": "Kirtipur",
    "dates": [
      "2024-02-29"
    ],
    "event": {
      "name": "Nepal Tri-Nation T20I Series",
      "match_number": 3
    },
    "gender": "male",
    "match_type": "T20",
    "match_type_number": 2488,
    "officials": {
      "match_referees": [
        "V Narayan Kutty"
      ],
      "reserve_umpires": [
        "BB Pradhan"
      ],
      "umpires": [
        "DN Subedi",
        "VK Jha"
      ]
    },
    "outcome": {
      "winner": "Netherlands",
      "by": {
        "runs": 59
      }
    },
    "overs": 20,
    "player_of_match": [
      "M Levitt"
    ],
    "players": {
      "Netherlands": [
        "M Levitt",
        "MP O'Dowd",
        "SA Engelbrecht",
        "SA Edwards",
        "AT Nidamanuru",
        "W Barresi",
        "A Dutt",
        "RE van der Merwe",
        "VJ Kingma",
        "FJ Klaassen",
        "T van der Gugten"
      ],
      "Namibia": [
        "M van Lingen",
        "MB Kruger",
        "JP Kotze",
        "JJ Smit",
        "JN Frylinck",
        "JN Loftie-Eaton",
        "R Trumpelmann",
        "ZE Green",
        "BM Scholtz",
        "B Shikongo",
        "PD Blignaut"
      ]
    },
    "registry": {
      "people": {
        "A Dutt": "803dbf1d",
        "AT Nidamanuru": "a319edf8",
        "B Shikongo": "c26cd57a",
        "BB Pradhan": "8603d942",
        "BM Scholtz": "e85d03d6",
        "DN Subedi": "fb0a571f",
        "FJ Klaassen": "c042b412",
        "JJ Smit": "bb134e5c",
        "JN Frylinck": "3c87f0c3",
        "JN Loftie-Eaton": "f468293b",
        "JP Kotze": "9f308dfc",
        "M Levitt": "6a71ba3a",
        "M van Lingen": "7eb36269",
        "MB Kruger": "c51add25",
        "MP O'Dowd": "b699df47",
        "PD Blignaut": "20ab5aad",
        "R Trumpelmann": "ff6a7ab5",
        "RE van der Merwe": "05c2ca46",
        "SA Edwards": "b59db04f",
        "SA Engelbrecht": "81a0e294",
        "T van der Gugten": "d99cc23a",
        "V Narayan Kutty": "4bacee3d",
        "VJ Kingma": "3a7ea906",
        "VK Jha": "5d46eb72",
        "W Barresi": "0d677597",
        "ZE Green": "8716233e"
      }
    },
    "season": "2023/24",
    "team_type": "international",
    "teams": [
      "Netherlands",
      "Namibia"
    ],
    "toss": {
      "decision": "bat",
      "winner": "Netherlands"
    },
    "venue": "Tribhuvan University International Cricket Ground, Kirtipur"
  },
  "innings": [
    {
      "team": "Netherlands",
      "overs": [
        {
          "over": 0,
          "deliveries": [
            {
              "batter": "M Levitt",
              "bowler": "R Trumpelmann",
              "non_striker": "MP O'Dowd",
              "runs": {
                "batter": 0,
                "extras": 0,
                "total": 0
              }
            },
            {
              "batter": "M Levitt",
              "bowler": "R Trumpelmann",
              "non_striker": "MP O'Dowd",
              "runs": {
                "batter": 6,
                "extras": 0,
                "total": 6
              }
            },
            {
              "batter": "M Levitt",
              "bowler": "R Trumpelmann",
              "non_striker": "MP O'Dowd",
              "runs": {
                "batter": 0,
                "extras": 0,
                "total": 0
              }
            },
            {
              "batter": "M Levitt",
              "bowler": "R Trumpelmann",
              "non_striker": "MP O'Dowd",
              "runs": {
                "batter": 0,
                "extras": 0,
                "total": 0
              }
            },
            {
              "batter": "M Levitt",
              "bowler": "R Trumpelmann",
              "non_striker": "MP O'Dowd",
              "runs": {
                "batter": 1,
                "extras": 0,
                "total": 1
              }
            },
            {
              "batter": "MP O'Dowd",
              "bowler": "R Trumpelmann",
              "non_striker": "M Levitt",
              "runs": {
                "batter": 0,
                "extras": 0,
                "total": 0
              }
            }
          ]
        },
        {
          "over": 1,
          "deliveries": [
            {
              "batter": "M Levitt",
              "bowler": "B Shikongo",
              "non_striker": "MP O'Dowd",
              "runs": {
                "batter": 0,
                "extras": 0,
                "total": 0
              }
            },
            {
              "batter": "M Levitt",
              "bowler": "B Shikongo",
              "non_striker": "MP O'Dowd",
              "runs": {
                "batter": 0,
                "extras": 0,
                "total": 0
              }
            },
            {
              "batter": "M Levitt",
              "bowler": "B Shikongo",
              "non_striker": "MP O'Dowd",
              "runs": {
                "batter": 0,
                "extras": 0,
                "total": 0
              }
            },
            {
              "batter": "M Levitt",
              "bowler": "B Shikongo",
              "non_striker": "MP O'Dowd",
              "runs": {
                "batter": 1,
                "extras": 0,
                "total": 1
              }
            },
            {
              "batter": "MP O'Dowd",
              "bowler": "B Shikongo",
              "non_striker": "M Levitt",
              "runs": {
                "batter": 1,
                "extras": 0,
                "total": 1
              }
            },
            {
              "batter": "M Levitt",
              "bowler": "B Shikongo",
              "non_striker": "MP O'Dowd",
              "runs": {
                "batter": 1,
                "extras": 0,
                "total": 1
              }
            }
          ]
        },
        {
          "over": 2,
          "deliveries": [
            {
              "batter": "M Levitt",
              "bowler": "R Trumpelmann",
              "extras": {
                "legbyes": 1
              },
              "non_striker": "MP O'Dowd",
              "runs": {
                "batter": 0,
                "extras": 1,
                "total": 1
              }
            },
            {
              "batter": "MP O'Dowd",
              "bowler": "R Trumpelmann",
              "non_striker": "M Levitt",
              "runs": {
                "batter": 0,
                "extras": 0,
                "total": 0
              }
            },
            {
              "batter": "MP O'Dowd",
              "bowler": "R Trumpelmann",
              "non_striker": "M Levitt",
              "runs": {
                "batter": 4,
                "extras": 0,
                "total": 4
              }
            },
            {
              "batter": "MP O'Dowd",
              "bowler": "R Trumpelmann",
              "non_striker": "M Levitt",
              "runs": {
                "batter": 0,
                "extras": 0,
                "total": 0
              }
            },
            {
              "batter": "MP O'Dowd",
              "bowler": "R Trumpelmann",
              "non_striker": "M Levitt",
              "runs": {
                "batter": 0,
                "extras": 0,
                "total": 0
              },
              "wickets": [
                {
                  "player_out": "MP O'Dowd",
                  "fielders": [
                    {
                      "name": "M van Lingen"
                    }
                  ],
                  "kind": "caught"
                }
              ]
            },
            {
              "batter": "SA Engelbrecht",
              "bowler": "R Trumpelmann",
              "non_striker": "M Levitt",
              "runs": {
                "batter": 0,
                "extras": 0,
                "total": 0
              }
            }
          ]
        },
        {
          "over": 3,
          "deliveries": [
            {
              "batter": "M Levitt",
              "bowler": "B Shikongo",
              "non_striker": "SA Engelbrecht",
              "runs": {
                "batter": 1,
                "extras": 0,
                "total": 1
              }
            },
            {
              "batter": "SA Engelbrecht",
              "bowler": "B Shikongo",
              "non_striker": "M Levitt",
              "runs": {
                "batter": 0,
                "extras": 0,
                "total": 0
              }
            },
            {
              "batter": "SA Engelbrecht",
              "bowler": "B Shikongo",
              "non_striker": "M Levitt",
              "runs": {
                "batter": 0,
                "extras": 0,
                "total": 0
              }
            },
            {
              "batter": "SA Engelbrecht",
              "bowler": "B Shikongo",
              "non_striker": "M Levitt",
              "runs": {
                "batter": 1,
                "extras": 0,
                "total": 1
              }
            },
            {
              "batter": "M Levitt",
              "bowler": "B Shikongo",
              "non_striker": "SA Engelbrecht",
              "runs": {
                "batter": 1,
                "extras": 0,
                "total": 1
              }
            },
            {
              "batter": "SA Engelbrecht",
              "bowler": "B Shikongo",
              "non_striker": "M Levitt",
              "runs": {
                "batter": 1,
                "extras": 0,
                "total": 1
              }
            }
          ]
        },
        {
          "over": 4,
          "deliveries": [
            {
              "batter": "SA Engelbrecht",
              "bowler": "BM Scholtz",
              "non_striker": "M Levitt",
              "runs": {
                "batter": 4,
                "extras": 0,
                "total": 4
              }
            },
            {
              "batter": "SA Engelbrecht",
              "bowler": "BM Scholtz",
              "non_striker": "M Levitt",
              "runs": {
                "batter": 4,
                "extras": 0,
                "total": 4
              }
            },
            {
              "batter": "SA Engelbrecht",
              "bowler": "BM Scholtz",
              "non_striker": "M Levitt",
              "runs": {
                "batter": 6,
                "extras": 0,
                "total": 6
              }
            },
            {
              "batter": "SA Engelbrecht",
              "bowler": "BM Scholtz",
              "extras": {
                "wides": 2
              },
              "non_striker": "M Levitt",
              "runs": {
                "batter": 0,
                "extras": 2,
                "total": 2
              }
            },
            {
              "batter": "M Levitt",
              "bowler": "BM Scholtz",
              "non_striker": "SA Engelbrecht",
              "runs": {
                "batter": 0,
                "extras": 0,
                "total": 0
              }
            },
            {
              "batter": "M Levitt",
              "bowler": "BM Scholtz",
              "non_striker": "SA Engelbrecht",
              "runs": {
                "batter": 1,
                "extras": 0,
                "total": 1
              }
            },
            {
              "batter": "SA Engelbrecht",
              "bowler": "BM Scholtz",
              "non_striker": "M Levitt",
              "runs": {
                "batter": 0,
                "extras": 0,
                "total": 0
              }
            }
          ]
        },
        {
          "over": 5,
          "deliveries": [
            {
              "batter": "M Levitt",
              "bowler": "B Shikongo",
              "non_striker": "SA Engelbrecht",
              "runs": {
                "batter": 0,
                "extras": 0,
                "total": 0
              }
            },
            {
              "batter": "M Levitt",
              "bowler": "B Shikongo",
              "non_striker": "SA Engelbrecht",
              "runs": {
                "batter": 1,
                "extras": 0,
                "total": 1
              }
            },
            {
              "batter": "SA Engelbrecht",
              "bowler": "B Shikongo",
              "non_striker": "M Levitt",
              "runs": {
                "batter": 4,
                "extras": 0,
                "total": 4
              }
            },
            {
              "batter": "SA Engelbrecht",
              "bowler": "B Shikongo",
              "non_striker": "M Levitt",
              "runs": {
                "batter": 4,
                "extras": 0,
                "total": 4
              }
            },
            {
              "batter": "SA Engelbrecht",
              "bowler": "B Shikongo",
              "non_striker": "M Levitt",
              "runs": {
                "batter": 1,
                "extras": 0,
                "total": 1
              }
            },
            {
              "batter": "M Levitt",
              "bowler": "B Shikongo",
              "non_striker": "SA Engelbrecht",
              "runs": {
                "batter": 1,
                "extras": 0,
                "total": 1
              }
            }
          ]
        },
        {
          "over": 6,
          "deliveries": [
            {
              "batter": "M Levitt",
              "bowler": "JN Frylinck",
              "non_striker": "SA Engelbrecht",
              "runs": {
                "batter": 1,
                "extras": 0,
                "total": 1
              }
            },
            {
              "batter": "SA Engelbrecht",
              "bowler": "JN Frylinck",
              "non_striker": "M Levitt",
              "runs": {
                "batter": 1,
                "extras": 0,
                "total": 1
              }
            },
            {
              "batter": "M Levitt",
              "bowler": "JN Frylinck",
              "non_striker": "SA Engelbrecht",
              "runs": {
                "batter": 1,
                "extras": 0,
                "total": 1
              }
            },
            {
              "batter": "SA Engelbrecht",
              "bowler": "JN Frylinck",
              "non_striker": "M Levitt",
              "runs": {
                "batter": 0,
                "extras": 0,
                "total": 0
              }
            },
            {
              "batter": "SA Engelbrecht",
              "bowler": "JN Frylinck",
              "non_striker": "M Levitt",
              "runs": {
                "batter": 1,
                "extras": 0,
                "total": 1
              }
            },
            {
              "batter": "M Levitt",
              "bowler": "JN Frylinck",
              "non_striker": "SA Engelbrecht",
              "runs": {
                "batter": 1,
                "extras": 0,
                "total": 1
              }
            }
          ]
        },
        {
          "over": 7,
          "deliveries": [
            {
              "batter": "M Levitt",
              "bowler": "BM Scholtz",
              "non_striker": "SA Engelbrecht",
              "runs": {
                "batter": 0,
                "extras": 0,
                "total": 0
              }
            },
            {
              "batter": "M Levitt",
              "bowler": "BM Scholtz",
              "non_striker": "SA Engelbrecht",
              "runs": {
                "batter": 1,
                "extras": 0,
                "total": 1
              }
            },
            {
              "batter": "SA Engelbrecht",
              "bowler": "BM Scholtz",
              "non_striker": "M Levitt",
              "runs": {
                "batter": 6,
                "extras": 0,
                "total": 6
              }
            },
            {
              "batter": "SA Engelbrecht",
              "bowler": "BM Scholtz",
              "non_striker": "M Levitt",
              "runs": {
                "batter": 0,
                "extras": 0,
                "total": 0
              }
            },
            {
              "batter": "SA Engelbrecht",
              "bowler": "BM Scholtz",
              "non_striker": "M Levitt",
              "runs": {
                "batter": 1,
                "extras": 0,
                "total": 1
              }
            },
            {
              "batter": "M Levitt",
              "bowler": "BM Scholtz",
              "non_striker": "SA Engelbrecht",
              "runs": {
                "batter": 4,
                "extras": 0,
                "total": 4
              }
            }
          ]
        },
        {
          "over": 8,
          "deliveries": [
            {
              "batter": "SA Engelbrecht",
              "bowler": "JN Frylinck",
              "non_striker": "M Levitt",
              "runs": {
                "batter": 1,
                "extras": 0,
                "total": 1
              }
            },
            {
              "batter": "M Levitt",
              "bowler": "JN Frylinck",
              "non_striker": "SA Engelbrecht",
              "runs": {
                "batter": 4,
                "extras": 0,
                "total": 4
              }
            },
            {
              "batter": "M Levitt",
              "bowler": "JN Frylinck",
              "non_striker": "SA Engelbrecht",
              "runs": {
                "batter": 6,
                "extras": 0,
                "total": 6
              }
            },
            {
              "batter": "M Levitt",
              "bowler": "JN Frylinck",
              "non_striker": "SA Engelbrecht",
              "runs": {
                "batter": 4,
                "extras": 0,
                "total": 4
              }
            },
            {
              "batter": "M Levitt",
              "bowler": "JN Frylinck",
              "non_striker": "SA Engelbrecht",
              "runs": {
                "batter": 6,
                "extras": 0,
                "total": 6
              }
            },
            {
              "batter": "M Levitt",
              "bowler": "JN Frylinck",
              "non_striker": "SA Engelbrecht",
              "runs": {
                "batter": 2,
                "extras": 0,
                "total": 2
              }
            }
          ]
        },
        {
          "over": 9,
          "deliveries": [
            {
              "batter": "SA Engelbrecht",
              "bowler": "JN Loftie-Eaton",
              "non_striker": "M Levitt",
              "runs": {
                "batter": 0,
                "extras": 0,
                "total": 0
              }
            },
            {
              "batter": "SA Engelbrecht",
              "bowler": "JN Loftie-Eaton",
              "non_striker": "M Levitt",
              "runs": {
                "batter": 4,
                "extras": 0,
                "total": 4
              }
            },
            {
              "batter": "SA Engelbrecht",
              "bowler": "JN Loftie-Eaton",
              "non_striker": "M Levitt",
              "runs": {
                "batter": 1,
                "extras": 0,
                "total": 1
              }
            },
            {
              "batter": "M Levitt",
              "bowler": "JN Loftie-Eaton",
              "non_striker": "SA Engelbrecht",
              "runs": {
                "batter": 0,
                "extras": 0,
                "total": 0
              }
            },
            {
              "batter": "M Levitt",
              "bowler": "JN Loftie-Eaton",
              "non_striker": "SA Engelbrecht",
              "runs": {
                "batter": 6,
                "extras": 0,
                "total": 6
              }
            },
            {
              "batter": "M Levitt",
              "bowler": "JN Loftie-Eaton",
              "non_striker": "SA Engelbrecht",
              "runs": {
                "batter": 6,
                "extras": 0,
                "total": 6
              }
            }
          ]
        },
        {
          "over": 10,
          "deliveries": [
            {
              "batter": "SA Engelbrecht",
              "bowler": "PD Blignaut",
              "non_striker": "M Levitt",
              "runs": {
                "batter": 6,
                "extras": 0,
                "total": 6
              }
            },
            {
              "batter": "SA Engelbrecht",
              "bowler": "PD Blignaut",
              "non_striker": "M Levitt",
              "runs": {
                "batter": 1,
                "extras": 0,
                "total": 1
              }
            },
            {
              "batter": "M Levitt",
              "bowler": "PD Blignaut",
              "non_striker": "SA Engelbrecht",
              "runs": {
                "batter": 1,
                "extras": 0,
                "total": 1
              }
            },
            {
              "batter": "SA Engelbrecht",
              "bowler": "PD Blignaut",
              "non_striker": "M Levitt",
              "runs": {
                "batter": 0,
                "extras": 0,
                "total": 0
              }
            },
            {
              "batter": "SA Engelbrecht",
              "bowler": "PD Blignaut",
              "non_striker": "M Levitt",
              "runs": {
                "batter": 4,
                "extras": 0,
                "total": 4
              }
            },
            {
              "batter": "SA Engelbrecht",
              "bowler": "PD Blignaut",
              "non_striker": "M Levitt",
              "runs": {
                "batter": 1,
                "extras": 0,
                "total": 1
              }
            }
          ]
        },
        {
          "over": 11,
          "deliveries": [
            {
              "batter": "SA Engelbrecht",
              "bowler": "JN Loftie-Eaton",
              "non_striker": "M Levitt",
              "runs": {
                "batter": 0,
                "extras": 0,
                "total": 0
              }
            },
            {
              "batter": "SA Engelbrecht",
              "bowler": "JN Loftie-Eaton",
              "non_striker": "M Levitt",
              "runs": {
                "batter": 1,
                "extras": 0,
                "total": 1
              }
            },
            {
              "batter": "M Levitt",
              "bowler": "JN Loftie-Eaton",
              "non_striker": "SA Engelbrecht",
              "runs": {
                "batter": 0,
                "extras": 0,
                "total": 0
              }
            },
            {
              "batter": "M Levitt",
              "bowler": "JN Loftie-Eaton",
              "non_striker": "SA Engelbrecht",
              "runs": {
                "batter": 0,
                "extras": 0,
                "total": 0
              }
            },
            {
              "batter": "M Levitt",
              "bowler": "JN Loftie-Eaton",
              "non_striker": "SA Engelbrecht",
              "runs": {
                "batter": 4,
                "extras": 0,
                "total": 4
              }
            },
            {
              "batter": "M Levitt",
              "bowler": "JN Loftie-Eaton",
              "non_striker": "SA Engelbrecht",
              "runs": {
                "batter": 1,
                "extras": 0,
                "total": 1
              }
            }
          ]
        },
        {
          "over": 12,
          "deliveries": [
            {
              "batter": "M Levitt",
              "bowler": "R Trumpelmann",
              "non_striker": "SA Engelbrecht",
              "runs": {
                "batter": 4,
                "extras": 0,
                "total": 4
              }
            },
            {
              "batter": "M Levitt",
              "bowler": "R Trumpelmann",
              "non_striker": "SA Engelbrecht",
              "runs": {
                "batter": 2,
                "extras": 0,
                "total": 2
              }
            },
            {
              "batter": "M Levitt",
              "bowler": "R Trumpelmann",
              "non_striker": "SA Engelbrecht",
              "runs": {
                "batter": 6,
                "extras": 0,
                "total": 6
              }
            },
            {
              "batter": "M Levitt",
              "bowler": "R Trumpelmann",
              "non_striker": "SA Engelbrecht",
              "runs": {
                "batter": 2,
                "extras": 0,
                "total": 2
              }
            },
            {
              "batter": "M Levitt",
              "bowler": "R Trumpelmann",
              "non_striker": "SA Engelbrecht",
              "runs": {
                "batter": 1,
                "extras": 0,
                "total": 1
              }
            },
            {
              "batter": "SA Engelbrecht",
              "bowler": "R Trumpelmann",
              "non_striker": "M Levitt",
              "runs": {
                "batter": 0,
                "extras": 0,
                "total": 0
              }
            }
          ]
        },
        {
          "over": 13,
          "deliveries": [
            {
              "batter": "M Levitt",
              "bowler": "JN Frylinck",
              "non_striker": "SA Engelbrecht",
              "runs": {
                "batter": 4,
                "extras": 0,
                "total": 4
              }
            },
            {
              "batter": "M Levitt",
              "bowler": "JN Frylinck",
              "non_striker": "SA Engelbrecht",
              "runs": {
                "batter": 6,
                "extras": 0,
                "total": 6
              }
            },
            {
              "batter": "M Levitt",
              "bowler": "JN Frylinck",
              "non_striker": "SA Engelbrecht",
              "runs": {
                "batter": 2,
                "extras": 0,
                "total": 2
              }
            },
            {
              "batter": "M Levitt",
              "bowler": "JN Frylinck",
              "non_striker": "SA Engelbrecht",
              "runs": {
                "batter": 6,
                "extras": 0,
                "total": 6
              }
            },
            {
              "batter": "M Levitt",
              "bowler": "JN Frylinck",
              "extras": {
                "byes": 1
              },
              "non_striker": "SA Engelbrecht",
              "runs": {
                "batter": 0,
                "extras": 1,
                "total": 1
              }
            },
            {
              "batter": "SA Engelbrecht",
              "bowler": "JN Frylinck",
              "non_striker": "M Levitt",
              "runs": {
                "batter": 1,
                "extras": 0,
                "total": 1
              }
            }
          ]
        },
        {
          "over": 14,
          "deliveries": [
            {
              "batter": "SA Engelbrecht",
              "bowler": "BM Scholtz",
              "non_striker": "M Levitt",
              "runs": {
                "batter": 0,
                "extras": 0,
                "total": 0
              }
            },
            {
              "batter": "SA Engelbrecht",
              "bowler": "BM Scholtz",
              "non_striker": "M Levitt",
              "runs": {
                "batter": 6,
                "extras": 0,
                "total": 6
              }
            },
            {
              "batter": "SA Engelbrecht",
              "bowler": "BM Scholtz",
              "non_striker": "M Levitt",
              "runs": {
                "batter": 2,
                "extras": 0,
                "total": 2
              }
            },
            {
              "batter": "SA Engelbrecht",
              "bowler": "BM Scholtz",
              "non_striker": "M Levitt",
              "runs": {
                "batter": 1,
                "extras": 0,
                "total": 1
              }
            },
            {
              "batter": "M Levitt",
              "bowler": "BM Scholtz",
              "non_striker": "SA Engelbrecht",
              "runs": {
                "batter": 4,
                "extras": 0,
                "total": 4
              }
            },
            {
              "batter": "M Levitt",
              "bowler": "BM Scholtz",
              "non_striker": "SA Engelbrecht",
              "runs": {
                "batter": 1,
                "extras": 0,
                "total": 1
              }
            }
          ]
        },
        {
          "over": 15,
          "deliveries": [
            {
              "batter": "M Levitt",
              "bowler": "JN Loftie-Eaton",
              "non_striker": "SA Engelbrecht",
              "runs": {
                "batter": 0,
                "extras": 0,
                "total": 0
              }
            },
            {
              "batter": "M Levitt",
              "bowler": "JN Loftie-Eaton",
              "non_striker": "SA Engelbrecht",
              "runs": {
                "batter": 4,
                "extras": 0,
                "total": 4
              }
            },
            {
              "batter": "M Levitt",
              "bowler": "JN Loftie-Eaton",
              "non_striker": "SA Engelbrecht",
              "runs": {
                "batter": 2,
                "extras": 0,
                "total": 2
              }
            },
            {
              "batter": "M Levitt",
              "bowler": "JN Loftie-Eaton",
              "non_striker": "SA Engelbrecht",
              "runs": {
                "batter": 0,
                "extras": 0,
                "total": 0
              }
            },
            {
              "batter": "M Levitt",
              "bowler": "JN Loftie-Eaton",
              "non_striker": "SA Engelbrecht",
              "runs": {
                "batter": 2,
                "extras": 0,
                "total": 2
              }
            },
            {
              "batter": "M Levitt",
              "bowler": "JN Loftie-Eaton",
              "non_striker": "SA Engelbrecht",
              "runs": {
                "batter": 1,
                "extras": 0,
                "total": 1
              }
            }
          ]
        },
        {
          "over": 16,
          "deliveries": [
            {
              "batter": "M Levitt",
              "bowler": "PD Blignaut",
              "non_striker": "SA Engelbrecht",
              "runs": {
                "batter": 6,
                "extras": 0,
                "total": 6
              }
            },
            {
              "batter": "M Levitt",
              "bowler": "PD Blignaut",
              "non_striker": "SA Engelbrecht",
              "runs": {
                "batter": 4,
                "extras": 0,
                "total": 4
              }
            },
            {
              "batter": "M Levitt",
              "bowler": "PD Blignaut",
              "non_striker": "SA Engelbrecht",
              "runs": {
                "batter": 2,
                "extras": 0,
                "total": 2
              }
            },
            {
              "batter": "M Levitt",
              "bowler": "PD Blignaut",
              "non_striker": "SA Engelbrecht",
              "runs": {
                "batter": 6,
                "extras": 0,
                "total": 6
              }
            },
            {
              "batter": "M Levitt",
              "bowler": "PD Blignaut",
              "non_striker": "SA Engelbrecht",
              "runs": {
                "batter": 4,
                "extras": 0,
                "total": 4
              }
            },
            {
              "batter": "M Levitt",
              "bowler": "PD Blignaut",
              "non_striker": "SA Engelbrecht",
              "runs": {
                "batter": 4,
                "extras": 0,
                "total": 4
              }
            }
          ]
        },
        {
          "over": 17,
          "deliveries": [
            {
              "batter": "SA Engelbrecht",
              "bowler": "JN Frylinck",
              "non_striker": "M Levitt",
              "runs": {
                "batter": 1,
                "extras": 0,
                "total": 1
              }
            },
            {
              "batter": "M Levitt",
              "bowler": "JN Frylinck",
              "non_striker": "SA Engelbrecht",
              "runs": {
                "batter": 0,
                "extras": 0,
                "total": 0
              },
              "wickets": [
                {
                  "player_out": "M Levitt",
                  "fielders": [
                    {
                      "name": "JN Loftie-Eaton"
                    }
                  ],
                  "kind": "caught"
                }
              ]
            },
            {
              "batter": "SA Edwards",
              "bowler": "JN Frylinck",
              "non_striker": "SA Engelbrecht",
              "runs": {
                "batter": 1,
                "extras": 0,
                "total": 1
              }
            },
            {
              "batter": "SA Engelbrecht",
              "bowler": "JN Frylinck",
              "non_striker": "SA Edwards",
              "runs": {
                "batter": 1,
                "extras": 0,
                "total": 1
              }
            },
            {
              "batter": "SA Edwards",
              "bowler": "JN Frylinck",
              "non_striker": "SA Engelbrecht",
              "runs": {
                "batter": 1,
                "extras": 0,
                "total": 1
              }
            },
            {
              "batter": "SA Engelbrecht",
              "bowler": "JN Frylinck",
              "non_striker": "SA Edwards",
              "runs": {
                "batter": 6,
                "extras": 0,
                "total": 6
              }
            }
          ]
        },
        {
          "over": 18,
          "deliveries": [
            {
              "batter": "SA Edwards",
              "bowler": "R Trumpelmann",
              "non_striker": "SA Engelbrecht",
              "runs": {
                "batter": 0,
                "extras": 0,
                "total": 0
              }
            },
            {
              "batter": "SA Edwards",
              "bowler": "R Trumpelmann",
              "non_striker": "SA Engelbrecht",
              "runs": {
                "batter": 2,
                "extras": 0,
                "total": 2
              }
            },
            {
              "batter": "SA Edwards",
              "bowler": "R Trumpelmann",
              "non_striker": "SA Engelbrecht",
              "runs": {
                "batter": 0,
                "extras": 0,
                "total": 0
              },
              "wickets": [
                {
                  "player_out": "SA Edwards",
                  "fielders": [
                    {
                      "name": "JN Loftie-Eaton"
                    }
                  ],
                  "kind": "caught"
                }
              ]
            },
            {
              "batter": "AT Nidamanuru",
              "bowler": "R Trumpelmann",
              "non_striker": "SA Engelbrecht",
              "runs": {
                "batter": 6,
                "extras": 0,
                "total": 6
              }
            },
            {
              "batter": "AT Nidamanuru",
              "bowler": "R Trumpelmann",
              "non_striker": "SA Engelbrecht",
              "runs": {
                "batter": 6,
                "extras": 0,
                "total": 6
              }
            },
            {
              "batter": "AT Nidamanuru",
              "bowler": "R Trumpelmann",
              "non_striker": "SA Engelbrecht",
              "runs": {
                "batter": 6,
                "extras": 0,
                "total": 6
              }
            }
          ]
        },
        {
          "over": 19,
          "deliveries": [
            {
              "batter": "SA Engelbrecht",
              "bowler": "B Shikongo",
              "non_striker": "AT Nidamanuru",
              "runs": {
                "batter": 4,
                "extras": 0,
                "total": 4
              }
            },
            {
              "batter": "SA Engelbrecht",
              "bowler": "B Shikongo",
              "non_striker": "AT Nidamanuru",
              "runs": {
                "batter": 0,
                "extras": 0,
                "total": 0
              },
              "wickets": [
                {
                  "player_out": "SA Engelbrecht",
                  "fielders": [
                    {
                      "name": "JJ Smit"
                    }
                  ],
                  "kind": "caught"
                }
              ]
            },
            {
              "batter": "W Barresi",
              "bowler": "B Shikongo",
              "non_striker": "AT Nidamanuru",
              "runs": {
                "batter": 1,
                "extras": 0,
                "total": 1
              },
              "wickets": [
                {
                  "player_out": "AT Nidamanuru",
                  "fielders": [
                    {
                      "name": "JN Frylinck"
                    },
                    {
                      "name": "ZE Green"
                    },
                    {
                      "name": "B Shikongo"
                    }
                  ],
                  "kind": "run out"
                }
              ]
            },
            {
              "batter": "A Dutt",
              "bowler": "B Shikongo",
              "non_striker": "W Barresi",
              "runs": {
                "batter": 0,
                "extras": 0,
                "total": 0
              }
            },
            {
              "batter": "A Dutt",
              "bowler": "B Shikongo",
              "non_striker": "W Barresi",
              "runs": {
                "batter": 1,
                "extras": 0,
                "total": 1
              }
            },
            {
              "batter": "W Barresi",
              "bowler": "B Shikongo",
              "non_striker": "A Dutt",
              "runs": {
                "batter": 4,
                "extras": 0,
                "total": 4
              }
            }
          ]
        }
      ],
      "powerplays": [
        {
          "from": 0.1,
          "to": 5.6,
          "type": "mandatory"
        }
      ]
    },
    {
      "team": "Namibia",
      "overs": [
        {
          "over": 0,
          "deliveries": [
            {
              "batter": "M van Lingen",
              "bowler": "VJ Kingma",
              "non_striker": "MB Kruger",
              "runs": {
                "batter": 1,
                "extras": 0,
                "total": 1
              }
            },
            {
              "batter": "MB Kruger",
              "bowler": "VJ Kingma",
              "non_striker": "M van Lingen",
              "runs": {
                "batter": 0,
                "extras": 0,
                "total": 0
              }
            },
            {
              "batter": "MB Kruger",
              "bowler": "VJ Kingma",
              "non_striker": "M van Lingen",
              "runs": {
                "batter": 1,
                "extras": 0,
                "total": 1
              }
            },
            {
              "batter": "M van Lingen",
              "bowler": "VJ Kingma",
              "non_striker": "MB Kruger",
              "runs": {
                "batter": 0,
                "extras": 0,
                "total": 0
              }
            },
            {
              "batter": "M van Lingen",
              "bowler": "VJ Kingma",
              "non_striker": "MB Kruger",
              "runs": {
                "batter": 0,
                "extras": 0,
                "total": 0
              }
            },
            {
              "batter": "M van Lingen",
              "bowler": "VJ Kingma",
              "non_striker": "MB Kruger",
              "runs": {
                "batter": 0,
                "extras": 0,
                "total": 0
              }
            }
          ]
        },
        {
          "over": 1,
          "deliveries": [
            {
              "batter": "MB Kruger",
              "bowler": "FJ Klaassen",
              "non_striker": "M van Lingen",
              "runs": {
                "batter": 0,
                "extras": 0,
                "total": 0
              }
            },
            {
              "batter": "MB Kruger",
              "bowler": "FJ Klaassen",
              "extras": {
                "legbyes": 4
              },
              "non_striker": "M van Lingen",
              "runs": {
                "batter": 0,
                "extras": 4,
                "total": 4
              }
            },
            {
              "batter": "MB Kruger",
              "bowler": "FJ Klaassen",
              "non_striker": "M van Lingen",
              "runs": {
                "batter": 0,
                "extras": 0,
                "total": 0
              }
            },
            {
              "batter": "MB Kruger",
              "bowler": "FJ Klaassen",
              "non_striker": "M van Lingen",
              "runs": {
                "batter": 1,
                "extras": 0,
                "total": 1
              }
            },
            {
              "batter": "M van Lingen",
              "bowler": "FJ Klaassen",
              "non_striker": "MB Kruger",
              "runs": {
                "batter": 4,
                "extras": 0,
                "total": 4
              }
            },
            {
              "batter": "M van Lingen",
              "bowler": "FJ Klaassen",
              "non_striker": "MB Kruger",
              "runs": {
                "batter": 1,
                "extras": 0,
                "total": 1
              }
            }
          ]
        },
        {
          "over": 2,
          "deliveries": [
            {
              "batter": "M van Lingen",
              "bowler": "VJ Kingma",
              "non_striker": "MB Kruger",
              "runs": {
                "batter": 0,
                "extras": 0,
                "total": 0
              }
            },
            {
              "batter": "M van Lingen",
              "bowler": "VJ Kingma",
              "non_striker": "MB Kruger",
              "runs": {
                "batter": 0,
                "extras": 0,
                "total": 0
              }
            },
            {
              "batter": "M van Lingen",
              "bowler": "VJ Kingma",
              "extras": {
                "legbyes": 1
              },
              "non_striker": "MB Kruger",
              "runs": {
                "batter": 0,
                "extras": 1,
                "total": 1
              }
            },
            {
              "batter": "MB Kruger",
              "bowler": "VJ Kingma",
              "non_striker": "M van Lingen",
              "runs": {
                "batter": 1,
                "extras": 0,
                "total": 1
              }
            },
            {
              "batter": "M van Lingen",
              "bowler": "VJ Kingma",
              "non_striker": "MB Kruger",
              "runs": {
                "batter": 1,
                "extras": 0,
                "total": 1
              }
            },
            {
              "batter": "MB Kruger",
              "bowler": "VJ Kingma",
              "non_striker": "M van Lingen",
              "runs": {
                "batter": 0,
                "extras": 0,
                "total": 0
              },
              "wickets": [
                {
                  "player_out": "MB Kruger",
                  "kind": "bowled"
                }
              ]
            }
          ]
        },
        {
          "over": 3,
          "deliveries": [
            {
              "batter": "M van Lingen",
              "bowler": "A Dutt",
              "non_striker": "JP Kotze",
              "runs": {
                "batter": 0,
                "extras": 0,
                "total": 0
              },
              "wickets": [
                {
                  "player_out": "M van Lingen",
                  "fielders": [
                    {
                      "name": "RE van der Merwe"
                    }
                  ],
                  "kind": "caught"
                }
              ]
            },
            {
              "batter": "JJ Smit",
              "bowler": "A Dutt",
              "non_striker": "JP Kotze",
              "runs": {
                "batter": 4,
                "extras": 0,
                "total": 4
              }
            },
            {
              "batter": "JJ Smit",
              "bowler": "A Dutt",
              "non_striker": "JP Kotze",
              "runs": {
                "batter": 1,
                "extras": 0,
                "total": 1
              }
            },
            {
              "batter": "JP Kotze",
              "bowler": "A Dutt",
              "non_striker": "JJ Smit",
              "runs": {
                "batter": 0,
                "extras": 0,
                "total": 0
              }
            },
            {
              "batter": "JP Kotze",
              "bowler": "A Dutt",
              "non_striker": "JJ Smit",
              "runs": {
                "batter": 6,
                "extras": 0,
                "total": 6
              }
            },
            {
              "batter": "JP Kotze",
              "bowler": "A Dutt",
              "non_striker": "JJ Smit",
              "runs": {
                "batter": 0,
                "extras": 0,
                "total": 0
              }
            }
          ]
        },
        {
          "over": 4,
          "deliveries": [
            {
              "batter": "JJ Smit",
              "bowler": "FJ Klaassen",
              "non_striker": "JP Kotze",
              "runs": {
                "batter": 0,
                "extras": 0,
                "total": 0
              }
            },
            {
              "batter": "JJ Smit",
              "bowler": "FJ Klaassen",
              "non_striker": "JP Kotze",
              "runs": {
                "batter": 6,
                "extras": 0,
                "total": 6
              }
            },
            {
              "batter": "JJ Smit",
              "bowler": "FJ Klaassen",
              "non_striker": "JP Kotze",
              "runs": {
                "batter": 2,
                "extras": 0,
                "total": 2
              }
            },
            {
              "batter": "JJ Smit",
              "bowler": "FJ Klaassen",
              "non_striker": "JP Kotze",
              "runs": {
                "batter": 6,
                "extras": 0,
                "total": 6
              }
            },
            {
              "batter": "JJ Smit",
              "bowler": "FJ Klaassen",
              "non_striker": "JP Kotze",
              "runs": {
                "batter": 0,
                "extras": 0,
                "total": 0
              }
            },
            {
              "batter": "JJ Smit",
              "bowler": "FJ Klaassen",
              "non_striker": "JP Kotze",
              "runs": {
                "batter": 0,
                "extras": 0,
                "total": 0
              },
              "wickets": [
                {
                  "player_out": "JJ Smit",
                  "fielders": [
                    {
                      "name": "AT Nidamanuru"
                    }
                  ],
                  "kind": "caught"
                }
              ]
            }
          ]
        },
        {
          "over": 5,
          "deliveries": [
            {
              "batter": "JP Kotze",
              "bowler": "A Dutt",
              "non_striker": "JN Frylinck",
              "runs": {
                "batter": 0,
                "extras": 0,
                "total": 0
              }
            },
            {
              "batter": "JP Kotze",
              "bowler": "A Dutt",
              "non_striker": "JN Frylinck",
              "runs": {
                "batter": 6,
                "extras": 0,
                "total": 6
              }
            },
            {
              "batter": "JP Kotze",
              "bowler": "A Dutt",
              "non_striker": "JN Frylinck",
              "runs": {
                "batter": 4,
                "extras": 0,
                "total": 4
              }
            },
            {
              "batter": "JP Kotze",
              "bowler": "A Dutt",
              "non_striker": "JN Frylinck",
              "runs": {
                "batter": 0,
                "extras": 0,
                "total": 0
              }
            },
            {
              "batter": "JP Kotze",
              "bowler": "A Dutt",
              "non_striker": "JN Frylinck",
              "runs": {
                "batter": 4,
                "extras": 0,
                "total": 4
              }
            },
            {
              "batter": "JP Kotze",
              "bowler": "A Dutt",
              "non_striker": "JN Frylinck",
              "runs": {
                "batter": 0,
                "extras": 0,
                "total": 0
              }
            }
          ]
        },
        {
          "over": 6,
          "deliveries": [
            {
              "batter": "JN Frylinck",
              "bowler": "T van der Gugten",
              "non_striker": "JP Kotze",
              "runs": {
                "batter": 2,
                "extras": 0,
                "total": 2
              }
            },
            {
              "batter": "JN Frylinck",
              "bowler": "T van der Gugten",
              "non_striker": "JP Kotze",
              "runs": {
                "batter": 1,
                "extras": 0,
                "total": 1
              }
            },
            {
              "batter": "JP Kotze",
              "bowler": "T van der Gugten",
              "non_striker": "JN Frylinck",
              "runs": {
                "batter": 0,
                "extras": 0,
                "total": 0
              }
            },
            {
              "batter": "JP Kotze",
              "bowler": "T van der Gugten",
              "non_striker": "JN Frylinck",
              "runs": {
                "batter": 0,
                "extras": 0,
                "total": 0
              }
            },
            {
              "batter": "JP Kotze",
              "bowler": "T van der Gugten",
              "non_striker": "JN Frylinck",
              "runs": {
                "batter": 1,
                "extras": 0,
                "total": 1
              }
            },
            {
              "batter": "JN Frylinck",
              "bowler": "T van der Gugten",
              "non_striker": "JP Kotze",
              "runs": {
                "batter": 1,
                "extras": 0,
                "total": 1
              }
            }
          ]
        },
        {
          "over": 7,
          "deliveries": [
            {
              "batter": "JN Frylinck",
              "bowler": "SA Engelbrecht",
              "non_striker": "JP Kotze",
              "runs": {
                "batter": 0,
                "extras": 0,
                "total": 0
              }
            },
            {
              "batter": "JN Frylinck",
              "bowler": "SA Engelbrecht",
              "non_striker": "JP Kotze",
              "runs": {
                "batter": 1,
                "extras": 0,
                "total": 1
              }
            },
            {
              "batter": "JP Kotze",
              "bowler": "SA Engelbrecht",
              "non_striker": "JN Frylinck",
              "runs": {
                "batter": 4,
                "extras": 0,
                "total": 4
              }
            },
            {
              "batter": "JP Kotze",
              "bowler": "SA Engelbrecht",
              "non_striker": "JN Frylinck",
              "runs": {
                "batter": 1,
                "extras": 0,
                "total": 1
              }
            },
            {
              "batter": "JN Frylinck",
              "bowler": "SA Engelbrecht",
              "non_striker": "JP Kotze",
              "runs": {
                "batter": 1,
                "extras": 0,
                "total": 1
              }
            },
            {
              "batter": "JP Kotze",
              "bowler": "SA Engelbrecht",
              "non_striker": "JN Frylinck",
              "runs": {
                "batter": 0,
                "extras": 0,
                "total": 0
              },
              "wickets": [
                {
                  "player_out": "JP Kotze",
                  "kind": "bowled"
                }
              ]
            }
          ]
        },
        {
          "over": 8,
          "deliveries": [
            {
              "batter": "JN Frylinck",
              "bowler": "VJ Kingma",
              "non_striker": "JN Loftie-Eaton",
              "runs": {
                "batter": 4,
                "extras": 0,
                "total": 4
              }
            },
            {
              "batter": "JN Frylinck",
              "bowler": "VJ Kingma",
              "non_striker": "JN Loftie-Eaton",
              "runs": {
                "batter": 1,
                "extras": 0,
                "total": 1
              }
            },
            {
              "batter": "JN Loftie-Eaton",
              "bowler": "VJ Kingma",
              "extras": {
                "wides": 2
              },
              "non_striker": "JN Frylinck",
              "runs": {
                "batter": 0,
                "extras": 2,
                "total": 2
              }
            },
            {
              "batter": "JN Frylinck",
              "bowler": "VJ Kingma",
              "non_striker": "JN Loftie-Eaton",
              "runs": {
                "batter": 1,
                "extras": 0,
                "total": 1
              }
            },
            {
              "batter": "JN Loftie-Eaton",
              "bowler": "VJ Kingma",
              "non_striker": "JN Frylinck",
              "runs": {
                "batter": 1,
                "extras": 0,
                "total": 1
              }
            },
            {
              "batter": "JN Frylinck",
              "bowler": "VJ Kingma",
              "extras": {
                "legbyes": 1
              },
              "non_striker": "JN Loftie-Eaton",
              "runs": {
                "batter": 0,
                "extras": 1,
                "total": 1
              }
            },
            {
              "batter": "JN Loftie-Eaton",
              "bowler": "VJ Kingma",
              "non_striker": "JN Frylinck",
              "runs": {
                "batter": 1,
                "extras": 0,
                "total": 1
              }
            }
          ]
        },
        {
          "over": 9,
          "deliveries": [
            {
              "batter": "JN Loftie-Eaton",
              "bowler": "SA Engelbrecht",
              "non_striker": "JN Frylinck",
              "runs": {
                "batter": 1,
                "extras": 0,
                "total": 1
              }
            },
            {
              "batter": "JN Frylinck",
              "bowler": "SA Engelbrecht",
              "non_striker": "JN Loftie-Eaton",
              "runs": {
                "batter": 0,
                "extras": 0,
                "total": 0
              }
            },
            {
              "batter": "JN Frylinck",
              "bowler": "SA Engelbrecht",
              "non_striker": "JN Loftie-Eaton",
              "runs": {
                "batter": 6,
                "extras": 0,
                "total": 6
              }
            },
            {
              "batter": "JN Frylinck",
              "bowler": "SA Engelbrecht",
              "non_striker": "JN Loftie-Eaton",
              "runs": {
                "batter": 1,
                "extras": 0,
                "total": 1
              }
            },
            {
              "batter": "JN Loftie-Eaton",
              "bowler": "SA Engelbrecht",
              "non_striker": "JN Frylinck",
              "runs": {
                "batter": 1,
                "extras": 0,
                "total": 1
              }
            },
            {
              "batter": "JN Frylinck",
              "bowler": "SA Engelbrecht",
              "non_striker": "JN Loftie-Eaton",
              "runs": {
                "batter": 4,
                "extras": 0,
                "total": 4
              }
            }
          ]
        },
        {
          "over": 10,
          "deliveries": [
            {
              "batter": "JN Loftie-Eaton",
              "bowler": "T van der Gugten",
              "non_striker": "JN Frylinck",
              "runs": {
                "batter": 6,
                "extras": 0,
                "total": 6
              }
            },
            {
              "batter": "JN Loftie-Eaton",
              "bowler": "T van der Gugten",
              "non_striker": "JN Frylinck",
              "runs": {
                "batter": 1,
                "extras": 0,
                "total": 1
              }
            },
            {
              "batter": "JN Frylinck",
              "bowler": "T van der Gugten",
              "non_striker": "JN Loftie-Eaton",
              "runs": {
                "batter": 1,
                "extras": 0,
                "total": 1
              }
            },
            {
              "batter": "JN Loftie-Eaton",
              "bowler": "T van der Gugten",
              "non_striker": "JN Frylinck",
              "runs": {
                "batter": 0,
                "extras": 0,
                "total": 0
              },
              "wickets": [
                {
                  "player_out": "JN Loftie-Eaton",
                  "fielders": [
                    {
                      "name": "SA Edwards"
                    }
                  ],
                  "kind": "caught"
                }
              ]
            },
            {
              "batter": "R Trumpelmann",
              "bowler": "T van der Gugten",
              "non_striker": "JN Frylinck",
              "runs": {
                "batter": 0,
                "extras": 0,
                "total": 0
              }
            },
            {
              "batter": "R Trumpelmann",
              "bowler": "T van der Gugten",
              "non_striker": "JN Frylinck",
              "runs": {
                "batter": 0,
                "extras": 0,
                "total": 0
              }
            }
          ]
        },
        {
          "over": 11,
          "deliveries": [
            {
              "batter": "JN Frylinck",
              "bowler": "A Dutt",
              "non_striker": "R Trumpelmann",
              "runs": {
                "batter": 1,
                "extras": 0,
                "total": 1
              }
            },
            {
              "batter": "R Trumpelmann",
              "bowler": "A Dutt",
              "non_striker": "JN Frylinck",
              "runs": {
                "batter": 0,
                "extras": 0,
                "total": 0
              }
            },
            {
              "batter": "R Trumpelmann",
              "bowler": "A Dutt",
              "non_striker": "JN Frylinck",
              "runs": {
                "batter": 0,
                "extras": 0,
                "total": 0
              }
            },
            {
              "batter": "R Trumpelmann",
              "bowler": "A Dutt",
              "non_striker": "JN Frylinck",
              "runs": {
                "batter": 1,
                "extras": 0,
                "total": 1
              }
            },
            {
              "batter": "JN Frylinck",
              "bowler": "A Dutt",
              "non_striker": "R Trumpelmann",
              "runs": {
                "batter": 1,
                "extras": 0,
                "total": 1
              }
            },
            {
              "batter": "R Trumpelmann",
              "bowler": "A Dutt",
              "non_striker": "JN Frylinck",
              "runs": {
                "batter": 4,
                "extras": 0,
                "total": 4
              }
            }
          ]
        },
        {
          "over": 12,
          "deliveries": [
            {
              "batter": "JN Frylinck",
              "bowler": "RE van der Merwe",
              "non_striker": "R Trumpelmann",
              "runs": {
                "batter": 1,
                "extras": 0,
                "total": 1
              }
            },
            {
              "batter": "R Trumpelmann",
              "bowler": "RE van der Merwe",
              "non_striker": "JN Frylinck",
              "runs": {
                "batter": 0,
                "extras": 0,
                "total": 0
              }
            },
            {
              "batter": "R Trumpelmann",
              "bowler": "RE van der Merwe",
              "non_striker": "JN Frylinck",
              "runs": {
                "batter": 6,
                "extras": 0,
                "total": 6
              }
            },
            {
              "batter": "R Trumpelmann",
              "bowler": "RE van der Merwe",
              "non_striker": "JN Frylinck",
              "runs": {
                "batter": 1,
                "extras": 0,
                "total": 1
              }
            },
            {
              "batter": "JN Frylinck",
              "bowler": "RE van der Merwe",
              "non_striker": "R Trumpelmann",
              "runs": {
                "batter": 1,
                "extras": 0,
                "total": 1
              }
            },
            {
              "batter": "R Trumpelmann",
              "bowler": "RE van der Merwe",
              "non_striker": "JN Frylinck",
              "runs": {
                "batter": 0,
                "extras": 0,
                "total": 0
              }
            }
          ]
        },
        {
          "over": 13,
          "deliveries": [
            {
              "batter": "JN Frylinck",
              "bowler": "FJ Klaassen",
              "non_striker": "R Trumpelmann",
              "runs": {
                "batter": 2,
                "extras": 0,
                "total": 2
              }
            },
            {
              "batter": "JN Frylinck",
              "bowler": "FJ Klaassen",
              "non_striker": "R Trumpelmann",
              "runs": {
                "batter": 0,
                "extras": 0,
                "total": 0
              }
            },
            {
              "batter": "JN Frylinck",
              "bowler": "FJ Klaassen",
              "non_striker": "R Trumpelmann",
              "runs": {
                "batter": 4,
                "extras": 0,
                "total": 4
              }
            },
            {
              "batter": "JN Frylinck",
              "bowler": "FJ Klaassen",
              "non_striker": "R Trumpelmann",
              "runs": {
                "batter": 6,
                "extras": 0,
                "total": 6
              }
            },
            {
              "batter": "JN Frylinck",
              "bowler": "FJ Klaassen",
              "non_striker": "R Trumpelmann",
              "runs": {
                "batter": 1,
                "extras": 0,
                "total": 1
              }
            },
            {
              "batter": "R Trumpelmann",
              "bowler": "FJ Klaassen",
              "extras": {
                "legbyes": 1
              },
              "non_striker": "JN Frylinck",
              "runs": {
                "batter": 0,
                "extras": 1,
                "total": 1
              }
            }
          ]
        },
        {
          "over": 14,
          "deliveries": [
            {
              "batter": "R Trumpelmann",
              "bowler": "RE van der Merwe",
              "non_striker": "JN Frylinck",
              "runs": {
                "batter": 1,
                "extras": 0,
                "total": 1
              }
            },
            {
              "batter": "JN Frylinck",
              "bowler": "RE van der Merwe",
              "non_striker": "R Trumpelmann",
              "runs": {
                "batter": 1,
                "extras": 0,
                "total": 1
              }
            },
            {
              "batter": "R Trumpelmann",
              "bowler": "RE van der Merwe",
              "non_striker": "JN Frylinck",
              "runs": {
                "batter": 6,
                "extras": 0,
                "total": 6
              }
            },
            {
              "batter": "R Trumpelmann",
              "bowler": "RE van der Merwe",
              "non_striker": "JN Frylinck",
              "runs": {
                "batter": 0,
                "extras": 0,
                "total": 0
              },
              "wickets": [
                {
                  "player_out": "R Trumpelmann",
                  "fielders": [
                    {
                      "name": "FJ Klaassen"
                    }
                  ],
                  "kind": "caught"
                }
              ]
            },
            {
              "batter": "ZE Green",
              "bowler": "RE van der Merwe",
              "non_striker": "JN Frylinck",
              "runs": {
                "batter": 1,
                "extras": 0,
                "total": 1
              }
            },
            {
              "batter": "JN Frylinck",
              "bowler": "RE van der Merwe",
              "non_striker": "ZE Green",
              "runs": {
                "batter": 0,
                "extras": 0,
                "total": 0
              }
            }
          ]
        },
        {
          "over": 15,
          "deliveries": [
            {
              "batter": "ZE Green",
              "bowler": "T van der Gugten",
              "non_striker": "JN Frylinck",
              "runs": {
                "batter": 1,
                "extras": 0,
                "total": 1
              }
            },
            {
              "batter": "JN Frylinck",
              "bowler": "T van der Gugten",
              "non_striker": "ZE Green",
              "runs": {
                "batter": 0,
                "extras": 0,
                "total": 0
              },
              "wickets": [
                {
                  "player_out": "JN Frylinck",
                  "kind": "bowled"
                }
              ]
            },
            {
              "batter": "BM Scholtz",
              "bowler": "T van der Gugten",
              "non_striker": "ZE Green",
              "runs": {
                "batter": 0,
                "extras": 0,
                "total": 0
              }
            },
            {
              "batter": "BM Scholtz",
              "bowler": "T van der Gugten",
              "non_striker": "ZE Green",
              "runs": {
                "batter": 1,
                "extras": 0,
                "total": 1
              }
            },
            {
              "batter": "ZE Green",
              "bowler": "T van der Gugten",
              "non_striker": "BM Scholtz",
              "runs": {
                "batter": 0,
                "extras": 0,
                "total": 0
              }
            },
            {
              "batter": "ZE Green",
              "bowler": "T van der Gugten",
              "non_striker": "BM Scholtz",
              "runs": {
                "batter": 0,
                "extras": 0,
                "total": 0
              }
            }
          ]
        },
        {
          "over": 16,
          "deliveries": [
            {
              "batter": "BM Scholtz",
              "bowler": "RE van der Merwe",
              "non_striker": "ZE Green",
              "runs": {
                "batter": 0,
                "extras": 0,
                "total": 0
              }
            },
            {
              "batter": "BM Scholtz",
              "bowler": "RE van der Merwe",
              "non_striker": "ZE Green",
              "runs": {
                "batter": 1,
                "extras": 0,
                "total": 1
              }
            },
            {
              "batter": "ZE Green",
              "bowler": "RE van der Merwe",
              "non_striker": "BM Scholtz",
              "runs": {
                "batter": 0,
                "extras": 0,
                "total": 0
              }
            },
            {
              "batter": "ZE Green",
              "bowler": "RE van der Merwe",
              "non_striker": "BM Scholtz",
              "runs": {
                "batter": 1,
                "extras": 0,
                "total": 1
              }
            },
            {
              "batter": "BM Scholtz",
              "bowler": "RE van der Merwe",
              "non_striker": "ZE Green",
              "runs": {
                "batter": 0,
                "extras": 0,
                "total": 0
              }
            },
            {
              "batter": "BM Scholtz",
              "bowler": "RE van der Merwe",
              "non_striker": "ZE Green",
              "runs": {
                "batter": 1,
                "extras": 0,
                "total": 1
              }
            }
          ]
        },
        {
          "over": 17,
          "deliveries": [
            {
              "batter": "BM Scholtz",
              "bowler": "VJ Kingma",
              "non_striker": "ZE Green",
              "runs": {
                "batter": 1,
                "extras": 0,
                "total": 1
              }
            },
            {
              "batter": "ZE Green",
              "bowler": "VJ Kingma",
              "non_striker": "BM Scholtz",
              "runs": {
                "batter": 2,
                "extras": 0,
                "total": 2
              }
            },
            {
              "batter": "ZE Green",
              "bowler": "VJ Kingma",
              "non_striker": "BM Scholtz",
              "runs": {
                "batter": 0,
                "extras": 0,
                "total": 0
              }
            },
            {
              "batter": "ZE Green",
              "bowler": "VJ Kingma",
              "extras": {
                "wides": 1
              },
              "non_striker": "BM Scholtz",
              "runs": {
                "batter": 0,
                "extras": 1,
                "total": 1
              }
            },
            {
              "batter": "ZE Green",
              "bowler": "VJ Kingma",
              "non_striker": "BM Scholtz",
              "runs": {
                "batter": 6,
                "extras": 0,
                "total": 6
              }
            },
            {
              "batter": "ZE Green",
              "bowler": "VJ Kingma",
              "extras": {
                "wides": 1
              },
              "non_striker": "BM Scholtz",
              "runs": {
                "batter": 0,
                "extras": 1,
                "total": 1
              }
            },
            {
              "batter": "ZE Green",
              "bowler": "VJ Kingma",
              "extras": {
                "wides": 1
              },
              "non_striker": "BM Scholtz",
              "runs": {
                "batter": 0,
                "extras": 1,
                "total": 1
              }
            },
            {
              "batter": "ZE Green",
              "bowler": "VJ Kingma",
              "non_striker": "BM Scholtz",
              "runs": {
                "batter": 0,
                "extras": 0,
                "total": 0
              }
            },
            {
              "batter": "ZE Green",
              "bowler": "VJ Kingma",
              "non_striker": "BM Scholtz",
              "runs": {
                "batter": 0,
                "extras": 0,
                "total": 0
              }
            }
          ]
        },
        {
          "over": 18,
          "deliveries": [
            {
              "batter": "BM Scholtz",
              "bowler": "RE van der Merwe",
              "non_striker": "ZE Green",
              "runs": {
                "batter": 1,
                "extras": 0,
                "total": 1
              }
            },
            {
              "batter": "ZE Green",
              "bowler": "RE van der Merwe",
              "non_striker": "BM Scholtz",
              "runs": {
                "batter": 6,
                "extras": 0,
                "total": 6
              }
            },
            {
              "batter": "ZE Green",
              "bowler": "RE van der Merwe",
              "non_striker": "BM Scholtz",
              "runs": {
                "batter": 6,
                "extras": 0,
                "total": 6
              }
            },
            {
              "batter": "ZE Green",
              "bowler": "RE van der Merwe",
              "non_striker": "BM Scholtz",
              "runs": {
                "batter": 4,
                "extras": 0,
                "total": 4
              }
            },
            {
              "batter": "ZE Green",
              "bowler": "RE van der Merwe",
              "non_striker": "BM Scholtz",
              "runs": {
                "batter": 4,
                "extras": 0,
                "total": 4
              }
            },
            {
              "batter": "ZE Green",
              "bowler": "RE van der Merwe",
              "non_striker": "BM Scholtz",
              "runs": {
                "batter": 2,
                "extras": 0,
                "total": 2
              }
            }
          ]
        },
        {
          "over": 19,
          "deliveries": [
            {
              "batter": "BM Scholtz",
              "bowler": "T van der Gugten",
              "non_striker": "ZE Green",
              "runs": {
                "batter": 1,
                "extras": 0,
                "total": 1
              }
            },
            {
              "batter": "ZE Green",
              "bowler": "T van der Gugten",
              "non_striker": "BM Scholtz",
              "runs": {
                "batter": 4,
                "extras": 0,
                "total": 4
              }
            },
            {
              "batter": "ZE Green",
              "bowler": "T van der Gugten",
              "non_striker": "BM Scholtz",
              "runs": {
                "batter": 4,
                "extras": 0,
                "total": 4
              }
            },
            {
              "batter": "ZE Green",
              "bowler": "T van der Gugten",
              "non_striker": "BM Scholtz",
              "runs": {
                "batter": 1,
                "extras": 0,
                "total": 1
              }
            },
            {
              "batter": "BM Scholtz",
              "bowler": "T van der Gugten",
              "non_striker": "ZE Green",
              "runs": {
                "batter": 1,
                "extras": 0,
                "total": 1
              }
            },
            {
              "batter": "ZE Green",
              "bowler": "T van der Gugten",
              "non_striker": "BM Scholtz",
              "runs": {
                "batter": 0,
                "extras": 0,
                "total": 0
              }
            }
          ]
        }
      ],
      "powerplays": [
        {
          "from": 0.1,
          "to": 5.6,
          "type": "mandatory"
        }
      ],
      "target": {
        "overs": 20,
        "runs": 248
      }
    }
  ]
}